
> qkern-platform@2.81.0 test:postgres:docker
> node scripts/postgres-certification.mjs

 Network qkern-slice-purge2_default Creating 
 Network qkern-slice-purge2_default Created 
 Container qkern-slice-purge2-postgres-1 Creating 
 Container qkern-slice-purge2-vault-1 Creating 
 Container qkern-slice-purge2-vault-1 Created 
 Container qkern-slice-purge2-postgres-1 Created 
 Container qkern-slice-purge2-certification-1 Creating 
 Container qkern-slice-purge2-certification-1 Created 
Attaching to certification-1, postgres-1, vault-1
 Container qkern-slice-purge2-vault-1 Starting 
 Container qkern-slice-purge2-postgres-1 Starting 
 Container qkern-slice-purge2-vault-1 Started 
 Container qkern-slice-purge2-postgres-1 Started 
 Container qkern-slice-purge2-postgres-1 Waiting 
 Container qkern-slice-purge2-vault-1 Waiting 
postgres-1  | The files belonging to this database system will be owned by user "postgres".
postgres-1  | This user must also own the server process.
postgres-1  | 
postgres-1  | The database cluster will be initialized with locale "en_US.utf8".
postgres-1  | The default database encoding has accordingly been set to "UTF8".
postgres-1  | The default text search configuration will be set to "english".
postgres-1  | 
postgres-1  | Data page checksums are disabled.
postgres-1  | 
postgres-1  | fixing permissions on existing directory /var/lib/postgresql/data ... ok
postgres-1  | creating subdirectories ... ok
postgres-1  | selecting dynamic shared memory implementation ... posix
postgres-1  | selecting default "max_connections" ... 100
postgres-1  | selecting default "shared_buffers" ... 128MB
postgres-1  | selecting default time zone ... UTC
postgres-1  | creating configuration files ... ok
postgres-1  | running bootstrap script ... ok
postgres-1  | sh: locale: not found
postgres-1  | 2026-10-07 22:33:59.613 UTC [36] WARNING:  no usable system locales were found
postgres-1  | performing post-bootstrap initialization ... ok
postgres-1  | syncing data to disk ... ok
postgres-1  | 
postgres-1  | 
postgres-1  | Success. You can now start the database server using:
postgres-1  | 
postgres-1  |     pg_ctl -D /var/lib/postgresql/data -l logfile start
postgres-1  | 
postgres-1  | initdb: warning: enabling "trust" authentication for local connections
postgres-1  | initdb: hint: You can change this by editing pg_hba.conf or using the option -A, or --auth-local and --auth-host, the next time you run initdb.
postgres-1  | waiting for server to start....2026-10-07 22:34:00.114 UTC [42] LOG:  starting PostgreSQL 17.10 on x86_64-pc-linux-musl, compiled by gcc (Alpine 15.2.0) 15.2.0, 64-bit
postgres-1  | 2026-10-07 22:34:00.118 UTC [42] LOG:  listening on Unix socket "/var/run/postgresql/.s.PGSQL.5432"
postgres-1  | 2026-10-07 22:34:00.120 UTC [45] LOG:  database system was shut down at 2026-10-07 22:34:00 UTC
postgres-1  | 2026-10-07 22:34:00.125 UTC [42] LOG:  database system is ready to accept connections
postgres-1  |  done
postgres-1  | server started
postgres-1  | CREATE DATABASE
postgres-1  | 
postgres-1  | 
postgres-1  | /usr/local/bin/docker-entrypoint.sh: running /docker-entrypoint-initdb.d/000-certification-init.sh
postgres-1  | certification-init: applying 0001_control_plane.sql
postgres-1  | CREATE EXTENSION
postgres-1  | CREATE TYPE
postgres-1  | CREATE TYPE
postgres-1  | CREATE TABLE
postgres-1  | CREATE TABLE
postgres-1  | CREATE TABLE
postgres-1  | CREATE TABLE
postgres-1  | CREATE INDEX
postgres-1  | CREATE TABLE
postgres-1  | CREATE TABLE
postgres-1  | CREATE INDEX
postgres-1  | CREATE TABLE
postgres-1  | CREATE INDEX
postgres-1  | CREATE TABLE
postgres-1  | CREATE TABLE
postgres-1  | CREATE INDEX
postgres-1  | ALTER TABLE
postgres-1  | ALTER TABLE
postgres-1  | ALTER TABLE
postgres-1  | ALTER TABLE
postgres-1  | ALTER TABLE
postgres-1  | CREATE POLICY
postgres-1  | CREATE POLICY
postgres-1  | CREATE POLICY
postgres-1  | CREATE POLICY
postgres-1  | CREATE POLICY
postgres-1  | certification-init: applying 0002_repository_hardening.sql
postgres-1  | BEGIN
postgres-1  | CREATE FUNCTION
postgres-1  | ALTER TABLE
postgres-1  | ALTER TABLE
postgres-1  | ALTER TABLE
postgres-1  | ALTER TABLE
postgres-1  | ALTER TABLE
postgres-1  | ALTER TABLE
postgres-1  | UPDATE 0
postgres-1  | ALTER TABLE
postgres-1  | CREATE INDEX
postgres-1  | CREATE INDEX
postgres-1  | CREATE FUNCTION
postgres-1  | CREATE TRIGGER
postgres-1  | CREATE TRIGGER
postgres-1  | CREATE TRIGGER
postgres-1  | CREATE FUNCTION
postgres-1  | CREATE FUNCTION
postgres-1  | CREATE TRIGGER
postgres-1  | CREATE TRIGGER
postgres-1  | ALTER TABLE
postgres-1  | ALTER TABLE
postgres-1  | ALTER TABLE
postgres-1  | ALTER TABLE
postgres-1  | ALTER TABLE
postgres-1  | ALTER TABLE
postgres-1  | ALTER TABLE
postgres-1  | ALTER TABLE
postgres-1  | ALTER TABLE
postgres-1  | ALTER TABLE
postgres-1  | ALTER TABLE
postgres-1  | ALTER TABLE
postgres-1  | ALTER TABLE
postgres-1  | ALTER TABLE
postgres-1  | ALTER TABLE
postgres-1  | ALTER TABLE
postgres-1  | DROP POLICY
postgres-1  | DROP POLICY
postgres-1  | DROP POLICY
postgres-1  | DROP POLICY
postgres-1  | DROP POLICY
postgres-1  | CREATE POLICY
postgres-1  | CREATE POLICY
postgres-1  | CREATE POLICY
postgres-1  | CREATE POLICY
postgres-1  | CREATE POLICY
postgres-1  | CREATE POLICY
postgres-1  | CREATE POLICY
postgres-1  | CREATE POLICY
postgres-1  | CREATE POLICY
postgres-1  | CREATE POLICY
postgres-1  | CREATE POLICY
postgres-1  | CREATE POLICY
postgres-1  | CREATE POLICY
postgres-1  | CREATE POLICY
postgres-1  | CREATE POLICY
postgres-1  | CREATE POLICY
postgres-1  | CREATE POLICY
postgres-1  | CREATE POLICY
postgres-1  | CREATE POLICY
postgres-1  | CREATE POLICY
postgres-1  | CREATE POLICY
postgres-1  | CREATE POLICY
postgres-1  | CREATE POLICY
postgres-1  | CREATE POLICY
postgres-1  | DO
postgres-1  | REVOKE
postgres-1  | GRANT
postgres-1  | GRANT
postgres-1  | GRANT
postgres-1  | GRANT
postgres-1  | GRANT
postgres-1  | GRANT
postgres-1  | GRANT
postgres-1  | GRANT
postgres-1  | GRANT
postgres-1  | GRANT
postgres-1  | GRANT
postgres-1  | GRANT
postgres-1  | GRANT
postgres-1  | COMMIT
postgres-1  | certification-init: applying 0003_auth_and_memberships.sql
postgres-1  | BEGIN
postgres-1  | ALTER TABLE
postgres-1  | ALTER TABLE
postgres-1  | UPDATE 0
postgres-1  | ALTER TABLE
postgres-1  | CREATE INDEX
postgres-1  | CREATE TRIGGER
postgres-1  | CREATE TABLE
postgres-1  | CREATE INDEX
postgres-1  | CREATE INDEX
postgres-1  | CREATE FUNCTION
postgres-1  | DO
postgres-1  | REVOKE
postgres-1  | REVOKE
postgres-1  | GRANT
postgres-1  | GRANT
postgres-1  | GRANT
postgres-1  | GRANT
postgres-1  | COMMIT
postgres-1  | certification-init: applying 0004_artifact_and_workspace_integrity.sql
postgres-1  | BEGIN
postgres-1  | ALTER TABLE
postgres-1  | CREATE INDEX
postgres-1  | ALTER TABLE
postgres-1  | ALTER TABLE
postgres-1  | ALTER TABLE
postgres-1  | CREATE FUNCTION
postgres-1  | CREATE TRIGGER
postgres-1  | CREATE FUNCTION
postgres-1  | CREATE TRIGGER
postgres-1  | REVOKE
postgres-1  | GRANT
postgres-1  | REVOKE
postgres-1  | GRANT
postgres-1  | GRANT
postgres-1  | GRANT
postgres-1  | COMMIT
postgres-1  | certification-init: applying 0005_migration_apply_queue.sql
postgres-1  | BEGIN
postgres-1  | CREATE TYPE
postgres-1  | CREATE TYPE
postgres-1  | CREATE TABLE
postgres-1  | CREATE INDEX
postgres-1  | CREATE INDEX
postgres-1  | CREATE TABLE
postgres-1  | CREATE INDEX
postgres-1  | CREATE TRIGGER
postgres-1  | CREATE TRIGGER
postgres-1  | CREATE FUNCTION
postgres-1  | CREATE TRIGGER
postgres-1  | CREATE FUNCTION
postgres-1  | CREATE TRIGGER
postgres-1  | ALTER TABLE
postgres-1  | ALTER TABLE
postgres-1  | ALTER TABLE
postgres-1  | ALTER TABLE
postgres-1  | CREATE POLICY
postgres-1  | CREATE POLICY
postgres-1  | CREATE POLICY
postgres-1  | CREATE POLICY
postgres-1  | CREATE POLICY
postgres-1  | CREATE POLICY
postgres-1  | REVOKE
postgres-1  | REVOKE
postgres-1  | REVOKE
postgres-1  | GRANT
postgres-1  | GRANT
postgres-1  | GRANT
postgres-1  | GRANT
postgres-1  | GRANT
postgres-1  | GRANT
postgres-1  | GRANT
postgres-1  | GRANT
postgres-1  | GRANT
postgres-1  | COMMIT
postgres-1  | certification-init: applying 0006_worker_runtime_boundary.sql
postgres-1  | BEGIN
postgres-1  | DO
postgres-1  | ALTER TABLE
postgres-1  | ALTER TABLE
postgres-1  | UPDATE 0
postgres-1  | ALTER TABLE
postgres-1  | REVOKE
postgres-1  | REVOKE
postgres-1  | REVOKE
postgres-1  | GRANT
postgres-1  | REVOKE
postgres-1  | REVOKE
postgres-1  | GRANT
postgres-1  | GRANT
postgres-1  | GRANT
postgres-1  | GRANT
postgres-1  | GRANT
postgres-1  | GRANT
postgres-1  | GRANT
postgres-1  | GRANT
postgres-1  | GRANT
postgres-1  | GRANT
postgres-1  | GRANT
postgres-1  | COMMIT
postgres-1  | certification-init: applying 0007_migration_claim_sequence.sql
postgres-1  | BEGIN
postgres-1  | ALTER TABLE
postgres-1  | REVOKE
postgres-1  | GRANT
postgres-1  | COMMIT
postgres-1  | certification-init: applying 0008_migration_reconciliation_quarantine.sql
postgres-1  | ALTER TYPE
postgres-1  | BEGIN
postgres-1  | ALTER TABLE
postgres-1  | REVOKE
postgres-1  | GRANT
postgres-1  | COMMIT
postgres-1  | certification-init: applying 0009_migration_review_commands.sql
postgres-1  | BEGIN
postgres-1  | CREATE TYPE
postgres-1  | ALTER TABLE
postgres-1  | CREATE TABLE
postgres-1  | CREATE INDEX
postgres-1  | CREATE INDEX
postgres-1  | CREATE TRIGGER
postgres-1  | ALTER TABLE
postgres-1  | ALTER TABLE
postgres-1  | CREATE POLICY
postgres-1  | CREATE POLICY
postgres-1  | CREATE POLICY
postgres-1  | REVOKE
postgres-1  | GRANT
postgres-1  | GRANT
postgres-1  | GRANT
postgres-1  | GRANT
postgres-1  | REVOKE
postgres-1  | GRANT
postgres-1  | COMMIT
postgres-1  | certification-init: applying 0010_migration_incident_escalations.sql
postgres-1  | BEGIN
postgres-1  | CREATE TYPE
postgres-1  | CREATE TYPE
postgres-1  | CREATE TABLE
postgres-1  | CREATE INDEX
postgres-1  | CREATE INDEX
postgres-1  | CREATE TRIGGER
postgres-1  | CREATE FUNCTION
postgres-1  | CREATE TRIGGER
postgres-1  | ALTER TABLE
postgres-1  | ALTER TABLE
postgres-1  | CREATE POLICY
postgres-1  | CREATE POLICY
postgres-1  | CREATE POLICY
postgres-1  | REVOKE
postgres-1  | REVOKE
postgres-1  | GRANT
postgres-1  | GRANT
postgres-1  | GRANT
postgres-1  | GRANT
postgres-1  | GRANT
postgres-1  | COMMIT
postgres-1  | certification-init: applying 0011_migration_incident_outbox.sql
postgres-1  | BEGIN
postgres-1  | CREATE TABLE
postgres-1  | CREATE INDEX
postgres-1  | CREATE TRIGGER
postgres-1  | INSERT 0 0
postgres-1  | ALTER TABLE
postgres-1  | ALTER TABLE
postgres-1  | CREATE POLICY
postgres-1  | CREATE POLICY
postgres-1  | CREATE POLICY
postgres-1  | REVOKE
postgres-1  | GRANT
postgres-1  | GRANT
postgres-1  | GRANT
postgres-1  | COMMIT
postgres-1  | certification-init: applying 0012_migration_incident_dead_letters.sql
postgres-1  | ALTER TYPE
postgres-1  | BEGIN
postgres-1  | ALTER TABLE
postgres-1  | CREATE INDEX
postgres-1  | CREATE TYPE
postgres-1  | CREATE TABLE
postgres-1  | CREATE INDEX
postgres-1  | CREATE INDEX
postgres-1  | CREATE TRIGGER
postgres-1  | CREATE FUNCTION
postgres-1  | CREATE TRIGGER
postgres-1  | ALTER TABLE
postgres-1  | ALTER TABLE
postgres-1  | CREATE POLICY
postgres-1  | CREATE POLICY
postgres-1  | CREATE POLICY
postgres-1  | REVOKE
postgres-1  | REVOKE
postgres-1  | GRANT
postgres-1  | GRANT
postgres-1  | GRANT
postgres-1  | GRANT
postgres-1  | GRANT
postgres-1  | COMMIT
postgres-1  | certification-init: applying 0013_migration_incident_delivery_health.sql
postgres-1  | BEGIN
postgres-1  | CREATE FUNCTION
postgres-1  | REVOKE
postgres-1  | GRANT
postgres-1  | COMMIT
postgres-1  | certification-init: applying 0014_migration_incident_delivery_visibility.sql
postgres-1  | BEGIN
postgres-1  | REVOKE
postgres-1  | DROP FUNCTION
postgres-1  | CREATE FUNCTION
postgres-1  | CREATE FUNCTION
postgres-1  | REVOKE
postgres-1  | REVOKE
postgres-1  | GRANT
postgres-1  | GRANT
postgres-1  | COMMIT
postgres-1  | certification-init: applying 0015_migration_incident_delivery_failure_classification.sql
postgres-1  | BEGIN
postgres-1  | ALTER TABLE
postgres-1  | REVOKE
postgres-1  | DROP FUNCTION
postgres-1  | CREATE FUNCTION
postgres-1  | REVOKE
postgres-1  | GRANT
postgres-1  | COMMIT
postgres-1  | certification-init: applying 0016_migration_incident_delivery_recovery_binding.sql
postgres-1  | BEGIN
postgres-1  | ALTER TABLE
postgres-1  | LOCK TABLE
postgres-1  | UPDATE 0
postgres-1  | UPDATE 0
postgres-1  | ALTER TABLE
postgres-1  | CREATE FUNCTION
postgres-1  | REVOKE
postgres-1  | GRANT
postgres-1  | COMMIT
postgres-1  | certification-init: applying 0017_migration_incident_verified_resolution.sql
postgres-1  | ALTER TYPE
postgres-1  | BEGIN
postgres-1  | CREATE TYPE
postgres-1  | CREATE TYPE
postgres-1  | CREATE TYPE
postgres-1  | ALTER TABLE
postgres-1  | CREATE TABLE
postgres-1  | CREATE INDEX
postgres-1  | CREATE INDEX
postgres-1  | CREATE TRIGGER
postgres-1  | CREATE FUNCTION
postgres-1  | CREATE FUNCTION
postgres-1  | CREATE FUNCTION
postgres-1  | CREATE TRIGGER
postgres-1  | ALTER TABLE
postgres-1  | ALTER TABLE
postgres-1  | CREATE POLICY
postgres-1  | CREATE POLICY
postgres-1  | CREATE POLICY
postgres-1  | REVOKE
postgres-1  | REVOKE
postgres-1  | GRANT
postgres-1  | GRANT
postgres-1  | GRANT
postgres-1  | GRANT
postgres-1  | GRANT
postgres-1  | COMMIT
postgres-1  | certification-init: applying 0018_migration_incident_delivery_recovery_generation.sql
postgres-1  | BEGIN
postgres-1  | ALTER TABLE
postgres-1  | LOCK TABLE
postgres-1  | UPDATE 0
postgres-1  | UPDATE 0
postgres-1  | ALTER TABLE
postgres-1  | ALTER TABLE
postgres-1  | CREATE FUNCTION
postgres-1  | REVOKE
postgres-1  | GRANT
postgres-1  | COMMIT
postgres-1  | certification-init: applying 0019_migration_apply_delivery_resilience.sql
postgres-1  | BEGIN
postgres-1  | ALTER TABLE
postgres-1  | CREATE INDEX
postgres-1  | CREATE TYPE
postgres-1  | CREATE TABLE
postgres-1  | CREATE INDEX
postgres-1  | CREATE INDEX
postgres-1  | CREATE TRIGGER
postgres-1  | CREATE FUNCTION
postgres-1  | CREATE TRIGGER
postgres-1  | ALTER TABLE
postgres-1  | ALTER TABLE
postgres-1  | CREATE POLICY
postgres-1  | CREATE POLICY
postgres-1  | CREATE POLICY
postgres-1  | CREATE FUNCTION
postgres-1  | CREATE FUNCTION
postgres-1  | REVOKE
postgres-1  | REVOKE
postgres-1  | REVOKE
postgres-1  | REVOKE
postgres-1  | REVOKE
postgres-1  | GRANT
postgres-1  | GRANT
postgres-1  | GRANT
postgres-1  | GRANT
postgres-1  | GRANT
postgres-1  | GRANT
postgres-1  | GRANT
postgres-1  | COMMIT
postgres-1  | certification-init: applying 0020_project_database_provisioning.sql
postgres-1  | BEGIN
postgres-1  | DO
postgres-1  | CREATE TYPE
postgres-1  | CREATE TABLE
postgres-1  | CREATE TABLE
postgres-1  | ALTER TABLE
postgres-1  | CREATE INDEX
postgres-1  | CREATE TRIGGER
postgres-1  | ALTER TABLE
postgres-1  | ALTER TABLE
postgres-1  | ALTER TABLE
postgres-1  | ALTER TABLE
postgres-1  | CREATE POLICY
postgres-1  | CREATE POLICY
postgres-1  | CREATE FUNCTION
postgres-1  | CREATE FUNCTION
postgres-1  | REVOKE
postgres-1  | REVOKE
postgres-1  | REVOKE
postgres-1  | REVOKE
postgres-1  | REVOKE
postgres-1  | GRANT
postgres-1  | GRANT
postgres-1  | GRANT
postgres-1  | GRANT
postgres-1  | GRANT
postgres-1  | GRANT
postgres-1  | GRANT
postgres-1  | GRANT
postgres-1  | GRANT
postgres-1  | GRANT
postgres-1  | GRANT
postgres-1  | GRANT
postgres-1  | GRANT
postgres-1  | GRANT
postgres-1  | GRANT
postgres-1  | COMMIT
postgres-1  | certification-init: applying 0021_project_database_provisioning_health.sql
postgres-1  | BEGIN
postgres-1  | CREATE TABLE
postgres-1  | CREATE INDEX
postgres-1  | ALTER TABLE
postgres-1  | ALTER TABLE
postgres-1  | CREATE POLICY
postgres-1  | CREATE FUNCTION
postgres-1  | REVOKE
postgres-1  | REVOKE
postgres-1  | GRANT
postgres-1  | GRANT
postgres-1  | GRANT
postgres-1  | COMMIT
postgres-1  | certification-init: applying 0022_project_automation_policies.sql
postgres-1  | BEGIN
postgres-1  | CREATE TABLE
postgres-1  | ALTER TABLE
postgres-1  | UPDATE 0
postgres-1  | ALTER TABLE
postgres-1  | ALTER TABLE
postgres-1  | ALTER TABLE
postgres-1  | CREATE POLICY
postgres-1  | CREATE POLICY
postgres-1  | CREATE POLICY
postgres-1  | REVOKE
postgres-1  | GRANT
postgres-1  | GRANT
postgres-1  | COMMIT
postgres-1  | certification-init: applying 0023_project_api_keys.sql
postgres-1  | BEGIN
postgres-1  | CREATE TABLE
postgres-1  | CREATE INDEX
postgres-1  | CREATE INDEX
postgres-1  | CREATE FUNCTION
postgres-1  | CREATE TRIGGER
postgres-1  | ALTER TABLE
postgres-1  | CREATE POLICY
postgres-1  | CREATE POLICY
postgres-1  | CREATE POLICY
postgres-1  | CREATE FUNCTION
postgres-1  | REVOKE
postgres-1  | REVOKE
postgres-1  | REVOKE
postgres-1  | GRANT
postgres-1  | GRANT
postgres-1  | GRANT
postgres-1  | GRANT
postgres-1  | COMMIT
postgres-1  | certification-init: applying 0024_project_auth.sql
postgres-1  | BEGIN
postgres-1  | CREATE TABLE
postgres-1  | CREATE INDEX
postgres-1  | CREATE TABLE
postgres-1  | CREATE INDEX
postgres-1  | CREATE INDEX
postgres-1  | CREATE TABLE
postgres-1  | CREATE INDEX
postgres-1  | CREATE TABLE
postgres-1  | CREATE TABLE
postgres-1  | CREATE FUNCTION
postgres-1  | CREATE TRIGGER
postgres-1  | CREATE TRIGGER
postgres-1  | CREATE TRIGGER
postgres-1  | CREATE TRIGGER
postgres-1  | CREATE TRIGGER
postgres-1  | REVOKE
postgres-1  | REVOKE
postgres-1  | GRANT
postgres-1  | GRANT
postgres-1  | GRANT
postgres-1  | GRANT
postgres-1  | GRANT
postgres-1  | GRANT
postgres-1  | GRANT
postgres-1  | GRANT
postgres-1  | GRANT
postgres-1  | COMMIT
postgres-1  | certification-init: applying 0025_project_storage.sql
postgres-1  | BEGIN
postgres-1  | CREATE TABLE
postgres-1  | CREATE INDEX
postgres-1  | CREATE TABLE
postgres-1  | CREATE INDEX
postgres-1  | CREATE INDEX
postgres-1  | CREATE INDEX
postgres-1  | CREATE TABLE
postgres-1  | CREATE INDEX
postgres-1  | CREATE INDEX
postgres-1  | CREATE FUNCTION
postgres-1  | CREATE FUNCTION
postgres-1  | CREATE FUNCTION
postgres-1  | CREATE TRIGGER
postgres-1  | CREATE TRIGGER
postgres-1  | CREATE TRIGGER
postgres-1  | ALTER TABLE
postgres-1  | ALTER TABLE
postgres-1  | ALTER TABLE
postgres-1  | CREATE POLICY
postgres-1  | CREATE POLICY
postgres-1  | CREATE POLICY
postgres-1  | CREATE POLICY
postgres-1  | CREATE POLICY
postgres-1  | CREATE POLICY
postgres-1  | CREATE POLICY
postgres-1  | CREATE POLICY
postgres-1  | CREATE POLICY
postgres-1  | CREATE POLICY
postgres-1  | REVOKE
postgres-1  | REVOKE
postgres-1  | REVOKE
postgres-1  | REVOKE
postgres-1  | GRANT
postgres-1  | GRANT
postgres-1  | GRANT
postgres-1  | GRANT
postgres-1  | GRANT
postgres-1  | GRANT
postgres-1  | GRANT
postgres-1  | GRANT
postgres-1  | GRANT
postgres-1  | COMMIT
postgres-1  | certification-init: applying 0026_project_queues.sql
postgres-1  | BEGIN
postgres-1  | CREATE TABLE
postgres-1  | CREATE INDEX
postgres-1  | CREATE TABLE
postgres-1  | CREATE INDEX
postgres-1  | CREATE INDEX
postgres-1  | CREATE INDEX
postgres-1  | CREATE INDEX
postgres-1  | CREATE INDEX
postgres-1  | CREATE FUNCTION
postgres-1  | CREATE FUNCTION
postgres-1  | CREATE FUNCTION
postgres-1  | CREATE TRIGGER
postgres-1  | CREATE TRIGGER
postgres-1  | CREATE TRIGGER
postgres-1  | ALTER TABLE
postgres-1  | ALTER TABLE
postgres-1  | CREATE POLICY
postgres-1  | CREATE POLICY
postgres-1  | CREATE POLICY
postgres-1  | CREATE POLICY
postgres-1  | CREATE POLICY
postgres-1  | CREATE POLICY
postgres-1  | REVOKE
postgres-1  | REVOKE
postgres-1  | REVOKE
postgres-1  | REVOKE
postgres-1  | GRANT
postgres-1  | GRANT
postgres-1  | GRANT
postgres-1  | GRANT
postgres-1  | GRANT
postgres-1  | GRANT
postgres-1  | COMMIT
postgres-1  | certification-init: applying 0027_project_queue_dead_letter_replay.sql
postgres-1  | BEGIN
postgres-1  | ALTER TABLE
postgres-1  | CREATE INDEX
postgres-1  | CREATE INDEX
postgres-1  | CREATE FUNCTION
postgres-1  | CREATE TRIGGER
postgres-1  | REVOKE
postgres-1  | GRANT
postgres-1  | COMMIT
postgres-1  | certification-init: applying 0028_usage_metering.sql
postgres-1  | BEGIN
postgres-1  | CREATE TABLE
postgres-1  | CREATE TABLE
postgres-1  | CREATE TABLE
postgres-1  | CREATE INDEX
postgres-1  | CREATE INDEX
postgres-1  | CREATE FUNCTION
postgres-1  | CREATE FUNCTION
postgres-1  | CREATE FUNCTION
postgres-1  | CREATE TRIGGER
postgres-1  | CREATE TRIGGER
postgres-1  | CREATE TRIGGER
postgres-1  | ALTER TABLE
postgres-1  | ALTER TABLE
postgres-1  | ALTER TABLE
postgres-1  | CREATE POLICY
postgres-1  | CREATE POLICY
postgres-1  | CREATE POLICY
postgres-1  | CREATE POLICY
postgres-1  | CREATE POLICY
postgres-1  | CREATE POLICY
postgres-1  | CREATE POLICY
postgres-1  | CREATE POLICY
postgres-1  | REVOKE
postgres-1  | REVOKE
postgres-1  | REVOKE
postgres-1  | REVOKE
postgres-1  | GRANT
postgres-1  | GRANT
postgres-1  | GRANT
postgres-1  | GRANT
postgres-1  | GRANT
postgres-1  | GRANT
postgres-1  | GRANT
postgres-1  | GRANT
postgres-1  | COMMIT
postgres-1  | certification-init: applying 0029_project_queue_definition_row_lock.sql
postgres-1  | GRANT
postgres-1  | CREATE POLICY
postgres-1  | certification-init: applying 0030_realtime_event_log.sql
postgres-1  | CREATE TABLE
vault-1     | ==> Vault server configuration:
vault-1     | 
vault-1     | Administrative Namespace: 
vault-1     |              Api Address: http://0.0.0.0:8200
vault-1     |                      Cgo: disabled
vault-1     |          Cluster Address: https://0.0.0.0:8201
vault-1     |    Environment Variables: GOTRACEBACK, HOME, HOSTNAME, NAME, PATH, PWD, SHLVL, VAULT_DEV_LISTEN_ADDRESS, VAULT_DEV_ROOT_TOKEN_ID, VERSION
vault-1     |               Go Version: go1.23.3
vault-1     |               Listener 1: tcp (addr: "0.0.0.0:8200", cluster address: "0.0.0.0:8201", disable_request_limiter: "false", max_request_duration: "1m30s", max_request_size: "33554432", tls: "disabled")
vault-1     |                Log Level: 
vault-1     |                    Mlock: supported: true, enabled: false
vault-1     |            Recovery Mode: false
vault-1     |                  Storage: inmem
vault-1     |                  Version: Vault v1.18.3, built 2024-12-16T14:00:53Z
vault-1     |              Version Sha: 7ae4eca5403bf574f142cd8f987b8d83bafcd1de
vault-1     | 
postgres-1  | CREATE TABLE
postgres-1  | CREATE INDEX
postgres-1  | CREATE INDEX
postgres-1  | CREATE FUNCTION
postgres-1  | CREATE TRIGGER
postgres-1  | ALTER TABLE
postgres-1  | ALTER TABLE
postgres-1  | CREATE POLICY
postgres-1  | CREATE POLICY
postgres-1  | CREATE POLICY
postgres-1  | CREATE POLICY
postgres-1  | CREATE POLICY
postgres-1  | CREATE POLICY
postgres-1  | REVOKE
postgres-1  | REVOKE
postgres-1  | GRANT
postgres-1  | GRANT
postgres-1  | GRANT
postgres-1  | GRANT
postgres-1  | certification-init: applying 0031_project_cron.sql
vault-1     | ==> Vault server started! Log data will stream in below:
vault-1     | 
vault-1     | 2026-10-07T22:34:01.999Z [INFO]  proxy environment: http_proxy="" https_proxy="" no_proxy=""
vault-1     | 2026-10-07T22:34:02.000Z [INFO]  incrementing seal generation: generation=1
vault-1     | 2026-10-07T22:34:02.000Z [WARN]  no `api_addr` value specified in config or in VAULT_API_ADDR; falling back to detection if possible, but this value should be manually set
vault-1     | 2026-10-07T22:34:02.000Z [INFO]  core: Initializing version history cache for core
vault-1     | 2026-10-07T22:34:02.000Z [INFO]  events: Starting event system
vault-1     | 2026-10-07T22:34:02.002Z [INFO]  core: security barrier not initialized
vault-1     | 2026-10-07T22:34:02.002Z [INFO]  core: security barrier initialized: stored=1 shares=1 threshold=1
vault-1     | 2026-10-07T22:34:02.003Z [INFO]  core: post-unseal setup starting
vault-1     | 2026-10-07T22:34:02.009Z [INFO]  core: loaded wrapping token key
vault-1     | 2026-10-07T22:34:02.009Z [INFO]  core: successfully setup plugin runtime catalog
vault-1     | 2026-10-07T22:34:02.009Z [INFO]  core: successfully setup plugin catalog: plugin-directory=""
vault-1     | 2026-10-07T22:34:02.009Z [INFO]  core: no mounts; adding default mount table
vault-1     | 2026-10-07T22:34:02.012Z [INFO]  core: successfully mounted: type=cubbyhole version="v1.18.3+builtin.vault" path=cubbyhole/ namespace="ID: root. Path: "
vault-1     | 2026-10-07T22:34:02.014Z [INFO]  core: successfully mounted: type=system version="v1.18.3+builtin.vault" path=sys/ namespace="ID: root. Path: "
vault-1     | 2026-10-07T22:34:02.014Z [INFO]  core: successfully mounted: type=identity version="v1.18.3+builtin.vault" path=identity/ namespace="ID: root. Path: "
vault-1     | 2026-10-07T22:34:02.017Z [INFO]  core: successfully mounted: type=token version="v1.18.3+builtin.vault" path=token/ namespace="ID: root. Path: "
vault-1     | 2026-10-07T22:34:02.017Z [INFO]  rollback: Starting the rollback manager with 256 workers
vault-1     | 2026-10-07T22:34:02.017Z [INFO]  rollback: starting rollback manager
vault-1     | 2026-10-07T22:34:02.019Z [INFO]  core: restoring leases
vault-1     | 2026-10-07T22:34:02.020Z [INFO]  expiration: lease restore complete
vault-1     | 2026-10-07T22:34:02.021Z [INFO]  identity: entities restored
vault-1     | 2026-10-07T22:34:02.021Z [INFO]  identity: groups restored
vault-1     | 2026-10-07T22:34:02.021Z [INFO]  core: Recorded vault version: vault version=1.18.3 upgrade time="2026-10-07 22:34:02.021873218 +0000 UTC" build date=2024-12-16T14:00:53Z
vault-1     | 2026-10-07T22:34:02.022Z [INFO]  core: post-unseal setup complete
vault-1     | 2026-10-07T22:34:02.022Z [INFO]  core: root token generated
vault-1     | 2026-10-07T22:34:02.022Z [INFO]  core: pre-seal teardown starting
vault-1     | 2026-10-07T22:34:02.022Z [INFO]  rollback: stopping rollback manager
vault-1     | 2026-10-07T22:34:02.022Z [INFO]  core: pre-seal teardown complete
vault-1     | 2026-10-07T22:34:02.023Z [INFO]  core.cluster-listener.tcp: starting listener: listener_address=0.0.0.0:8201
vault-1     | 2026-10-07T22:34:02.023Z [INFO]  core.cluster-listener: serving cluster requests: cluster_listen_address=[::]:8201
vault-1     | 2026-10-07T22:34:02.023Z [INFO]  core: post-unseal setup starting
vault-1     | 2026-10-07T22:34:02.023Z [INFO]  core: loaded wrapping token key
vault-1     | 2026-10-07T22:34:02.023Z [INFO]  core: successfully setup plugin runtime catalog
vault-1     | 2026-10-07T22:34:02.023Z [INFO]  core: successfully setup plugin catalog: plugin-directory=""
vault-1     | 2026-10-07T22:34:02.024Z [INFO]  core: successfully mounted: type=system version="v1.18.3+builtin.vault" path=sys/ namespace="ID: root. Path: "
vault-1     | 2026-10-07T22:34:02.024Z [INFO]  core: successfully mounted: type=identity version="v1.18.3+builtin.vault" path=identity/ namespace="ID: root. Path: "
vault-1     | 2026-10-07T22:34:02.024Z [INFO]  core: successfully mounted: type=cubbyhole version="v1.18.3+builtin.vault" path=cubbyhole/ namespace="ID: root. Path: "
vault-1     | 2026-10-07T22:34:02.027Z [INFO]  core: successfully mounted: type=token version="v1.18.3+builtin.vault" path=token/ namespace="ID: root. Path: "
vault-1     | 2026-10-07T22:34:02.027Z [INFO]  rollback: Starting the rollback manager with 256 workers
vault-1     | 2026-10-07T22:34:02.027Z [INFO]  rollback: starting rollback manager
vault-1     | 2026-10-07T22:34:02.028Z [INFO]  core: restoring leases
vault-1     | 2026-10-07T22:34:02.029Z [INFO]  identity: entities restored
vault-1     | 2026-10-07T22:34:02.029Z [INFO]  identity: groups restored
vault-1     | 2026-10-07T22:34:02.029Z [INFO]  expiration: lease restore complete
vault-1     | 2026-10-07T22:34:02.029Z [INFO]  core: post-unseal setup complete
vault-1     | 2026-10-07T22:34:02.029Z [INFO]  core: vault is unsealed
vault-1     | 2026-10-07T22:34:02.032Z [INFO]  expiration: revoked lease: lease_id=auth/token/root/h391e466f0aa7458a9178f96d87fbbbdd19bc32c5a08adfdaef19ee35fd730749
vault-1     | 2026-10-07T22:34:02.036Z [INFO]  core: successful mount: namespace="" path=secret/ type=kv version="v0.20.0+builtin"
postgres-1  | CREATE TABLE
postgres-1  | CREATE INDEX
postgres-1  | CREATE FUNCTION
postgres-1  | CREATE TRIGGER
postgres-1  | ALTER TABLE
postgres-1  | CREATE POLICY
postgres-1  | CREATE POLICY
postgres-1  | CREATE POLICY
postgres-1  | CREATE POLICY
postgres-1  | REVOKE
postgres-1  | REVOKE
postgres-1  | GRANT
postgres-1  | GRANT
postgres-1  | GRANT
postgres-1  | certification-init: applying 0032_project_webhooks.sql
postgres-1  | CREATE TABLE
postgres-1  | CREATE TABLE
postgres-1  | CREATE INDEX
postgres-1  | CREATE INDEX
postgres-1  | CREATE FUNCTION
postgres-1  | CREATE TRIGGER
postgres-1  | ALTER TABLE
postgres-1  | ALTER TABLE
postgres-1  | CREATE POLICY
postgres-1  | CREATE POLICY
postgres-1  | CREATE POLICY
postgres-1  | CREATE POLICY
postgres-1  | CREATE POLICY
postgres-1  | CREATE POLICY
postgres-1  | CREATE POLICY
postgres-1  | REVOKE
postgres-1  | REVOKE
postgres-1  | GRANT
postgres-1  | GRANT
postgres-1  | CREATE POLICY
postgres-1  | GRANT
postgres-1  | GRANT
postgres-1  | GRANT
postgres-1  | certification-init: applying 0033_project_functions.sql
postgres-1  | CREATE TABLE
postgres-1  | CREATE INDEX
postgres-1  | CREATE FUNCTION
postgres-1  | CREATE TRIGGER
postgres-1  | ALTER TABLE
postgres-1  | CREATE POLICY
postgres-1  | CREATE POLICY
postgres-1  | CREATE POLICY
postgres-1  | CREATE POLICY
postgres-1  | REVOKE
postgres-1  | REVOKE
postgres-1  | GRANT
postgres-1  | GRANT
postgres-1  | GRANT
vault-1     | WARNING! dev mode is enabled! In this mode, Vault runs entirely in-memory
vault-1     | and starts unsealed with a single unseal key. The root token is already
vault-1     | authenticated to the CLI, so you can immediately begin using Vault.
vault-1     | 
vault-1     | You may need to set the following environment variables:
vault-1     | 
vault-1     |     $ export VAULT_ADDR='http://0.0.0.0:8200'
vault-1     | 
vault-1     | The unseal key and root token are displayed below in case you want to
vault-1     | seal/unseal the Vault or re-authenticate.
vault-1     | 
vault-1     | Unseal Key: V23AJETx5bnHvAoIwUYxsdn+LWNlU0qasSooMwf3C9g=
vault-1     | Root Token: qkern-certification-root-token
vault-1     | 
vault-1     | Development mode should NOT be used in production installations!
vault-1     | 
postgres-1  | certification-init: applying 0034_project_functions_registry.sql
postgres-1  | ALTER TABLE
postgres-1  | ALTER TABLE
postgres-1  | certification-init: applying 0035_project_function_slots.sql
postgres-1  | CREATE TABLE
postgres-1  | CREATE INDEX
postgres-1  | CREATE FUNCTION
postgres-1  | CREATE TRIGGER
postgres-1  | ALTER TABLE
postgres-1  | CREATE POLICY
postgres-1  | CREATE POLICY
postgres-1  | CREATE POLICY
postgres-1  | REVOKE
postgres-1  | REVOKE
postgres-1  | GRANT
postgres-1  | GRANT
postgres-1  | certification-init: applying 0036_provisioner_heartbeat_upsert_grant.sql
postgres-1  | BEGIN
postgres-1  | GRANT
postgres-1  | COMMIT
postgres-1  | certification-init: applying 0037_provisioner_binding_returning_grant.sql
postgres-1  | BEGIN
postgres-1  | GRANT
postgres-1  | COMMIT
postgres-1  | certification-init: applying 0038_runtime_outbox_arbiter_grant.sql
postgres-1  | BEGIN
postgres-1  | GRANT
postgres-1  | COMMIT
postgres-1  | certification-init: applying 0039_billing_rate_cards.sql
postgres-1  | BEGIN
postgres-1  | CREATE TABLE
postgres-1  | CREATE INDEX
postgres-1  | ALTER TABLE
postgres-1  | ALTER TABLE
postgres-1  | CREATE POLICY
postgres-1  | CREATE POLICY
postgres-1  | REVOKE
postgres-1  | GRANT
postgres-1  | GRANT
postgres-1  | COMMIT
postgres-1  | certification-init: applying 0040_billing_invoices.sql
postgres-1  | BEGIN
postgres-1  | CREATE TABLE
postgres-1  | CREATE TABLE
postgres-1  | ALTER TABLE
postgres-1  | ALTER TABLE
postgres-1  | ALTER TABLE
postgres-1  | ALTER TABLE
postgres-1  | CREATE POLICY
postgres-1  | CREATE POLICY
postgres-1  | CREATE POLICY
postgres-1  | CREATE POLICY
postgres-1  | REVOKE
postgres-1  | GRANT
postgres-1  | GRANT
postgres-1  | GRANT
postgres-1  | GRANT
postgres-1  | GRANT
postgres-1  | COMMIT
postgres-1  | certification-init: applying 0041_project_storage_multipart.sql
postgres-1  | BEGIN
postgres-1  | ALTER TABLE
postgres-1  | ALTER TABLE
postgres-1  | COMMIT
postgres-1  | certification-init: applying 0042_project_function_deployments.sql
postgres-1  | BEGIN
postgres-1  | CREATE TABLE
postgres-1  | CREATE INDEX
postgres-1  | ALTER TABLE
postgres-1  | ALTER TABLE
postgres-1  | CREATE POLICY
postgres-1  | CREATE POLICY
postgres-1  | CREATE FUNCTION
postgres-1  | CREATE FUNCTION
postgres-1  | REVOKE
postgres-1  | REVOKE
postgres-1  | GRANT
postgres-1  | GRANT
postgres-1  | COMMIT
postgres-1  | certification-init: applying 0043_project_storage_upload_id_check_fix.sql
postgres-1  | ALTER TABLE
postgres-1  | ALTER TABLE
postgres-1  | certification-init: applying 0044_billing_invoice_numbers.sql
postgres-1  | BEGIN
postgres-1  | CREATE TABLE
postgres-1  | ALTER TABLE
postgres-1  | ALTER TABLE
postgres-1  | CREATE POLICY
postgres-1  | CREATE POLICY
postgres-1  | CREATE POLICY
postgres-1  | ALTER TABLE
postgres-1  | ALTER TABLE
postgres-1  | UPDATE 0
postgres-1  | ALTER TABLE
postgres-1  | ALTER TABLE
postgres-1  | UPDATE 0
postgres-1  | INSERT 0 0
postgres-1  | ALTER TABLE
postgres-1  | CREATE INDEX
postgres-1  | GRANT
postgres-1  | GRANT
postgres-1  | GRANT
postgres-1  | COMMIT
postgres-1  | certification-init: applying 0045_project_function_invocations.sql
postgres-1  | BEGIN
postgres-1  | CREATE TABLE
postgres-1  | CREATE INDEX
postgres-1  | ALTER TABLE
postgres-1  | ALTER TABLE
postgres-1  | CREATE POLICY
postgres-1  | CREATE POLICY
postgres-1  | REVOKE
postgres-1  | GRANT
postgres-1  | GRANT
postgres-1  | COMMIT
postgres-1  | certification-init: applying 0046_project_auth_audit.sql
postgres-1  | BEGIN
postgres-1  | GRANT
postgres-1  | GRANT
postgres-1  | GRANT
postgres-1  | GRANT
postgres-1  | CREATE POLICY
postgres-1  | COMMIT
postgres-1  | certification-init: applying 0047_audit_chain_order.sql
postgres-1  | BEGIN
postgres-1  | CREATE FUNCTION
postgres-1  | COMMIT
postgres-1  | certification-init: applying 0048_project_auth_mfa_enforcement.sql
postgres-1  | BEGIN
postgres-1  | CREATE TABLE
postgres-1  | ALTER TABLE
postgres-1  | ALTER TABLE
postgres-1  | CREATE FUNCTION
postgres-1  | CREATE TRIGGER
postgres-1  | REVOKE
postgres-1  | REVOKE
postgres-1  | GRANT
postgres-1  | GRANT
postgres-1  | GRANT
postgres-1  | COMMIT
postgres-1  | certification-init: applying 0049_project_database_webhooks.sql
postgres-1  | CREATE TABLE
postgres-1  | CREATE INDEX
postgres-1  | ALTER TABLE
postgres-1  | CREATE POLICY
postgres-1  | CREATE POLICY
postgres-1  | CREATE POLICY
postgres-1  | REVOKE
postgres-1  | GRANT
postgres-1  | certification-init: applying 0050_project_database_webhook_cursors.sql
postgres-1  | CREATE TABLE
postgres-1  | ALTER TABLE
postgres-1  | CREATE POLICY
postgres-1  | CREATE POLICY
postgres-1  | CREATE POLICY
postgres-1  | REVOKE
postgres-1  | GRANT
postgres-1  | certification-init: applying 0051_project_auth_return_targets.sql
postgres-1  | BEGIN
postgres-1  | ALTER TABLE
postgres-1  | ALTER TABLE
postgres-1  | REVOKE
postgres-1  | GRANT
postgres-1  | COMMIT
postgres-1  | certification-init: applying 0052_project_auth_rate_limits.sql
postgres-1  | BEGIN
postgres-1  | ALTER TABLE
postgres-1  | ALTER TABLE
postgres-1  | CREATE TABLE
postgres-1  | CREATE INDEX
postgres-1  | REVOKE
postgres-1  | GRANT
postgres-1  | REVOKE
postgres-1  | GRANT
postgres-1  | COMMIT
postgres-1  | certification-init: applying 0053_project_auth_password_protection.sql
postgres-1  | BEGIN
postgres-1  | ALTER TABLE
postgres-1  | ALTER TABLE
postgres-1  | REVOKE
postgres-1  | GRANT
postgres-1  | COMMIT
postgres-1  | certification-init: applying 0054_project_log_drains.sql
postgres-1  | BEGIN
postgres-1  | CREATE FUNCTION
postgres-1  | REVOKE
postgres-1  | GRANT
postgres-1  | CREATE TABLE
postgres-1  | CREATE INDEX
postgres-1  | ALTER TABLE
postgres-1  | CREATE POLICY
postgres-1  | CREATE POLICY
postgres-1  | CREATE POLICY
postgres-1  | REVOKE
postgres-1  | GRANT
postgres-1  | COMMIT
postgres-1  | certification-init: applying 0055_user_console_settings.sql
postgres-1  | BEGIN
postgres-1  | CREATE TABLE
postgres-1  | CREATE TRIGGER
postgres-1  | REVOKE
postgres-1  | GRANT
postgres-1  | COMMIT
postgres-1  | certification-init: applying 0056_project_log_drain_cursors.sql
postgres-1  | BEGIN
postgres-1  | CREATE TABLE
postgres-1  | ALTER TABLE
postgres-1  | CREATE POLICY
postgres-1  | CREATE POLICY
postgres-1  | CREATE POLICY
postgres-1  | REVOKE
postgres-1  | GRANT
postgres-1  | COMMIT
postgres-1  | certification-init: applying 0057_project_dashboard_webhooks.sql
postgres-1  | BEGIN
postgres-1  | CREATE FUNCTION
postgres-1  | REVOKE
postgres-1  | GRANT
postgres-1  | CREATE TABLE
postgres-1  | CREATE INDEX
postgres-1  | ALTER TABLE
postgres-1  | CREATE POLICY
postgres-1  | CREATE POLICY
postgres-1  | CREATE POLICY
postgres-1  | REVOKE
postgres-1  | GRANT
postgres-1  | CREATE TABLE
postgres-1  | ALTER TABLE
postgres-1  | CREATE POLICY
postgres-1  | CREATE POLICY
postgres-1  | CREATE POLICY
postgres-1  | REVOKE
postgres-1  | GRANT
postgres-1  | COMMIT
postgres-1  | certification-init: applying 0058_project_auth_hooks.sql
postgres-1  | BEGIN
postgres-1  | ALTER TABLE
postgres-1  | ALTER TABLE
postgres-1  | ALTER TABLE
postgres-1  | ALTER TABLE
postgres-1  | REVOKE
postgres-1  | GRANT
postgres-1  | COMMIT
postgres-1  | certification-init: applying 0059_project_storage_s3_access_keys.sql
postgres-1  | BEGIN
postgres-1  | CREATE TABLE
postgres-1  | CREATE INDEX
postgres-1  | CREATE INDEX
postgres-1  | CREATE TABLE
postgres-1  | CREATE INDEX
postgres-1  | CREATE FUNCTION
postgres-1  | CREATE TRIGGER
postgres-1  | ALTER TABLE
postgres-1  | ALTER TABLE
postgres-1  | CREATE POLICY
postgres-1  | CREATE POLICY
postgres-1  | CREATE POLICY
postgres-1  | CREATE POLICY
postgres-1  | CREATE POLICY
postgres-1  | CREATE POLICY
postgres-1  | REVOKE
postgres-1  | REVOKE
postgres-1  | REVOKE
postgres-1  | GRANT
postgres-1  | GRANT
postgres-1  | GRANT
postgres-1  | GRANT
postgres-1  | COMMIT
postgres-1  | certification-init: applying 0060_project_auth_passkeys.sql
postgres-1  | BEGIN
postgres-1  | CREATE TABLE
postgres-1  | CREATE INDEX
postgres-1  | ALTER TABLE
postgres-1  | ALTER TABLE
postgres-1  | CREATE TRIGGER
postgres-1  | REVOKE
postgres-1  | GRANT
postgres-1  | GRANT
postgres-1  | COMMIT
postgres-1  | certification-init: applying 0061_project_auth_third_party_providers.sql
postgres-1  | BEGIN
postgres-1  | CREATE TABLE
postgres-1  | ALTER TABLE
postgres-1  | ALTER TABLE
postgres-1  | ALTER TABLE
postgres-1  | ALTER TABLE
postgres-1  | ALTER TABLE
postgres-1  | REVOKE
postgres-1  | GRANT
postgres-1  | COMMIT
postgres-1  | certification-init: applying 0062_project_auth_oauth_server.sql
postgres-1  | BEGIN
postgres-1  | CREATE TABLE
postgres-1  | ALTER TABLE
postgres-1  | ALTER TABLE
postgres-1  | ALTER TABLE
postgres-1  | REVOKE
postgres-1  | GRANT
postgres-1  | CREATE TABLE
postgres-1  | ALTER TABLE
postgres-1  | ALTER TABLE
postgres-1  | ALTER TABLE
postgres-1  | CREATE TRIGGER
postgres-1  | REVOKE
postgres-1  | GRANT
postgres-1  | GRANT
postgres-1  | CREATE TABLE
postgres-1  | ALTER TABLE
postgres-1  | ALTER TABLE
postgres-1  | REVOKE
postgres-1  | GRANT
postgres-1  | COMMIT
postgres-1  | certification-init: applying 0063_project_auth_expiry_retention.sql
postgres-1  | BEGIN
postgres-1  | CREATE INDEX
postgres-1  | CREATE INDEX
postgres-1  | CREATE INDEX
postgres-1  | GRANT
postgres-1  | GRANT
postgres-1  | GRANT
postgres-1  | COMMIT
postgres-1  | certification-init: applying 0064_project_auth_oauth_consents.sql
postgres-1  | BEGIN
postgres-1  | CREATE TABLE
postgres-1  | ALTER TABLE
postgres-1  | ALTER TABLE
postgres-1  | CREATE INDEX
postgres-1  | CREATE INDEX
postgres-1  | CREATE TRIGGER
postgres-1  | CREATE FUNCTION
postgres-1  | CREATE TRIGGER
postgres-1  | REVOKE
postgres-1  | REVOKE
postgres-1  | GRANT
postgres-1  | GRANT
postgres-1  | GRANT
postgres-1  | ALTER TABLE
postgres-1  | ALTER TABLE
postgres-1  | COMMIT
postgres-1  | certification-init: applying 0065_project_storage_s3_access_key_secrets.sql
postgres-1  | BEGIN
postgres-1  | ALTER TABLE
postgres-1  | CREATE FUNCTION
postgres-1  | CREATE FUNCTION
postgres-1  | REVOKE
postgres-1  | GRANT
postgres-1  | COMMIT
postgres-1  | certification-init: applying 0066_project_cron_time_zone.sql
 Container qkern-slice-purge2-vault-1 Healthy 
postgres-1  | ALTER TABLE
postgres-1  | certification-init: applying 0069_project_function_invocation_output.sql
postgres-1  | BEGIN
postgres-1  | CREATE TABLE
postgres-1  | CREATE INDEX
postgres-1  | ALTER TABLE
postgres-1  | ALTER TABLE
postgres-1  | CREATE POLICY
postgres-1  | CREATE POLICY
postgres-1  | REVOKE
postgres-1  | GRANT
postgres-1  | GRANT
postgres-1  | COMMIT
postgres-1  | certification-init: applying 0070_project_auth_saml.sql
postgres-1  | BEGIN
postgres-1  | CREATE TABLE
postgres-1  | CREATE INDEX
postgres-1  | ALTER TABLE
postgres-1  | ALTER TABLE
postgres-1  | ALTER TABLE
postgres-1  | ALTER TABLE
postgres-1  | CREATE TRIGGER
postgres-1  | REVOKE
postgres-1  | GRANT
postgres-1  | COMMIT
postgres-1  | certification-init: applying 0071_project_storage_s3_multipart.sql
postgres-1  | BEGIN
postgres-1  | ALTER TABLE
postgres-1  | ALTER TABLE
postgres-1  | ALTER TABLE
postgres-1  | ALTER TABLE
postgres-1  | ALTER TABLE
postgres-1  | ALTER TABLE
postgres-1  | ALTER TABLE
postgres-1  | ALTER TABLE
postgres-1  | CREATE TABLE
postgres-1  | CREATE INDEX
postgres-1  | CREATE FUNCTION
postgres-1  | GRANT
postgres-1  | REVOKE
postgres-1  | ALTER TABLE
postgres-1  | CREATE POLICY
postgres-1  | CREATE POLICY
postgres-1  | CREATE POLICY
postgres-1  | CREATE POLICY
postgres-1  | GRANT
postgres-1  | GRANT
postgres-1  | COMMIT
postgres-1  | certification-init: applying 0073_project_auth_oauth_tool_scopes.sql
postgres-1  | BEGIN
postgres-1  | ALTER TABLE
postgres-1  | ALTER TABLE
postgres-1  | ALTER TABLE
postgres-1  | ALTER TABLE
postgres-1  | ALTER TABLE
postgres-1  | ALTER TABLE
postgres-1  | ALTER TABLE
postgres-1  | ALTER TABLE
postgres-1  | COMMIT
postgres-1  | certification-init: applying 0075_log_drain_function_output_source.sql
postgres-1  | BEGIN
postgres-1  | CREATE FUNCTION
postgres-1  | REVOKE
postgres-1  | GRANT
postgres-1  | COMMIT
postgres-1  | certification-init: applying 0077_realtime_presence.sql
postgres-1  | BEGIN
postgres-1  | CREATE TABLE
postgres-1  | CREATE INDEX
postgres-1  | CREATE INDEX
postgres-1  | ALTER TABLE
postgres-1  | CREATE POLICY
postgres-1  | CREATE POLICY
postgres-1  | CREATE POLICY
postgres-1  | CREATE POLICY
postgres-1  | REVOKE
postgres-1  | GRANT
postgres-1  | GRANT
postgres-1  | COMMIT
postgres-1  | certification-init: applying 0078_project_auth_oauth_storage_write_scope.sql
postgres-1  | BEGIN
postgres-1  | ALTER TABLE
postgres-1  | ALTER TABLE
postgres-1  | ALTER TABLE
postgres-1  | ALTER TABLE
postgres-1  | ALTER TABLE
postgres-1  | ALTER TABLE
postgres-1  | ALTER TABLE
postgres-1  | ALTER TABLE
postgres-1  | COMMIT
postgres-1  | certification-init: applying 0080_billing_invoice_positions.sql
postgres-1  | BEGIN
postgres-1  | ALTER TABLE
postgres-1  | UPDATE 0
postgres-1  | ALTER TABLE
postgres-1  | ALTER TABLE
postgres-1  | ALTER TABLE
postgres-1  | ALTER TABLE
postgres-1  | GRANT
postgres-1  | CREATE TABLE
postgres-1  | CREATE INDEX
postgres-1  | ALTER TABLE
postgres-1  | ALTER TABLE
postgres-1  | CREATE POLICY
postgres-1  | CREATE POLICY
postgres-1  | REVOKE
postgres-1  | GRANT
postgres-1  | GRANT
postgres-1  | GRANT
postgres-1  | COMMIT
postgres-1  | certification-init: applying 0081_project_queue_message_traces.sql
postgres-1  | BEGIN
postgres-1  | CREATE TABLE
postgres-1  | CREATE INDEX
postgres-1  | CREATE INDEX
postgres-1  | CREATE FUNCTION
postgres-1  | CREATE TRIGGER
postgres-1  | ALTER TABLE
postgres-1  | ALTER TABLE
postgres-1  | CREATE POLICY
postgres-1  | CREATE POLICY
postgres-1  | CREATE POLICY
postgres-1  | REVOKE
postgres-1  | REVOKE
postgres-1  | GRANT
postgres-1  | GRANT
postgres-1  | COMMIT
postgres-1  | certification-init: applying 0082_trace_spans_and_outbound_anchor.sql
postgres-1  | BEGIN
postgres-1  | ALTER TABLE
postgres-1  | ALTER TABLE
postgres-1  | ALTER TABLE
postgres-1  | ALTER TABLE
postgres-1  | ALTER TABLE
postgres-1  | CREATE FUNCTION
postgres-1  | REVOKE
postgres-1  | COMMIT
postgres-1  | certification-init: applying 0083_project_database_backups.sql
postgres-1  | BEGIN
postgres-1  | CREATE TABLE
postgres-1  | CREATE INDEX
postgres-1  | CREATE INDEX
postgres-1  | CREATE INDEX
postgres-1  | CREATE TRIGGER
postgres-1  | ALTER TABLE
postgres-1  | ALTER TABLE
postgres-1  | CREATE POLICY
postgres-1  | REVOKE
postgres-1  | GRANT
postgres-1  | GRANT
postgres-1  | COMMIT
postgres-1  | certification-init: applying 0084_project_database_backup_schedules.sql
postgres-1  | BEGIN
postgres-1  | ALTER TABLE
postgres-1  | COMMENT
postgres-1  | ALTER TABLE
postgres-1  | ALTER TABLE
postgres-1  | ALTER TABLE
postgres-1  | ALTER TABLE
postgres-1  | ALTER TABLE
postgres-1  | ALTER TABLE
postgres-1  | CREATE INDEX
postgres-1  | GRANT
postgres-1  | CREATE TABLE
postgres-1  | CREATE INDEX
postgres-1  | CREATE TRIGGER
postgres-1  | INSERT 0 0
postgres-1  | ALTER TABLE
postgres-1  | ALTER TABLE
postgres-1  | CREATE POLICY
postgres-1  | REVOKE
postgres-1  | GRANT
postgres-1  | GRANT
postgres-1  | CREATE FUNCTION
postgres-1  | REVOKE
postgres-1  | CREATE TRIGGER
postgres-1  | COMMIT
postgres-1  | certification-init: applying 0085_project_queue_trace_search.sql
postgres-1  | BEGIN
postgres-1  | CREATE INDEX
postgres-1  | COMMIT
postgres-1  | certification-init: applying 0086_user_console_interface_mode.sql
postgres-1  | BEGIN
postgres-1  | ALTER TABLE
postgres-1  | GRANT
postgres-1  | COMMIT
postgres-1  | certification-init: applying 0087_project_deletion.sql
postgres-1  | BEGIN
postgres-1  | ALTER TABLE
postgres-1  | CREATE INDEX
postgres-1  | CREATE FUNCTION
postgres-1  | CREATE FUNCTION
postgres-1  | REVOKE
postgres-1  | REVOKE
postgres-1  | GRANT
postgres-1  | GRANT
postgres-1  | CREATE FUNCTION
postgres-1  | CREATE FUNCTION
postgres-1  | REVOKE
postgres-1  | GRANT
postgres-1  | REVOKE
postgres-1  | GRANT
postgres-1  | COMMIT
postgres-1  | certification-init: applying 0088_worker_sees_deleted_projects.sql
postgres-1  | BEGIN
postgres-1  | GRANT
postgres-1  | COMMIT
postgres-1  | certification-init: applying 0089_project_purge.sql
postgres-1  | BEGIN
postgres-1  | ALTER TABLE
postgres-1  | CREATE FUNCTION
postgres-1  | REVOKE
postgres-1  | GRANT
postgres-1  | COMMIT
postgres-1  | certification-init: applied 83 migrations
postgres-1  | CREATE EXTENSION
postgres-1  | CREATE ROLE
postgres-1  | CREATE ROLE
postgres-1  | CREATE ROLE
postgres-1  | CREATE ROLE
postgres-1  | CREATE ROLE
postgres-1  | GRANT ROLE
postgres-1  | GRANT ROLE
postgres-1  | GRANT ROLE
postgres-1  | GRANT ROLE
postgres-1  | 2026-10-07 22:34:04.053 UTC [344] WARNING:  role "qkern_app" has not been granted membership in role "qkern_auth" by role "qkern"
postgres-1  | REVOKE ROLE
postgres-1  | WARNING:  role "qkern_app" has not been granted membership in role "qkern_auth" by role "qkern"
postgres-1  | 2026-10-07 22:34:04.053 UTC [344] WARNING:  role "qkern_app" has not been granted membership in role "qkern_worker" by role "qkern"
postgres-1  | REVOKE ROLE
postgres-1  | WARNING:  role "qkern_app" has not been granted membership in role "qkern_worker" by role "qkern"
postgres-1  | 2026-10-07 22:34:04.054 UTC [344] WARNING:  role "qkern_app" has not been granted membership in role "qkern_provisioner" by role "qkern"
postgres-1  | REVOKE ROLE
postgres-1  | WARNING:  role "qkern_app" has not been granted membership in role "qkern_provisioner" by role "qkern"
postgres-1  | 2026-10-07 22:34:04.054 UTC [344] WARNING:  role "qkern_auth_app" has not been granted membership in role "qkern_runtime" by role "qkern"
postgres-1  | WARNING:  role "qkern_auth_app" has not been granted membership in role "qkern_runtime" by role "qkern"
postgres-1  | REVOKE ROLE
postgres-1  | 2026-10-07 22:34:04.054 UTC [344] WARNING:  role "qkern_auth_app" has not been granted membership in role "qkern_worker" by role "qkern"
postgres-1  | REVOKE ROLE
postgres-1  | 2026-10-07 22:34:04.054 UTC [344] WARNING:  role "qkern_auth_app" has not been granted membership in role "qkern_provisioner" by role "qkern"
postgres-1  | WARNING:  role "qkern_auth_app" has not been granted membership in role "qkern_worker" by role "qkern"
postgres-1  | REVOKE ROLE
postgres-1  | 2026-10-07 22:34:04.054 UTC [344] WARNING:  role "qkern_worker_app" has not been granted membership in role "qkern_runtime" by role "qkern"
postgres-1  | 2026-10-07 22:34:04.054 UTC [344] WARNING:  role "qkern_worker_app" has not been granted membership in role "qkern_auth" by role "qkern"
postgres-1  | 2026-10-07 22:34:04.054 UTC [344] WARNING:  role "qkern_worker_app" has not been granted membership in role "qkern_provisioner" by role "qkern"
postgres-1  | WARNING:  role "qkern_auth_app" has not been granted membership in role "qkern_provisioner" by role "qkern"
postgres-1  | WARNING:  role "qkern_worker_app" has not been granted membership in role "qkern_runtime" by role "qkern"
postgres-1  | WARNING:  role "qkern_worker_app" has not been granted membership in role "qkern_auth" by role "qkern"
postgres-1  | WARNING:  role "qkern_worker_app" has not been granted membership in role "qkern_provisioner" by role "qkern"
postgres-1  | REVOKE ROLE
postgres-1  | 2026-10-07 22:34:04.055 UTC [344] WARNING:  role "qkern_provisioner_app" has not been granted membership in role "qkern_runtime" by role "qkern"
postgres-1  | 2026-10-07 22:34:04.055 UTC [344] WARNING:  role "qkern_provisioner_app" has not been granted membership in role "qkern_auth" by role "qkern"
postgres-1  | 2026-10-07 22:34:04.055 UTC [344] WARNING:  role "qkern_provisioner_app" has not been granted membership in role "qkern_worker" by role "qkern"
postgres-1  | WARNING:  role "qkern_provisioner_app" has not been granted membership in role "qkern_runtime" by role "qkern"
postgres-1  | WARNING:  role "qkern_provisioner_app" has not been granted membership in role "qkern_auth" by role "qkern"
postgres-1  | WARNING:  role "qkern_provisioner_app" has not been granted membership in role "qkern_worker" by role "qkern"
postgres-1  | REVOKE ROLE
postgres-1  | 2026-10-07 22:34:04.055 UTC [344] WARNING:  role "qkern_project_api_app" has not been granted membership in role "qkern_runtime" by role "qkern"
postgres-1  | 2026-10-07 22:34:04.055 UTC [344] WARNING:  role "qkern_project_api_app" has not been granted membership in role "qkern_auth" by role "qkern"
postgres-1  | 2026-10-07 22:34:04.055 UTC [344] WARNING:  role "qkern_project_api_app" has not been granted membership in role "qkern_worker" by role "qkern"
postgres-1  | 2026-10-07 22:34:04.055 UTC [344] WARNING:  role "qkern_project_api_app" has not been granted membership in role "qkern_provisioner" by role "qkern"
postgres-1  | WARNING:  role "qkern_project_api_app" has not been granted membership in role "qkern_runtime" by role "qkern"
postgres-1  | WARNING:  role "qkern_project_api_app" has not been granted membership in role "qkern_auth" by role "qkern"
postgres-1  | WARNING:  role "qkern_project_api_app" has not been granted membership in role "qkern_worker" by role "qkern"
postgres-1  | WARNING:  role "qkern_project_api_app" has not been granted membership in role "qkern_provisioner" by role "qkern"
postgres-1  | REVOKE ROLE
postgres-1  | ALTER ROLE
postgres-1  | ALTER ROLE
postgres-1  | ALTER ROLE
postgres-1  | ALTER ROLE
postgres-1  | ALTER ROLE
postgres-1  | ALTER ROLE
postgres-1  | ALTER ROLE
postgres-1  | ALTER ROLE
postgres-1  | ALTER ROLE
postgres-1  | ALTER ROLE
postgres-1  | ALTER ROLE
postgres-1  | ALTER ROLE
postgres-1  | ALTER ROLE
postgres-1  | ALTER ROLE
postgres-1  | ALTER ROLE
postgres-1  | project-database: kein Passwort gesetzt, lokale Projektdatenbank wird nicht angelegt
postgres-1  | 
postgres-1  | waiting for server to shut down....2026-10-07 22:34:04.065 UTC [42] LOG:  received fast shutdown request
postgres-1  | 2026-10-07 22:34:04.065 UTC [42] LOG:  aborting any active transactions
postgres-1  | 2026-10-07 22:34:04.067 UTC [42] LOG:  background worker "logical replication launcher" (PID 48) exited with exit code 1
postgres-1  | 2026-10-07 22:34:04.067 UTC [43] LOG:  shutting down
postgres-1  | 2026-10-07 22:34:04.067 UTC [43] LOG:  checkpoint starting: shutdown immediate
postgres-1  | 2026-10-07 22:34:04.082 UTC [43] LOG:  checkpoint complete: wrote 1300 buffers (7.9%); 0 WAL file(s) added, 0 removed, 0 recycled; write=0.014 s, sync=0.002 s, total=0.016 s; sync files=786, longest=0.001 s, average=0.001 s; distance=9109 kB, estimate=9109 kB; lsn=0/1DD74A0, redo lsn=0/1DD74A0
postgres-1  | 2026-10-07 22:34:04.091 UTC [42] LOG:  database system is shut down
postgres-1  |  done
postgres-1  | server stopped
postgres-1  | 
postgres-1  | PostgreSQL init process complete; ready for start up.
postgres-1  | 
postgres-1  | 2026-10-07 22:34:04.191 UTC [1] LOG:  starting PostgreSQL 17.10 on x86_64-pc-linux-musl, compiled by gcc (Alpine 15.2.0) 15.2.0, 64-bit
postgres-1  | 2026-10-07 22:34:04.192 UTC [1] LOG:  listening on IPv4 address "0.0.0.0", port 5432
postgres-1  | 2026-10-07 22:34:04.192 UTC [1] LOG:  listening on IPv6 address "::", port 5432
postgres-1  | 2026-10-07 22:34:04.196 UTC [1] LOG:  listening on Unix socket "/var/run/postgresql/.s.PGSQL.5432"
postgres-1  | 2026-10-07 22:34:04.198 UTC [350] LOG:  database system was shut down at 2026-10-07 22:34:04 UTC
postgres-1  | 2026-10-07 22:34:04.211 UTC [1] LOG:  database system is ready to accept connections
 Container qkern-slice-purge2-postgres-1 Healthy 
 Container qkern-slice-purge2-certification-1 Starting 
 Container qkern-slice-purge2-certification-1 Started 
certification-1  | vault-seed: one signing secret written
certification-1  | 
certification-1  | added 240 packages, and audited 241 packages in 49s
certification-1  | 
certification-1  | 61 packages are looking for funding
certification-1  |   run `npm fund` for details
certification-1  | 
certification-1  | 13 vulnerabilities (6 moderate, 5 high, 2 critical)
certification-1  | 
certification-1  | To address issues that do not require attention, run:
certification-1  |   npm audit fix
certification-1  | 
certification-1  | To address all issues, run:
certification-1  |   npm audit fix --force
certification-1  | 
certification-1  | Run `npm audit` for details.
certification-1  | npm notice
certification-1  | npm notice New major version of npm available! 11.17.0 -> 12.2.0
certification-1  | npm notice Changelog: https://github.com/npm/cli/releases/tag/v12.2.0
certification-1  | npm notice To update run: npm install -g npm@12.2.0
certification-1  | npm notice
certification-1  | 
certification-1  | > qkern-platform@2.81.0 test:postgres
certification-1  | > vitest run tests/postgres.integration.test.ts tests/postgres-incident-recovery.integration.test.ts tests/generated-data-postgres.integration.test.ts tests/project-auth-postgres.integration.test.ts tests/project-storage-postgres.integration.test.ts tests/project-queues-postgres.integration.test.ts tests/usage-metering-postgres.integration.test.ts tests/realtime-postgres.integration.test.ts tests/realtime-change-feed-postgres.integration.test.ts tests/realtime-change-chain-postgres.integration.test.ts tests/realtime-change-soak-postgres.integration.test.ts tests/project-queues-multi-instance.integration.test.ts tests/compute-cron-postgres.integration.test.ts tests/compute-webhook-postgres.integration.test.ts tests/compute-webhook-chain.integration.test.ts tests/compute-definitions-postgres.integration.test.ts tests/compute-functions-postgres.integration.test.ts tests/usage-emitters-postgres.integration.test.ts tests/migration-process-postgres.integration.test.ts tests/realtime-process-postgres.integration.test.ts tests/provisioning-port-postgres.integration.test.ts tests/migration-enqueue-postgres.integration.test.ts tests/sql-privilege-clause-contract.integration.test.ts tests/queue-connection-pressure-postgres.integration.test.ts tests/usage-billing-postgres.integration.test.ts tests/billing-invoice-postgres.integration.test.ts tests/data-plane-query-postgres.integration.test.ts tests/data-plane-triggers-postgres.integration.test.ts tests/data-plane-functions-postgres.integration.test.ts tests/data-plane-catalog-postgres.integration.test.ts tests/data-plane-catalog-wide-postgres.integration.test.ts
certification-1  | 
certification-1  | 
certification-1  | [1m[30m[46m RUN [49m[39m[22m [36mv4.1.10 [39m[90m/workspace/qkern[39m
certification-1  | 
postgres-1       | 2026-10-07 22:35:09.312 UTC [655] ERROR:  permission denied for table project_database_provisioning_jobs
postgres-1       | 2026-10-07 22:35:09.312 UTC [655] STATEMENT:  SELECT 1 FROM project_database_provisioning_jobs LIMIT 1
postgres-1       | 2026-10-07 22:35:09.325 UTC [655] ERROR:  permission denied for table project_database_bindings
postgres-1       | 2026-10-07 22:35:09.325 UTC [655] STATEMENT:  SELECT 1 FROM project_database_bindings LIMIT 1
certification-1  |  [32m✓[39m tests/provisioning-port-postgres.integration.test.ts [2m([22m[2m6 tests[22m[2m)[22m[33m 1864[2mms[22m[39m
certification-1  |      [33m[2m✓[22m[39m writes and refreshes its heartbeat [33m 317[2mms[22m[39m
certification-1  |      [33m[2m✓[22m[39m (2.88) hands the web runtime the order of its own tenant and never a field of the binding [33m 1069[2mms[22m[39m
postgres-1       | 2026-10-07 22:35:09.779 UTC [668] ERROR:  permission denied for table project_cron_definitions
postgres-1       | 2026-10-07 22:35:09.779 UTC [668] STATEMENT:  UPDATE project_cron_definitions SET time_zone='UTC' WHERE id=$1
postgres-1       | 2026-10-07 22:35:09.829 UTC [665] ERROR:  duplicate key value violates unique constraint "project_cron_definitions_name_key"
postgres-1       | 2026-10-07 22:35:09.829 UTC [665] STATEMENT:  INSERT INTO project_cron_definitions
postgres-1       | 	           (organization_id, project_id, environment, name, expression, queue, payload, enabled,
postgres-1       | 	            time_zone)
postgres-1       | 	         VALUES ($1,$2,$3,$4,$5,$6,$7,$8,$9)
postgres-1       | 	         RETURNING id, organization_id, project_id, environment, name, expression, queue,
postgres-1       | 	  payload, enabled, time_zone, last_dispatched_at, created_at
postgres-1       | 2026-10-07 22:35:09.834 UTC [667] ERROR:  permission denied for table project_functions
postgres-1       | 2026-10-07 22:35:09.834 UTC [667] STATEMENT:  UPDATE project_functions SET image=$2 WHERE id=$1
postgres-1       | 2026-10-07 22:35:09.900 UTC [672] ERROR:  permission denied for table project_cron_definitions
postgres-1       | 2026-10-07 22:35:09.900 UTC [672] STATEMENT:  UPDATE project_cron_definitions SET expression='*/1 * * * *' WHERE id=$1
postgres-1       | 2026-10-07 22:35:09.915 UTC [673] ERROR:  permission denied for table project_functions
postgres-1       | 2026-10-07 22:35:09.915 UTC [673] STATEMENT:  UPDATE project_functions SET memory_mib=2048 WHERE id=$1
postgres-1       | 2026-10-07 22:35:09.930 UTC [660] ERROR:  new row for relation "project_functions" violates check constraint "project_functions_image_check"
postgres-1       | 2026-10-07 22:35:09.930 UTC [660] DETAIL:  Failing row contains (24b1ec66-1a63-4777-b352-1df70bf42528, 61f7e851-1297-4bd1-a6d4-5262966aac06, f261be27-b43b-487d-ba96-7cf591bb4cf2, development, tagged-53efe7e5, nodejs24, registry.example.com/qkern/probe:latest, handler.mjs, 30000, 128, 1, {}, {}, t, 2026-10-07 22:35:09.920185+00).
postgres-1       | 2026-10-07 22:35:09.930 UTC [660] STATEMENT:  INSERT INTO project_functions
postgres-1       | 	         (organization_id, project_id, environment, name, runtime, image, entrypoint)
postgres-1       | 	       VALUES ($1,$2,'development',$3,'nodejs24','registry.example.com/qkern/probe:latest','handler.mjs')
postgres-1       | 2026-10-07 22:35:10.015 UTC [662] ERROR:  duplicate key value violates unique constraint "project_functions_name_key"
postgres-1       | 2026-10-07 22:35:10.015 UTC [662] STATEMENT:  INSERT INTO project_functions
postgres-1       | 	           (organization_id, project_id, environment, name, runtime, image, entrypoint,
postgres-1       | 	            timeout_ms, memory_mib, max_concurrency, egress_origins, secret_refs, enabled)
postgres-1       | 	         VALUES ($1,$2,$3,$4,'nodejs24',$5,$6,$7,$8,$9,$10,$11,$12)
postgres-1       | 	         RETURNING id, organization_id, project_id, environment, name, runtime, image,
postgres-1       | 	  entrypoint, timeout_ms, memory_mib, max_concurrency, egress_origins, secret_refs, enabled,
postgres-1       | 	  created_at
postgres-1       | 2026-10-07 22:35:10.083 UTC [675] ERROR:  permission denied for table project_webhooks
postgres-1       | 2026-10-07 22:35:10.083 UTC [675] STATEMENT:  UPDATE project_webhooks SET url='https://elsewhere.example.com/hooks' WHERE id=$1
postgres-1       | 2026-10-07 22:35:10.123 UTC [674] ERROR:  relation "change_feed" already exists
postgres-1       | 2026-10-07 22:35:10.123 UTC [674] STATEMENT:  -- Run once after 0002_qkern_migration_fence.sql as the trusted project database
postgres-1       | 	-- provisioner. Provides trigger-based change capture for Realtime.
postgres-1       | 	--
postgres-1       | 	-- ## Warum Trigger und nicht logische Replikation
postgres-1       | 	--
postgres-1       | 	-- Logische Replikation sieht jede Aenderung ohne Schemaeingriff, verlangt aber
postgres-1       | 	-- eine Rolle mit Replikationsrecht und einen Slot. Beides steht im direkten
postgres-1       | 	-- Widerspruch zu diesem Schema: 0001 prueft fuer jede beteiligte Rolle
postgres-1       | 	-- ausdruecklich rolreplication = false. Ein hängender Konsument laesst den Slot
postgres-1       | 	-- ausserdem unbegrenzt WAL halten, bis die Platte voll ist -- ein
postgres-1       | 	-- Betriebsrisiko, das der Kunde traegt und QKERN nicht begrenzen kann.
postgres-1       | 	--
postgres-1       | 	-- Trigger sind begrenzbar: der Feed hat Groessengrenzen und Aufbewahrung, und
postgres-1       | 	-- das Anschalten je Tabelle ist eine Schemaaenderung, die den vorhandenen
postgres-1       | 	-- Change-Set- und Approval-Weg durchlaeuft.
postgres-1       | 	--
postgres-1       | 	-- ## Warum keine Zeilenwerte gespeichert werden
postgres-1       | 	--
postgres-1       | 	-- Der Feed haelt ausschliesslich die Primaerschluesselwerte. Die eigentlichen
postgres-1       | 	-- Zeilenwerte werden je Abonnent frisch gelesen, und zwar mit dessen Claims.
postgres-1       | 	-- Row Level Security autorisiert und erzeugt die Nutzlast damit in einem
postgres-1       | 	-- Schritt. Wuerden die Werte hier liegen, muesste eine zweite, unabhaengige
postgres-1       | 	-- Sichtbarkeitspruefung sie korrekt filtern -- eine Kopie der RLS-Logik
postgres-1       | 	-- ausserhalb der Datenbank und damit eine dauerhafte Fehlerquelle.
postgres-1       | 	
postgres-1       | 	BEGIN;
postgres-1       | 	
postgres-1       | 	CREATE TABLE qkern_internal.change_feed (
postgres-1       | 	  position bigint GENERATED ALWAYS AS IDENTITY PRIMARY KEY,
postgres-1       | 	  schema_name text NOT NULL CHECK (schema_name ~ '^[a-z_][a-z0-9_]{0,62}$'),
postgres-1       | 	  table_name text NOT NULL CHECK (table_name ~ '^[a-z_][a-z0-9_]{0,62}$'),
postgres-1       | 	  operation text NOT NULL CHECK (operation IN ('insert', 'update', 'delete')),
postgres-1       | 	  -- Nur Primaerschluesselwerte. Die Grenze verhindert, dass ein zusammengesetzter
postgres-1       | 	  -- Schluessel den Feed aufblaeht.
postgres-1       | 	  row_key jsonb NOT NULL CHECK (octet_length(row_key::text) <= 4096),
postgres-1       | 	  committed_at timestamptz NOT NULL DEFAULT now()
postgres-1       | 	);
postgres-1       | 	
postgres-1       | 	CREATE INDEX change_feed_retention_idx ON qkern_internal.change_feed (committed_at);
postgres-1       | 	
postgres-1       | 	ALTER TABLE qkern_internal.change_feed OWNER TO qkern_ledger_owner;
postgres-1       | 	
postgres-1       | 	-- SECURITY DEFINER: Der Schreiber einer Zeile besitzt keine Rechte auf dem
postgres-1       | 	-- Feed und soll sie auch nicht bekommen. Der Trigger schreibt stellvertretend.
postgres-1       | 	-- search_path wird fest gesetzt, damit kein Aufrufer die aufgeloesten Objekte
postgres-1       | 	-- umlenken kann.
postgres-1       | 	CREATE OR REPLACE FUNCTION qkern_internal.capture_change()
postgres-1       | 	RETURNS trigger
postgres-1       | 	LANGUAGE plpgsql
postgres-1       | 	SECURITY DEFINER
postgres-1       | 	SET search_path = qkern_internal, pg_catalog
postgres-1       | 	AS $$
postgres-1       | 	DECLARE
postgres-1       | 	  key_columns text[];
postgres-1       | 	  source record;
postgres-1       | 	  key jsonb;
postgres-1       | 	BEGIN
postgres-1       | 	  SELECT array_agg(attribute.attname ORDER BY attribute.attnum)
postgres-1       | 	    INTO key_columns
postgres-1       | 	    FROM pg_index index
postgres-1       | 	    JOIN pg_attribute attribute
postgres-1       | 	      ON attribute.attrelid = index.indrelid AND attribute.attnum = ANY (index.indkey)
postgres-1       | 	   WHERE index.indrelid = TG_RELID AND index.indisprimary;
postgres-1       | 	
postgres-1       | 	  IF key_columns IS NULL THEN
postgres-1       | 	    RAISE EXCEPTION 'change capture requires a primary key on %.%', TG_TABLE_SCHEMA, TG_TABLE_NAME
postgres-1       | 	      USING ERRCODE = '55000';
postgres-1       | 	  END IF;
postgres-1       | 	
postgres-1       | 	  source := CASE WHEN TG_OP = 'DELETE' THEN OLD ELSE NEW END;
postgres-1       | 	  SELECT jsonb_object_agg(entry.key, entry.value)
postgres-1       | 	    INTO key
postgres-1       | 	    FROM jsonb_each(to_jsonb(source)) AS entry
postgres-1       | 	   WHERE entry.key = ANY (key_columns);
postgres-1       | 	
postgres-1       | 	  INSERT INTO qkern_internal.change_feed (schema_name, table_name, operation, row_key)
postgres-1       | 	  VALUES (TG_TABLE_SCHEMA, TG_TABLE_NAME, lower(TG_OP), key);
postgres-1       | 	
postgres-1       | 	  RETURN NULL;
postgres-1       | 	END;
postgres-1       | 	$$;
postgres-1       | 	
postgres-1       | 	ALTER FUNCTION qkern_internal.capture_change() OWNER TO qkern_ledger_owner;
postgres-1       | 	
postgres-1       | 	REVOKE ALL ON qkern_internal.change_feed FROM PUBLIC;
postgres-1       | 	REVOKE ALL ON FUNCTION qkern_internal.capture_change() FROM PUBLIC;
postgres-1       | 	
postgres-1       | 	-- Die Laufzeitrolle liest den Feed und raeumt ihn auf. Sie darf ihn niemals
postgres-1       | 	-- schreiben: ein erfundenes Aenderungsereignis wuerde einen Lesevorgang mit
postgres-1       | 	-- fremden Claims ausloesen.
postgres-1       | 	GRANT USAGE ON SCHEMA qkern_internal TO qkern_project_api_app;
postgres-1       | 	GRANT SELECT, DELETE ON qkern_internal.change_feed TO qkern_project_api_app;
postgres-1       | 	
postgres-1       | 	COMMIT;
postgres-1       | 	
postgres-1       | 2026-10-07 22:35:10.774 UTC [611] ERROR:  webhook delivery content is immutable
postgres-1       | 2026-10-07 22:35:10.774 UTC [611] CONTEXT:  PL/pgSQL function qkern_validate_project_webhook_delivery_update() line 10 at RAISE
postgres-1       | 2026-10-07 22:35:10.774 UTC [611] STATEMENT:  UPDATE project_webhook_deliveries SET payload='{"tampered":true}'::jsonb WHERE id=$1
postgres-1       | 2026-10-07 22:35:10.899 UTC [623] ERROR:  new row violates row-level security policy for table "items"
postgres-1       | 2026-10-07 22:35:10.899 UTC [623] CONTEXT:  SQL function "add_item" statement 1
postgres-1       | 2026-10-07 22:35:10.899 UTC [623] STATEMENT:  SELECT "generated_cdeea8fe_ac53_48d5_80cf_266638d03507"."add_item"("item_name" => $1::text, "item_owner" => $2::text) AS result
postgres-1       | 2026-10-07 22:35:10.949 UTC [690] ERROR:  permission denied for table project_functions
postgres-1       | 2026-10-07 22:35:10.949 UTC [690] STATEMENT:  UPDATE project_functions SET image=$1 WHERE id=$2
postgres-1       | 2026-10-07 22:35:11.047 UTC [643] ERROR:  new row for relation "migration_incident_delivery_commands" violates check constraint "migration_incident_delivery_commands_expected_failure_code"
postgres-1       | 2026-10-07 22:35:11.047 UTC [643] DETAIL:  Failing row contains (5376dcde-cbe6-443a-959d-f2ffa898b6ab, 7c0db195-8ee7-4510-9043-a7cfe13afaea, 759680e5-e9ac-461c-932d-74dc36cc83c4, constraint-test, destination_recovered, pending, null, 2026-10-07 22:35:11.046848+00, 2026-10-07 22:35:11.046848+00, null, null).
postgres-1       | 2026-10-07 22:35:11.047 UTC [643] STATEMENT:  INSERT INTO migration_incident_delivery_commands
postgres-1       | 	           (organization_id, migration_incident_id, requested_by, reason_code,
postgres-1       | 	            expected_failure_code, expected_retry_cycle)
postgres-1       | 	         VALUES ($1, $2, 'constraint-test', 'destination_recovered', NULL, NULL)
postgres-1       | 2026-10-07 22:35:11.108 UTC [688] ERROR:  a settled webhook delivery is final
postgres-1       | 2026-10-07 22:35:11.108 UTC [688] CONTEXT:  PL/pgSQL function qkern_validate_project_webhook_delivery_update() line 16 at RAISE
postgres-1       | 2026-10-07 22:35:11.108 UTC [688] STATEMENT:  UPDATE project_webhook_deliveries SET status='pending' WHERE id=$1
postgres-1       | 2026-10-07 22:35:11.155 UTC [695] ERROR:  new row for relation "migration_incident_delivery_commands" violates check constraint "migration_incident_delivery_commands_expected_retry_cycle"
postgres-1       | 2026-10-07 22:35:11.155 UTC [695] DETAIL:  Failing row contains (8c8949d7-05ac-40f2-8d60-4a2357b4dd21, 7c0db195-8ee7-4510-9043-a7cfe13afaea, 759680e5-e9ac-461c-932d-74dc36cc83c4, constraint-test, destination_recovered, pending, null, 2026-10-07 22:35:11.148706+00, 2026-10-07 22:35:11.148706+00, PUBLISH_FAILED, null).
postgres-1       | 2026-10-07 22:35:11.155 UTC [695] STATEMENT:  INSERT INTO migration_incident_delivery_commands
postgres-1       | 	           (organization_id, migration_incident_id, requested_by, reason_code,
postgres-1       | 	            expected_failure_code, expected_retry_cycle)
postgres-1       | 	         VALUES ($1, $2, 'constraint-test', 'destination_recovered', 'PUBLISH_FAILED', NULL)
certification-1  |  [32m✓[39m tests/compute-definitions-postgres.integration.test.ts [2m([22m[2m10 tests[22m[2m)[22m[33m 2232[2mms[22m[39m
certification-1  |  [32m✓[39m tests/generated-data-postgres.integration.test.ts [2m([22m[2m9 tests[22m[2m)[22m[33m 3471[2mms[22m[39m
certification-1  |      [33m[2m✓[22m[39m serves a schema with capitals exactly and never merges it with its lowercase twin (2.33) [33m 928[2mms[22m[39m
certification-1  |      [33m[2m✓[22m[39m serves security-invoker views read-only under the caller's RLS [33m 935[2mms[22m[39m
certification-1  |      [33m[2m✓[22m[39m calls security-invoker functions under the caller's RLS [33m 545[2mms[22m[39m
certification-1  |  [32m✓[39m tests/compute-webhook-postgres.integration.test.ts [2m([22m[2m11 tests[22m[2m)[22m[33m 4646[2mms[22m[39m
certification-1  |      [33m[2m✓[22m[39m persists a delivery and hands it to exactly one of many claimants [33m 873[2mms[22m[39m
certification-1  |      [33m[2m✓[22m[39m schedules a retry with a server-computed delay [33m 910[2mms[22m[39m
certification-1  |      [33m[2m✓[22m[39m dead-letters once the attempt limit of the definition is reached [33m 584[2mms[22m[39m
certification-1  |      [33m[2m✓[22m[39m keeps a settled delivery final [33m 323[2mms[22m[39m
certification-1  |      [33m[2m✓[22m[39m (2.174) delivers nothing for a deleted project and resumes after a restore [33m 458[2mms[22m[39m
postgres-1       | 2026-10-07 22:35:12.215 UTC [714] ERROR:  migration incident resolution requires worker-verified ledger evidence
postgres-1       | 2026-10-07 22:35:12.215 UTC [714] CONTEXT:  PL/pgSQL function qkern_validate_migration_incident_acknowledgement() line 49 at RAISE
postgres-1       | 2026-10-07 22:35:12.215 UTC [714] STATEMENT:  UPDATE migration_incidents
postgres-1       | 	       SET status = 'resolved',
postgres-1       | 	           resolution_code = 'target_ledger_match'::qkern_migration_incident_resolution_code
postgres-1       | 	       WHERE organization_id = $1 AND migration_job_id = $2
postgres-1       | 	         AND status IN ('open', 'acknowledged')
postgres-1       | 	       RETURNING 
postgres-1       | 	  id, organization_id, migration_job_id, project_id, environment, change_set_id,
postgres-1       | 	  kind, severity, status, detected_review_cycle, detected_reconciliation_attempt,
postgres-1       | 	  acknowledged_by, acknowledgement_code, acknowledged_at,
postgres-1       | 	  resolved_by, resolution_code, resolved_at, created_at, updated_at
postgres-1       | 2026-10-07 22:35:12.323 UTC [348] LOG:  checkpoint starting: immediate force wait
postgres-1       | 2026-10-07 22:35:12.425 UTC [666] ERROR:  project storage object identity is immutable
postgres-1       | 2026-10-07 22:35:12.425 UTC [666] CONTEXT:  PL/pgSQL function qkern_reject_project_storage_object_mutation() line 12 at RAISE
postgres-1       | 2026-10-07 22:35:12.425 UTC [666] STATEMENT:  UPDATE project_storage_objects SET deleted_at=coalesce(deleted_at,$5)
postgres-1       | 	        WHERE organization_id=$1 AND project_id=$2 AND environment=$3 AND id=$4
postgres-1       | 	        RETURNING id,organization_id,project_id,environment,bucket_id,object_key,owner_subject,
postgres-1       | 	  provider_key,size_bytes,content_type,checksum_sha256,etag,status,created_at,delete_after,deleted_at
postgres-1       | 2026-10-07 22:35:12.590 UTC [348] LOG:  checkpoint complete: wrote 1652 buffers (10.1%); 0 WAL file(s) added, 0 removed, 1 recycled; write=0.262 s, sync=0.002 s, total=0.268 s; sync files=571, longest=0.001 s, average=0.001 s; distance=12329 kB, estimate=12329 kB; lsn=0/2A098B8, redo lsn=0/29E1960
certification-1  |  [32m✓[39m tests/postgres-incident-recovery.integration.test.ts [2m([22m[2m6 tests[22m[2m)[22m[33m 5193[2mms[22m[39m
certification-1  |      [33m[2m✓[22m[39m rejects an old command when the same failure code returns in a later generation [33m 641[2mms[22m[39m
certification-1  |  [32m✓[39m tests/project-queues-postgres.integration.test.ts [2m([22m[2m9 tests[22m[2m)[22m[33m 4011[2mms[22m[39m
certification-1  |      [33m[2m✓[22m[39m persists only the dedupe verifier and returns the same durable receipt [33m 1602[2mms[22m[39m
certification-1  |      [33m[2m✓[22m[39m claims each ready row at most once across concurrent workers [33m 655[2mms[22m[39m
certification-1  |      [33m[2m✓[22m[39m keeps a foreign queue untouched [33m 421[2mms[22m[39m
certification-1  |  [32m✓[39m tests/project-storage-postgres.integration.test.ts [2m([22m[2m8 tests[22m[2m)[22m[33m 5062[2mms[22m[39m
certification-1  |      [33m[2m✓[22m[39m persists an exact verified upload and moves quota from reserved to used [33m 1162[2mms[22m[39m
certification-1  |      [33m[2m✓[22m[39m serializes concurrent quota reservations without overbooking [33m 520[2mms[22m[39m
certification-1  |      [33m[2m✓[22m[39m commits concurrent completion replays exactly once [33m 564[2mms[22m[39m
certification-1  |      [33m[2m✓[22m[39m releases used quota once when delete and lifecycle expiration race [33m 494[2mms[22m[39m
certification-1  |      [33m[2m✓[22m[39m (2.51) lists objects with their scanner verdict without exposing a provider key [33m 857[2mms[22m[39m
postgres-1       | 2026-10-07 22:35:13.412 UTC [743] ERROR:  cron progress must not move backwards
postgres-1       | 2026-10-07 22:35:13.412 UTC [743] CONTEXT:  PL/pgSQL function qkern_validate_project_cron_update() line 10 at RAISE
postgres-1       | 2026-10-07 22:35:13.412 UTC [743] STATEMENT:  UPDATE project_cron_definitions
postgres-1       | 	            SET last_dispatched_at=$3, updated_at=now()
postgres-1       | 	          WHERE organization_id=$1 AND id=$2
postgres-1       | 2026-10-07 22:35:13.866 UTC [744] ERROR:  cron progress must not move backwards
postgres-1       | 2026-10-07 22:35:13.866 UTC [744] CONTEXT:  PL/pgSQL function qkern_validate_project_cron_update() line 10 at RAISE
postgres-1       | 2026-10-07 22:35:13.866 UTC [744] STATEMENT:  UPDATE project_cron_definitions
postgres-1       | 	            SET last_dispatched_at=$3, updated_at=now()
postgres-1       | 	          WHERE organization_id=$1 AND id=$2
postgres-1       | 2026-10-07 22:35:14.133 UTC [746] ERROR:  cron progress must not move backwards
postgres-1       | 2026-10-07 22:35:14.133 UTC [746] CONTEXT:  PL/pgSQL function qkern_validate_project_cron_update() line 10 at RAISE
postgres-1       | 2026-10-07 22:35:14.133 UTC [746] STATEMENT:  UPDATE project_cron_definitions
postgres-1       | 	            SET last_dispatched_at=$3, updated_at=now()
postgres-1       | 	          WHERE organization_id=$1 AND id=$2
postgres-1       | 2026-10-07 22:35:14.228 UTC [699] ERROR:  function slots are immutable
postgres-1       | 2026-10-07 22:35:14.228 UTC [699] CONTEXT:  PL/pgSQL function qkern_reject_project_function_slot_update() line 3 at RAISE
postgres-1       | 2026-10-07 22:35:14.228 UTC [699] STATEMENT:  UPDATE project_function_slots SET expires_at = now() + interval '1 hour'
postgres-1       | 	        WHERE organization_id=$1 AND function_id=$2
certification-1  |  [32m✓[39m tests/compute-functions-postgres.integration.test.ts [2m([22m[2m13 tests[22m[2m)[22m[33m 5074[2mms[22m[39m
certification-1  |      [33m[2m✓[22m[39m denies the runtime role any change beyond the enabled flag [33m 320[2mms[22m[39m
certification-1  |      [33m[2m✓[22m[39m records completed and failed invocations and lists them newest first [33m 307[2mms[22m[39m
certification-1  |      [33m[2m✓[22m[39m deletes a function [33m 312[2mms[22m[39m
certification-1  |      [33m[2m✓[22m[39m stops a second instance once the shared limit is reached [33m 1295[2mms[22m[39m
certification-1  |      [33m[2m✓[22m[39m counts the places of one definition only [33m 1162[2mms[22m[39m
postgres-1       | 2026-10-07 22:35:14.443 UTC [744] ERROR:  cron progress must not move backwards
postgres-1       | 2026-10-07 22:35:14.443 UTC [744] CONTEXT:  PL/pgSQL function qkern_validate_project_cron_update() line 10 at RAISE
postgres-1       | 2026-10-07 22:35:14.443 UTC [744] STATEMENT:  UPDATE project_cron_definitions
postgres-1       | 	            SET last_dispatched_at=$3, updated_at=now()
postgres-1       | 	          WHERE organization_id=$1 AND id=$2
postgres-1       | 2026-10-07 22:35:14.504 UTC [746] ERROR:  cron progress must not move backwards
postgres-1       | 2026-10-07 22:35:14.504 UTC [746] CONTEXT:  PL/pgSQL function qkern_validate_project_cron_update() line 10 at RAISE
postgres-1       | 2026-10-07 22:35:14.504 UTC [746] STATEMENT:  UPDATE project_cron_definitions
postgres-1       | 	            SET last_dispatched_at=$3, updated_at=now()
postgres-1       | 	          WHERE organization_id=$1 AND id=$2
postgres-1       | 2026-10-07 22:35:14.574 UTC [745] ERROR:  cron progress must not move backwards
postgres-1       | 2026-10-07 22:35:14.574 UTC [745] CONTEXT:  PL/pgSQL function qkern_validate_project_cron_update() line 10 at RAISE
postgres-1       | 2026-10-07 22:35:14.574 UTC [745] STATEMENT:  UPDATE project_cron_definitions
postgres-1       | 	            SET last_dispatched_at=$3, updated_at=now()
postgres-1       | 	          WHERE organization_id=$1 AND id=$2
postgres-1       | 2026-10-07 22:35:14.672 UTC [768] ERROR:  relation "change_feed" already exists
postgres-1       | 2026-10-07 22:35:14.672 UTC [768] STATEMENT:  -- Run once after 0002_qkern_migration_fence.sql as the trusted project database
postgres-1       | 	-- provisioner. Provides trigger-based change capture for Realtime.
postgres-1       | 	--
postgres-1       | 	-- ## Warum Trigger und nicht logische Replikation
postgres-1       | 	--
postgres-1       | 	-- Logische Replikation sieht jede Aenderung ohne Schemaeingriff, verlangt aber
postgres-1       | 	-- eine Rolle mit Replikationsrecht und einen Slot. Beides steht im direkten
postgres-1       | 	-- Widerspruch zu diesem Schema: 0001 prueft fuer jede beteiligte Rolle
postgres-1       | 	-- ausdruecklich rolreplication = false. Ein hängender Konsument laesst den Slot
postgres-1       | 	-- ausserdem unbegrenzt WAL halten, bis die Platte voll ist -- ein
postgres-1       | 	-- Betriebsrisiko, das der Kunde traegt und QKERN nicht begrenzen kann.
postgres-1       | 	--
postgres-1       | 	-- Trigger sind begrenzbar: der Feed hat Groessengrenzen und Aufbewahrung, und
postgres-1       | 	-- das Anschalten je Tabelle ist eine Schemaaenderung, die den vorhandenen
postgres-1       | 	-- Change-Set- und Approval-Weg durchlaeuft.
postgres-1       | 	--
postgres-1       | 	-- ## Warum keine Zeilenwerte gespeichert werden
postgres-1       | 	--
postgres-1       | 	-- Der Feed haelt ausschliesslich die Primaerschluesselwerte. Die eigentlichen
postgres-1       | 	-- Zeilenwerte werden je Abonnent frisch gelesen, und zwar mit dessen Claims.
postgres-1       | 	-- Row Level Security autorisiert und erzeugt die Nutzlast damit in einem
postgres-1       | 	-- Schritt. Wuerden die Werte hier liegen, muesste eine zweite, unabhaengige
postgres-1       | 	-- Sichtbarkeitspruefung sie korrekt filtern -- eine Kopie der RLS-Logik
postgres-1       | 	-- ausserhalb der Datenbank und damit eine dauerhafte Fehlerquelle.
postgres-1       | 	
postgres-1       | 	BEGIN;
postgres-1       | 	
postgres-1       | 	CREATE TABLE qkern_internal.change_feed (
postgres-1       | 	  position bigint GENERATED ALWAYS AS IDENTITY PRIMARY KEY,
postgres-1       | 	  schema_name text NOT NULL CHECK (schema_name ~ '^[a-z_][a-z0-9_]{0,62}$'),
postgres-1       | 	  table_name text NOT NULL CHECK (table_name ~ '^[a-z_][a-z0-9_]{0,62}$'),
certification-1  | [90mstdout[2m | tests/sql-privilege-clause-contract.integration.test.ts[2m > [22m[2mSQL privilege clause contract[2m > [22m[2mfinds statements to check
certification-1  | [22m[39mprivilege clause contract: 156 Anweisungen, 15 Spaltenlisten nicht auswertbar, 1067 Platzhalter offen
certification-1  | 
postgres-1       | 	  operation text NOT NULL CHECK (operation IN ('insert', 'update', 'delete')),
postgres-1       | 	  -- Nur Primaerschluesselwerte. Die Grenze verhindert, dass ein zusammengesetzter
postgres-1       | 	  -- Schluessel den Feed aufblaeht.
postgres-1       | 	  row_key jsonb NOT NULL CHECK (octet_length(row_key::text) <= 4096),
postgres-1       | 	  committed_at timestamptz NOT NULL DEFAULT now()
postgres-1       | 	);
postgres-1       | 	
postgres-1       | 	CREATE INDEX change_feed_retention_idx ON qkern_internal.change_feed (committed_at);
postgres-1       | 	
postgres-1       | 	ALTER TABLE qkern_internal.change_feed OWNER TO qkern_ledger_owner;
postgres-1       | 	
postgres-1       | 	-- SECURITY DEFINER: Der Schreiber einer Zeile besitzt keine Rechte auf dem
postgres-1       | 	-- Feed und soll sie auch nicht bekommen. Der Trigger schreibt stellvertretend.
postgres-1       | 	-- search_path wird fest gesetzt, damit kein Aufrufer die aufgeloesten Objekte
postgres-1       | 	-- umlenken kann.
postgres-1       | 	CREATE OR REPLACE FUNCTION qkern_internal.capture_change()
postgres-1       | 	RETURNS trigger
postgres-1       | 	LANGUAGE plpgsql
postgres-1       | 	SECURITY DEFINER
postgres-1       | 	SET search_path = qkern_internal, pg_catalog
postgres-1       | 	AS $$
postgres-1       | 	DECLARE
postgres-1       | 	  key_columns text[];
postgres-1       | 	  source record;
postgres-1       | 	  key jsonb;
postgres-1       | 	BEGIN
postgres-1       | 	  SELECT array_agg(attribute.attname ORDER BY attribute.attnum)
postgres-1       | 	    INTO key_columns
postgres-1       | 	    FROM pg_index index
postgres-1       | 	    JOIN pg_attribute attribute
postgres-1       | 	      ON attribute.attrelid = index.indrelid AND attribute.attnum = ANY (index.indkey)
postgres-1       | 	   WHERE index.indrelid = TG_RELID AND index.indisprimary;
postgres-1       | 	
postgres-1       | 	  IF key_columns IS NULL THEN
postgres-1       | 	    RAISE EXCEPTION 'change capture requires a primary key on %.%', TG_TABLE_SCHEMA, TG_TABLE_NAME
postgres-1       | 	      USING ERRCODE = '55000';
postgres-1       | 	  END IF;
postgres-1       | 	
postgres-1       | 	  source := CASE WHEN TG_OP = 'DELETE' THEN OLD ELSE NEW END;
postgres-1       | 	  SELECT jsonb_object_agg(entry.key, entry.value)
postgres-1       | 	    INTO key
postgres-1       | 	    FROM jsonb_each(to_jsonb(source)) AS entry
postgres-1       | 	   WHERE entry.key = ANY (key_columns);
postgres-1       | 	
postgres-1       | 	  INSERT INTO qkern_internal.change_feed (schema_name, table_name, operation, row_key)
postgres-1       | 	  VALUES (TG_TABLE_SCHEMA, TG_TABLE_NAME, lower(TG_OP), key);
postgres-1       | 	
postgres-1       | 	  RETURN NULL;
postgres-1       | 	END;
postgres-1       | 	$$;
postgres-1       | 	
postgres-1       | 	ALTER FUNCTION qkern_internal.capture_change() OWNER TO qkern_ledger_owner;
postgres-1       | 	
postgres-1       | 	REVOKE ALL ON qkern_internal.change_feed FROM PUBLIC;
postgres-1       | 	REVOKE ALL ON FUNCTION qkern_internal.capture_change() FROM PUBLIC;
postgres-1       | 	
postgres-1       | 	-- Die Laufzeitrolle liest den Feed und raeumt ihn auf. Sie darf ihn niemals
postgres-1       | 	-- schreiben: ein erfundenes Aenderungsereignis wuerde einen Lesevorgang mit
postgres-1       | 	-- fremden Claims ausloesen.
postgres-1       | 	GRANT USAGE ON SCHEMA qkern_internal TO qkern_project_api_app;
postgres-1       | 	GRANT SELECT, DELETE ON qkern_internal.change_feed TO qkern_project_api_app;
postgres-1       | 	
postgres-1       | 	COMMIT;
postgres-1       | 	
postgres-1       | 2026-10-07 22:35:14.688 UTC [613] ERROR:  cron progress must not move backwards
postgres-1       | 2026-10-07 22:35:14.688 UTC [613] CONTEXT:  PL/pgSQL function qkern_validate_project_cron_update() line 10 at RAISE
postgres-1       | 2026-10-07 22:35:14.688 UTC [613] STATEMENT:  UPDATE project_cron_definitions SET last_dispatched_at=$2 WHERE id=$1
postgres-1       | 2026-10-07 22:35:15.154 UTC [777] ERROR:  cron identity is immutable
postgres-1       | 2026-10-07 22:35:15.154 UTC [777] CONTEXT:  PL/pgSQL function qkern_validate_project_cron_update() line 6 at RAISE
postgres-1       | 2026-10-07 22:35:15.154 UTC [777] STATEMENT:  UPDATE project_cron_definitions SET project_id=$2 WHERE id=$1
postgres-1       | 2026-10-07 22:35:15.376 UTC [649] ERROR:  realtime events are append-only
postgres-1       | 2026-10-07 22:35:15.376 UTC [649] CONTEXT:  PL/pgSQL function qkern_reject_realtime_event_update() line 3 at RAISE
postgres-1       | 2026-10-07 22:35:15.376 UTC [649] STATEMENT:  UPDATE realtime_events SET event='tampered'
postgres-1       | 	        WHERE organization_id=$1 AND channel=$2
postgres-1       | 2026-10-07 22:35:15.691 UTC [773] ERROR:  change capture requires a primary key on public.cdc_keyless_c6e86f1feb60
postgres-1       | 2026-10-07 22:35:15.691 UTC [773] CONTEXT:  PL/pgSQL function capture_change() line 15 at RAISE
postgres-1       | 2026-10-07 22:35:15.691 UTC [773] STATEMENT:  INSERT INTO public.cdc_keyless_c6e86f1feb60 (label) VALUES ('orphan')
certification-1  |  [32m✓[39m tests/realtime-postgres.integration.test.ts [2m([22m[2m9 tests[22m[2m)[22m[33m 7047[2mms[22m[39m
certification-1  |      [33m[2m✓[22m[39m delivers a broadcast to a subscriber on a second instance through PostgreSQL [33m 1348[2mms[22m[39m
certification-1  |      [33m[2m✓[22m[39m assigns one global sequence per channel across instances [33m 863[2mms[22m[39m
certification-1  |      [33m[2m✓[22m[39m keeps events after a restart of every instance [33m 525[2mms[22m[39m
certification-1  |      [33m[2m✓[22m[39m keeps the event log invisible to a different organization [33m 396[2mms[22m[39m
certification-1  |      [33m[2m✓[22m[39m merges the presence of two instances and keeps it across a restart of the one that wrote it [33m 1986[2mms[22m[39m
certification-1  |      [33m[2m✓[22m[39m lets the presence of a connection that vanished without a goodbye expire, reports the leave and removes the row a grace later [33m 440[2mms[22m[39m
certification-1  |      [33m[2m✓[22m[39m refuses to change a stored event [33m 347[2mms[22m[39m
certification-1  |  [32m✓[39m tests/realtime-change-feed-postgres.integration.test.ts [2m([22m[2m6 tests[22m[2m)[22m[33m 1489[2mms[22m[39m
postgres-1       | 2026-10-07 22:35:15.772 UTC [797] ERROR:  permission denied for table change_feed
postgres-1       | 2026-10-07 22:35:15.772 UTC [797] STATEMENT:  INSERT INTO qkern_internal.change_feed (schema_name, table_name, operation, row_key)
postgres-1       | 	       VALUES ('public', 'forged', 'insert', '{"id":"forged"}'::jsonb)
certification-1  | [90mstderr[2m | tests/realtime-change-soak-postgres.integration.test.ts[2m > [22m[2mRealtime change soak PostgreSQL certification[2m > [22m[2mdelivers every change of a sustained writer without loss, gap or stall
certification-1  | [22m[39msoak: 120 Aenderungen, p50 1403 ms, p95 3810 ms, max 3890 ms
certification-1  | 
certification-1  | [90mstderr[2m | tests/realtime-change-soak-postgres.integration.test.ts[2m > [22m[2mRealtime change soak PostgreSQL certification[2m > [22m[2mdelivers every change of a sustained writer without loss, gap or stall
certification-1  | [22m[39msoak: 5 Buchungen fuer 120 Nachrichten
certification-1  | 
postgres-1       | 2026-10-07 22:35:16.075 UTC [786] WARNING:  "wal_level" is insufficient to publish logical changes
postgres-1       | 2026-10-07 22:35:16.075 UTC [786] HINT:  Set "wal_level" to "logical" before creating subscriptions.
certification-1  |  [32m✓[39m tests/realtime-change-soak-postgres.integration.test.ts [2m([22m[2m1 test[22m[2m)[22m[33m 7244[2mms[22m[39m
certification-1  |      [33m[2m✓[22m[39m delivers every change of a sustained writer without loss, gap or stall [33m 5566[2mms[22m[39m
postgres-1       | 2026-10-07 22:35:16.963 UTC [799] ERROR:  permission denied for table billing_rate_cards
postgres-1       | 2026-10-07 22:35:16.963 UTC [799] STATEMENT:  UPDATE billing_rate_cards SET unit_price_micros = 1 WHERE organization_id = $1
postgres-1       | 2026-10-07 22:35:16.979 UTC [799] ERROR:  permission denied for table billing_rate_cards
postgres-1       | 2026-10-07 22:35:16.979 UTC [799] STATEMENT:  DELETE FROM billing_rate_cards WHERE organization_id = $1
postgres-1       | 2026-10-07 22:35:17.539 UTC [812] ERROR:  permission denied for table migration_outbox
postgres-1       | 2026-10-07 22:35:17.539 UTC [812] STATEMENT:  SELECT status FROM migration_outbox
postgres-1       | 2026-10-07 22:35:17.546 UTC [812] ERROR:  permission denied for table migration_outbox
postgres-1       | 2026-10-07 22:35:17.546 UTC [812] STATEMENT:  SELECT lease_owner FROM migration_outbox
postgres-1       | 2026-10-07 22:35:17.549 UTC [812] ERROR:  permission denied for table migration_outbox
postgres-1       | 2026-10-07 22:35:17.549 UTC [812] STATEMENT:  SELECT lease_token FROM migration_outbox
postgres-1       | 2026-10-07 22:35:17.551 UTC [812] ERROR:  permission denied for table migration_outbox
postgres-1       | 2026-10-07 22:35:17.551 UTC [812] STATEMENT:  SELECT lease_expires_at FROM migration_outbox
postgres-1       | 2026-10-07 22:35:17.557 UTC [812] ERROR:  permission denied for table migration_outbox
postgres-1       | 2026-10-07 22:35:17.557 UTC [812] STATEMENT:  SELECT failure_count FROM migration_outbox
postgres-1       | 2026-10-07 22:35:17.562 UTC [812] ERROR:  permission denied for table migration_outbox
postgres-1       | 2026-10-07 22:35:17.562 UTC [812] STATEMENT:  SELECT available_at FROM migration_outbox
certification-1  |  [32m✓[39m tests/usage-billing-postgres.integration.test.ts [2m([22m[2m4 tests[22m[2m)[22m[33m 2180[2mms[22m[39m
certification-1  |      [33m[2m✓[22m[39m projects real usage against the effective rate card [33m 432[2mms[22m[39m
certification-1  |      [33m[2m✓[22m[39m lets the newest effective price win, in the database's ordering [33m 811[2mms[22m[39m
certification-1  |  [32m✓[39m tests/data-plane-catalog-wide-postgres.integration.test.ts [2m([22m[2m4 tests[22m[2m)[22m[33m 2273[2mms[22m[39m
certification-1  |      [33m[2m✓[22m[39m lists available extensions with the installed ones first and their version [33m 1206[2mms[22m[39m
certification-1  |  [32m✓[39m tests/migration-enqueue-postgres.integration.test.ts [2m([22m[2m3 tests[22m[2m)[22m[33m 1760[2mms[22m[39m
certification-1  |      [33m[2m✓[22m[39m queues an approved change set and its outbox event [33m 623[2mms[22m[39m
postgres-1       | 2026-10-07 22:35:18.026 UTC [814] ERROR:  permission denied for table project_auth_users
postgres-1       | 2026-10-07 22:35:18.026 UTC [814] STATEMENT:  SELECT id FROM project_auth_users LIMIT 1
certification-1  |  [32m✓[39m tests/data-plane-triggers-postgres.integration.test.ts [2m([22m[2m1 test[22m[2m)[22m[33m 561[2mms[22m[39m
certification-1  |  [32m✓[39m tests/data-plane-catalog-postgres.integration.test.ts [2m([22m[2m3 tests[22m[2m)[22m[33m 815[2mms[22m[39m
certification-1  |      [33m[2m✓[22m[39m lists indexes with method, uniqueness, columns, expression and predicate [33m 354[2mms[22m[39m
certification-1  |  [32m✓[39m tests/usage-metering-postgres.integration.test.ts [2m([22m[2m4 tests[22m[2m)[22m[33m 2211[2mms[22m[39m
certification-1  |      [33m[2m✓[22m[39m serializes concurrent hard-quota decisions and persists verifier-only events [33m 346[2mms[22m[39m
certification-1  |  [32m✓[39m tests/compute-webhook-chain.integration.test.ts [2m([22m[2m6 tests[22m[2m)[22m[33m 3351[2mms[22m[39m
certification-1  |      [33m[2m✓[22m[39m carries an enqueued event all the way to a verified, acknowledged delivery [33m 375[2mms[22m[39m
certification-1  |      [33m[2m✓[22m[39m schedules a retry when the receiver rejects, without losing the delivery [33m 842[2mms[22m[39m
certification-1  |      [33m[2m✓[22m[39m treats a receiver that does not echo the delivery id as a failure [33m 658[2mms[22m[39m
certification-1  |      [33m[2m✓[22m[39m dead-letters after the attempt limit of the definition [33m 368[2mms[22m[39m
certification-1  |  [32m✓[39m tests/data-plane-functions-postgres.integration.test.ts [2m([22m[2m1 test[22m[2m)[22m[33m 935[2mms[22m[39m
postgres-1       | 2026-10-07 22:35:19.073 UTC [810] ERROR:  new row violates row-level security policy "audit_logs_project_auth_insert" for table "audit_logs"
postgres-1       | 2026-10-07 22:35:19.073 UTC [810] STATEMENT:  INSERT INTO audit_logs
postgres-1       | 	         (organization_id, project_id, environment, actor_type, actor_ref, action, resource_ref,
postgres-1       | 	          status, redacted_metadata, previous_hash, entry_hash)
postgres-1       | 	       VALUES ($1, $2, $3, $4, $5, $6, $7, $8, $9::jsonb, NULL, repeat('0', 64))
postgres-1       | 	       RETURNING id, organization_id, project_id, environment, actor_type, actor_ref, action, resource_ref,
postgres-1       | 	                 status, redacted_metadata, previous_hash, entry_hash, created_at
certification-1  |  [32m✓[39m tests/project-auth-postgres.integration.test.ts [2m([22m[2m4 tests[22m[2m)[22m[33m 3761[2mms[22m[39m
certification-1  |      [33m[2m✓[22m[39m persists app users only through the auth role and keeps runtime access closed [33m 1836[2mms[22m[39m
certification-1  |      [33m[2m✓[22m[39m lists active sessions and revokes one family or all of one user in PostgreSQL (2.34) [33m 487[2mms[22m[39m
certification-1  |  [32m✓[39m tests/data-plane-query-postgres.integration.test.ts [2m([22m[2m2 tests[22m[2m)[22m[33m 826[2mms[22m[39m
certification-1  |      [33m[2m✓[22m[39m returns real rows, honest truncation and redacted secrets [33m 365[2mms[22m[39m
certification-1  |  [32m✓[39m tests/usage-emitters-postgres.integration.test.ts [2m([22m[2m20 tests[22m[2m)[22m[33m 5608[2mms[22m[39m
certification-1  |      [33m[2m✓[22m[39m counts a real enqueue in the durable ledger [33m 334[2mms[22m[39m
certification-1  |      [33m[2m✓[22m[39m counts every simultaneous enqueue across queues exactly once [33m 1049[2mms[22m[39m
certification-1  |        [33m[2m✓[22m[39m counts the rows a real read actually returned [33m 1059[2mms[22m[39m
certification-1  |        [33m[2m✓[22m[39m stops API requests at the HTTP boundary once the quota is exhausted [33m 477[2mms[22m[39m
certification-1  |        [33m[2m✓[22m[39m writes bundled realtime messages as one booking [33m 457[2mms[22m[39m
certification-1  |  [32m✓[39m tests/queue-connection-pressure-postgres.integration.test.ts [2m([22m[2m1 test[22m[2m)[22m[33m 861[2mms[22m[39m
certification-1  |      [33m[2m✓[22m[39m names an exhausted pool instead of calling it a queue conflict [33m 662[2mms[22m[39m
certification-1  |  [32m✓[39m tests/realtime-change-chain-postgres.integration.test.ts [2m([22m[2m7 tests[22m[2m)[22m[33m 14719[2mms[22m[39m
certification-1  |      [33m[2m✓[22m[39m carries a change from the trigger to a subscriber that may see it [33m 564[2mms[22m[39m
certification-1  |      [33m[2m✓[22m[39m gives two subscribers different subsets of the same change stream [33m 469[2mms[22m[39m
certification-1  |      [33m[2m✓[22m[39m hands a reconnecting subscriber only the missed changes row level security grants it [33m 352[2mms[22m[39m
certification-1  |      [33m[2m✓[22m[39m keeps order and delivers each change exactly once under a burst [33m 2064[2mms[22m[39m
certification-1  |      [33m[2m✓[22m[39m keeps every subscriber's subset correct with many subscribers at once [33m 10537[2mms[22m[39m
certification-1  |  [32m✓[39m tests/sql-privilege-clause-contract.integration.test.ts [2m([22m[2m2 tests[22m[2m)[22m[33m 10069[2mms[22m[39m
certification-1  |      [33m[2m✓[22m[39m grants every write role the read right its clauses require [33m 9124[2mms[22m[39m
postgres-1       | 2026-10-07 22:35:26.210 UTC [348] LOG:  checkpoint starting: immediate force wait
postgres-1       | 2026-10-07 22:35:26.296 UTC [348] LOG:  checkpoint complete: wrote 485 buffers (3.0%); 0 WAL file(s) added, 0 removed, 0 recycled; write=0.078 s, sync=0.002 s, total=0.087 s; sync files=278, longest=0.001 s, average=0.001 s; distance=2261 kB, estimate=11322 kB; lsn=0/2C30648, redo lsn=0/2C16ED8
certification-1  |  [32m✓[39m tests/migration-process-postgres.integration.test.ts [2m([22m[2m4 tests[22m[2m)[22m[33m 18438[2mms[22m[39m
certification-1  |      [33m[2m✓[22m[39m applies a queued statement to the real project database [33m 6976[2mms[22m[39m
certification-1  |      [33m[2m✓[22m[39m keeps a tampered statement out of the project database [33m 6521[2mms[22m[39m
certification-1  |      [33m[2m✓[22m[39m names the violated boundary condition without describing the database [33m 3619[2mms[22m[39m
certification-1  |      [33m[2m✓[22m[39m (2.174) claims no migration of a deleted project and claims it again after a restore [33m 317[2mms[22m[39m
postgres-1       | 2026-10-07 22:35:28.907 UTC [953] ERROR:  permission denied for table users
postgres-1       | 2026-10-07 22:35:28.907 UTC [953] STATEMENT:  SELECT id FROM users LIMIT 1
postgres-1       | 2026-10-07 22:35:29.231 UTC [965] ERROR:  permission denied for table projects
postgres-1       | 2026-10-07 22:35:29.231 UTC [965] STATEMENT:  SELECT id FROM projects LIMIT 1
certification-1  |  [32m✓[39m tests/realtime-process-postgres.integration.test.ts [2m([22m[2m3 tests[22m[2m)[22m[33m 20842[2mms[22m[39m
certification-1  |      [33m[2m✓[22m[39m serves a real client from the shipped process [33m 13389[2mms[22m[39m
certification-1  |      [33m[2m✓[22m[39m refuses production with an ephemeral log and names the condition [33m 2206[2mms[22m[39m
certification-1  |      [33m[2m✓[22m[39m serves a client on a public bind after the explicit opt-in [33m 3447[2mms[22m[39m
certification-1  |  [32m✓[39m tests/billing-invoice-postgres.integration.test.ts [2m([22m[2m6 tests[22m[2m)[22m[33m 23737[2mms[22m[39m
certification-1  |      [33m[2m✓[22m[39m issues the closed month's invoice from the shipped process [33m 6534[2mms[22m[39m
certification-1  |      [33m[2m✓[22m[39m leaves the issued invoice untouched on a second run [33m 6732[2mms[22m[39m
certification-1  |      [33m[2m✓[22m[39m refuses an open period at its configuration boundary [33m 1799[2mms[22m[39m
certification-1  |      [33m[2m✓[22m[39m issues exactly one invoice when two runs race for the same period [33m 3056[2mms[22m[39m
certification-1  |      [33m[2m✓[22m[39m numbers invoices gaplessly per organization and stamps the due date [33m 4925[2mms[22m[39m
certification-1  |  [32m✓[39m tests/project-queues-multi-instance.integration.test.ts [2m([22m[2m6 tests[22m[2m)[22m[33m 24573[2mms[22m[39m
certification-1  |      [33m[2m✓[22m[39m claims every message exactly once across six competing instances [33m 11535[2mms[22m[39m
certification-1  |      [33m[2m✓[22m[39m gives a message to exactly one instance when many claim at the same moment [33m 800[2mms[22m[39m
certification-1  |      [33m[2m✓[22m[39m fences a vanished worker: the lease survives, the stale token does not [33m 6448[2mms[22m[39m
certification-1  |      [33m[2m✓[22m[39m keeps retry authority on the server when instances fail concurrently [33m 1662[2mms[22m[39m
certification-1  |      [33m[2m✓[22m[39m enforces the capacity limit even when instances enqueue at the same time [33m 2625[2mms[22m[39m
certification-1  |      [33m[2m✓[22m[39m deduplicates the same key across instances, not just within one [33m 1248[2mms[22m[39m
certification-1  |  [32m✓[39m tests/compute-cron-postgres.integration.test.ts [2m([22m[2m13 tests[22m[2m)[22m[33m 25766[2mms[22m[39m
certification-1  |      [33m[2m✓[22m[39m dispatches a due occurrence into the queue and advances the progress [33m 470[2mms[22m[39m
certification-1  |      [33m[2m✓[22m[39m dispatches a list-range-weekday expression through the real progress [33m 324[2mms[22m[39m
certification-1  |      [33m[2m✓[22m[39m dispatches a zoned schedule through the real progress across the missing hour [33m 457[2mms[22m[39m
certification-1  |      [33m[2m✓[22m[39m dispatches L, # and W schedules through the real progress [33m 2921[2mms[22m[39m
certification-1  |      [33m[2m✓[22m[39m produces exactly one message when two schedulers fire the same occurrence [33m 2270[2mms[22m[39m
certification-1  |      [33m[2m✓[22m[39m keeps the identity of a definition immutable [33m 354[2mms[22m[39m
certification-1  |      [33m[2m✓[22m[39m (2.174) dispatches nothing for a deleted project and resumes after a restore [33m 307[2mms[22m[39m
certification-1  |      [33m[2m✓[22m[39m dispatches from the shipped process [33m 12466[2mms[22m[39m
certification-1  |      [33m[2m✓[22m[39m reports ready while the cron loop is doing its rounds [33m 2920[2mms[22m[39m
certification-1  |      [33m[2m✓[22m[39m stops reporting ready when every definition fails [33m 2527[2mms[22m[39m
postgres-1       | 2026-10-07 22:35:43.270 UTC [923] ERROR:  new row for relation "project_queue_messages" violates check constraint "project_queue_messages_dedupe_pair"
postgres-1       | 2026-10-07 22:35:43.270 UTC [923] DETAIL:  Failing row contains (625c5633-c009-4405-8264-30d61755aea5, 7b447ca8-0759-4f08-9281-7d2e7a0a7086, 994f07ed-3453-4034-a4d4-bf82011880e3, development, bab725b8-57e8-4ddb-a3eb-43142c20fa52, {}, available, probe, ffffffffffffffffffffffffffffffffffffffffffffffffffffffffffffffff, null, 0, 2026-10-07 22:35:43.269933+00, null, null, 0, null, null, 2026-10-07 22:35:43.269933+00, null, null, null).
postgres-1       | 2026-10-07 22:35:43.270 UTC [923] STATEMENT:  INSERT INTO project_queue_messages
postgres-1       | 	        (organization_id,project_id,environment,queue_id,payload,owner_subject,dedupe_key_hash)
postgres-1       | 	        VALUES ($1,$2,'development',$3,'{}'::jsonb,'probe',$4)
postgres-1       | 2026-10-07 22:35:43.350 UTC [1041] FATAL:  database "absent_1d0c5aac_f81d_4374_a7a9_2de54a7b722e" does not exist
postgres-1       | 2026-10-07 22:35:43.751 UTC [348] LOG:  checkpoint starting: immediate force wait
postgres-1       | 2026-10-07 22:35:43.756 UTC [348] LOG:  checkpoint complete: wrote 234 buffers (1.4%); 0 WAL file(s) added, 0 removed, 2 recycled; write=0.005 s, sync=0.001 s, total=0.006 s; sync files=195, longest=0.001 s, average=0.000 s; distance=25289 kB, estimate=25289 kB; lsn=0/44C9448, redo lsn=0/44C93F0
postgres-1       | 2026-10-07 22:35:46.481 UTC [968] ERROR:  new row for relation "project_auth_settings" violates check constraint "project_auth_settings_rate_limits_check"
postgres-1       | 2026-10-07 22:35:46.481 UTC [968] DETAIL:  Failing row contains (dd058a58-e2de-4d76-bef7-b4efad55a03a, bb07ee91-b8ef-4e20-b084-7572932b1d38, development, f, 2026-09-26 12:00:00+00, {}, 0, 900, 5, 3600, 2, 900, f, 12, named, null, 2000, null, 2000, {}).
postgres-1       | 2026-10-07 22:35:46.481 UTC [968] STATEMENT:  UPDATE project_auth_settings SET sign_in_max = 0
postgres-1       | 	       WHERE organization_id = $1 AND project_id = $2 AND environment = 'development'
postgres-1       | 2026-10-07 22:35:47.228 UTC [1055] ERROR:  new row for relation "project_auth_settings" violates check constraint "project_auth_settings_password_protection_check"
postgres-1       | 2026-10-07 22:35:47.228 UTC [1055] DETAIL:  Failing row contains (b436dded-2af9-4308-a6dd-530c5503c3ff, df25de40-9b0e-4828-ace3-66e35fe0b510, development, f, 2026-09-26 13:00:00+00, {}, 10, 900, 5, 3600, 60, 3600, t, 11, generic, null, 2000, null, 2000, {}).
postgres-1       | 2026-10-07 22:35:47.228 UTC [1055] STATEMENT:  UPDATE project_auth_settings SET password_min_length = 11
postgres-1       | 	         WHERE organization_id = $1 AND project_id = $2 AND environment = 'development'
postgres-1       | 2026-10-07 22:35:47.252 UTC [1065] ERROR:  new row for relation "project_auth_settings" violates check constraint "project_auth_settings_password_protection_check"
postgres-1       | 2026-10-07 22:35:47.252 UTC [1065] DETAIL:  Failing row contains (b436dded-2af9-4308-a6dd-530c5503c3ff, df25de40-9b0e-4828-ace3-66e35fe0b510, development, f, 2026-09-26 13:00:00+00, {}, 10, 900, 5, 3600, 60, 3600, t, 129, generic, null, 2000, null, 2000, {}).
postgres-1       | 2026-10-07 22:35:47.252 UTC [1065] STATEMENT:  UPDATE project_auth_settings SET password_min_length = 129
postgres-1       | 	         WHERE organization_id = $1 AND project_id = $2 AND environment = 'development'
postgres-1       | 2026-10-07 22:35:47.271 UTC [1066] ERROR:  new row for relation "project_auth_settings" violates check constraint "project_auth_settings_password_protection_check"
postgres-1       | 2026-10-07 22:35:47.271 UTC [1066] DETAIL:  Failing row contains (b436dded-2af9-4308-a6dd-530c5503c3ff, df25de40-9b0e-4828-ace3-66e35fe0b510, development, f, 2026-09-26 13:00:00+00, {}, 10, 900, 5, 3600, 60, 3600, t, 14, loud, null, 2000, null, 2000, {}).
postgres-1       | 2026-10-07 22:35:47.271 UTC [1066] STATEMENT:  UPDATE project_auth_settings SET leaked_password_notice = 'loud'
postgres-1       | 	         WHERE organization_id = $1 AND project_id = $2 AND environment = 'development'
postgres-1       | 2026-10-07 22:35:49.097 UTC [348] LOG:  checkpoint starting: immediate force wait
postgres-1       | 2026-10-07 22:35:49.099 UTC [348] LOG:  checkpoint complete: wrote 165 buffers (1.0%); 0 WAL file(s) added, 0 removed, 0 recycled; write=0.002 s, sync=0.001 s, total=0.003 s; sync files=134, longest=0.001 s, average=0.000 s; distance=5179 kB, estimate=23278 kB; lsn=0/49D8398, redo lsn=0/49D8340
postgres-1       | 2026-10-07 22:35:53.878 UTC [348] LOG:  checkpoint starting: immediate force wait
postgres-1       | 2026-10-07 22:35:53.879 UTC [348] LOG:  checkpoint complete: wrote 64 buffers (0.4%); 0 WAL file(s) added, 0 removed, 0 recycled; write=0.001 s, sync=0.001 s, total=0.002 s; sync files=59, longest=0.001 s, average=0.000 s; distance=4569 kB, estimate=21407 kB; lsn=0/4E4E7C8, redo lsn=0/4E4E770
postgres-1       | 2026-10-07 22:35:53.976 UTC [1039] ERROR:  new row for relation "user_console_settings" violates check constraint "user_console_settings_language_check"
postgres-1       | 2026-10-07 22:35:53.976 UTC [1039] DETAIL:  Failing row contains (f1175057-655f-49e3-b317-29ebe4a910c8, es, de-CH, browser, overview, system, 2026-10-07 22:35:53.976423+00, 2026-10-07 22:35:53.976423+00, easy).
postgres-1       | 2026-10-07 22:35:53.976 UTC [1039] STATEMENT:  INSERT INTO user_console_settings (user_id, language) VALUES ($1, $2)
postgres-1       | 2026-10-07 22:35:53.984 UTC [1114] ERROR:  new row for relation "user_console_settings" violates check constraint "user_console_settings_format_locale_check"
postgres-1       | 2026-10-07 22:35:53.984 UTC [1114] DETAIL:  Failing row contains (f1175057-655f-49e3-b317-29ebe4a910c8, browser, de-AT, browser, overview, system, 2026-10-07 22:35:53.982889+00, 2026-10-07 22:35:53.982889+00, easy).
postgres-1       | 2026-10-07 22:35:53.984 UTC [1114] STATEMENT:  INSERT INTO user_console_settings (user_id, format_locale) VALUES ($1, $2)
postgres-1       | 2026-10-07 22:35:53.993 UTC [1115] ERROR:  new row for relation "user_console_settings" violates check constraint "user_console_settings_theme_check"
postgres-1       | 2026-10-07 22:35:53.993 UTC [1115] DETAIL:  Failing row contains (f1175057-655f-49e3-b317-29ebe4a910c8, browser, de-CH, browser, overview, sepia, 2026-10-07 22:35:53.992251+00, 2026-10-07 22:35:53.992251+00, easy).
postgres-1       | 2026-10-07 22:35:53.993 UTC [1115] STATEMENT:  INSERT INTO user_console_settings (user_id, theme) VALUES ($1, $2)
postgres-1       | 2026-10-07 22:35:54.002 UTC [1116] ERROR:  new row for relation "user_console_settings" violates check constraint "user_console_settings_time_zone_check"
postgres-1       | 2026-10-07 22:35:54.002 UTC [1116] DETAIL:  Failing row contains (f1175057-655f-49e3-b317-29ebe4a910c8, browser, de-CH, kein zonenname mit leerzeichen, overview, system, 2026-10-07 22:35:54.000748+00, 2026-10-07 22:35:54.000748+00, easy).
postgres-1       | 2026-10-07 22:35:54.002 UTC [1116] STATEMENT:  INSERT INTO user_console_settings (user_id, time_zone) VALUES ($1, $2)
postgres-1       | 2026-10-07 22:35:54.010 UTC [1117] ERROR:  new row for relation "user_console_settings" violates check constraint "user_console_settings_start_view_check"
postgres-1       | 2026-10-07 22:35:54.010 UTC [1117] DETAIL:  Failing row contains (f1175057-655f-49e3-b317-29ebe4a910c8, browser, de-CH, browser, Nicht Erlaubt, system, 2026-10-07 22:35:54.009346+00, 2026-10-07 22:35:54.009346+00, easy).
postgres-1       | 2026-10-07 22:35:54.010 UTC [1117] STATEMENT:  INSERT INTO user_console_settings (user_id, start_view) VALUES ($1, $2)
postgres-1       | 2026-10-07 22:35:54.020 UTC [1118] ERROR:  new row for relation "user_console_settings" violates check constraint "user_console_settings_interface_mode_check"
postgres-1       | 2026-10-07 22:35:54.020 UTC [1118] DETAIL:  Failing row contains (f1175057-655f-49e3-b317-29ebe4a910c8, browser, de-CH, browser, overview, system, 2026-10-07 22:35:54.018858+00, 2026-10-07 22:35:54.018858+00, beginner).
postgres-1       | 2026-10-07 22:35:54.020 UTC [1118] STATEMENT:  INSERT INTO user_console_settings (user_id, interface_mode) VALUES ($1, $2)
postgres-1       | 2026-10-07 22:35:54.031 UTC [1067] ERROR:  permission denied for table users
postgres-1       | 2026-10-07 22:35:54.031 UTC [1067] STATEMENT:  UPDATE users SET status = 'disabled' WHERE id = $1
postgres-1       | 2026-10-07 22:36:07.641 UTC [1167] ERROR:  relation "plaene_cb40191a_6e13_400b_a366_8ea9e38357d6.gibt_es_nicht" does not exist at character 73
postgres-1       | 2026-10-07 22:36:07.641 UTC [1167] STATEMENT:  EXPLAIN (FORMAT JSON, COSTS ON, VERBOSE OFF, SUMMARY ON) SELECT id FROM "plaene_cb40191a_6e13_400b_a366_8ea9e38357d6".gibt_es_nicht
postgres-1       | 2026-10-07 22:36:07.672 UTC [1119] ERROR:  division by zero
postgres-1       | 2026-10-07 22:36:07.672 UTC [1119] STATEMENT:  SELECT 1 / 0
postgres-1       | 2026-10-07 22:36:07.680 UTC [1196] ERROR:  division by zero
postgres-1       | 2026-10-07 22:36:07.680 UTC [1196] STATEMENT:  SELECT 1 / 0
postgres-1       | 2026-10-07 22:36:07.687 UTC [1197] ERROR:  division by zero
postgres-1       | 2026-10-07 22:36:07.687 UTC [1197] STATEMENT:  SELECT 1 / 0
postgres-1       | 2026-10-07 22:36:07.694 UTC [1198] ERROR:  division by zero
postgres-1       | 2026-10-07 22:36:07.694 UTC [1198] STATEMENT:  SELECT 1 / 0
postgres-1       | 2026-10-07 22:36:07.702 UTC [1199] ERROR:  division by zero
postgres-1       | 2026-10-07 22:36:07.702 UTC [1199] STATEMENT:  SELECT 1 / 0
postgres-1       | 2026-10-07 22:36:07.710 UTC [1200] ERROR:  division by zero
postgres-1       | 2026-10-07 22:36:07.710 UTC [1200] STATEMENT:  SELECT 1 / 0
postgres-1       | 2026-10-07 22:36:07.722 UTC [1201] ERROR:  division by zero
postgres-1       | 2026-10-07 22:36:07.722 UTC [1201] STATEMENT:  SELECT 1 / 0
postgres-1       | 2026-10-07 22:36:07.733 UTC [1202] ERROR:  division by zero
postgres-1       | 2026-10-07 22:36:07.733 UTC [1202] STATEMENT:  SELECT 1 / 0
postgres-1       | 2026-10-07 22:36:07.743 UTC [1203] ERROR:  division by zero
postgres-1       | 2026-10-07 22:36:07.743 UTC [1203] STATEMENT:  SELECT 1 / 0
postgres-1       | 2026-10-07 22:36:07.751 UTC [1204] ERROR:  division by zero
postgres-1       | 2026-10-07 22:36:07.751 UTC [1204] STATEMENT:  SELECT 1 / 0
postgres-1       | 2026-10-07 22:36:08.821 UTC [1207] ERROR:  permission denied for table pg_user_mapping
postgres-1       | 2026-10-07 22:36:08.821 UTC [1207] STATEMENT:  SELECT umoptions FROM pg_catalog.pg_user_mapping
postgres-1       | 2026-10-07 22:36:08.849 UTC [1205] WARNING:  "wal_level" is insufficient to publish logical changes
postgres-1       | 2026-10-07 22:36:08.849 UTC [1205] HINT:  Set "wal_level" to "logical" before creating subscriptions.
postgres-1       | 2026-10-07 22:36:08.858 UTC [1209] ERROR:  permission denied for table pg_subscription
postgres-1       | 2026-10-07 22:36:08.858 UTC [1209] STATEMENT:  SELECT subconninfo FROM pg_catalog.pg_subscription
postgres-1       | 2026-10-07 22:36:09.159 UTC [969] ERROR:  permission denied for table project_storage_s3_access_keys
postgres-1       | 2026-10-07 22:36:09.159 UTC [969] STATEMENT:  DELETE FROM project_storage_s3_access_keys WHERE id = $1
postgres-1       | 2026-10-07 22:36:09.161 UTC [967] ERROR:  permission denied for table project_storage_s3_access_keys
postgres-1       | 2026-10-07 22:36:09.161 UTC [967] STATEMENT:  UPDATE project_storage_s3_access_keys SET name = 'anders' WHERE id = $1
postgres-1       | 2026-10-07 22:36:09.164 UTC [1205] ERROR:  project storage S3 access keys are immutable except for one-way revocation
postgres-1       | 2026-10-07 22:36:09.164 UTC [1205] CONTEXT:  PL/pgSQL function qkern_reject_project_storage_s3_access_key_mutation() line 14 at RAISE
postgres-1       | 2026-10-07 22:36:09.164 UTC [1205] STATEMENT:  UPDATE project_storage_s3_access_keys SET revoked_at = now() + interval '1 hour' WHERE id = $1
postgres-1       | 2026-10-07 22:36:09.219 UTC [1212] ERROR:  project storage S3 access keys are immutable except for one-way revocation
postgres-1       | 2026-10-07 22:36:09.219 UTC [1212] CONTEXT:  PL/pgSQL function qkern_reject_project_storage_s3_access_key_mutation() line 14 at RAISE
postgres-1       | 2026-10-07 22:36:09.219 UTC [1212] STATEMENT:  UPDATE project_storage_s3_access_keys SET secret_ciphertext = $2 WHERE id = $1
postgres-1       | 2026-10-07 22:36:09.995 UTC [1120] ERROR:  new row for relation "project_auth_settings" violates check constraint "project_auth_settings_hook_claims_check"
postgres-1       | 2026-10-07 22:36:09.995 UTC [1120] DETAIL:  Failing row contains (c9bcc4ed-bc67-4b0a-8992-1dcb044769d2, 06ba6dc3-8ba8-4446-80a9-9781d2315a81, development, f, 2026-10-07 22:36:09.904+00, {}, 10, 900, 5, 3600, 60, 3600, f, 12, named, null, 2000, hook-claims-b9a924ee, 2000, {role}).
postgres-1       | 2026-10-07 22:36:09.995 UTC [1120] STATEMENT:  UPDATE project_auth_settings SET access_token_hook_function = $1, access_token_hook_claims = ARRAY['role']::text[] WHERE organization_id = 'c9bcc4ed-bc67-4b0a-8992-1dcb044769d2' AND project_id = '06ba6dc3-8ba8-4446-80a9-9781d2315a81'
postgres-1       | 	      AND environment = 'development'
postgres-1       | 2026-10-07 22:36:10.007 UTC [1223] ERROR:  new row for relation "project_auth_settings" violates check constraint "project_auth_settings_hook_timeout_check"
postgres-1       | 2026-10-07 22:36:10.007 UTC [1223] DETAIL:  Failing row contains (c9bcc4ed-bc67-4b0a-8992-1dcb044769d2, 06ba6dc3-8ba8-4446-80a9-9781d2315a81, development, f, 2026-10-07 22:36:09.904+00, {}, 10, 900, 5, 3600, 60, 3600, f, 12, named, null, 0, null, 2000, {}).
postgres-1       | 2026-10-07 22:36:10.007 UTC [1223] STATEMENT:  UPDATE project_auth_settings SET sign_in_hook_timeout_ms = 0 WHERE organization_id = 'c9bcc4ed-bc67-4b0a-8992-1dcb044769d2' AND project_id = '06ba6dc3-8ba8-4446-80a9-9781d2315a81'
postgres-1       | 	      AND environment = 'development'
postgres-1       | 2026-10-07 22:36:10.018 UTC [1224] ERROR:  new row for relation "project_auth_settings" violates check constraint "project_auth_settings_hook_function_check"
postgres-1       | 2026-10-07 22:36:10.018 UTC [1224] DETAIL:  Failing row contains (c9bcc4ed-bc67-4b0a-8992-1dcb044769d2, 06ba6dc3-8ba8-4446-80a9-9781d2315a81, development, f, 2026-10-07 22:36:09.904+00, {}, 10, 900, 5, 3600, 60, 3600, f, 12, named, Nope!, 2000, null, 2000, {}).
postgres-1       | 2026-10-07 22:36:10.018 UTC [1224] STATEMENT:  UPDATE project_auth_settings SET sign_in_hook_function = 'Nope!' WHERE organization_id = 'c9bcc4ed-bc67-4b0a-8992-1dcb044769d2' AND project_id = '06ba6dc3-8ba8-4446-80a9-9781d2315a81'
postgres-1       | 	      AND environment = 'development'
postgres-1       | 2026-10-07 22:36:10.029 UTC [1225] ERROR:  new row for relation "project_auth_settings" violates check constraint "project_auth_settings_hook_claims_check"
postgres-1       | 2026-10-07 22:36:10.029 UTC [1225] DETAIL:  Failing row contains (c9bcc4ed-bc67-4b0a-8992-1dcb044769d2, 06ba6dc3-8ba8-4446-80a9-9781d2315a81, development, f, 2026-10-07 22:36:09.904+00, {}, 10, 900, 5, 3600, 60, 3600, f, 12, named, null, 2000, null, 2000, {tenant}).
postgres-1       | 2026-10-07 22:36:10.029 UTC [1225] STATEMENT:  UPDATE project_auth_settings SET access_token_hook_function = NULL, access_token_hook_claims = ARRAY['tenant']::text[] WHERE organization_id = 'c9bcc4ed-bc67-4b0a-8992-1dcb044769d2' AND project_id = '06ba6dc3-8ba8-4446-80a9-9781d2315a81'
postgres-1       | 	      AND environment = 'development'
postgres-1       | 2026-10-07 22:36:10.182 UTC [1226] ERROR:  permission denied for table project_auth_passkeys
postgres-1       | 2026-10-07 22:36:10.182 UTC [1226] STATEMENT:  UPDATE project_auth_passkeys SET public_key = $1
postgres-1       | 	        WHERE organization_id = $2 AND project_id = $3
postgres-1       | 2026-10-07 22:36:10.476 UTC [1227] ERROR:  new row for relation "project_auth_third_party_providers" violates check constraint "project_auth_third_party_providers_role_check"
postgres-1       | 2026-10-07 22:36:10.476 UTC [1227] DETAIL:  Failing row contains (44d2e3ab-aeb9-484d-8cd3-181fce2ef03d, fb902cca-8039-4007-b641-b079f130956a, d578cef6-3950-47a4-b8f1-2cec133b063d, development, direkt, https://direkt.example.com, https://aussteller-2-80.example.com/.well-known/jwks.json, {qkern-app-2-80}, sub, null, service_role, 2026-10-07 22:36:10.47512+00).
postgres-1       | 2026-10-07 22:36:10.476 UTC [1227] STATEMENT:  INSERT INTO project_auth_third_party_providers
postgres-1       | 	        (id, organization_id, project_id, environment, name, issuer, jwks_uri, audiences, default_role)
postgres-1       | 	        VALUES ($1,$2,$3,$4,'direkt','https://direkt.example.com',$5,ARRAY[$6]::text[],'service_role')
postgres-1       | 2026-10-07 22:36:10.499 UTC [1228] ERROR:  permission denied for table project_auth_third_party_providers
postgres-1       | 2026-10-07 22:36:10.499 UTC [1228] STATEMENT:  UPDATE project_auth_third_party_providers SET jwks_uri = $1 WHERE issuer = $2
postgres-1       | 2026-10-07 22:36:12.147 UTC [1249] ERROR:  new row violates row-level security policy for table "notizen"
postgres-1       | 2026-10-07 22:36:12.147 UTC [1249] STATEMENT:  INSERT INTO "graphqlw_f4faf25f_1a2e_412e_8afc_fb13a53a3bdd"."notizen" ("besitzer", "inhalt", "menge")
postgres-1       | 	         VALUES ($1, $2, $3)
postgres-1       | 	         
postgres-1       | 	         RETURNING "id", "besitzer", "inhalt", "menge"
postgres-1       | 2026-10-07 22:36:12.160 UTC [1249] ERROR:  new row violates row-level security policy for table "notizen"
postgres-1       | 2026-10-07 22:36:12.160 UTC [1249] STATEMENT:  UPDATE "graphqlw_f4faf25f_1a2e_412e_8afc_fb13a53a3bdd"."notizen" SET "besitzer" = $1
postgres-1       | 	       WHERE "menge" = $2 RETURNING "id", "besitzer", "inhalt", "menge"
postgres-1       | 2026-10-07 22:36:12.371 UTC [1250] ERROR:  new row violates row-level security policy (USING expression) for table "kunden"
postgres-1       | 2026-10-07 22:36:12.371 UTC [1250] STATEMENT:  INSERT INTO "gqlupsert_cb447c76_537d_468d_aed6_59d013d0713a"."kunden" ("besitzer", "email", "name", "punkte")
postgres-1       | 	         VALUES ($1, $2, $3, $4)
postgres-1       | 	         ON CONFLICT ("email")
postgres-1       | 	         DO UPDATE SET "besitzer" = EXCLUDED."besitzer", "name" = EXCLUDED."name", "punkte" = EXCLUDED."punkte"
postgres-1       | 	         RETURNING "id", "besitzer", "email", "name", "punkte", "slug"
postgres-1       | 2026-10-07 22:36:12.386 UTC [1250] ERROR:  new row violates row-level security policy (USING expression) for table "kunden"
postgres-1       | 2026-10-07 22:36:12.386 UTC [1250] STATEMENT:  INSERT INTO "gqlupsert_cb447c76_537d_468d_aed6_59d013d0713a"."kunden" ("besitzer", "email", "name", "punkte")
postgres-1       | 	         VALUES ($1, $2, $3, $4)
postgres-1       | 	         ON CONFLICT ("email")
postgres-1       | 	         DO UPDATE SET "besitzer" = EXCLUDED."besitzer", "name" = EXCLUDED."name", "punkte" = EXCLUDED."punkte"
postgres-1       | 	         RETURNING "id", "besitzer", "email", "name", "punkte", "slug"
postgres-1       | 2026-10-07 22:36:12.414 UTC [1250] ERROR:  new row violates row-level security policy (USING expression) for table "kunden"
postgres-1       | 2026-10-07 22:36:12.414 UTC [1250] STATEMENT:  INSERT INTO "gqlupsert_cb447c76_537d_468d_aed6_59d013d0713a"."kunden" ("besitzer", "email", "name", "punkte")
postgres-1       | 	         VALUES ($1, $2, $3, $4)
postgres-1       | 	         ON CONFLICT ("email")
postgres-1       | 	         DO UPDATE SET "besitzer" = EXCLUDED."besitzer", "name" = EXCLUDED."name", "punkte" = EXCLUDED."punkte"
postgres-1       | 	         RETURNING "id", "besitzer", "email", "name", "punkte", "slug"
postgres-1       | 2026-10-07 22:36:12.593 UTC [1251] ERROR:  new row violates row-level security policy (USING expression) for table "kunden"
postgres-1       | 2026-10-07 22:36:12.593 UTC [1251] STATEMENT:  INSERT INTO "mcpupsert_c83f164c_8d91_4ca6_be28_97cc9dd8130b"."kunden" ("besitzer", "email", "name", "punkte")
postgres-1       | 	         VALUES ($1, $2, $3, $4)
postgres-1       | 	         ON CONFLICT ("email")
postgres-1       | 	         DO UPDATE SET "besitzer" = EXCLUDED."besitzer", "name" = EXCLUDED."name", "punkte" = EXCLUDED."punkte"
postgres-1       | 	         RETURNING "id", "besitzer", "email", "name", "punkte"
postgres-1       | 2026-10-07 22:36:12.651 UTC [1251] ERROR:  new row violates row-level security policy (USING expression) for table "kunden"
postgres-1       | 2026-10-07 22:36:12.651 UTC [1251] STATEMENT:  INSERT INTO "mcpupsert_c83f164c_8d91_4ca6_be28_97cc9dd8130b"."kunden" ("besitzer", "email", "name", "punkte")
postgres-1       | 	         VALUES ($1, $2, $3, $4)
postgres-1       | 	         ON CONFLICT ("email")
postgres-1       | 	         DO UPDATE SET "besitzer" = EXCLUDED."besitzer", "name" = EXCLUDED."name", "punkte" = EXCLUDED."punkte"
postgres-1       | 	         RETURNING "id", "besitzer", "email", "name", "punkte"
postgres-1       | 2026-10-07 22:36:12.827 UTC [1252] ERROR:  permission denied for table project_auth_oauth_clients
postgres-1       | 2026-10-07 22:36:12.827 UTC [1252] STATEMENT:  UPDATE project_auth_oauth_clients SET scopes = ARRAY['data:write']::text[] WHERE id = $1
postgres-1       | 2026-10-07 22:36:12.829 UTC [1229] ERROR:  new row for relation "project_auth_oauth_codes" violates check constraint "project_auth_oauth_codes_pkce_check"
postgres-1       | 2026-10-07 22:36:12.829 UTC [1229] DETAIL:  Failing row contains (eaac0af8-361c-4417-a29c-3b2c7c2a3776, c7c491e4-c728-438a-a527-f6a41c4f5c07, 141e4967-a307-4f7c-b753-9f879a2bca62, development, e4968afb-270d-4c42-b0ee-ce4e7fb77e9d, 03af878e-3a03-4d72-b85d-325bcd2513d5, https://app.test/oauth/zurueck, {data:read}, direkt-783748ae-ee7f-4a36-aad9-881eb3da1d88, xr_ErMjGFiR-e8ZmSBZIT4zZVHrD6fAhzAwdCacpChw, plain, 2026-10-07 22:36:12.82853+00, 2026-10-07 22:37:12.82853+00, null, null).
postgres-1       | 2026-10-07 22:36:12.829 UTC [1229] STATEMENT:  INSERT INTO project_auth_oauth_codes
postgres-1       | 	        (id, organization_id, project_id, environment, client_id, auth_user_id, redirect_uri,
postgres-1       | 	         scopes, code_hash, code_challenge, code_challenge_method, expires_at)
postgres-1       | 	        VALUES ($1,$2,$3,'development',$4,$5,$6,ARRAY['data:read']::text[],$7,$8,'plain',now() + interval '1 minute')
postgres-1       | 2026-10-07 22:36:13.226 UTC [348] LOG:  checkpoint starting: immediate force wait
postgres-1       | 2026-10-07 22:36:13.234 UTC [348] LOG:  checkpoint complete: wrote 371 buffers (2.3%); 0 WAL file(s) added, 0 removed, 2 recycled; write=0.008 s, sync=0.001 s, total=0.009 s; sync files=305, longest=0.001 s, average=0.000 s; distance=26032 kB, estimate=26032 kB; lsn=0/67BAB58, redo lsn=0/67BAB00
postgres-1       | 2026-10-07 22:36:13.276 UTC [1211] ERROR:  permission denied for table project_auth_one_time_tokens
postgres-1       | 2026-10-07 22:36:13.276 UTC [1211] STATEMENT:  DELETE FROM project_auth_one_time_tokens WHERE organization_id = $1
postgres-1       | 2026-10-07 22:36:13.286 UTC [1258] ERROR:  permission denied for table project_auth_oauth_tokens
postgres-1       | 2026-10-07 22:36:13.286 UTC [1258] STATEMENT:  DELETE FROM project_auth_oauth_tokens WHERE organization_id = $1
postgres-1       | 2026-10-07 22:36:13.371 UTC [1259] ERROR:  permission denied for table project_auth_saml_assertions
postgres-1       | 2026-10-07 22:36:13.371 UTC [1259] STATEMENT:  DELETE FROM project_auth_saml_assertions WHERE organization_id = $1
postgres-1       | 2026-10-07 22:36:14.874 UTC [1255] ERROR:  permission denied for table project_auth_oauth_consents
postgres-1       | 2026-10-07 22:36:14.874 UTC [1255] STATEMENT:  DELETE FROM project_auth_oauth_consents WHERE id = $1
postgres-1       | 2026-10-07 22:36:14.876 UTC [1253] ERROR:  project auth oauth consents are immutable except for one-way revocation
postgres-1       | 2026-10-07 22:36:14.876 UTC [1253] CONTEXT:  PL/pgSQL function qkern_reject_project_auth_oauth_consent_mutation() line 8 at RAISE
postgres-1       | 2026-10-07 22:36:14.876 UTC [1253] STATEMENT:  UPDATE project_auth_oauth_consents SET revoked_at = NULL WHERE id = $1
postgres-1       | 2026-10-07 22:36:14.884 UTC [1272] ERROR:  permission denied for table project_auth_oauth_consents
postgres-1       | 2026-10-07 22:36:14.884 UTC [1272] STATEMENT:  UPDATE project_auth_oauth_consents SET scopes = ARRAY['data:write']::text[] WHERE id = $1
postgres-1       | 2026-10-07 22:36:14.958 UTC [1213] ERROR:  update or delete on table "users" violates foreign key constraint "organizations_created_by_fkey" on table "organizations"
postgres-1       | 2026-10-07 22:36:14.958 UTC [1213] DETAIL:  Key (id)=(6b469abb-72c7-452b-903f-6cb0c676a670) is still referenced from table "organizations".
postgres-1       | 2026-10-07 22:36:14.958 UTC [1213] STATEMENT:  DELETE FROM users WHERE id = $1
postgres-1       | 2026-10-07 22:36:14.991 UTC [1276] ERROR:  extension "vector" is not available
postgres-1       | 2026-10-07 22:36:14.991 UTC [1276] DETAIL:  Could not open extension control file "/usr/local/share/postgresql/extension/vector.control": No such file or directory.
postgres-1       | 2026-10-07 22:36:14.991 UTC [1276] HINT:  The extension must first be installed on the system where PostgreSQL is running.
postgres-1       | 2026-10-07 22:36:14.991 UTC [1276] STATEMENT:  CREATE EXTENSION vector
postgres-1       | 2026-10-07 22:36:15.040 UTC [1277] ERROR:  array is too long
postgres-1       | 2026-10-07 22:36:15.040 UTC [1277] DETAIL:  A cube cannot have more than 100 dimensions.
postgres-1       | 2026-10-07 22:36:15.040 UTC [1277] STATEMENT:  SELECT cube(array_fill(0::float8, ARRAY[$1::int]))
postgres-1       | 2026-10-07 22:36:15.477 UTC [1278] ERROR:  update or delete on table "users" violates foreign key constraint "organizations_created_by_fkey" on table "organizations"
postgres-1       | 2026-10-07 22:36:15.477 UTC [1278] DETAIL:  Key (id)=(caea705b-9000-4948-bd16-6ae7904f8915) is still referenced from table "organizations".
postgres-1       | 2026-10-07 22:36:15.477 UTC [1278] STATEMENT:  DELETE FROM users WHERE id = $1
postgres-1       | 2026-10-07 22:36:16.253 UTC [1290] ERROR:  new row violates row-level security policy for table "kommentare"
postgres-1       | 2026-10-07 22:36:16.253 UTC [1290] STATEMENT:  INSERT INTO "gqlrel_414e82ed_528a_4da7_b131_c8f10de031c3"."kommentare" ("beitrag_id", "besitzer", "id", "text")
postgres-1       | 	         VALUES ($1, $2, $3, $4)
postgres-1       | 	         
postgres-1       | 	         RETURNING "id", "beitrag_id", "verfasser_id", "text", "besitzer"
postgres-1       | 2026-10-07 22:36:16.370 UTC [1291] ERROR:  permission denied for table verschlossen
postgres-1       | 2026-10-07 22:36:16.370 UTC [1291] STATEMENT:  SELECT inhalt FROM "gqlxs_b_6ac55631_5676_429e_bbc3_c0c73b68a6ec".verschlossen
postgres-1       | 2026-10-07 22:36:16.465 UTC [1261] ERROR:  permission denied for table project_function_invocation_output
postgres-1       | 2026-10-07 22:36:16.465 UTC [1261] STATEMENT:  UPDATE project_function_invocation_output SET truncated = true
postgres-1       | 2026-10-07 22:36:16.467 UTC [1261] ERROR:  permission denied for table project_function_invocation_output
postgres-1       | 2026-10-07 22:36:16.467 UTC [1261] STATEMENT:  DELETE FROM project_function_invocation_output
postgres-1       | 2026-10-07 22:36:16.470 UTC [1279] ERROR:  new row for relation "project_function_invocation_output" violates check constraint "project_function_invocation_output_line_count_check"
postgres-1       | 2026-10-07 22:36:16.470 UTC [1279] DETAIL:  Failing row contains (2c6532c6-d8dc-44a5-87b3-bf454575f4fd, e57e3826-c24e-4fa2-8d84-804b0360c0b1, c005a759-2f63-4155-9dca-38443ca1501d, development, f2aef18f-7618-48d4-a8d8-f94d17e00984, 02397d34-ed91-492f-acc6-66c8c408063d, 2026-10-07 22:36:16.468099+00, 501, 501, 0, 0, f, 0, [{"at": "2026-09-29T10:00:00.000Z", "cut": false, "text": "x", "...).
postgres-1       | 2026-10-07 22:36:16.470 UTC [1279] STATEMENT:  INSERT INTO project_function_invocation_output
postgres-1       | 	         (organization_id, project_id, environment, function_id, invocation_id,
postgres-1       | 	          line_count, stdout_lines, stderr_lines, byte_count, truncated, dropped_lines, lines)
postgres-1       | 	       VALUES ($1, $2, 'development', $3, $4, $5, $6, 0, 0, $7, $8, $9::jsonb)
postgres-1       | 2026-10-07 22:36:16.478 UTC [1293] ERROR:  new row for relation "project_function_invocation_output" violates check constraint "project_function_invocation_output_lines_shape"
postgres-1       | 2026-10-07 22:36:16.478 UTC [1293] DETAIL:  Failing row contains (7a2dc2d2-1e08-4bb0-8d50-bc5eb75d5f3e, e57e3826-c24e-4fa2-8d84-804b0360c0b1, c005a759-2f63-4155-9dca-38443ca1501d, development, f2aef18f-7618-48d4-a8d8-f94d17e00984, 02397d34-ed91-492f-acc6-66c8c408063d, 2026-10-07 22:36:16.476895+00, 2, 2, 0, 0, f, 0, [{"at": "2026-09-29T10:00:00.000Z", "cut": false, "text": "x", "...).
postgres-1       | 2026-10-07 22:36:16.478 UTC [1293] STATEMENT:  INSERT INTO project_function_invocation_output
postgres-1       | 	         (organization_id, project_id, environment, function_id, invocation_id,
postgres-1       | 	          line_count, stdout_lines, stderr_lines, byte_count, truncated, dropped_lines, lines)
postgres-1       | 	       VALUES ($1, $2, 'development', $3, $4, $5, $6, 0, 0, $7, $8, $9::jsonb)
postgres-1       | 2026-10-07 22:36:16.488 UTC [1294] ERROR:  insert or update on table "project_function_invocation_output" violates foreign key constraint "project_function_invocation_o_organization_id_invocation_i_fkey"
postgres-1       | 2026-10-07 22:36:16.488 UTC [1294] DETAIL:  Key (organization_id, invocation_id)=(e57e3826-c24e-4fa2-8d84-804b0360c0b1, 674578f0-cf35-4c71-ac19-750590500921) is not present in table "project_function_invocations".
postgres-1       | 2026-10-07 22:36:16.488 UTC [1294] STATEMENT:  INSERT INTO project_function_invocation_output
postgres-1       | 	         (organization_id, project_id, environment, function_id, invocation_id,
postgres-1       | 	          line_count, stdout_lines, stderr_lines, byte_count, truncated, dropped_lines, lines)
postgres-1       | 	       VALUES ($1, $2, 'development', $3, $4, $5, $6, 0, 0, $7, $8, $9::jsonb)
postgres-1       | 2026-10-07 22:36:16.495 UTC [1295] ERROR:  duplicate key value violates unique constraint "project_function_invocation_o_organization_id_invocation_id_key"
postgres-1       | 2026-10-07 22:36:16.495 UTC [1295] DETAIL:  Key (organization_id, invocation_id)=(e57e3826-c24e-4fa2-8d84-804b0360c0b1, 18bc9331-3515-45e4-a1ba-2b08c2e2c3ed) already exists.
postgres-1       | 2026-10-07 22:36:16.495 UTC [1295] STATEMENT:  INSERT INTO project_function_invocation_output
postgres-1       | 	         (organization_id, project_id, environment, function_id, invocation_id,
postgres-1       | 	          line_count, stdout_lines, stderr_lines, byte_count, truncated, dropped_lines, lines)
postgres-1       | 	       VALUES ($1, $2, 'development', $3, $4, $5, $6, 0, 0, $7, $8, $9::jsonb)
postgres-1       | 2026-10-07 22:36:16.671 UTC [1274] ERROR:  duplicate key value violates unique constraint "project_auth_saml_assertion_key"
postgres-1       | 2026-10-07 22:36:16.671 UTC [1274] DETAIL:  Key (organization_id, project_id, environment, provider, assertion_id)=(e1b8a37f-a55a-4dfb-a6dc-16113bf90649, 4e2fa524-f3dd-4375-9734-fda51580c01c, development, federation, _ac0752f216a524e24cf4e326e5eb1b691) already exists.
postgres-1       | 2026-10-07 22:36:16.671 UTC [1274] STATEMENT:  INSERT INTO project_auth_saml_assertions
postgres-1       | 	      (organization_id, project_id, environment, provider, assertion_id, expires_at)
postgres-1       | 	      VALUES ($1, $2, 'development', 'federation', $3, now() + interval '5 minutes')
postgres-1       | 2026-10-07 22:36:16.673 UTC [1273] ERROR:  new row for relation "project_auth_saml_assertions" violates check constraint "project_auth_saml_assertions_assertion_id_check"
postgres-1       | 2026-10-07 22:36:16.673 UTC [1273] DETAIL:  Failing row contains (b094c180-3ca9-4ac6-8c75-ab399a119ef1, e1b8a37f-a55a-4dfb-a6dc-16113bf90649, 4e2fa524-f3dd-4375-9734-fda51580c01c, development, federation, 9nope, 2026-10-07 22:36:16.673685+00, 2026-10-07 22:41:16.673685+00).
postgres-1       | 2026-10-07 22:36:16.673 UTC [1273] STATEMENT:  INSERT INTO project_auth_saml_assertions
postgres-1       | 	      (organization_id, project_id, environment, provider, assertion_id, expires_at)
postgres-1       | 	      VALUES ($1, $2, 'development', 'federation', '9nope', now() + interval '5 minutes')
postgres-1       | 2026-10-07 22:36:16.681 UTC [1297] ERROR:  new row for relation "project_auth_saml_assertions" violates check constraint "project_auth_saml_assertions_provider_check"
postgres-1       | 2026-10-07 22:36:16.681 UTC [1297] DETAIL:  Failing row contains (ea3b0b56-a097-4c3d-a725-df245418e440, e1b8a37f-a55a-4dfb-a6dc-16113bf90649, 4e2fa524-f3dd-4375-9734-fda51580c01c, development, Federation, _abc, 2026-10-07 22:36:16.679606+00, 2026-10-07 22:41:16.679606+00).
postgres-1       | 2026-10-07 22:36:16.681 UTC [1297] STATEMENT:  INSERT INTO project_auth_saml_assertions
postgres-1       | 	      (organization_id, project_id, environment, provider, assertion_id, expires_at)
postgres-1       | 	      VALUES ($1, $2, 'development', 'Federation', '_abc', now() + interval '5 minutes')
postgres-1       | 2026-10-07 22:36:16.689 UTC [1298] ERROR:  new row for relation "project_auth_saml_assertions" violates check constraint "project_auth_saml_assertions_window"
postgres-1       | 2026-10-07 22:36:16.689 UTC [1298] DETAIL:  Failing row contains (35a2ccf3-9eac-4928-bebd-192da07d4b37, e1b8a37f-a55a-4dfb-a6dc-16113bf90649, 4e2fa524-f3dd-4375-9734-fda51580c01c, development, federation, _window, 2026-10-07 22:36:16.687323+00, 2026-10-07 22:35:16.687323+00).
postgres-1       | 2026-10-07 22:36:16.689 UTC [1298] STATEMENT:  INSERT INTO project_auth_saml_assertions
postgres-1       | 	      (organization_id, project_id, environment, provider, assertion_id, used_at, expires_at)
postgres-1       | 	      VALUES ($1, $2, 'development', 'federation', '_window', now(), now() - interval '1 minute')
postgres-1       | 2026-10-07 22:36:16.697 UTC [1299] ERROR:  new row for relation "project_auth_one_time_tokens" violates check constraint "project_auth_one_time_tokens_purpose_check"
postgres-1       | 2026-10-07 22:36:16.697 UTC [1299] DETAIL:  Failing row contains (9c3ef56c-2ac9-4ad4-9665-c9aa2b3f82c4, e1b8a37f-a55a-4dfb-a6dc-16113bf90649, 4e2fa524-f3dd-4375-9734-fda51580c01c, development, null, saml_reply, aaaaaaaaaaaaaaaaaaaaaaaaaaaaaaaaaaaaaaaaaaaaaaaaaaaaaaaaaaaaaaaa, {}, 2026-10-07 22:36:16.695049+00, 2026-10-07 22:41:16.695049+00, null).
postgres-1       | 2026-10-07 22:36:16.697 UTC [1299] STATEMENT:  INSERT INTO project_auth_one_time_tokens
postgres-1       | 	      (organization_id, project_id, environment, purpose, token_hash, expires_at)
postgres-1       | 	      VALUES ($1, $2, 'development', 'saml_reply', $3, now() + interval '5 minutes')
postgres-1       | 2026-10-07 22:36:16.704 UTC [1300] ERROR:  permission denied for table project_auth_saml_assertions
postgres-1       | 2026-10-07 22:36:16.704 UTC [1300] STATEMENT:  UPDATE project_auth_saml_assertions SET assertion_id = '_other' WHERE organization_id = $1
postgres-1       | 2026-10-07 22:36:16.757 UTC [1296] ERROR:  project storage upload verifier and identity are immutable
postgres-1       | 2026-10-07 22:36:16.757 UTC [1296] CONTEXT:  PL/pgSQL function qkern_reject_project_storage_upload_mutation() line 15 at RAISE
postgres-1       | 2026-10-07 22:36:16.757 UTC [1296] STATEMENT:  UPDATE project_storage_uploads
postgres-1       | 	      SET parts_declared = true, kind = 'single', provider_upload_id = NULL
postgres-1       | 	      WHERE id = $1
postgres-1       | 2026-10-07 22:36:16.769 UTC [1302] ERROR:  project storage upload verifier and identity are immutable
postgres-1       | 2026-10-07 22:36:16.769 UTC [1302] CONTEXT:  PL/pgSQL function qkern_reject_project_storage_upload_mutation() line 15 at RAISE
postgres-1       | 2026-10-07 22:36:16.769 UTC [1302] STATEMENT:  UPDATE project_storage_uploads SET parts_declared = false
postgres-1       | 	      WHERE id = $1
postgres-1       | 2026-10-07 22:36:16.827 UTC [1303] ERROR:  project storage upload verifier and identity are immutable
postgres-1       | 2026-10-07 22:36:16.827 UTC [1303] CONTEXT:  PL/pgSQL function qkern_reject_project_storage_upload_mutation() line 15 at RAISE
postgres-1       | 2026-10-07 22:36:16.827 UTC [1303] STATEMENT:  UPDATE project_storage_uploads SET checksum_sha256 = NULL WHERE id = $1
postgres-1       | 2026-10-07 22:36:16.845 UTC [1304] ERROR:  new row for relation "project_storage_uploads" violates check constraint "project_storage_uploads_completed_content"
postgres-1       | 2026-10-07 22:36:16.845 UTC [1304] DETAIL:  Failing row contains (f6e35604-470a-4ff5-98b8-a40ad7739e97, c11eb296-2f55-40d9-b629-f797692ebc24, 84c191bc-8c86-4f7d-aaaa-6fc33e5a3526, development, c606ae43-7021-4ed5-98bc-ddb7369dcd11, halfway.txt, c11eb296-2f55-40d9-b629-f797692ebc24/84c191bc-8c86-4f7d-aaaa-6fc..., f226888f-2d9d-4d17-abcc-2244abdd7fad, text/plain, 1, null, MsS73b6zo8PEODOvO2jVUv4PxG_KykupP2nOCeY-Arw, completed, 2026-10-07 22:36:16.744+00, 2026-10-07 23:36:16.744+00, null, null, multipart, provider-upload-halfway, t).
postgres-1       | 2026-10-07 22:36:16.845 UTC [1304] STATEMENT:  UPDATE project_storage_uploads SET status = 'completed', size_bytes = 1 WHERE id = $1
postgres-1       | 2026-10-07 22:36:16.891 UTC [1306] ERROR:  permission denied for function pg_read_file
postgres-1       | 2026-10-07 22:36:16.891 UTC [1306] STATEMENT:  SELECT pg_read_file('postgresql.conf', 0, 16)
postgres-1       | 2026-10-07 22:36:16.899 UTC [1307] ERROR:  permission denied for function pg_ls_logdir
postgres-1       | 2026-10-07 22:36:16.899 UTC [1307] STATEMENT:  SELECT * FROM pg_ls_logdir()
postgres-1       | 2026-10-07 22:36:16.906 UTC [1308] ERROR:  permission denied to examine "log_directory"
postgres-1       | 2026-10-07 22:36:16.906 UTC [1308] DETAIL:  Only roles with privileges of the "pg_read_all_settings" role may examine this parameter.
postgres-1       | 2026-10-07 22:36:16.906 UTC [1308] STATEMENT:  SHOW log_directory
postgres-1       | 2026-10-07 22:36:16.914 UTC [1305] ERROR:  could not open directory "log": No such file or directory
postgres-1       | 2026-10-07 22:36:16.914 UTC [1305] STATEMENT:  SELECT * FROM pg_ls_logdir()
postgres-1       | 2026-10-07 22:36:16.971 UTC [1313] ERROR:  permission denied for function pg_read_file
postgres-1       | 2026-10-07 22:36:16.971 UTC [1313] STATEMENT:  SELECT pg_read_file('postgresql.conf', 0, 8)
postgres-1       | 2026-10-07 22:36:17.020 UTC [1261] ERROR:  new row for relation "realtime_presence" violates check constraint "realtime_presence_lease_forward"
postgres-1       | 2026-10-07 22:36:17.020 UTC [1261] STATEMENT:  INSERT INTO realtime_presence (organization_id, project_id, environment, channel,
postgres-1       | 	             presence_key, instance_id, state, tracked_at, expires_at)
postgres-1       | 	           VALUES ($1,$2,'development',$3,'qk_presence_2113backwards','instance-a','{}',$4,$5)
postgres-1       | 2026-10-07 22:36:17.021 UTC [1261] ERROR:  permission denied for table realtime_presence
postgres-1       | 2026-10-07 22:36:17.021 UTC [1261] STATEMENT:  UPDATE realtime_presence SET channel='public:hijacked'
postgres-1       | 	          WHERE organization_id=$1 AND channel=$2
postgres-1       | 2026-10-07 22:36:17.031 UTC [1315] ERROR:  permission denied for table realtime_presence
postgres-1       | 2026-10-07 22:36:17.031 UTC [1315] STATEMENT:  UPDATE realtime_presence SET presence_key='qk_presence_2113stolen'
postgres-1       | 	          WHERE organization_id=$1 AND channel=$2
postgres-1       | 2026-10-07 22:36:17.204 UTC [1317] ERROR:  duplicate key value violates unique constraint "billing_invoice_lines_invoice_id_line_key_key"
postgres-1       | 2026-10-07 22:36:17.204 UTC [1317] STATEMENT:  INSERT INTO billing_invoice_lines
postgres-1       | 	               (organization_id, invoice_id, line_key, label, metric, quantity,
postgres-1       | 	                unit_price_micros, per_units, amount_micros)
postgres-1       | 	             VALUES ($1,$2,'charge:support-retainer','Betreuung noch einmal',NULL,1,5000000,1,5000000)
postgres-1       | 2026-10-07 22:36:17.210 UTC [1310] ERROR:  update or delete on table "organizations" violates foreign key constraint "billing_rate_cards_organization_id_fkey" on table "billing_rate_cards"
postgres-1       | 2026-10-07 22:36:17.210 UTC [1310] DETAIL:  Key (id)=(51685669-783d-4fca-8605-e89a2870c025) is still referenced from table "billing_rate_cards".
postgres-1       | 2026-10-07 22:36:17.210 UTC [1310] STATEMENT:  DELETE FROM organizations WHERE id IN ($1,$2)
postgres-1       | 2026-10-07 22:36:17.219 UTC [1318] ERROR:  update or delete on table "users" violates foreign key constraint "organizations_created_by_fkey" on table "organizations"
postgres-1       | 2026-10-07 22:36:17.219 UTC [1318] DETAIL:  Key (id)=(0bdf3209-9e9d-43d5-9138-b5f87a6bf7b9) is still referenced from table "organizations".
postgres-1       | 2026-10-07 22:36:17.219 UTC [1318] STATEMENT:  DELETE FROM users WHERE id = $1
postgres-1       | 2026-10-07 22:36:17.306 UTC [1316] ERROR:  permission denied for table project_queue_message_traces
postgres-1       | 2026-10-07 22:36:17.306 UTC [1316] STATEMENT:  UPDATE project_queue_message_traces SET station='completed'
postgres-1       | 	            WHERE organization_id=$1 AND message_id=$2
postgres-1       | 2026-10-07 22:36:17.308 UTC [1319] ERROR:  a project queue trace station is append-only
postgres-1       | 2026-10-07 22:36:17.308 UTC [1319] CONTEXT:  PL/pgSQL function qkern_reject_project_queue_trace_update() line 3 at RAISE
postgres-1       | 2026-10-07 22:36:17.308 UTC [1319] STATEMENT:  UPDATE project_queue_message_traces SET station='completed'
postgres-1       | 	          WHERE organization_id=$1 AND message_id=$2
postgres-1       | 2026-10-07 22:36:17.806 UTC [1320] ERROR:  new row for relation "project_queue_message_traces" violates check constraint "project_queue_message_traces_span_shape"
postgres-1       | 2026-10-07 22:36:17.806 UTC [1320] DETAIL:  Failing row contains (22ea38ea-70e5-4f56-9f84-b6e3a51acbed, 421cca6c-6821-4f9c-a30d-d664dcf83c19, 6367cd0d-f73e-40dd-81e9-15d888839379, development, 17c4cac7-6465-4f55-a722-16bfe6067708, 5fb2bd8c-d4cd-4730-ad4d-c6f0c18c99cd, 60, enqueued, 0, null, null, null, null, null, 2026-10-07 22:36:17.784+00, 2026-10-08 22:36:17.784+00, 0000000000000000).
postgres-1       | 2026-10-07 22:36:17.806 UTC [1320] STATEMENT:  INSERT INTO project_queue_message_traces
postgres-1       | 	         (organization_id,project_id,environment,queue_id,message_id,sequence,station,attempt,
postgres-1       | 	          span_id,occurred_at,expires_at)
postgres-1       | 	       SELECT organization_id,project_id,environment,queue_id,message_id,60,'enqueued',0,
postgres-1       | 	              repeat('0',16),occurred_at,expires_at
postgres-1       | 	         FROM project_queue_message_traces
postgres-1       | 	        WHERE organization_id=$1 AND message_id=$2 AND sequence=1
postgres-1       | 2026-10-07 22:36:17.815 UTC [1321] ERROR:  duplicate key value violates unique constraint "project_queue_message_traces_span_key"
postgres-1       | 2026-10-07 22:36:17.815 UTC [1321] DETAIL:  Key (organization_id, project_id, environment, message_id, span_id)=(421cca6c-6821-4f9c-a30d-d664dcf83c19, 6367cd0d-f73e-40dd-81e9-15d888839379, development, 5fb2bd8c-d4cd-4730-ad4d-c6f0c18c99cd, 7b812771c8fcb239) already exists.
postgres-1       | 2026-10-07 22:36:17.815 UTC [1321] STATEMENT:  INSERT INTO project_queue_message_traces
postgres-1       | 	         (organization_id,project_id,environment,queue_id,message_id,sequence,station,attempt,
postgres-1       | 	          span_id,occurred_at,expires_at)
postgres-1       | 	       SELECT organization_id,project_id,environment,queue_id,message_id,61,'enqueued',0,
postgres-1       | 	              span_id,occurred_at,expires_at
postgres-1       | 	         FROM project_queue_message_traces
postgres-1       | 	        WHERE organization_id=$1 AND message_id=$2 AND sequence=1
postgres-1       | 2026-10-07 22:36:17.966 UTC [1322] ERROR:  webhook delivery content is immutable
postgres-1       | 2026-10-07 22:36:17.966 UTC [1322] CONTEXT:  PL/pgSQL function qkern_validate_project_webhook_delivery_update() line 10 at RAISE
postgres-1       | 2026-10-07 22:36:17.966 UTC [1322] STATEMENT:  UPDATE project_webhook_deliveries SET trace_id=$3
postgres-1       | 	        WHERE organization_id=$1 AND id=$2
postgres-1       | 2026-10-07 22:36:17.977 UTC [1323] ERROR:  webhook delivery content is immutable
postgres-1       | 2026-10-07 22:36:17.977 UTC [1323] CONTEXT:  PL/pgSQL function qkern_validate_project_webhook_delivery_update() line 10 at RAISE
postgres-1       | 2026-10-07 22:36:17.977 UTC [1323] STATEMENT:  UPDATE project_webhook_deliveries SET parent_span_id=NULL
postgres-1       | 	        WHERE organization_id=$1 AND id=$2
postgres-1       | 2026-10-07 22:36:17.986 UTC [1324] ERROR:  new row for relation "project_webhook_deliveries" violates check constraint "project_webhook_deliveries_trace_anchor"
postgres-1       | 2026-10-07 22:36:17.986 UTC [1324] DETAIL:  Failing row contains (94b34346-a46c-4b42-b848-d806846576f7, 421cca6c-6821-4f9c-a30d-d664dcf83c19, 6367cd0d-f73e-40dd-81e9-15d888839379, development, 8a8099ab-1707-40b9-a64c-7eea0c66e485, order.created, {}, 2026-10-07 22:36:17.984105+00, pending, 0, 2026-10-07 22:36:17.984105+00, null, null, null, null, 2026-10-07 22:36:17.984105+00, null, null, null, 00f067aa0ba902b7).
postgres-1       | 2026-10-07 22:36:17.986 UTC [1324] STATEMENT:  INSERT INTO project_webhook_deliveries
postgres-1       | 	         (id, organization_id, project_id, environment, webhook_id, event_type, payload,
postgres-1       | 	          occurred_at, status, attempt_count, available_at, created_at, parent_span_id)
postgres-1       | 	       VALUES (gen_random_uuid(),$1,$2,'development',$3,'order.created','{}',now(),
postgres-1       | 	               'pending',0,now(),now(),$4)
postgres-1       | 2026-10-07 22:36:18.182 UTC [1316] ERROR:  permission denied for table project_database_backups
postgres-1       | 2026-10-07 22:36:18.182 UTC [1316] STATEMENT:  UPDATE project_database_backups SET status = 'available' WHERE id = $1
postgres-1       | 2026-10-07 22:36:18.183 UTC [1316] ERROR:  permission denied for table project_database_backups
postgres-1       | 2026-10-07 22:36:18.183 UTC [1316] STATEMENT:  UPDATE project_database_backups SET object_key = NULL WHERE id = $1
postgres-1       | 2026-10-07 22:36:18.184 UTC [1316] ERROR:  permission denied for table project_database_backups
postgres-1       | 2026-10-07 22:36:18.184 UTC [1316] STATEMENT:  UPDATE project_database_backups SET artifact_sha256 = 'eeeeeeeeeeeeeeeeeeeeeeeeeeeeeeeeeeeeeeeeeeeeeeeeeeeeeeeeeeeeeeee' WHERE id = $1
postgres-1       | 2026-10-07 22:36:18.186 UTC [1316] ERROR:  permission denied for table project_database_backups
postgres-1       | 2026-10-07 22:36:18.186 UTC [1316] STATEMENT:  UPDATE project_database_backups SET manifest_sha256 = 'eeeeeeeeeeeeeeeeeeeeeeeeeeeeeeeeeeeeeeeeeeeeeeeeeeeeeeeeeeeeeeee' WHERE id = $1
postgres-1       | 2026-10-07 22:36:18.188 UTC [1316] ERROR:  permission denied for table project_database_backups
postgres-1       | 2026-10-07 22:36:18.188 UTC [1316] STATEMENT:  UPDATE project_database_backups SET expires_at = now() WHERE id = $1
postgres-1       | 2026-10-07 22:36:18.189 UTC [1316] ERROR:  permission denied for table project_database_backups
postgres-1       | 2026-10-07 22:36:18.189 UTC [1316] STATEMENT:  UPDATE project_database_backups SET part_count = 9 WHERE id = $1
postgres-1       | 2026-10-07 22:36:18.191 UTC [1316] ERROR:  permission denied for table project_database_backups
postgres-1       | 2026-10-07 22:36:18.191 UTC [1316] STATEMENT:  UPDATE project_database_backups SET restore_lease_token = gen_random_uuid() WHERE id = $1
postgres-1       | 2026-10-07 22:36:18.192 UTC [1316] ERROR:  permission denied for table project_database_backups
postgres-1       | 2026-10-07 22:36:18.192 UTC [1316] STATEMENT:  DELETE FROM project_database_backups WHERE id = $1
postgres-1       | 2026-10-07 22:36:18.194 UTC [1316] ERROR:  new row for relation "project_database_backups" violates check constraint "project_database_backups_restore_failure_shape"
postgres-1       | 2026-10-07 22:36:18.194 UTC [1316] STATEMENT:  UPDATE project_database_backups SET restore_error_code = 'RESTORE_FAILED'
postgres-1       | 	             WHERE id = $1
postgres-1       | 2026-10-07 22:36:18.196 UTC [1316] ERROR:  permission denied for table project_database_backup_schedules
postgres-1       | 2026-10-07 22:36:18.196 UTC [1316] STATEMENT:  UPDATE project_database_backup_schedules SET enabled = false WHERE project_id = $1
certification-1  |  [32m✓[39m tests/postgres.integration.test.ts [2m([22m[2m81 tests[22m[2m)[22m[33m 50056[2mms[22m[39m
certification-1  |      [33m[2m✓[22m[39m keeps global auth and tenant runtime privileges separated [33m 625[2mms[22m[39m
certification-1  |      [33m[2m✓[22m[39m finds exactly the open table and the USING (true) policy through the real catalog (2.39) [33m 309[2mms[22m[39m
certification-1  |      [33m[2m✓[22m[39m finds the suspected missing index, the unused index, the bloat and the missing sample in real statistics (2.40) [33m 13020[2mms[22m[39m
certification-1  |      [33m[2m✓[22m[39m (2.52) refuses a usable session without the second factor when the project requires it [33m 620[2mms[22m[39m
certification-1  |      [33m[2m✓[22m[39m (2.56) refuses the login attempt that crosses the limit and lets the next window through [33m 1835[2mms[22m[39m
certification-1  |      [33m[2m✓[22m[39m (2.60) refuses a known leaked password at sign-up when the project requires it [33m 762[2mms[22m[39m
certification-1  |      [33m[2m✓[22m[39m (2.67) shows what a query costs in the console without showing the query [33m 1235[2mms[22m[39m
certification-1  |      [33m[2m✓[22m[39m (2.53) delivers a table change through the running bridge process [33m 4631[2mms[22m[39m
certification-1  |      [33m[2m✓[22m[39m (2.64) forwards through the running collector process and continues after a restart [33m 4866[2mms[22m[39m
certification-1  |      [33m[2m✓[22m[39m (2.69) explains a real query plan without executing the query [33m 8475[2mms[22m[39m
certification-1  |      [33m[2m✓[22m[39m (2.70) reports the state of the real database from counters that really move [33m 1155[2mms[22m[39m
certification-1  |      [33m[2m✓[22m[39m (2.77) calls the auth hooks of a real sign-in and refuses one that wants a reserved claim [33m 811[2mms[22m[39m
certification-1  |      [33m[2m✓[22m[39m (2.85) does not forward the same audit row again after a restart when the database sets the microseconds [33m 1362[2mms[22m[39m
certification-1  |      [33m[2m✓[22m[39m (2.82) issues an OAuth code with PKCE, redeems it once, reads with the token under row security and refuses replay, a wrong verifier, a foreign return target and an ungranted scope [33m 338[2mms[22m[39m
certification-1  |      [33m[2m✓[22m[39m (2.103) opens exactly the tools each new scope names against the real database, keeps the tenant boundary, reaches no worker lease operation through queues:write and throws for a tool name without an entry [33m 393[2mms[22m[39m
certification-1  |      [33m[2m✓[22m[39m (2.117) runs the free query under row level security as the consenting user, gives each user exactly their own rows, keeps a table without row level security unreachable over OAuth and answers the schema list with the readable surface only [33m 358[2mms[22m[39m
certification-1  |      [33m[2m✓[22m[39m (2.95) embeds neighbour rows over real foreign keys and shows exactly what the policy of the embedded table allows, refuses an unknown relation, a neighbour without row security and one embed too many [33m 406[2mms[22m[39m
certification-1  |      [33m[2m✓[22m[39m (2.111) carries the neighbours of the rows a GraphQL mutation wrote under the policy of the neighbour table and in the transaction of the mutation, reads a second level only towards one, and writes through no relation [33m 402[2mms[22m[39m
certification-1  |      [33m[2m✓[22m[39m (2.122) cuts a trace at its own expiry and never at the outcome of its message, keeps it when the message is already pruned, never shorter than the queue retention, and stops at sixty-four stations [33m 458[2mms[22m[39m
certification-1  | 
certification-1  | [2m Test Files [22m [1m[32m31 passed[39m[22m[90m (31)[39m
certification-1  | [2m      Tests [22m [1m[32m263 passed[39m[22m[90m (263)[39m
certification-1  | [2m   Start at [22m 22:35:02
certification-1  | [2m   Duration [22m 76.28s[2m (transform 103.18s, setup 0ms, import 147.75s, tests 260.67s, environment 14ms)[22m
certification-1  | 
[Kcertification-1 exited with code 0
 Compose Stopping Aborting on container exit...
 Container qkern-slice-purge2-certification-1 Stopping 
 Container qkern-slice-purge2-certification-1 Stopped 
 Container qkern-slice-purge2-postgres-1 Stopping 
 Container qkern-slice-purge2-vault-1 Stopping 
postgres-1       | 2026-10-07 22:36:19.573 UTC [1] LOG:  received fast shutdown request
postgres-1       | 2026-10-07 22:36:19.573 UTC [1] LOG:  aborting any active transactions
vault-1          | ==> Vault shutdown triggered
vault-1          | 2026-10-07T22:36:19.576Z [INFO]  core: marked as sealed
vault-1          | 2026-10-07T22:36:19.576Z [INFO]  core: pre-seal teardown starting
vault-1          | 2026-10-07T22:36:19.577Z [INFO]  rollback: stopping rollback manager
vault-1          | 2026-10-07T22:36:19.578Z [INFO]  core: pre-seal teardown complete
vault-1          | 2026-10-07T22:36:19.578Z [INFO]  core: stopping cluster listeners
vault-1          | 2026-10-07T22:36:19.578Z [INFO]  core.cluster-listener: forwarding rpc listeners stopped
postgres-1       | 2026-10-07 22:36:19.579 UTC [1] LOG:  background worker "logical replication launcher" (PID 353) exited with exit code 1
postgres-1       | 2026-10-07 22:36:19.579 UTC [348] LOG:  shutting down
postgres-1       | 2026-10-07 22:36:19.579 UTC [348] LOG:  checkpoint starting: shutdown immediate
postgres-1       | 2026-10-07 22:36:19.590 UTC [348] LOG:  checkpoint complete: wrote 702 buffers (4.3%); 0 WAL file(s) added, 0 removed, 0 recycled; write=0.011 s, sync=0.001 s, total=0.012 s; sync files=370, longest=0.001 s, average=0.000 s; distance=3429 kB, estimate=23772 kB; lsn=0/6B14060, redo lsn=0/6B14060
postgres-1       | 2026-10-07 22:36:19.605 UTC [1] LOG:  database system is shut down
vault-1          | 2026-10-07T22:36:19.860Z [INFO]  core.cluster-listener: rpc listeners successfully shut down
vault-1          | 2026-10-07T22:36:19.860Z [INFO]  core: cluster listeners successfully shut down
vault-1          | 2026-10-07T22:36:19.860Z [INFO]  core: vault is sealed
 Container qkern-slice-purge2-postgres-1 Stopped 
[Kpostgres-1 exited with code 0
 Container qkern-slice-purge2-vault-1 Stopped 
[Kvault-1 exited with code 0
 Container qkern-slice-purge2-certification-1 Stopping 
 Container qkern-slice-purge2-certification-1 Stopped 
 Container qkern-slice-purge2-certification-1 Removing 
 Container qkern-slice-purge2-certification-1 Removed 
 Container qkern-slice-purge2-postgres-1 Stopping 
 Container qkern-slice-purge2-vault-1 Stopping 
 Container qkern-slice-purge2-postgres-1 Stopped 
 Container qkern-slice-purge2-postgres-1 Removing 
 Container qkern-slice-purge2-vault-1 Stopped 
 Container qkern-slice-purge2-vault-1 Removing 
 Container qkern-slice-purge2-vault-1 Removed 
 Container qkern-slice-purge2-postgres-1 Removed 
 Network qkern-slice-purge2_default Removing 
 Network qkern-slice-purge2_default Removed 
EXIT=0
EXIT=0
