
> qkern-platform@2.81.0 test:postgres:docker
> node scripts/postgres-certification.mjs

 Network qkern-slice-teardown6_default Creating 
 Network qkern-slice-teardown6_default Created 
 Container qkern-slice-teardown6-postgres-1 Creating 
 Container qkern-slice-teardown6-vault-1 Creating 
 Container qkern-slice-teardown6-vault-1 Created 
 Container qkern-slice-teardown6-postgres-1 Created 
 Container qkern-slice-teardown6-certification-1 Creating 
 Container qkern-slice-teardown6-certification-1 Created 
Attaching to certification-1, postgres-1, vault-1
 Container qkern-slice-teardown6-vault-1 Starting 
 Container qkern-slice-teardown6-postgres-1 Starting 
 Container qkern-slice-teardown6-vault-1 Started 
 Container qkern-slice-teardown6-postgres-1 Started 
 Container qkern-slice-teardown6-vault-1 Waiting 
 Container qkern-slice-teardown6-postgres-1 Waiting 
postgres-1  | The files belonging to this database system will be owned by user "postgres".
postgres-1  | This user must also own the server process.
postgres-1  | 
postgres-1  | The database cluster will be initialized with locale "en_US.utf8".
postgres-1  | The default database encoding has accordingly been set to "UTF8".
postgres-1  | The default text search configuration will be set to "english".
postgres-1  | 
postgres-1  | Data page checksums are disabled.
postgres-1  | 
postgres-1  | fixing permissions on existing directory /var/lib/postgresql/data ... ok
postgres-1  | creating subdirectories ... ok
postgres-1  | selecting dynamic shared memory implementation ... posix
postgres-1  | selecting default "max_connections" ... 100
postgres-1  | selecting default "shared_buffers" ... 128MB
postgres-1  | selecting default time zone ... UTC
postgres-1  | creating configuration files ... ok
postgres-1  | running bootstrap script ... ok
postgres-1  | sh: locale: not found
postgres-1  | 2026-10-08 16:41:28.369 UTC [36] WARNING:  no usable system locales were found
postgres-1  | performing post-bootstrap initialization ... ok
postgres-1  | syncing data to disk ... ok
postgres-1  | 
postgres-1  | 
postgres-1  | Success. You can now start the database server using:
postgres-1  | 
postgres-1  |     pg_ctl -D /var/lib/postgresql/data -l logfile start
postgres-1  | 
postgres-1  | initdb: warning: enabling "trust" authentication for local connections
postgres-1  | initdb: hint: You can change this by editing pg_hba.conf or using the option -A, or --auth-local and --auth-host, the next time you run initdb.
postgres-1  | waiting for server to start....2026-10-08 16:41:29.829 UTC [50] LOG:  starting PostgreSQL 17.10 on x86_64-pc-linux-musl, compiled by gcc (Alpine 15.2.0) 15.2.0, 64-bit
postgres-1  | 2026-10-08 16:41:29.836 UTC [50] LOG:  listening on Unix socket "/var/run/postgresql/.s.PGSQL.5432"
postgres-1  | 2026-10-08 16:41:29.845 UTC [53] LOG:  database system was shut down at 2026-10-08 16:41:29 UTC
postgres-1  | 2026-10-08 16:41:29.856 UTC [50] LOG:  database system is ready to accept connections
postgres-1  |  done
postgres-1  | server started
postgres-1  | CREATE DATABASE
postgres-1  | 
postgres-1  | 
postgres-1  | /usr/local/bin/docker-entrypoint.sh: running /docker-entrypoint-initdb.d/000-certification-init.sh
postgres-1  | certification-init: applying 0001_control_plane.sql
postgres-1  | CREATE EXTENSION
postgres-1  | CREATE TYPE
postgres-1  | CREATE TYPE
postgres-1  | CREATE TABLE
postgres-1  | CREATE TABLE
postgres-1  | CREATE TABLE
postgres-1  | CREATE TABLE
postgres-1  | CREATE INDEX
postgres-1  | CREATE TABLE
postgres-1  | CREATE TABLE
postgres-1  | CREATE INDEX
postgres-1  | CREATE TABLE
postgres-1  | CREATE INDEX
postgres-1  | CREATE TABLE
postgres-1  | CREATE TABLE
postgres-1  | CREATE INDEX
postgres-1  | ALTER TABLE
postgres-1  | ALTER TABLE
postgres-1  | ALTER TABLE
postgres-1  | ALTER TABLE
postgres-1  | ALTER TABLE
postgres-1  | CREATE POLICY
postgres-1  | CREATE POLICY
postgres-1  | CREATE POLICY
postgres-1  | CREATE POLICY
postgres-1  | CREATE POLICY
postgres-1  | certification-init: applying 0002_repository_hardening.sql
postgres-1  | BEGIN
postgres-1  | CREATE FUNCTION
postgres-1  | ALTER TABLE
postgres-1  | ALTER TABLE
postgres-1  | ALTER TABLE
postgres-1  | ALTER TABLE
postgres-1  | ALTER TABLE
postgres-1  | ALTER TABLE
postgres-1  | UPDATE 0
postgres-1  | ALTER TABLE
postgres-1  | CREATE INDEX
postgres-1  | CREATE INDEX
postgres-1  | CREATE FUNCTION
postgres-1  | CREATE TRIGGER
postgres-1  | CREATE TRIGGER
postgres-1  | CREATE TRIGGER
postgres-1  | CREATE FUNCTION
postgres-1  | CREATE FUNCTION
postgres-1  | CREATE TRIGGER
postgres-1  | CREATE TRIGGER
postgres-1  | ALTER TABLE
postgres-1  | ALTER TABLE
postgres-1  | ALTER TABLE
postgres-1  | ALTER TABLE
postgres-1  | ALTER TABLE
postgres-1  | ALTER TABLE
postgres-1  | ALTER TABLE
postgres-1  | ALTER TABLE
postgres-1  | ALTER TABLE
postgres-1  | ALTER TABLE
postgres-1  | ALTER TABLE
postgres-1  | ALTER TABLE
postgres-1  | ALTER TABLE
postgres-1  | ALTER TABLE
postgres-1  | ALTER TABLE
postgres-1  | ALTER TABLE
postgres-1  | DROP POLICY
postgres-1  | DROP POLICY
postgres-1  | DROP POLICY
postgres-1  | DROP POLICY
postgres-1  | DROP POLICY
postgres-1  | CREATE POLICY
postgres-1  | CREATE POLICY
postgres-1  | CREATE POLICY
postgres-1  | CREATE POLICY
postgres-1  | CREATE POLICY
postgres-1  | CREATE POLICY
postgres-1  | CREATE POLICY
postgres-1  | CREATE POLICY
postgres-1  | CREATE POLICY
postgres-1  | CREATE POLICY
postgres-1  | CREATE POLICY
postgres-1  | CREATE POLICY
postgres-1  | CREATE POLICY
postgres-1  | CREATE POLICY
postgres-1  | CREATE POLICY
postgres-1  | CREATE POLICY
postgres-1  | CREATE POLICY
postgres-1  | CREATE POLICY
postgres-1  | CREATE POLICY
postgres-1  | CREATE POLICY
postgres-1  | CREATE POLICY
postgres-1  | CREATE POLICY
postgres-1  | CREATE POLICY
postgres-1  | CREATE POLICY
postgres-1  | DO
postgres-1  | REVOKE
postgres-1  | GRANT
postgres-1  | GRANT
postgres-1  | GRANT
postgres-1  | GRANT
postgres-1  | GRANT
postgres-1  | GRANT
postgres-1  | GRANT
postgres-1  | GRANT
postgres-1  | GRANT
postgres-1  | GRANT
postgres-1  | GRANT
postgres-1  | GRANT
postgres-1  | GRANT
postgres-1  | COMMIT
postgres-1  | certification-init: applying 0003_auth_and_memberships.sql
postgres-1  | BEGIN
postgres-1  | ALTER TABLE
postgres-1  | ALTER TABLE
postgres-1  | UPDATE 0
postgres-1  | ALTER TABLE
postgres-1  | CREATE INDEX
postgres-1  | CREATE TRIGGER
postgres-1  | CREATE TABLE
postgres-1  | CREATE INDEX
postgres-1  | CREATE INDEX
postgres-1  | CREATE FUNCTION
postgres-1  | DO
postgres-1  | REVOKE
postgres-1  | REVOKE
postgres-1  | GRANT
postgres-1  | GRANT
postgres-1  | GRANT
postgres-1  | GRANT
postgres-1  | COMMIT
postgres-1  | certification-init: applying 0004_artifact_and_workspace_integrity.sql
postgres-1  | BEGIN
postgres-1  | ALTER TABLE
postgres-1  | CREATE INDEX
postgres-1  | ALTER TABLE
postgres-1  | ALTER TABLE
postgres-1  | ALTER TABLE
postgres-1  | CREATE FUNCTION
postgres-1  | CREATE TRIGGER
postgres-1  | CREATE FUNCTION
postgres-1  | CREATE TRIGGER
postgres-1  | REVOKE
postgres-1  | GRANT
postgres-1  | REVOKE
postgres-1  | GRANT
postgres-1  | GRANT
postgres-1  | GRANT
postgres-1  | COMMIT
postgres-1  | certification-init: applying 0005_migration_apply_queue.sql
postgres-1  | BEGIN
postgres-1  | CREATE TYPE
postgres-1  | CREATE TYPE
postgres-1  | CREATE TABLE
postgres-1  | CREATE INDEX
postgres-1  | CREATE INDEX
postgres-1  | CREATE TABLE
postgres-1  | CREATE INDEX
postgres-1  | CREATE TRIGGER
postgres-1  | CREATE TRIGGER
postgres-1  | CREATE FUNCTION
postgres-1  | CREATE TRIGGER
postgres-1  | CREATE FUNCTION
postgres-1  | CREATE TRIGGER
postgres-1  | ALTER TABLE
postgres-1  | ALTER TABLE
postgres-1  | ALTER TABLE
postgres-1  | ALTER TABLE
postgres-1  | CREATE POLICY
postgres-1  | CREATE POLICY
postgres-1  | CREATE POLICY
postgres-1  | CREATE POLICY
postgres-1  | CREATE POLICY
postgres-1  | CREATE POLICY
postgres-1  | REVOKE
postgres-1  | REVOKE
postgres-1  | REVOKE
postgres-1  | GRANT
postgres-1  | GRANT
postgres-1  | GRANT
postgres-1  | GRANT
postgres-1  | GRANT
postgres-1  | GRANT
postgres-1  | GRANT
postgres-1  | GRANT
postgres-1  | GRANT
postgres-1  | COMMIT
postgres-1  | certification-init: applying 0006_worker_runtime_boundary.sql
postgres-1  | BEGIN
postgres-1  | DO
postgres-1  | ALTER TABLE
postgres-1  | ALTER TABLE
postgres-1  | UPDATE 0
postgres-1  | ALTER TABLE
postgres-1  | REVOKE
postgres-1  | REVOKE
postgres-1  | REVOKE
postgres-1  | GRANT
postgres-1  | REVOKE
postgres-1  | REVOKE
postgres-1  | GRANT
postgres-1  | GRANT
postgres-1  | GRANT
postgres-1  | GRANT
postgres-1  | GRANT
postgres-1  | GRANT
postgres-1  | GRANT
postgres-1  | GRANT
postgres-1  | GRANT
postgres-1  | GRANT
postgres-1  | GRANT
postgres-1  | COMMIT
postgres-1  | certification-init: applying 0007_migration_claim_sequence.sql
postgres-1  | BEGIN
postgres-1  | ALTER TABLE
postgres-1  | REVOKE
postgres-1  | GRANT
postgres-1  | COMMIT
postgres-1  | certification-init: applying 0008_migration_reconciliation_quarantine.sql
postgres-1  | ALTER TYPE
postgres-1  | BEGIN
postgres-1  | ALTER TABLE
postgres-1  | REVOKE
postgres-1  | GRANT
postgres-1  | COMMIT
postgres-1  | certification-init: applying 0009_migration_review_commands.sql
postgres-1  | BEGIN
postgres-1  | CREATE TYPE
postgres-1  | ALTER TABLE
postgres-1  | CREATE TABLE
postgres-1  | CREATE INDEX
postgres-1  | CREATE INDEX
postgres-1  | CREATE TRIGGER
postgres-1  | ALTER TABLE
postgres-1  | ALTER TABLE
postgres-1  | CREATE POLICY
postgres-1  | CREATE POLICY
postgres-1  | CREATE POLICY
postgres-1  | REVOKE
postgres-1  | GRANT
postgres-1  | GRANT
postgres-1  | GRANT
postgres-1  | GRANT
postgres-1  | REVOKE
postgres-1  | GRANT
postgres-1  | COMMIT
postgres-1  | certification-init: applying 0010_migration_incident_escalations.sql
postgres-1  | BEGIN
postgres-1  | CREATE TYPE
postgres-1  | CREATE TYPE
postgres-1  | CREATE TABLE
postgres-1  | CREATE INDEX
postgres-1  | CREATE INDEX
postgres-1  | CREATE TRIGGER
postgres-1  | CREATE FUNCTION
postgres-1  | CREATE TRIGGER
postgres-1  | ALTER TABLE
postgres-1  | ALTER TABLE
postgres-1  | CREATE POLICY
postgres-1  | CREATE POLICY
postgres-1  | CREATE POLICY
postgres-1  | REVOKE
postgres-1  | REVOKE
postgres-1  | GRANT
postgres-1  | GRANT
postgres-1  | GRANT
postgres-1  | GRANT
postgres-1  | GRANT
postgres-1  | COMMIT
postgres-1  | certification-init: applying 0011_migration_incident_outbox.sql
postgres-1  | BEGIN
postgres-1  | CREATE TABLE
postgres-1  | CREATE INDEX
postgres-1  | CREATE TRIGGER
postgres-1  | INSERT 0 0
postgres-1  | ALTER TABLE
postgres-1  | ALTER TABLE
postgres-1  | CREATE POLICY
postgres-1  | CREATE POLICY
postgres-1  | CREATE POLICY
postgres-1  | REVOKE
postgres-1  | GRANT
postgres-1  | GRANT
postgres-1  | GRANT
postgres-1  | COMMIT
postgres-1  | certification-init: applying 0012_migration_incident_dead_letters.sql
postgres-1  | ALTER TYPE
postgres-1  | BEGIN
postgres-1  | ALTER TABLE
postgres-1  | CREATE INDEX
postgres-1  | CREATE TYPE
postgres-1  | CREATE TABLE
postgres-1  | CREATE INDEX
postgres-1  | CREATE INDEX
postgres-1  | CREATE TRIGGER
postgres-1  | CREATE FUNCTION
postgres-1  | CREATE TRIGGER
postgres-1  | ALTER TABLE
postgres-1  | ALTER TABLE
postgres-1  | CREATE POLICY
postgres-1  | CREATE POLICY
postgres-1  | CREATE POLICY
postgres-1  | REVOKE
postgres-1  | REVOKE
postgres-1  | GRANT
postgres-1  | GRANT
postgres-1  | GRANT
postgres-1  | GRANT
postgres-1  | GRANT
postgres-1  | COMMIT
postgres-1  | certification-init: applying 0013_migration_incident_delivery_health.sql
postgres-1  | BEGIN
postgres-1  | CREATE FUNCTION
postgres-1  | REVOKE
postgres-1  | GRANT
postgres-1  | COMMIT
postgres-1  | certification-init: applying 0014_migration_incident_delivery_visibility.sql
postgres-1  | BEGIN
postgres-1  | REVOKE
postgres-1  | DROP FUNCTION
postgres-1  | CREATE FUNCTION
postgres-1  | CREATE FUNCTION
postgres-1  | REVOKE
postgres-1  | REVOKE
postgres-1  | GRANT
postgres-1  | GRANT
postgres-1  | COMMIT
postgres-1  | certification-init: applying 0015_migration_incident_delivery_failure_classification.sql
postgres-1  | BEGIN
postgres-1  | ALTER TABLE
postgres-1  | REVOKE
postgres-1  | DROP FUNCTION
postgres-1  | CREATE FUNCTION
postgres-1  | REVOKE
postgres-1  | GRANT
postgres-1  | COMMIT
postgres-1  | certification-init: applying 0016_migration_incident_delivery_recovery_binding.sql
postgres-1  | BEGIN
postgres-1  | ALTER TABLE
postgres-1  | LOCK TABLE
postgres-1  | UPDATE 0
postgres-1  | UPDATE 0
postgres-1  | ALTER TABLE
postgres-1  | CREATE FUNCTION
postgres-1  | REVOKE
postgres-1  | GRANT
postgres-1  | COMMIT
postgres-1  | certification-init: applying 0017_migration_incident_verified_resolution.sql
postgres-1  | ALTER TYPE
postgres-1  | BEGIN
postgres-1  | CREATE TYPE
postgres-1  | CREATE TYPE
postgres-1  | CREATE TYPE
postgres-1  | ALTER TABLE
postgres-1  | CREATE TABLE
postgres-1  | CREATE INDEX
postgres-1  | CREATE INDEX
postgres-1  | CREATE TRIGGER
postgres-1  | CREATE FUNCTION
postgres-1  | CREATE FUNCTION
postgres-1  | CREATE FUNCTION
postgres-1  | CREATE TRIGGER
postgres-1  | ALTER TABLE
postgres-1  | ALTER TABLE
postgres-1  | CREATE POLICY
postgres-1  | CREATE POLICY
postgres-1  | CREATE POLICY
postgres-1  | REVOKE
postgres-1  | REVOKE
postgres-1  | GRANT
postgres-1  | GRANT
postgres-1  | GRANT
postgres-1  | GRANT
postgres-1  | GRANT
postgres-1  | COMMIT
postgres-1  | certification-init: applying 0018_migration_incident_delivery_recovery_generation.sql
postgres-1  | BEGIN
postgres-1  | ALTER TABLE
postgres-1  | LOCK TABLE
postgres-1  | UPDATE 0
postgres-1  | UPDATE 0
postgres-1  | ALTER TABLE
postgres-1  | ALTER TABLE
postgres-1  | CREATE FUNCTION
postgres-1  | REVOKE
postgres-1  | GRANT
postgres-1  | COMMIT
postgres-1  | certification-init: applying 0019_migration_apply_delivery_resilience.sql
postgres-1  | BEGIN
postgres-1  | ALTER TABLE
postgres-1  | CREATE INDEX
postgres-1  | CREATE TYPE
postgres-1  | CREATE TABLE
postgres-1  | CREATE INDEX
postgres-1  | CREATE INDEX
postgres-1  | CREATE TRIGGER
postgres-1  | CREATE FUNCTION
postgres-1  | CREATE TRIGGER
postgres-1  | ALTER TABLE
postgres-1  | ALTER TABLE
postgres-1  | CREATE POLICY
postgres-1  | CREATE POLICY
postgres-1  | CREATE POLICY
postgres-1  | CREATE FUNCTION
postgres-1  | CREATE FUNCTION
postgres-1  | REVOKE
postgres-1  | REVOKE
postgres-1  | REVOKE
postgres-1  | REVOKE
postgres-1  | REVOKE
postgres-1  | GRANT
postgres-1  | GRANT
postgres-1  | GRANT
postgres-1  | GRANT
postgres-1  | GRANT
postgres-1  | GRANT
postgres-1  | GRANT
postgres-1  | COMMIT
postgres-1  | certification-init: applying 0020_project_database_provisioning.sql
postgres-1  | BEGIN
postgres-1  | DO
postgres-1  | CREATE TYPE
postgres-1  | CREATE TABLE
postgres-1  | CREATE TABLE
postgres-1  | ALTER TABLE
postgres-1  | CREATE INDEX
postgres-1  | CREATE TRIGGER
postgres-1  | ALTER TABLE
postgres-1  | ALTER TABLE
postgres-1  | ALTER TABLE
postgres-1  | ALTER TABLE
postgres-1  | CREATE POLICY
postgres-1  | CREATE POLICY
postgres-1  | CREATE FUNCTION
postgres-1  | CREATE FUNCTION
postgres-1  | REVOKE
postgres-1  | REVOKE
postgres-1  | REVOKE
postgres-1  | REVOKE
postgres-1  | REVOKE
postgres-1  | GRANT
postgres-1  | GRANT
postgres-1  | GRANT
postgres-1  | GRANT
postgres-1  | GRANT
postgres-1  | GRANT
postgres-1  | GRANT
postgres-1  | GRANT
postgres-1  | GRANT
postgres-1  | GRANT
postgres-1  | GRANT
postgres-1  | GRANT
postgres-1  | GRANT
postgres-1  | GRANT
postgres-1  | GRANT
postgres-1  | COMMIT
postgres-1  | certification-init: applying 0021_project_database_provisioning_health.sql
postgres-1  | BEGIN
postgres-1  | CREATE TABLE
postgres-1  | CREATE INDEX
postgres-1  | ALTER TABLE
postgres-1  | ALTER TABLE
postgres-1  | CREATE POLICY
postgres-1  | CREATE FUNCTION
postgres-1  | REVOKE
postgres-1  | REVOKE
postgres-1  | GRANT
postgres-1  | GRANT
postgres-1  | GRANT
postgres-1  | COMMIT
postgres-1  | certification-init: applying 0022_project_automation_policies.sql
postgres-1  | BEGIN
postgres-1  | CREATE TABLE
postgres-1  | ALTER TABLE
postgres-1  | UPDATE 0
postgres-1  | ALTER TABLE
postgres-1  | ALTER TABLE
postgres-1  | ALTER TABLE
postgres-1  | CREATE POLICY
postgres-1  | CREATE POLICY
postgres-1  | CREATE POLICY
postgres-1  | REVOKE
postgres-1  | GRANT
postgres-1  | GRANT
postgres-1  | COMMIT
postgres-1  | certification-init: applying 0023_project_api_keys.sql
postgres-1  | BEGIN
postgres-1  | CREATE TABLE
postgres-1  | CREATE INDEX
postgres-1  | CREATE INDEX
postgres-1  | CREATE FUNCTION
postgres-1  | CREATE TRIGGER
postgres-1  | ALTER TABLE
postgres-1  | CREATE POLICY
postgres-1  | CREATE POLICY
postgres-1  | CREATE POLICY
postgres-1  | CREATE FUNCTION
postgres-1  | REVOKE
postgres-1  | REVOKE
postgres-1  | REVOKE
postgres-1  | GRANT
postgres-1  | GRANT
postgres-1  | GRANT
postgres-1  | GRANT
postgres-1  | COMMIT
postgres-1  | certification-init: applying 0024_project_auth.sql
postgres-1  | BEGIN
postgres-1  | CREATE TABLE
postgres-1  | CREATE INDEX
postgres-1  | CREATE TABLE
postgres-1  | CREATE INDEX
postgres-1  | CREATE INDEX
postgres-1  | CREATE TABLE
postgres-1  | CREATE INDEX
postgres-1  | CREATE TABLE
postgres-1  | CREATE TABLE
postgres-1  | CREATE FUNCTION
postgres-1  | CREATE TRIGGER
postgres-1  | CREATE TRIGGER
postgres-1  | CREATE TRIGGER
postgres-1  | CREATE TRIGGER
postgres-1  | CREATE TRIGGER
postgres-1  | REVOKE
postgres-1  | REVOKE
postgres-1  | GRANT
postgres-1  | GRANT
postgres-1  | GRANT
postgres-1  | GRANT
postgres-1  | GRANT
postgres-1  | GRANT
postgres-1  | GRANT
postgres-1  | GRANT
postgres-1  | GRANT
postgres-1  | COMMIT
postgres-1  | certification-init: applying 0025_project_storage.sql
postgres-1  | BEGIN
postgres-1  | CREATE TABLE
postgres-1  | CREATE INDEX
postgres-1  | CREATE TABLE
postgres-1  | CREATE INDEX
postgres-1  | CREATE INDEX
postgres-1  | CREATE INDEX
postgres-1  | CREATE TABLE
postgres-1  | CREATE INDEX
postgres-1  | CREATE INDEX
postgres-1  | CREATE FUNCTION
postgres-1  | CREATE FUNCTION
postgres-1  | CREATE FUNCTION
postgres-1  | CREATE TRIGGER
postgres-1  | CREATE TRIGGER
postgres-1  | CREATE TRIGGER
postgres-1  | ALTER TABLE
postgres-1  | ALTER TABLE
postgres-1  | ALTER TABLE
postgres-1  | CREATE POLICY
postgres-1  | CREATE POLICY
postgres-1  | CREATE POLICY
postgres-1  | CREATE POLICY
postgres-1  | CREATE POLICY
postgres-1  | CREATE POLICY
postgres-1  | CREATE POLICY
postgres-1  | CREATE POLICY
postgres-1  | CREATE POLICY
postgres-1  | CREATE POLICY
postgres-1  | REVOKE
postgres-1  | REVOKE
postgres-1  | REVOKE
postgres-1  | REVOKE
postgres-1  | GRANT
postgres-1  | GRANT
postgres-1  | GRANT
postgres-1  | GRANT
postgres-1  | GRANT
postgres-1  | GRANT
postgres-1  | GRANT
postgres-1  | GRANT
postgres-1  | GRANT
postgres-1  | COMMIT
postgres-1  | certification-init: applying 0026_project_queues.sql
postgres-1  | BEGIN
postgres-1  | CREATE TABLE
postgres-1  | CREATE INDEX
postgres-1  | CREATE TABLE
postgres-1  | CREATE INDEX
postgres-1  | CREATE INDEX
postgres-1  | CREATE INDEX
postgres-1  | CREATE INDEX
postgres-1  | CREATE INDEX
postgres-1  | CREATE FUNCTION
postgres-1  | CREATE FUNCTION
postgres-1  | CREATE FUNCTION
postgres-1  | CREATE TRIGGER
postgres-1  | CREATE TRIGGER
postgres-1  | CREATE TRIGGER
postgres-1  | ALTER TABLE
postgres-1  | ALTER TABLE
postgres-1  | CREATE POLICY
postgres-1  | CREATE POLICY
postgres-1  | CREATE POLICY
postgres-1  | CREATE POLICY
postgres-1  | CREATE POLICY
postgres-1  | CREATE POLICY
postgres-1  | REVOKE
postgres-1  | REVOKE
postgres-1  | REVOKE
postgres-1  | REVOKE
postgres-1  | GRANT
postgres-1  | GRANT
postgres-1  | GRANT
postgres-1  | GRANT
postgres-1  | GRANT
postgres-1  | GRANT
postgres-1  | COMMIT
postgres-1  | certification-init: applying 0027_project_queue_dead_letter_replay.sql
postgres-1  | BEGIN
postgres-1  | ALTER TABLE
postgres-1  | CREATE INDEX
postgres-1  | CREATE INDEX
postgres-1  | CREATE FUNCTION
postgres-1  | CREATE TRIGGER
postgres-1  | REVOKE
postgres-1  | GRANT
postgres-1  | COMMIT
postgres-1  | certification-init: applying 0028_usage_metering.sql
postgres-1  | BEGIN
postgres-1  | CREATE TABLE
postgres-1  | CREATE TABLE
postgres-1  | CREATE TABLE
postgres-1  | CREATE INDEX
postgres-1  | CREATE INDEX
postgres-1  | CREATE FUNCTION
postgres-1  | CREATE FUNCTION
postgres-1  | CREATE FUNCTION
postgres-1  | CREATE TRIGGER
postgres-1  | CREATE TRIGGER
postgres-1  | CREATE TRIGGER
postgres-1  | ALTER TABLE
postgres-1  | ALTER TABLE
postgres-1  | ALTER TABLE
postgres-1  | CREATE POLICY
postgres-1  | CREATE POLICY
postgres-1  | CREATE POLICY
postgres-1  | CREATE POLICY
postgres-1  | CREATE POLICY
postgres-1  | CREATE POLICY
postgres-1  | CREATE POLICY
postgres-1  | CREATE POLICY
postgres-1  | REVOKE
postgres-1  | REVOKE
postgres-1  | REVOKE
postgres-1  | REVOKE
postgres-1  | GRANT
postgres-1  | GRANT
postgres-1  | GRANT
postgres-1  | GRANT
postgres-1  | GRANT
postgres-1  | GRANT
postgres-1  | GRANT
postgres-1  | GRANT
postgres-1  | COMMIT
postgres-1  | certification-init: applying 0029_project_queue_definition_row_lock.sql
postgres-1  | GRANT
postgres-1  | CREATE POLICY
postgres-1  | certification-init: applying 0030_realtime_event_log.sql
postgres-1  | CREATE TABLE
postgres-1  | CREATE TABLE
postgres-1  | CREATE INDEX
postgres-1  | CREATE INDEX
postgres-1  | CREATE FUNCTION
postgres-1  | CREATE TRIGGER
postgres-1  | ALTER TABLE
postgres-1  | ALTER TABLE
postgres-1  | CREATE POLICY
postgres-1  | CREATE POLICY
postgres-1  | CREATE POLICY
postgres-1  | CREATE POLICY
postgres-1  | CREATE POLICY
postgres-1  | CREATE POLICY
postgres-1  | REVOKE
postgres-1  | REVOKE
postgres-1  | GRANT
postgres-1  | GRANT
postgres-1  | GRANT
postgres-1  | GRANT
postgres-1  | certification-init: applying 0031_project_cron.sql
postgres-1  | CREATE TABLE
postgres-1  | CREATE INDEX
postgres-1  | CREATE FUNCTION
postgres-1  | CREATE TRIGGER
postgres-1  | ALTER TABLE
postgres-1  | CREATE POLICY
postgres-1  | CREATE POLICY
postgres-1  | CREATE POLICY
postgres-1  | CREATE POLICY
postgres-1  | REVOKE
postgres-1  | REVOKE
postgres-1  | GRANT
postgres-1  | GRANT
postgres-1  | GRANT
postgres-1  | certification-init: applying 0032_project_webhooks.sql
postgres-1  | CREATE TABLE
postgres-1  | CREATE TABLE
postgres-1  | CREATE INDEX
postgres-1  | CREATE INDEX
postgres-1  | CREATE FUNCTION
postgres-1  | CREATE TRIGGER
postgres-1  | ALTER TABLE
postgres-1  | ALTER TABLE
postgres-1  | CREATE POLICY
postgres-1  | CREATE POLICY
postgres-1  | CREATE POLICY
postgres-1  | CREATE POLICY
postgres-1  | CREATE POLICY
postgres-1  | CREATE POLICY
postgres-1  | CREATE POLICY
postgres-1  | REVOKE
postgres-1  | REVOKE
postgres-1  | GRANT
postgres-1  | GRANT
postgres-1  | CREATE POLICY
postgres-1  | GRANT
postgres-1  | GRANT
postgres-1  | GRANT
postgres-1  | certification-init: applying 0033_project_functions.sql
postgres-1  | CREATE TABLE
postgres-1  | CREATE INDEX
postgres-1  | CREATE FUNCTION
postgres-1  | CREATE TRIGGER
postgres-1  | ALTER TABLE
postgres-1  | CREATE POLICY
postgres-1  | CREATE POLICY
postgres-1  | CREATE POLICY
postgres-1  | CREATE POLICY
postgres-1  | REVOKE
postgres-1  | REVOKE
postgres-1  | GRANT
postgres-1  | GRANT
postgres-1  | GRANT
postgres-1  | certification-init: applying 0034_project_functions_registry.sql
postgres-1  | ALTER TABLE
postgres-1  | ALTER TABLE
postgres-1  | certification-init: applying 0035_project_function_slots.sql
postgres-1  | CREATE TABLE
postgres-1  | CREATE INDEX
postgres-1  | CREATE FUNCTION
postgres-1  | CREATE TRIGGER
postgres-1  | ALTER TABLE
postgres-1  | CREATE POLICY
postgres-1  | CREATE POLICY
postgres-1  | CREATE POLICY
postgres-1  | REVOKE
postgres-1  | REVOKE
postgres-1  | GRANT
postgres-1  | GRANT
postgres-1  | certification-init: applying 0036_provisioner_heartbeat_upsert_grant.sql
postgres-1  | BEGIN
postgres-1  | GRANT
postgres-1  | COMMIT
postgres-1  | certification-init: applying 0037_provisioner_binding_returning_grant.sql
postgres-1  | BEGIN
postgres-1  | GRANT
postgres-1  | COMMIT
postgres-1  | certification-init: applying 0038_runtime_outbox_arbiter_grant.sql
postgres-1  | BEGIN
postgres-1  | GRANT
postgres-1  | COMMIT
postgres-1  | certification-init: applying 0039_billing_rate_cards.sql
postgres-1  | BEGIN
postgres-1  | CREATE TABLE
postgres-1  | CREATE INDEX
postgres-1  | ALTER TABLE
postgres-1  | ALTER TABLE
postgres-1  | CREATE POLICY
postgres-1  | CREATE POLICY
postgres-1  | REVOKE
postgres-1  | GRANT
postgres-1  | GRANT
postgres-1  | COMMIT
postgres-1  | certification-init: applying 0040_billing_invoices.sql
postgres-1  | BEGIN
postgres-1  | CREATE TABLE
postgres-1  | CREATE TABLE
postgres-1  | ALTER TABLE
postgres-1  | ALTER TABLE
postgres-1  | ALTER TABLE
postgres-1  | ALTER TABLE
postgres-1  | CREATE POLICY
postgres-1  | CREATE POLICY
postgres-1  | CREATE POLICY
postgres-1  | CREATE POLICY
postgres-1  | REVOKE
postgres-1  | GRANT
postgres-1  | GRANT
postgres-1  | GRANT
postgres-1  | GRANT
postgres-1  | GRANT
postgres-1  | COMMIT
postgres-1  | certification-init: applying 0041_project_storage_multipart.sql
postgres-1  | BEGIN
postgres-1  | ALTER TABLE
postgres-1  | ALTER TABLE
postgres-1  | COMMIT
postgres-1  | certification-init: applying 0042_project_function_deployments.sql
postgres-1  | BEGIN
postgres-1  | CREATE TABLE
postgres-1  | CREATE INDEX
postgres-1  | ALTER TABLE
postgres-1  | ALTER TABLE
postgres-1  | CREATE POLICY
postgres-1  | CREATE POLICY
postgres-1  | CREATE FUNCTION
postgres-1  | CREATE FUNCTION
postgres-1  | REVOKE
postgres-1  | REVOKE
postgres-1  | GRANT
postgres-1  | GRANT
postgres-1  | COMMIT
postgres-1  | certification-init: applying 0043_project_storage_upload_id_check_fix.sql
postgres-1  | ALTER TABLE
postgres-1  | ALTER TABLE
postgres-1  | certification-init: applying 0044_billing_invoice_numbers.sql
postgres-1  | BEGIN
postgres-1  | CREATE TABLE
postgres-1  | ALTER TABLE
postgres-1  | ALTER TABLE
postgres-1  | CREATE POLICY
postgres-1  | CREATE POLICY
postgres-1  | CREATE POLICY
postgres-1  | ALTER TABLE
postgres-1  | ALTER TABLE
postgres-1  | UPDATE 0
postgres-1  | ALTER TABLE
postgres-1  | ALTER TABLE
postgres-1  | UPDATE 0
postgres-1  | INSERT 0 0
postgres-1  | ALTER TABLE
postgres-1  | CREATE INDEX
postgres-1  | GRANT
postgres-1  | GRANT
postgres-1  | GRANT
postgres-1  | COMMIT
postgres-1  | certification-init: applying 0045_project_function_invocations.sql
postgres-1  | BEGIN
postgres-1  | CREATE TABLE
postgres-1  | CREATE INDEX
postgres-1  | ALTER TABLE
postgres-1  | ALTER TABLE
postgres-1  | CREATE POLICY
postgres-1  | CREATE POLICY
postgres-1  | REVOKE
postgres-1  | GRANT
postgres-1  | GRANT
postgres-1  | COMMIT
postgres-1  | certification-init: applying 0046_project_auth_audit.sql
postgres-1  | BEGIN
postgres-1  | GRANT
postgres-1  | GRANT
postgres-1  | GRANT
postgres-1  | GRANT
postgres-1  | CREATE POLICY
postgres-1  | COMMIT
postgres-1  | certification-init: applying 0047_audit_chain_order.sql
postgres-1  | BEGIN
postgres-1  | CREATE FUNCTION
postgres-1  | COMMIT
postgres-1  | certification-init: applying 0048_project_auth_mfa_enforcement.sql
postgres-1  | BEGIN
postgres-1  | CREATE TABLE
postgres-1  | ALTER TABLE
postgres-1  | ALTER TABLE
postgres-1  | CREATE FUNCTION
postgres-1  | CREATE TRIGGER
postgres-1  | REVOKE
postgres-1  | REVOKE
postgres-1  | GRANT
postgres-1  | GRANT
postgres-1  | GRANT
postgres-1  | COMMIT
postgres-1  | certification-init: applying 0049_project_database_webhooks.sql
postgres-1  | CREATE TABLE
postgres-1  | CREATE INDEX
postgres-1  | ALTER TABLE
postgres-1  | CREATE POLICY
postgres-1  | CREATE POLICY
postgres-1  | CREATE POLICY
postgres-1  | REVOKE
postgres-1  | GRANT
postgres-1  | certification-init: applying 0050_project_database_webhook_cursors.sql
postgres-1  | CREATE TABLE
postgres-1  | ALTER TABLE
postgres-1  | CREATE POLICY
postgres-1  | CREATE POLICY
postgres-1  | CREATE POLICY
postgres-1  | REVOKE
postgres-1  | GRANT
postgres-1  | certification-init: applying 0051_project_auth_return_targets.sql
postgres-1  | BEGIN
postgres-1  | ALTER TABLE
postgres-1  | ALTER TABLE
postgres-1  | REVOKE
postgres-1  | GRANT
postgres-1  | COMMIT
postgres-1  | certification-init: applying 0052_project_auth_rate_limits.sql
postgres-1  | BEGIN
postgres-1  | ALTER TABLE
postgres-1  | ALTER TABLE
postgres-1  | CREATE TABLE
postgres-1  | CREATE INDEX
postgres-1  | REVOKE
postgres-1  | GRANT
postgres-1  | REVOKE
postgres-1  | GRANT
postgres-1  | COMMIT
postgres-1  | certification-init: applying 0053_project_auth_password_protection.sql
postgres-1  | BEGIN
postgres-1  | ALTER TABLE
postgres-1  | ALTER TABLE
postgres-1  | REVOKE
postgres-1  | GRANT
postgres-1  | COMMIT
postgres-1  | certification-init: applying 0054_project_log_drains.sql
postgres-1  | BEGIN
postgres-1  | CREATE FUNCTION
postgres-1  | REVOKE
postgres-1  | GRANT
postgres-1  | CREATE TABLE
postgres-1  | CREATE INDEX
postgres-1  | ALTER TABLE
postgres-1  | CREATE POLICY
postgres-1  | CREATE POLICY
postgres-1  | CREATE POLICY
postgres-1  | REVOKE
postgres-1  | GRANT
postgres-1  | COMMIT
postgres-1  | certification-init: applying 0055_user_console_settings.sql
postgres-1  | BEGIN
postgres-1  | CREATE TABLE
postgres-1  | CREATE TRIGGER
postgres-1  | REVOKE
postgres-1  | GRANT
postgres-1  | COMMIT
postgres-1  | certification-init: applying 0056_project_log_drain_cursors.sql
postgres-1  | BEGIN
postgres-1  | CREATE TABLE
postgres-1  | ALTER TABLE
postgres-1  | CREATE POLICY
postgres-1  | CREATE POLICY
postgres-1  | CREATE POLICY
postgres-1  | REVOKE
postgres-1  | GRANT
postgres-1  | COMMIT
postgres-1  | certification-init: applying 0057_project_dashboard_webhooks.sql
postgres-1  | BEGIN
postgres-1  | CREATE FUNCTION
postgres-1  | REVOKE
postgres-1  | GRANT
postgres-1  | CREATE TABLE
postgres-1  | CREATE INDEX
postgres-1  | ALTER TABLE
postgres-1  | CREATE POLICY
postgres-1  | CREATE POLICY
postgres-1  | CREATE POLICY
postgres-1  | REVOKE
postgres-1  | GRANT
postgres-1  | CREATE TABLE
postgres-1  | ALTER TABLE
postgres-1  | CREATE POLICY
postgres-1  | CREATE POLICY
postgres-1  | CREATE POLICY
postgres-1  | REVOKE
postgres-1  | GRANT
postgres-1  | COMMIT
postgres-1  | certification-init: applying 0058_project_auth_hooks.sql
postgres-1  | BEGIN
postgres-1  | ALTER TABLE
postgres-1  | ALTER TABLE
postgres-1  | ALTER TABLE
postgres-1  | ALTER TABLE
postgres-1  | REVOKE
postgres-1  | GRANT
postgres-1  | COMMIT
postgres-1  | certification-init: applying 0059_project_storage_s3_access_keys.sql
postgres-1  | BEGIN
postgres-1  | CREATE TABLE
postgres-1  | CREATE INDEX
postgres-1  | CREATE INDEX
postgres-1  | CREATE TABLE
postgres-1  | CREATE INDEX
postgres-1  | CREATE FUNCTION
postgres-1  | CREATE TRIGGER
postgres-1  | ALTER TABLE
postgres-1  | ALTER TABLE
postgres-1  | CREATE POLICY
postgres-1  | CREATE POLICY
postgres-1  | CREATE POLICY
postgres-1  | CREATE POLICY
postgres-1  | CREATE POLICY
postgres-1  | CREATE POLICY
postgres-1  | REVOKE
postgres-1  | REVOKE
postgres-1  | REVOKE
postgres-1  | GRANT
postgres-1  | GRANT
postgres-1  | GRANT
postgres-1  | GRANT
postgres-1  | COMMIT
postgres-1  | certification-init: applying 0060_project_auth_passkeys.sql
postgres-1  | BEGIN
postgres-1  | CREATE TABLE
postgres-1  | CREATE INDEX
postgres-1  | ALTER TABLE
postgres-1  | ALTER TABLE
postgres-1  | CREATE TRIGGER
postgres-1  | REVOKE
postgres-1  | GRANT
postgres-1  | GRANT
postgres-1  | COMMIT
postgres-1  | certification-init: applying 0061_project_auth_third_party_providers.sql
postgres-1  | BEGIN
postgres-1  | CREATE TABLE
postgres-1  | ALTER TABLE
postgres-1  | ALTER TABLE
postgres-1  | ALTER TABLE
postgres-1  | ALTER TABLE
postgres-1  | ALTER TABLE
postgres-1  | REVOKE
postgres-1  | GRANT
postgres-1  | COMMIT
postgres-1  | certification-init: applying 0062_project_auth_oauth_server.sql
postgres-1  | BEGIN
postgres-1  | CREATE TABLE
postgres-1  | ALTER TABLE
postgres-1  | ALTER TABLE
postgres-1  | ALTER TABLE
postgres-1  | REVOKE
postgres-1  | GRANT
postgres-1  | CREATE TABLE
postgres-1  | ALTER TABLE
postgres-1  | ALTER TABLE
postgres-1  | ALTER TABLE
postgres-1  | CREATE TRIGGER
postgres-1  | REVOKE
postgres-1  | GRANT
postgres-1  | GRANT
postgres-1  | CREATE TABLE
postgres-1  | ALTER TABLE
postgres-1  | ALTER TABLE
postgres-1  | REVOKE
postgres-1  | GRANT
postgres-1  | COMMIT
postgres-1  | certification-init: applying 0063_project_auth_expiry_retention.sql
postgres-1  | BEGIN
postgres-1  | CREATE INDEX
postgres-1  | CREATE INDEX
postgres-1  | CREATE INDEX
postgres-1  | GRANT
postgres-1  | GRANT
postgres-1  | GRANT
postgres-1  | COMMIT
postgres-1  | certification-init: applying 0064_project_auth_oauth_consents.sql
postgres-1  | BEGIN
postgres-1  | CREATE TABLE
postgres-1  | ALTER TABLE
postgres-1  | ALTER TABLE
postgres-1  | CREATE INDEX
postgres-1  | CREATE INDEX
postgres-1  | CREATE TRIGGER
postgres-1  | CREATE FUNCTION
postgres-1  | CREATE TRIGGER
postgres-1  | REVOKE
postgres-1  | REVOKE
postgres-1  | GRANT
postgres-1  | GRANT
postgres-1  | GRANT
postgres-1  | ALTER TABLE
postgres-1  | ALTER TABLE
postgres-1  | COMMIT
postgres-1  | certification-init: applying 0065_project_storage_s3_access_key_secrets.sql
postgres-1  | BEGIN
postgres-1  | ALTER TABLE
postgres-1  | CREATE FUNCTION
postgres-1  | CREATE FUNCTION
postgres-1  | REVOKE
postgres-1  | GRANT
postgres-1  | COMMIT
postgres-1  | certification-init: applying 0066_project_cron_time_zone.sql
postgres-1  | ALTER TABLE
postgres-1  | certification-init: applying 0069_project_function_invocation_output.sql
postgres-1  | BEGIN
postgres-1  | CREATE TABLE
postgres-1  | CREATE INDEX
postgres-1  | ALTER TABLE
postgres-1  | ALTER TABLE
postgres-1  | CREATE POLICY
postgres-1  | CREATE POLICY
postgres-1  | REVOKE
postgres-1  | GRANT
postgres-1  | GRANT
postgres-1  | COMMIT
postgres-1  | certification-init: applying 0070_project_auth_saml.sql
postgres-1  | BEGIN
postgres-1  | CREATE TABLE
postgres-1  | CREATE INDEX
postgres-1  | ALTER TABLE
postgres-1  | ALTER TABLE
postgres-1  | ALTER TABLE
postgres-1  | ALTER TABLE
postgres-1  | CREATE TRIGGER
postgres-1  | REVOKE
postgres-1  | GRANT
postgres-1  | COMMIT
postgres-1  | certification-init: applying 0071_project_storage_s3_multipart.sql
postgres-1  | BEGIN
postgres-1  | ALTER TABLE
postgres-1  | ALTER TABLE
postgres-1  | ALTER TABLE
postgres-1  | ALTER TABLE
postgres-1  | ALTER TABLE
postgres-1  | ALTER TABLE
postgres-1  | ALTER TABLE
postgres-1  | ALTER TABLE
postgres-1  | CREATE TABLE
postgres-1  | CREATE INDEX
postgres-1  | CREATE FUNCTION
postgres-1  | GRANT
postgres-1  | REVOKE
postgres-1  | ALTER TABLE
postgres-1  | CREATE POLICY
postgres-1  | CREATE POLICY
postgres-1  | CREATE POLICY
postgres-1  | CREATE POLICY
postgres-1  | GRANT
postgres-1  | GRANT
postgres-1  | COMMIT
postgres-1  | certification-init: applying 0073_project_auth_oauth_tool_scopes.sql
postgres-1  | BEGIN
postgres-1  | ALTER TABLE
postgres-1  | ALTER TABLE
postgres-1  | ALTER TABLE
postgres-1  | ALTER TABLE
postgres-1  | ALTER TABLE
postgres-1  | ALTER TABLE
postgres-1  | ALTER TABLE
postgres-1  | ALTER TABLE
postgres-1  | COMMIT
postgres-1  | certification-init: applying 0075_log_drain_function_output_source.sql
postgres-1  | BEGIN
postgres-1  | CREATE FUNCTION
postgres-1  | REVOKE
postgres-1  | GRANT
postgres-1  | COMMIT
postgres-1  | certification-init: applying 0077_realtime_presence.sql
postgres-1  | BEGIN
postgres-1  | CREATE TABLE
postgres-1  | CREATE INDEX
postgres-1  | CREATE INDEX
postgres-1  | ALTER TABLE
postgres-1  | CREATE POLICY
postgres-1  | CREATE POLICY
postgres-1  | CREATE POLICY
postgres-1  | CREATE POLICY
postgres-1  | REVOKE
postgres-1  | GRANT
postgres-1  | GRANT
postgres-1  | COMMIT
postgres-1  | certification-init: applying 0078_project_auth_oauth_storage_write_scope.sql
postgres-1  | BEGIN
postgres-1  | ALTER TABLE
postgres-1  | ALTER TABLE
postgres-1  | ALTER TABLE
postgres-1  | ALTER TABLE
postgres-1  | ALTER TABLE
vault-1     | ==> Vault server configuration:
vault-1     | 
vault-1     | Administrative Namespace: 
vault-1     |              Api Address: http://0.0.0.0:8200
vault-1     |                      Cgo: disabled
vault-1     |          Cluster Address: https://0.0.0.0:8201
vault-1     |    Environment Variables: GOTRACEBACK, HOME, HOSTNAME, NAME, PATH, PWD, SHLVL, VAULT_DEV_LISTEN_ADDRESS, VAULT_DEV_ROOT_TOKEN_ID, VERSION
vault-1     |               Go Version: go1.23.3
vault-1     |               Listener 1: tcp (addr: "0.0.0.0:8200", cluster address: "0.0.0.0:8201", disable_request_limiter: "false", max_request_duration: "1m30s", max_request_size: "33554432", tls: "disabled")
vault-1     |                Log Level: 
vault-1     |                    Mlock: supported: true, enabled: false
vault-1     |            Recovery Mode: false
vault-1     |                  Storage: inmem
vault-1     |                  Version: Vault v1.18.3, built 2024-12-16T14:00:53Z
vault-1     |              Version Sha: 7ae4eca5403bf574f142cd8f987b8d83bafcd1de
vault-1     | 
postgres-1  | ALTER TABLE
postgres-1  | ALTER TABLE
postgres-1  | ALTER TABLE
postgres-1  | COMMIT
postgres-1  | certification-init: applying 0080_billing_invoice_positions.sql
postgres-1  | BEGIN
postgres-1  | ALTER TABLE
vault-1     | ==> Vault server started! Log data will stream in below:
vault-1     | 
vault-1     | 2026-10-08T16:41:39.342Z [INFO]  proxy environment: http_proxy="" https_proxy="" no_proxy=""
vault-1     | 2026-10-08T16:41:39.342Z [INFO]  incrementing seal generation: generation=1
vault-1     | 2026-10-08T16:41:39.342Z [WARN]  no `api_addr` value specified in config or in VAULT_API_ADDR; falling back to detection if possible, but this value should be manually set
vault-1     | 2026-10-08T16:41:39.343Z [INFO]  core: Initializing version history cache for core
vault-1     | 2026-10-08T16:41:39.343Z [INFO]  events: Starting event system
vault-1     | 2026-10-08T16:41:39.344Z [INFO]  core: security barrier not initialized
vault-1     | 2026-10-08T16:41:39.345Z [INFO]  core: security barrier initialized: stored=1 shares=1 threshold=1
vault-1     | 2026-10-08T16:41:39.346Z [INFO]  core: post-unseal setup starting
vault-1     | 2026-10-08T16:41:39.356Z [INFO]  core: loaded wrapping token key
vault-1     | 2026-10-08T16:41:39.356Z [INFO]  core: successfully setup plugin runtime catalog
vault-1     | 2026-10-08T16:41:39.356Z [INFO]  core: successfully setup plugin catalog: plugin-directory=""
vault-1     | 2026-10-08T16:41:39.356Z [INFO]  core: no mounts; adding default mount table
vault-1     | 2026-10-08T16:41:39.360Z [INFO]  core: successfully mounted: type=cubbyhole version="v1.18.3+builtin.vault" path=cubbyhole/ namespace="ID: root. Path: "
vault-1     | 2026-10-08T16:41:39.362Z [INFO]  core: successfully mounted: type=system version="v1.18.3+builtin.vault" path=sys/ namespace="ID: root. Path: "
vault-1     | 2026-10-08T16:41:39.363Z [INFO]  core: successfully mounted: type=identity version="v1.18.3+builtin.vault" path=identity/ namespace="ID: root. Path: "
vault-1     | 2026-10-08T16:41:39.368Z [INFO]  core: successfully mounted: type=token version="v1.18.3+builtin.vault" path=token/ namespace="ID: root. Path: "
vault-1     | 2026-10-08T16:41:39.368Z [INFO]  rollback: Starting the rollback manager with 256 workers
vault-1     | 2026-10-08T16:41:39.368Z [INFO]  rollback: starting rollback manager
vault-1     | 2026-10-08T16:41:39.369Z [INFO]  core: restoring leases
vault-1     | 2026-10-08T16:41:39.369Z [INFO]  expiration: lease restore complete
vault-1     | 2026-10-08T16:41:39.373Z [INFO]  identity: entities restored
vault-1     | 2026-10-08T16:41:39.374Z [INFO]  identity: groups restored
vault-1     | 2026-10-08T16:41:39.374Z [INFO]  core: Recorded vault version: vault version=1.18.3 upgrade time="2026-10-08 16:41:39.374152923 +0000 UTC" build date=2024-12-16T14:00:53Z
vault-1     | 2026-10-08T16:41:39.374Z [INFO]  core: post-unseal setup complete
vault-1     | 2026-10-08T16:41:39.375Z [INFO]  core: root token generated
vault-1     | 2026-10-08T16:41:39.375Z [INFO]  core: pre-seal teardown starting
vault-1     | 2026-10-08T16:41:39.375Z [INFO]  rollback: stopping rollback manager
vault-1     | 2026-10-08T16:41:39.375Z [INFO]  core: pre-seal teardown complete
vault-1     | 2026-10-08T16:41:39.376Z [INFO]  core.cluster-listener.tcp: starting listener: listener_address=0.0.0.0:8201
vault-1     | 2026-10-08T16:41:39.376Z [INFO]  core.cluster-listener: serving cluster requests: cluster_listen_address=[::]:8201
vault-1     | 2026-10-08T16:41:39.376Z [INFO]  core: post-unseal setup starting
vault-1     | 2026-10-08T16:41:39.377Z [INFO]  core: loaded wrapping token key
vault-1     | 2026-10-08T16:41:39.377Z [INFO]  core: successfully setup plugin runtime catalog
vault-1     | 2026-10-08T16:41:39.377Z [INFO]  core: successfully setup plugin catalog: plugin-directory=""
vault-1     | 2026-10-08T16:41:39.379Z [INFO]  core: successfully mounted: type=system version="v1.18.3+builtin.vault" path=sys/ namespace="ID: root. Path: "
vault-1     | 2026-10-08T16:41:39.380Z [INFO]  core: successfully mounted: type=identity version="v1.18.3+builtin.vault" path=identity/ namespace="ID: root. Path: "
vault-1     | 2026-10-08T16:41:39.380Z [INFO]  core: successfully mounted: type=cubbyhole version="v1.18.3+builtin.vault" path=cubbyhole/ namespace="ID: root. Path: "
vault-1     | 2026-10-08T16:41:39.389Z [INFO]  core: successfully mounted: type=token version="v1.18.3+builtin.vault" path=token/ namespace="ID: root. Path: "
vault-1     | 2026-10-08T16:41:39.389Z [INFO]  rollback: Starting the rollback manager with 256 workers
vault-1     | 2026-10-08T16:41:39.390Z [INFO]  core: restoring leases
vault-1     | 2026-10-08T16:41:39.390Z [INFO]  rollback: starting rollback manager
vault-1     | 2026-10-08T16:41:39.392Z [INFO]  identity: entities restored
vault-1     | 2026-10-08T16:41:39.393Z [INFO]  expiration: lease restore complete
vault-1     | 2026-10-08T16:41:39.393Z [INFO]  identity: groups restored
vault-1     | 2026-10-08T16:41:39.396Z [INFO]  core: post-unseal setup complete
vault-1     | 2026-10-08T16:41:39.396Z [INFO]  core: vault is unsealed
vault-1     | 2026-10-08T16:41:39.409Z [INFO]  expiration: revoked lease: lease_id=auth/token/root/h30b3832dc376ccc633d8143e34771ed2c64ccd25cb5e56d2e53caac08c912860
vault-1     | 2026-10-08T16:41:39.432Z [INFO]  core: successful mount: namespace="" path=secret/ type=kv version="v0.20.0+builtin"
postgres-1  | UPDATE 0
postgres-1  | ALTER TABLE
postgres-1  | ALTER TABLE
postgres-1  | ALTER TABLE
postgres-1  | ALTER TABLE
postgres-1  | GRANT
postgres-1  | CREATE TABLE
postgres-1  | CREATE INDEX
postgres-1  | ALTER TABLE
postgres-1  | ALTER TABLE
vault-1     | WARNING! dev mode is enabled! In this mode, Vault runs entirely in-memory
vault-1     | and starts unsealed with a single unseal key. The root token is already
vault-1     | authenticated to the CLI, so you can immediately begin using Vault.
vault-1     | 
vault-1     | You may need to set the following environment variables:
vault-1     | 
vault-1     |     $ export VAULT_ADDR='http://0.0.0.0:8200'
vault-1     | 
vault-1     | The unseal key and root token are displayed below in case you want to
vault-1     | seal/unseal the Vault or re-authenticate.
vault-1     | 
vault-1     | Unseal Key: 3i93vMmiD9nuinPX6X+BF8K/eZwRkmIuWaZbKxkNNLY=
vault-1     | Root Token: qkern-certification-root-token
vault-1     | 
vault-1     | Development mode should NOT be used in production installations!
vault-1     | 
postgres-1  | CREATE POLICY
postgres-1  | CREATE POLICY
postgres-1  | REVOKE
postgres-1  | GRANT
postgres-1  | GRANT
postgres-1  | GRANT
postgres-1  | COMMIT
postgres-1  | certification-init: applying 0081_project_queue_message_traces.sql
postgres-1  | BEGIN
postgres-1  | CREATE TABLE
postgres-1  | CREATE INDEX
postgres-1  | CREATE INDEX
postgres-1  | CREATE FUNCTION
postgres-1  | CREATE TRIGGER
postgres-1  | ALTER TABLE
postgres-1  | ALTER TABLE
postgres-1  | CREATE POLICY
postgres-1  | CREATE POLICY
postgres-1  | CREATE POLICY
postgres-1  | REVOKE
postgres-1  | REVOKE
postgres-1  | GRANT
postgres-1  | GRANT
postgres-1  | COMMIT
postgres-1  | certification-init: applying 0082_trace_spans_and_outbound_anchor.sql
postgres-1  | BEGIN
postgres-1  | ALTER TABLE
postgres-1  | ALTER TABLE
postgres-1  | ALTER TABLE
postgres-1  | ALTER TABLE
postgres-1  | ALTER TABLE
postgres-1  | CREATE FUNCTION
postgres-1  | REVOKE
postgres-1  | COMMIT
postgres-1  | certification-init: applying 0083_project_database_backups.sql
postgres-1  | BEGIN
postgres-1  | CREATE TABLE
postgres-1  | CREATE INDEX
postgres-1  | CREATE INDEX
postgres-1  | CREATE INDEX
postgres-1  | CREATE TRIGGER
postgres-1  | ALTER TABLE
postgres-1  | ALTER TABLE
postgres-1  | CREATE POLICY
postgres-1  | REVOKE
postgres-1  | GRANT
postgres-1  | GRANT
postgres-1  | COMMIT
postgres-1  | certification-init: applying 0084_project_database_backup_schedules.sql
postgres-1  | BEGIN
postgres-1  | ALTER TABLE
postgres-1  | COMMENT
postgres-1  | ALTER TABLE
postgres-1  | ALTER TABLE
postgres-1  | ALTER TABLE
postgres-1  | ALTER TABLE
postgres-1  | ALTER TABLE
postgres-1  | ALTER TABLE
postgres-1  | CREATE INDEX
postgres-1  | GRANT
postgres-1  | CREATE TABLE
postgres-1  | CREATE INDEX
postgres-1  | CREATE TRIGGER
postgres-1  | INSERT 0 0
postgres-1  | ALTER TABLE
postgres-1  | ALTER TABLE
postgres-1  | CREATE POLICY
postgres-1  | REVOKE
postgres-1  | GRANT
postgres-1  | GRANT
postgres-1  | CREATE FUNCTION
postgres-1  | REVOKE
postgres-1  | CREATE TRIGGER
postgres-1  | COMMIT
postgres-1  | certification-init: applying 0085_project_queue_trace_search.sql
postgres-1  | BEGIN
postgres-1  | CREATE INDEX
postgres-1  | COMMIT
postgres-1  | certification-init: applying 0086_user_console_interface_mode.sql
postgres-1  | BEGIN
postgres-1  | ALTER TABLE
postgres-1  | GRANT
postgres-1  | COMMIT
postgres-1  | certification-init: applying 0087_project_deletion.sql
postgres-1  | BEGIN
postgres-1  | ALTER TABLE
postgres-1  | CREATE INDEX
postgres-1  | CREATE FUNCTION
postgres-1  | CREATE FUNCTION
postgres-1  | REVOKE
postgres-1  | REVOKE
postgres-1  | GRANT
postgres-1  | GRANT
postgres-1  | CREATE FUNCTION
postgres-1  | CREATE FUNCTION
postgres-1  | REVOKE
postgres-1  | GRANT
postgres-1  | REVOKE
postgres-1  | GRANT
postgres-1  | COMMIT
postgres-1  | certification-init: applying 0088_worker_sees_deleted_projects.sql
postgres-1  | BEGIN
postgres-1  | GRANT
postgres-1  | COMMIT
postgres-1  | certification-init: applying 0089_project_purge.sql
postgres-1  | BEGIN
postgres-1  | ALTER TABLE
postgres-1  | CREATE FUNCTION
postgres-1  | REVOKE
postgres-1  | GRANT
postgres-1  | COMMIT
postgres-1  | certification-init: applying 0090_project_purge_storage.sql
postgres-1  | BEGIN
postgres-1  | CREATE FUNCTION
postgres-1  | CREATE FUNCTION
postgres-1  | CREATE FUNCTION
postgres-1  | DROP FUNCTION
postgres-1  | CREATE FUNCTION
postgres-1  | REVOKE
postgres-1  | REVOKE
postgres-1  | REVOKE
postgres-1  | REVOKE
postgres-1  | GRANT
postgres-1  | GRANT
postgres-1  | GRANT
postgres-1  | GRANT
postgres-1  | COMMIT
postgres-1  | certification-init: applying 0091_project_database_teardown.sql
postgres-1  | BEGIN
postgres-1  | CREATE TABLE
postgres-1  | CREATE INDEX
postgres-1  | ALTER TABLE
postgres-1  | ALTER TABLE
postgres-1  | CREATE POLICY
postgres-1  | REVOKE
postgres-1  | GRANT
postgres-1  | CREATE FUNCTION
postgres-1  | CREATE FUNCTION
postgres-1  | CREATE FUNCTION
postgres-1  | REVOKE
postgres-1  | REVOKE
postgres-1  | REVOKE
postgres-1  | GRANT
postgres-1  | GRANT
postgres-1  | GRANT
postgres-1  | COMMIT
postgres-1  | certification-init: applied 85 migrations
postgres-1  | CREATE EXTENSION
postgres-1  | CREATE ROLE
postgres-1  | CREATE ROLE
postgres-1  | CREATE ROLE
postgres-1  | CREATE ROLE
postgres-1  | CREATE ROLE
postgres-1  | GRANT ROLE
postgres-1  | GRANT ROLE
postgres-1  | GRANT ROLE
postgres-1  | GRANT ROLE
postgres-1  | 2026-10-08 16:41:41.067 UTC [383] WARNING:  role "qkern_app" has not been granted membership in role "qkern_auth" by role "qkern"
postgres-1  | WARNING:  role "qkern_app" has not been granted membership in role "qkern_auth" by role "qkern"
postgres-1  | REVOKE ROLE
postgres-1  | 2026-10-08 16:41:41.071 UTC [383] WARNING:  role "qkern_app" has not been granted membership in role "qkern_worker" by role "qkern"
postgres-1  | WARNING:  role "qkern_app" has not been granted membership in role "qkern_worker" by role "qkern"
postgres-1  | REVOKE ROLE
postgres-1  | 2026-10-08 16:41:41.073 UTC [383] WARNING:  role "qkern_app" has not been granted membership in role "qkern_provisioner" by role "qkern"
postgres-1  | WARNING:  role "qkern_app" has not been granted membership in role "qkern_provisioner" by role "qkern"
postgres-1  | REVOKE ROLE
postgres-1  | 2026-10-08 16:41:41.076 UTC [383] WARNING:  role "qkern_auth_app" has not been granted membership in role "qkern_runtime" by role "qkern"
postgres-1  | WARNING:  role "qkern_auth_app" has not been granted membership in role "qkern_runtime" by role "qkern"
postgres-1  | REVOKE ROLE
postgres-1  | 2026-10-08 16:41:41.077 UTC [383] WARNING:  role "qkern_auth_app" has not been granted membership in role "qkern_worker" by role "qkern"
postgres-1  | REVOKE ROLE
postgres-1  | WARNING:  role "qkern_auth_app" has not been granted membership in role "qkern_worker" by role "qkern"
postgres-1  | 2026-10-08 16:41:41.079 UTC [383] WARNING:  role "qkern_auth_app" has not been granted membership in role "qkern_provisioner" by role "qkern"
postgres-1  | WARNING:  role "qkern_auth_app" has not been granted membership in role "qkern_provisioner" by role "qkern"
postgres-1  | REVOKE ROLE
postgres-1  | 2026-10-08 16:41:41.082 UTC [383] WARNING:  role "qkern_worker_app" has not been granted membership in role "qkern_runtime" by role "qkern"
postgres-1  | 2026-10-08 16:41:41.082 UTC [383] WARNING:  role "qkern_worker_app" has not been granted membership in role "qkern_auth" by role "qkern"
postgres-1  | 2026-10-08 16:41:41.082 UTC [383] WARNING:  role "qkern_worker_app" has not been granted membership in role "qkern_provisioner" by role "qkern"
postgres-1  | WARNING:  role "qkern_worker_app" has not been granted membership in role "qkern_runtime" by role "qkern"
postgres-1  | WARNING:  role "qkern_worker_app" has not been granted membership in role "qkern_auth" by role "qkern"
postgres-1  | WARNING:  role "qkern_worker_app" has not been granted membership in role "qkern_provisioner" by role "qkern"
postgres-1  | REVOKE ROLE
postgres-1  | 2026-10-08 16:41:41.084 UTC [383] WARNING:  role "qkern_provisioner_app" has not been granted membership in role "qkern_runtime" by role "qkern"
postgres-1  | 2026-10-08 16:41:41.084 UTC [383] WARNING:  role "qkern_provisioner_app" has not been granted membership in role "qkern_auth" by role "qkern"
postgres-1  | 2026-10-08 16:41:41.084 UTC [383] WARNING:  role "qkern_provisioner_app" has not been granted membership in role "qkern_worker" by role "qkern"
postgres-1  | WARNING:  role "qkern_provisioner_app" has not been granted membership in role "qkern_runtime" by role "qkern"
postgres-1  | WARNING:  role "qkern_provisioner_app" has not been granted membership in role "qkern_auth" by role "qkern"
postgres-1  | WARNING:  role "qkern_provisioner_app" has not been granted membership in role "qkern_worker" by role "qkern"
postgres-1  | WARNING:  role "qkern_project_api_app" has not been granted membership in role "qkern_runtime" by role "qkern"
postgres-1  | WARNING:  role "qkern_project_api_app" has not been granted membership in role "qkern_auth" by role "qkern"
postgres-1  | WARNING:  role "qkern_project_api_app" has not been granted membership in role "qkern_worker" by role "qkern"
postgres-1  | WARNING:  role "qkern_project_api_app" has not been granted membership in role "qkern_provisioner" by role "qkern"
postgres-1  | REVOKE ROLE
postgres-1  | 2026-10-08 16:41:41.085 UTC [383] WARNING:  role "qkern_project_api_app" has not been granted membership in role "qkern_runtime" by role "qkern"
postgres-1  | 2026-10-08 16:41:41.085 UTC [383] WARNING:  role "qkern_project_api_app" has not been granted membership in role "qkern_auth" by role "qkern"
postgres-1  | 2026-10-08 16:41:41.085 UTC [383] WARNING:  role "qkern_project_api_app" has not been granted membership in role "qkern_worker" by role "qkern"
postgres-1  | 2026-10-08 16:41:41.085 UTC [383] WARNING:  role "qkern_project_api_app" has not been granted membership in role "qkern_provisioner" by role "qkern"
postgres-1  | REVOKE ROLE
postgres-1  | ALTER ROLE
postgres-1  | ALTER ROLE
postgres-1  | ALTER ROLE
postgres-1  | ALTER ROLE
postgres-1  | ALTER ROLE
postgres-1  | ALTER ROLE
postgres-1  | ALTER ROLE
postgres-1  | ALTER ROLE
postgres-1  | ALTER ROLE
postgres-1  | ALTER ROLE
postgres-1  | ALTER ROLE
postgres-1  | ALTER ROLE
postgres-1  | ALTER ROLE
postgres-1  | ALTER ROLE
postgres-1  | ALTER ROLE
postgres-1  | project-database: kein Passwort gesetzt, lokale Projektdatenbank wird nicht angelegt
postgres-1  | 
postgres-1  | waiting for server to shut down....2026-10-08 16:41:41.131 UTC [50] LOG:  received fast shutdown request
postgres-1  | 2026-10-08 16:41:41.131 UTC [50] LOG:  aborting any active transactions
postgres-1  | 2026-10-08 16:41:41.140 UTC [50] LOG:  background worker "logical replication launcher" (PID 56) exited with exit code 1
postgres-1  | 2026-10-08 16:41:41.141 UTC [51] LOG:  shutting down
postgres-1  | 2026-10-08 16:41:41.141 UTC [51] LOG:  checkpoint starting: shutdown immediate
postgres-1  | 2026-10-08 16:41:41.173 UTC [51] LOG:  checkpoint complete: wrote 1313 buffers (8.0%); 0 WAL file(s) added, 0 removed, 0 recycled; write=0.028 s, sync=0.004 s, total=0.033 s; sync files=792, longest=0.001 s, average=0.001 s; distance=9197 kB, estimate=9197 kB; lsn=0/1DED6B8, redo lsn=0/1DED6B8
postgres-1  | 2026-10-08 16:41:41.187 UTC [50] LOG:  database system is shut down
postgres-1  |  done
postgres-1  | server stopped
postgres-1  | 
postgres-1  | PostgreSQL init process complete; ready for start up.
postgres-1  | 
postgres-1  | 2026-10-08 16:41:41.291 UTC [1] LOG:  starting PostgreSQL 17.10 on x86_64-pc-linux-musl, compiled by gcc (Alpine 15.2.0) 15.2.0, 64-bit
postgres-1  | 2026-10-08 16:41:41.292 UTC [1] LOG:  listening on IPv4 address "0.0.0.0", port 5432
postgres-1  | 2026-10-08 16:41:41.292 UTC [1] LOG:  listening on IPv6 address "::", port 5432
postgres-1  | 2026-10-08 16:41:41.300 UTC [1] LOG:  listening on Unix socket "/var/run/postgresql/.s.PGSQL.5432"
postgres-1  | 2026-10-08 16:41:41.306 UTC [389] LOG:  database system was shut down at 2026-10-08 16:41:41 UTC
postgres-1  | 2026-10-08 16:41:41.328 UTC [1] LOG:  database system is ready to accept connections
 Container qkern-slice-teardown6-vault-1 Healthy 
 Container qkern-slice-teardown6-postgres-1 Healthy 
 Container qkern-slice-teardown6-certification-1 Starting 
 Container qkern-slice-teardown6-certification-1 Started 
certification-1  | vault-seed: one signing secret written
certification-1  | 
certification-1  | added 240 packages, and audited 241 packages in 1m
certification-1  | 
certification-1  | 61 packages are looking for funding
certification-1  |   run `npm fund` for details
certification-1  | 
certification-1  | 13 vulnerabilities (6 moderate, 5 high, 2 critical)
certification-1  | 
certification-1  | To address issues that do not require attention, run:
certification-1  |   npm audit fix
certification-1  | 
certification-1  | To address all issues, run:
certification-1  |   npm audit fix --force
certification-1  | 
certification-1  | Run `npm audit` for details.
certification-1  | npm notice
certification-1  | npm notice New major version of npm available! 11.17.0 -> 12.2.0
certification-1  | npm notice Changelog: https://github.com/npm/cli/releases/tag/v12.2.0
certification-1  | npm notice To update run: npm install -g npm@12.2.0
certification-1  | npm notice
certification-1  | certification: vitest --maxWorkers=2
certification-1  | 
certification-1  | > qkern-platform@2.81.0 test:postgres
certification-1  | > vitest run tests/postgres.integration.test.ts tests/postgres-incident-recovery.integration.test.ts tests/generated-data-postgres.integration.test.ts tests/project-auth-postgres.integration.test.ts tests/project-storage-postgres.integration.test.ts tests/project-queues-postgres.integration.test.ts tests/usage-metering-postgres.integration.test.ts tests/realtime-postgres.integration.test.ts tests/realtime-change-feed-postgres.integration.test.ts tests/realtime-change-chain-postgres.integration.test.ts tests/realtime-change-soak-postgres.integration.test.ts tests/project-queues-multi-instance.integration.test.ts tests/compute-cron-postgres.integration.test.ts tests/compute-webhook-postgres.integration.test.ts tests/compute-webhook-chain.integration.test.ts tests/compute-definitions-postgres.integration.test.ts tests/compute-functions-postgres.integration.test.ts tests/usage-emitters-postgres.integration.test.ts tests/migration-process-postgres.integration.test.ts tests/realtime-process-postgres.integration.test.ts tests/provisioning-port-postgres.integration.test.ts tests/migration-enqueue-postgres.integration.test.ts tests/sql-privilege-clause-contract.integration.test.ts tests/queue-connection-pressure-postgres.integration.test.ts tests/usage-billing-postgres.integration.test.ts tests/billing-invoice-postgres.integration.test.ts tests/data-plane-query-postgres.integration.test.ts tests/data-plane-triggers-postgres.integration.test.ts tests/data-plane-functions-postgres.integration.test.ts tests/data-plane-catalog-postgres.integration.test.ts tests/data-plane-catalog-wide-postgres.integration.test.ts --maxWorkers=2
certification-1  | 
certification-1  | 
certification-1  | [1m[30m[46m RUN [49m[39m[22m [36mv4.1.10 [39m[90m/workspace/qkern[39m
certification-1  | 
certification-1  |  [32m✓[39m tests/usage-emitters-postgres.integration.test.ts [2m([22m[2m20 tests[22m[2m)[22m[33m 3636[2mms[22m[39m
certification-1  |      [33m[2m✓[22m[39m counts a real enqueue in the durable ledger [33m 349[2mms[22m[39m
certification-1  |      [33m[2m✓[22m[39m counts every simultaneous enqueue across queues exactly once [33m 625[2mms[22m[39m
postgres-1       | 2026-10-08 16:43:38.149 UTC [905] ERROR:  permission denied for table users
postgres-1       | 2026-10-08 16:43:38.149 UTC [905] STATEMENT:  SELECT id FROM users LIMIT 1
postgres-1       | 2026-10-08 16:43:38.202 UTC [906] ERROR:  permission denied for table projects
postgres-1       | 2026-10-08 16:43:38.202 UTC [906] STATEMENT:  SELECT id FROM projects LIMIT 1
postgres-1       | 2026-10-08 16:43:39.869 UTC [915] ERROR:  cron progress must not move backwards
postgres-1       | 2026-10-08 16:43:39.869 UTC [915] CONTEXT:  PL/pgSQL function qkern_validate_project_cron_update() line 10 at RAISE
postgres-1       | 2026-10-08 16:43:39.869 UTC [915] STATEMENT:  UPDATE project_cron_definitions
postgres-1       | 	            SET last_dispatched_at=$3, updated_at=now()
postgres-1       | 	          WHERE organization_id=$1 AND id=$2
postgres-1       | 2026-10-08 16:43:39.956 UTC [914] ERROR:  cron progress must not move backwards
postgres-1       | 2026-10-08 16:43:39.956 UTC [914] CONTEXT:  PL/pgSQL function qkern_validate_project_cron_update() line 10 at RAISE
postgres-1       | 2026-10-08 16:43:39.956 UTC [914] STATEMENT:  UPDATE project_cron_definitions
postgres-1       | 	            SET last_dispatched_at=$3, updated_at=now()
postgres-1       | 	          WHERE organization_id=$1 AND id=$2
postgres-1       | 2026-10-08 16:43:39.996 UTC [916] ERROR:  cron progress must not move backwards
postgres-1       | 2026-10-08 16:43:39.996 UTC [916] CONTEXT:  PL/pgSQL function qkern_validate_project_cron_update() line 10 at RAISE
postgres-1       | 2026-10-08 16:43:39.996 UTC [916] STATEMENT:  UPDATE project_cron_definitions
postgres-1       | 	            SET last_dispatched_at=$3, updated_at=now()
postgres-1       | 	          WHERE organization_id=$1 AND id=$2
postgres-1       | 2026-10-08 16:43:40.026 UTC [914] ERROR:  cron progress must not move backwards
postgres-1       | 2026-10-08 16:43:40.026 UTC [914] CONTEXT:  PL/pgSQL function qkern_validate_project_cron_update() line 10 at RAISE
postgres-1       | 2026-10-08 16:43:40.026 UTC [914] STATEMENT:  UPDATE project_cron_definitions
postgres-1       | 	            SET last_dispatched_at=$3, updated_at=now()
postgres-1       | 	          WHERE organization_id=$1 AND id=$2
postgres-1       | 2026-10-08 16:43:40.041 UTC [916] ERROR:  cron progress must not move backwards
postgres-1       | 2026-10-08 16:43:40.041 UTC [916] CONTEXT:  PL/pgSQL function qkern_validate_project_cron_update() line 10 at RAISE
postgres-1       | 2026-10-08 16:43:40.041 UTC [916] STATEMENT:  UPDATE project_cron_definitions
postgres-1       | 	            SET last_dispatched_at=$3, updated_at=now()
postgres-1       | 	          WHERE organization_id=$1 AND id=$2
postgres-1       | 2026-10-08 16:43:40.078 UTC [913] ERROR:  cron progress must not move backwards
postgres-1       | 2026-10-08 16:43:40.078 UTC [913] CONTEXT:  PL/pgSQL function qkern_validate_project_cron_update() line 10 at RAISE
postgres-1       | 2026-10-08 16:43:40.078 UTC [913] STATEMENT:  UPDATE project_cron_definitions
postgres-1       | 	            SET last_dispatched_at=$3, updated_at=now()
postgres-1       | 	          WHERE organization_id=$1 AND id=$2
postgres-1       | 2026-10-08 16:43:40.177 UTC [889] ERROR:  cron progress must not move backwards
postgres-1       | 2026-10-08 16:43:40.177 UTC [889] CONTEXT:  PL/pgSQL function qkern_validate_project_cron_update() line 10 at RAISE
postgres-1       | 2026-10-08 16:43:40.177 UTC [889] STATEMENT:  UPDATE project_cron_definitions SET last_dispatched_at=$2 WHERE id=$1
postgres-1       | 2026-10-08 16:43:40.253 UTC [926] ERROR:  cron identity is immutable
postgres-1       | 2026-10-08 16:43:40.253 UTC [926] CONTEXT:  PL/pgSQL function qkern_validate_project_cron_update() line 6 at RAISE
postgres-1       | 2026-10-08 16:43:40.253 UTC [926] STATEMENT:  UPDATE project_cron_definitions SET project_id=$2 WHERE id=$1
certification-1  |  [32m✓[39m tests/compute-cron-postgres.integration.test.ts [2m([22m[2m13 tests[22m[2m)[22m[33m 13137[2mms[22m[39m
certification-1  |      [33m[2m✓[22m[39m dispatches a zoned schedule through the real progress across the missing hour [33m 346[2mms[22m[39m
certification-1  |      [33m[2m✓[22m[39m dispatches L, # and W schedules through the real progress [33m 1801[2mms[22m[39m
certification-1  |      [33m[2m✓[22m[39m produces exactly one message when two schedulers fire the same occurrence [33m 661[2mms[22m[39m
certification-1  |      [33m[2m✓[22m[39m dispatches from the shipped process [33m 5159[2mms[22m[39m
certification-1  |      [33m[2m✓[22m[39m reports ready while the cron loop is doing its rounds [33m 2337[2mms[22m[39m
certification-1  |      [33m[2m✓[22m[39m stops reporting ready when every definition fails [33m 1651[2mms[22m[39m
postgres-1       | 2026-10-08 16:43:51.038 UTC [904] ERROR:  new row for relation "project_queue_messages" violates check constraint "project_queue_messages_dedupe_pair"
postgres-1       | 2026-10-08 16:43:51.038 UTC [904] DETAIL:  Failing row contains (37b9a638-7f98-4e5c-b2de-f3251da7e3dc, cbed43de-06e6-45ad-8693-00f3112736b6, c302c315-a7be-4a54-b078-b810edbb6eec, development, 72e55a16-ba17-471a-84d5-1fbfe31832cf, {}, available, probe, ffffffffffffffffffffffffffffffffffffffffffffffffffffffffffffffff, null, 0, 2026-10-08 16:43:51.03702+00, null, null, 0, null, null, 2026-10-08 16:43:51.03702+00, null, null, null).
postgres-1       | 2026-10-08 16:43:51.038 UTC [904] STATEMENT:  INSERT INTO project_queue_messages
postgres-1       | 	        (organization_id,project_id,environment,queue_id,payload,owner_subject,dedupe_key_hash)
postgres-1       | 	        VALUES ($1,$2,'development',$3,'{}'::jsonb,'probe',$4)
postgres-1       | 2026-10-08 16:43:51.180 UTC [988] FATAL:  database "absent_9a8d4f90_afb2_45eb_ae8e_2c878f5a0a79" does not exist
postgres-1       | 2026-10-08 16:43:52.195 UTC [387] LOG:  checkpoint starting: immediate force wait
postgres-1       | 2026-10-08 16:43:52.241 UTC [387] LOG:  checkpoint complete: wrote 1515 buffers (9.2%); 0 WAL file(s) added, 0 removed, 2 recycled; write=0.042 s, sync=0.002 s, total=0.046 s; sync files=543, longest=0.001 s, average=0.001 s; distance=30907 kB, estimate=30907 kB; lsn=0/3C1C630, redo lsn=0/3C1C5D8
postgres-1       | 2026-10-08 16:43:57.270 UTC [908] ERROR:  new row for relation "project_auth_settings" violates check constraint "project_auth_settings_rate_limits_check"
postgres-1       | 2026-10-08 16:43:57.270 UTC [908] DETAIL:  Failing row contains (0f52e47a-bbbc-48c3-b2e8-fb0741b6318c, 2a00a157-21d0-4c41-a2eb-7b4c97c8537f, development, f, 2026-09-26 12:00:00+00, {}, 0, 900, 5, 3600, 2, 900, f, 12, named, null, 2000, null, 2000, {}).
postgres-1       | 2026-10-08 16:43:57.270 UTC [908] STATEMENT:  UPDATE project_auth_settings SET sign_in_max = 0
postgres-1       | 	       WHERE organization_id = $1 AND project_id = $2 AND environment = 'development'
postgres-1       | 2026-10-08 16:43:57.427 UTC [387] LOG:  checkpoint starting: immediate force wait
postgres-1       | 2026-10-08 16:43:57.431 UTC [387] LOG:  checkpoint complete: wrote 106 buffers (0.6%); 0 WAL file(s) added, 0 removed, 0 recycled; write=0.004 s, sync=0.001 s, total=0.005 s; sync files=80, longest=0.001 s, average=0.000 s; distance=374 kB, estimate=27854 kB; lsn=0/3C7A1D0, redo lsn=0/3C7A178
certification-1  |  [32m✓[39m tests/migration-process-postgres.integration.test.ts [2m([22m[2m4 tests[22m[2m)[22m[33m 7020[2mms[22m[39m
certification-1  |      [33m[2m✓[22m[39m applies a queued statement to the real project database [33m 2172[2mms[22m[39m
certification-1  |      [33m[2m✓[22m[39m keeps a tampered statement out of the project database [33m 2044[2mms[22m[39m
certification-1  |      [33m[2m✓[22m[39m names the violated boundary condition without describing the database [33m 2088[2mms[22m[39m
postgres-1       | 2026-10-08 16:43:58.317 UTC [1022] ERROR:  new row for relation "project_auth_settings" violates check constraint "project_auth_settings_password_protection_check"
postgres-1       | 2026-10-08 16:43:58.317 UTC [1022] DETAIL:  Failing row contains (8b220ed4-5374-457d-a25a-3a0f8e2f1363, da56a5f4-c16f-454e-9aaf-981462f04514, development, f, 2026-09-26 13:00:00+00, {}, 10, 900, 5, 3600, 60, 3600, t, 11, generic, null, 2000, null, 2000, {}).
postgres-1       | 2026-10-08 16:43:58.317 UTC [1022] STATEMENT:  UPDATE project_auth_settings SET password_min_length = 11
postgres-1       | 	         WHERE organization_id = $1 AND project_id = $2 AND environment = 'development'
postgres-1       | 2026-10-08 16:43:58.360 UTC [1027] ERROR:  new row for relation "project_auth_settings" violates check constraint "project_auth_settings_password_protection_check"
postgres-1       | 2026-10-08 16:43:58.360 UTC [1027] DETAIL:  Failing row contains (8b220ed4-5374-457d-a25a-3a0f8e2f1363, da56a5f4-c16f-454e-9aaf-981462f04514, development, f, 2026-09-26 13:00:00+00, {}, 10, 900, 5, 3600, 60, 3600, t, 129, generic, null, 2000, null, 2000, {}).
postgres-1       | 2026-10-08 16:43:58.360 UTC [1027] STATEMENT:  UPDATE project_auth_settings SET password_min_length = 129
postgres-1       | 	         WHERE organization_id = $1 AND project_id = $2 AND environment = 'development'
postgres-1       | 2026-10-08 16:43:58.394 UTC [1028] ERROR:  new row for relation "project_auth_settings" violates check constraint "project_auth_settings_password_protection_check"
postgres-1       | 2026-10-08 16:43:58.394 UTC [1028] DETAIL:  Failing row contains (8b220ed4-5374-457d-a25a-3a0f8e2f1363, da56a5f4-c16f-454e-9aaf-981462f04514, development, f, 2026-09-26 13:00:00+00, {}, 10, 900, 5, 3600, 60, 3600, t, 14, loud, null, 2000, null, 2000, {}).
postgres-1       | 2026-10-08 16:43:58.394 UTC [1028] STATEMENT:  UPDATE project_auth_settings SET leaked_password_notice = 'loud'
postgres-1       | 	         WHERE organization_id = $1 AND project_id = $2 AND environment = 'development'
postgres-1       | 2026-10-08 16:43:59.566 UTC [1032] ERROR:  new row violates row-level security policy for table "items"
postgres-1       | 2026-10-08 16:43:59.566 UTC [1032] CONTEXT:  SQL function "add_item" statement 1
postgres-1       | 2026-10-08 16:43:59.566 UTC [1032] STATEMENT:  SELECT "generated_f0272381_0f6e_4ae7_b7e0_55d7189650e0"."add_item"("item_name" => $1::text, "item_owner" => $2::text) AS result
certification-1  |  [32m✓[39m tests/generated-data-postgres.integration.test.ts [2m([22m[2m9 tests[22m[2m)[22m[33m 1345[2mms[22m[39m
postgres-1       | 2026-10-08 16:44:01.859 UTC [387] LOG:  checkpoint starting: immediate force wait
postgres-1       | 2026-10-08 16:44:01.870 UTC [387] LOG:  checkpoint complete: wrote 246 buffers (1.5%); 0 WAL file(s) added, 0 removed, 1 recycled; write=0.010 s, sync=0.001 s, total=0.011 s; sync files=169, longest=0.001 s, average=0.001 s; distance=5434 kB, estimate=25612 kB; lsn=0/41C8C58, redo lsn=0/41C8C00
postgres-1       | 2026-10-08 16:44:02.841 UTC [1047] ERROR:  realtime events are append-only
postgres-1       | 2026-10-08 16:44:02.841 UTC [1047] CONTEXT:  PL/pgSQL function qkern_reject_realtime_event_update() line 3 at RAISE
postgres-1       | 2026-10-08 16:44:02.841 UTC [1047] STATEMENT:  UPDATE realtime_events SET event='tampered'
postgres-1       | 	        WHERE organization_id=$1 AND channel=$2
certification-1  |  [32m✓[39m tests/realtime-postgres.integration.test.ts [2m([22m[2m9 tests[22m[2m)[22m[33m 2202[2mms[22m[39m
certification-1  |      [33m[2m✓[22m[39m delivers a broadcast to a subscriber on a second instance through PostgreSQL [33m 329[2mms[22m[39m
certification-1  |      [33m[2m✓[22m[39m assigns one global sequence per channel across instances [33m 315[2mms[22m[39m
certification-1  |      [33m[2m✓[22m[39m merges the presence of two instances and keeps it across a restart of the one that wrote it [33m 399[2mms[22m[39m
postgres-1       | 2026-10-08 16:44:04.520 UTC [1115] ERROR:  permission denied for table project_database_provisioning_jobs
postgres-1       | 2026-10-08 16:44:04.520 UTC [1115] STATEMENT:  SELECT 1 FROM project_database_provisioning_jobs LIMIT 1
postgres-1       | 2026-10-08 16:44:04.541 UTC [1115] ERROR:  permission denied for table project_database_bindings
postgres-1       | 2026-10-08 16:44:04.541 UTC [1115] STATEMENT:  SELECT 1 FROM project_database_bindings LIMIT 1
certification-1  |  [32m✓[39m tests/provisioning-port-postgres.integration.test.ts [2m([22m[2m6 tests[22m[2m)[22m[33m 786[2mms[22m[39m
certification-1  |      [33m[2m✓[22m[39m (2.88) hands the web runtime the order of its own tenant and never a field of the binding [33m 396[2mms[22m[39m
postgres-1       | 2026-10-08 16:44:06.827 UTC [1117] ERROR:  new row for relation "migration_incident_delivery_commands" violates check constraint "migration_incident_delivery_commands_expected_failure_code"
postgres-1       | 2026-10-08 16:44:06.827 UTC [1117] DETAIL:  Failing row contains (4c342acc-29f0-4bb9-9b10-194a3f6717c2, ab7c6c34-d562-43b2-b0fa-01e97f830126, 6815a844-d64e-44b8-becf-2573927c1cf6, constraint-test, destination_recovered, pending, null, 2026-10-08 16:44:06.82585+00, 2026-10-08 16:44:06.82585+00, null, null).
postgres-1       | 2026-10-08 16:44:06.827 UTC [1117] STATEMENT:  INSERT INTO migration_incident_delivery_commands
postgres-1       | 	           (organization_id, migration_incident_id, requested_by, reason_code,
postgres-1       | 	            expected_failure_code, expected_retry_cycle)
postgres-1       | 	         VALUES ($1, $2, 'constraint-test', 'destination_recovered', NULL, NULL)
postgres-1       | 2026-10-08 16:44:06.867 UTC [1126] ERROR:  new row for relation "migration_incident_delivery_commands" violates check constraint "migration_incident_delivery_commands_expected_retry_cycle"
postgres-1       | 2026-10-08 16:44:06.867 UTC [1126] DETAIL:  Failing row contains (d6815d32-b046-4bed-9d1c-042eebd3eb89, ab7c6c34-d562-43b2-b0fa-01e97f830126, 6815a844-d64e-44b8-becf-2573927c1cf6, constraint-test, destination_recovered, pending, null, 2026-10-08 16:44:06.861766+00, 2026-10-08 16:44:06.861766+00, PUBLISH_FAILED, null).
postgres-1       | 2026-10-08 16:44:06.867 UTC [1126] STATEMENT:  INSERT INTO migration_incident_delivery_commands
postgres-1       | 	           (organization_id, migration_incident_id, requested_by, reason_code,
postgres-1       | 	            expected_failure_code, expected_retry_cycle)
postgres-1       | 	         VALUES ($1, $2, 'constraint-test', 'destination_recovered', 'PUBLISH_FAILED', NULL)
postgres-1       | 2026-10-08 16:44:07.475 UTC [1129] ERROR:  migration incident resolution requires worker-verified ledger evidence
postgres-1       | 2026-10-08 16:44:07.475 UTC [1129] CONTEXT:  PL/pgSQL function qkern_validate_migration_incident_acknowledgement() line 49 at RAISE
postgres-1       | 2026-10-08 16:44:07.475 UTC [1129] STATEMENT:  UPDATE migration_incidents
postgres-1       | 	       SET status = 'resolved',
postgres-1       | 	           resolution_code = 'target_ledger_match'::qkern_migration_incident_resolution_code
postgres-1       | 	       WHERE organization_id = $1 AND migration_job_id = $2
postgres-1       | 	         AND status IN ('open', 'acknowledged')
postgres-1       | 	       RETURNING 
postgres-1       | 	  id, organization_id, migration_job_id, project_id, environment, change_set_id,
postgres-1       | 	  kind, severity, status, detected_review_cycle, detected_reconciliation_attempt,
postgres-1       | 	  acknowledged_by, acknowledgement_code, acknowledged_at,
postgres-1       | 	  resolved_by, resolution_code, resolved_at, created_at, updated_at
postgres-1       | 2026-10-08 16:44:07.517 UTC [387] LOG:  checkpoint starting: immediate force wait
postgres-1       | 2026-10-08 16:44:07.532 UTC [387] LOG:  checkpoint complete: wrote 1086 buffers (6.6%); 0 WAL file(s) added, 0 removed, 0 recycled; write=0.013 s, sync=0.002 s, total=0.015 s; sync files=406, longest=0.001 s, average=0.001 s; distance=10252 kB, estimate=24076 kB; lsn=0/4BCBEE0, redo lsn=0/4BCBE88
certification-1  |  [32m✓[39m tests/postgres-incident-recovery.integration.test.ts [2m([22m[2m6 tests[22m[2m)[22m[33m 1943[2mms[22m[39m
postgres-1       | 2026-10-08 16:44:09.240 UTC [387] LOG:  checkpoint starting: immediate force wait
postgres-1       | 2026-10-08 16:44:09.244 UTC [387] LOG:  checkpoint complete: wrote 83 buffers (0.5%); 0 WAL file(s) added, 0 removed, 0 recycled; write=0.004 s, sync=0.001 s, total=0.005 s; sync files=63, longest=0.001 s, average=0.000 s; distance=399 kB, estimate=21708 kB; lsn=0/4C2FDA8, redo lsn=0/4C2FD50
postgres-1       | 2026-10-08 16:44:09.718 UTC [986] ERROR:  new row for relation "user_console_settings" violates check constraint "user_console_settings_language_check"
postgres-1       | 2026-10-08 16:44:09.718 UTC [986] DETAIL:  Failing row contains (20e0a200-1f3e-46b0-a304-35f8c0e6219b, es, de-CH, browser, overview, system, 2026-10-08 16:44:09.718647+00, 2026-10-08 16:44:09.718647+00, easy).
postgres-1       | 2026-10-08 16:44:09.718 UTC [986] STATEMENT:  INSERT INTO user_console_settings (user_id, language) VALUES ($1, $2)
postgres-1       | 2026-10-08 16:44:09.749 UTC [1146] ERROR:  new row for relation "user_console_settings" violates check constraint "user_console_settings_format_locale_check"
postgres-1       | 2026-10-08 16:44:09.749 UTC [1146] DETAIL:  Failing row contains (20e0a200-1f3e-46b0-a304-35f8c0e6219b, browser, de-AT, browser, overview, system, 2026-10-08 16:44:09.746945+00, 2026-10-08 16:44:09.746945+00, easy).
postgres-1       | 2026-10-08 16:44:09.749 UTC [1146] STATEMENT:  INSERT INTO user_console_settings (user_id, format_locale) VALUES ($1, $2)
postgres-1       | 2026-10-08 16:44:09.776 UTC [1147] ERROR:  new row for relation "user_console_settings" violates check constraint "user_console_settings_theme_check"
postgres-1       | 2026-10-08 16:44:09.776 UTC [1147] DETAIL:  Failing row contains (20e0a200-1f3e-46b0-a304-35f8c0e6219b, browser, de-CH, browser, overview, sepia, 2026-10-08 16:44:09.770151+00, 2026-10-08 16:44:09.770151+00, easy).
postgres-1       | 2026-10-08 16:44:09.776 UTC [1147] STATEMENT:  INSERT INTO user_console_settings (user_id, theme) VALUES ($1, $2)
postgres-1       | 2026-10-08 16:44:09.803 UTC [1148] ERROR:  new row for relation "user_console_settings" violates check constraint "user_console_settings_time_zone_check"
postgres-1       | 2026-10-08 16:44:09.803 UTC [1148] DETAIL:  Failing row contains (20e0a200-1f3e-46b0-a304-35f8c0e6219b, browser, de-CH, kein zonenname mit leerzeichen, overview, system, 2026-10-08 16:44:09.798056+00, 2026-10-08 16:44:09.798056+00, easy).
postgres-1       | 2026-10-08 16:44:09.803 UTC [1148] STATEMENT:  INSERT INTO user_console_settings (user_id, time_zone) VALUES ($1, $2)
postgres-1       | 2026-10-08 16:44:09.834 UTC [1149] ERROR:  new row for relation "user_console_settings" violates check constraint "user_console_settings_start_view_check"
postgres-1       | 2026-10-08 16:44:09.834 UTC [1149] DETAIL:  Failing row contains (20e0a200-1f3e-46b0-a304-35f8c0e6219b, browser, de-CH, browser, Nicht Erlaubt, system, 2026-10-08 16:44:09.825103+00, 2026-10-08 16:44:09.825103+00, easy).
postgres-1       | 2026-10-08 16:44:09.834 UTC [1149] STATEMENT:  INSERT INTO user_console_settings (user_id, start_view) VALUES ($1, $2)
postgres-1       | 2026-10-08 16:44:09.854 UTC [1150] ERROR:  new row for relation "user_console_settings" violates check constraint "user_console_settings_interface_mode_check"
postgres-1       | 2026-10-08 16:44:09.854 UTC [1150] DETAIL:  Failing row contains (20e0a200-1f3e-46b0-a304-35f8c0e6219b, browser, de-CH, browser, overview, system, 2026-10-08 16:44:09.852485+00, 2026-10-08 16:44:09.852485+00, beginner).
postgres-1       | 2026-10-08 16:44:09.854 UTC [1150] STATEMENT:  INSERT INTO user_console_settings (user_id, interface_mode) VALUES ($1, $2)
postgres-1       | 2026-10-08 16:44:09.893 UTC [1029] ERROR:  permission denied for table users
postgres-1       | 2026-10-08 16:44:09.893 UTC [1029] STATEMENT:  UPDATE users SET status = 'disabled' WHERE id = $1
certification-1  |  [32m✓[39m tests/realtime-change-chain-postgres.integration.test.ts [2m([22m[2m7 tests[22m[2m)[22m[33m 10660[2mms[22m[39m
certification-1  |      [33m[2m✓[22m[39m keeps order and delivers each change exactly once under a burst [33m 1014[2mms[22m[39m
certification-1  |      [33m[2m✓[22m[39m keeps every subscriber's subset correct with many subscribers at once [33m 8992[2mms[22m[39m
postgres-1       | 2026-10-08 16:44:20.860 UTC [1210] ERROR:  project storage object identity is immutable
postgres-1       | 2026-10-08 16:44:20.860 UTC [1210] CONTEXT:  PL/pgSQL function qkern_reject_project_storage_object_mutation() line 12 at RAISE
postgres-1       | 2026-10-08 16:44:20.860 UTC [1210] STATEMENT:  UPDATE project_storage_objects SET deleted_at=coalesce(deleted_at,$5)
postgres-1       | 	        WHERE organization_id=$1 AND project_id=$2 AND environment=$3 AND id=$4
postgres-1       | 	        RETURNING id,organization_id,project_id,environment,bucket_id,object_key,owner_subject,
postgres-1       | 	  provider_key,size_bytes,content_type,checksum_sha256,etag,status,created_at,delete_after,deleted_at
certification-1  |  [32m✓[39m tests/project-storage-postgres.integration.test.ts [2m([22m[2m8 tests[22m[2m)[22m[33m 1354[2mms[22m[39m
postgres-1       | 2026-10-08 16:44:22.775 UTC [1224] ERROR:  permission denied for table project_auth_users
postgres-1       | 2026-10-08 16:44:22.775 UTC [1224] STATEMENT:  SELECT id FROM project_auth_users LIMIT 1
postgres-1       | 2026-10-08 16:44:23.531 UTC [1223] ERROR:  new row violates row-level security policy "audit_logs_project_auth_insert" for table "audit_logs"
postgres-1       | 2026-10-08 16:44:23.531 UTC [1223] STATEMENT:  INSERT INTO audit_logs
postgres-1       | 	         (organization_id, project_id, environment, actor_type, actor_ref, action, resource_ref,
postgres-1       | 	          status, redacted_metadata, previous_hash, entry_hash)
postgres-1       | 	       VALUES ($1, $2, $3, $4, $5, $6, $7, $8, $9::jsonb, NULL, repeat('0', 64))
postgres-1       | 	       RETURNING id, organization_id, project_id, environment, actor_type, actor_ref, action, resource_ref,
postgres-1       | 	                 status, redacted_metadata, previous_hash, entry_hash, created_at
certification-1  |  [32m✓[39m tests/project-auth-postgres.integration.test.ts [2m([22m[2m4 tests[22m[2m)[22m[33m 1448[2mms[22m[39m
certification-1  |      [33m[2m✓[22m[39m lists active sessions and revokes one family or all of one user in PostgreSQL (2.34) [33m 375[2mms[22m[39m
postgres-1       | 2026-10-08 16:44:25.135 UTC [1236] ERROR:  permission denied for table project_functions
postgres-1       | 2026-10-08 16:44:25.135 UTC [1236] STATEMENT:  UPDATE project_functions SET image=$2 WHERE id=$1
postgres-1       | 2026-10-08 16:44:25.185 UTC [1238] ERROR:  permission denied for table project_functions
postgres-1       | 2026-10-08 16:44:25.185 UTC [1238] STATEMENT:  UPDATE project_functions SET memory_mib=2048 WHERE id=$1
postgres-1       | 2026-10-08 16:44:25.242 UTC [1234] ERROR:  new row for relation "project_functions" violates check constraint "project_functions_image_check"
postgres-1       | 2026-10-08 16:44:25.242 UTC [1234] DETAIL:  Failing row contains (ace8ed44-1efd-47ed-8185-e6064928940a, f3040ada-44ce-4498-bcc5-d41d8d987a9c, b68c851f-80f1-4796-afa1-f71f1bca87f4, development, tagged-ae50c28e, nodejs24, registry.example.com/qkern/probe:latest, handler.mjs, 30000, 128, 1, {}, {}, t, 2026-10-08 16:44:25.189357+00).
postgres-1       | 2026-10-08 16:44:25.242 UTC [1234] STATEMENT:  INSERT INTO project_functions
postgres-1       | 	         (organization_id, project_id, environment, name, runtime, image, entrypoint)
postgres-1       | 	       VALUES ($1,$2,'development',$3,'nodejs24','registry.example.com/qkern/probe:latest','handler.mjs')
postgres-1       | 2026-10-08 16:44:25.282 UTC [1235] ERROR:  duplicate key value violates unique constraint "project_functions_name_key"
postgres-1       | 2026-10-08 16:44:25.282 UTC [1235] STATEMENT:  INSERT INTO project_functions
postgres-1       | 	           (organization_id, project_id, environment, name, runtime, image, entrypoint,
postgres-1       | 	            timeout_ms, memory_mib, max_concurrency, egress_origins, secret_refs, enabled)
postgres-1       | 	         VALUES ($1,$2,$3,$4,'nodejs24',$5,$6,$7,$8,$9,$10,$11,$12)
postgres-1       | 	         RETURNING id, organization_id, project_id, environment, name, runtime, image,
postgres-1       | 	  entrypoint, timeout_ms, memory_mib, max_concurrency, egress_origins, secret_refs, enabled,
postgres-1       | 	  created_at
postgres-1       | 2026-10-08 16:44:26.670 UTC [1220] ERROR:  relation "plaene_ef7f11d3_174a_46eb_8cd1_3b6a69801a47.gibt_es_nicht" does not exist at character 73
postgres-1       | 2026-10-08 16:44:26.670 UTC [1220] STATEMENT:  EXPLAIN (FORMAT JSON, COSTS ON, VERBOSE OFF, SUMMARY ON) SELECT id FROM "plaene_ef7f11d3_174a_46eb_8cd1_3b6a69801a47".gibt_es_nicht
postgres-1       | 2026-10-08 16:44:26.751 UTC [1247] ERROR:  function slots are immutable
postgres-1       | 2026-10-08 16:44:26.751 UTC [1247] CONTEXT:  PL/pgSQL function qkern_reject_project_function_slot_update() line 3 at RAISE
postgres-1       | 2026-10-08 16:44:26.751 UTC [1247] STATEMENT:  UPDATE project_function_slots SET expires_at = now() + interval '1 hour'
postgres-1       | 	        WHERE organization_id=$1 AND function_id=$2
postgres-1       | 2026-10-08 16:44:26.754 UTC [1151] ERROR:  division by zero
postgres-1       | 2026-10-08 16:44:26.754 UTC [1151] STATEMENT:  SELECT 1 / 0
certification-1  |  [32m✓[39m tests/compute-functions-postgres.integration.test.ts [2m([22m[2m13 tests[22m[2m)[22m[33m 2032[2mms[22m[39m
certification-1  |      [33m[2m✓[22m[39m stops a second instance once the shared limit is reached [33m 378[2mms[22m[39m
certification-1  |      [33m[2m✓[22m[39m hands the place on once the first instance is done [33m 309[2mms[22m[39m
postgres-1       | 2026-10-08 16:44:26.779 UTC [1265] ERROR:  division by zero
postgres-1       | 2026-10-08 16:44:26.779 UTC [1265] STATEMENT:  SELECT 1 / 0
postgres-1       | 2026-10-08 16:44:26.802 UTC [1266] ERROR:  division by zero
postgres-1       | 2026-10-08 16:44:26.802 UTC [1266] STATEMENT:  SELECT 1 / 0
postgres-1       | 2026-10-08 16:44:26.832 UTC [1267] ERROR:  division by zero
postgres-1       | 2026-10-08 16:44:26.832 UTC [1267] STATEMENT:  SELECT 1 / 0
postgres-1       | 2026-10-08 16:44:26.858 UTC [1268] ERROR:  division by zero
postgres-1       | 2026-10-08 16:44:26.858 UTC [1268] STATEMENT:  SELECT 1 / 0
postgres-1       | 2026-10-08 16:44:26.889 UTC [1269] ERROR:  division by zero
postgres-1       | 2026-10-08 16:44:26.889 UTC [1269] STATEMENT:  SELECT 1 / 0
postgres-1       | 2026-10-08 16:44:26.916 UTC [1270] ERROR:  division by zero
postgres-1       | 2026-10-08 16:44:26.916 UTC [1270] STATEMENT:  SELECT 1 / 0
postgres-1       | 2026-10-08 16:44:26.948 UTC [1271] ERROR:  division by zero
postgres-1       | 2026-10-08 16:44:26.948 UTC [1271] STATEMENT:  SELECT 1 / 0
postgres-1       | 2026-10-08 16:44:26.973 UTC [1272] ERROR:  division by zero
postgres-1       | 2026-10-08 16:44:26.973 UTC [1272] STATEMENT:  SELECT 1 / 0
postgres-1       | 2026-10-08 16:44:27.005 UTC [1273] ERROR:  division by zero
postgres-1       | 2026-10-08 16:44:27.005 UTC [1273] STATEMENT:  SELECT 1 / 0
postgres-1       | 2026-10-08 16:44:28.492 UTC [1285] ERROR:  webhook delivery content is immutable
postgres-1       | 2026-10-08 16:44:28.492 UTC [1285] CONTEXT:  PL/pgSQL function qkern_validate_project_webhook_delivery_update() line 10 at RAISE
postgres-1       | 2026-10-08 16:44:28.492 UTC [1285] STATEMENT:  UPDATE project_webhook_deliveries SET payload='{"tampered":true}'::jsonb WHERE id=$1
postgres-1       | 2026-10-08 16:44:28.644 UTC [1298] ERROR:  a settled webhook delivery is final
postgres-1       | 2026-10-08 16:44:28.644 UTC [1298] CONTEXT:  PL/pgSQL function qkern_validate_project_webhook_delivery_update() line 16 at RAISE
postgres-1       | 2026-10-08 16:44:28.644 UTC [1298] STATEMENT:  UPDATE project_webhook_deliveries SET status='pending' WHERE id=$1
certification-1  |  [32m✓[39m tests/compute-webhook-postgres.integration.test.ts [2m([22m[2m11 tests[22m[2m)[22m[33m 1500[2mms[22m[39m
postgres-1       | 2026-10-08 16:44:29.572 UTC [1306] ERROR:  permission denied for table pg_user_mapping
postgres-1       | 2026-10-08 16:44:29.572 UTC [1306] STATEMENT:  SELECT umoptions FROM pg_catalog.pg_user_mapping
postgres-1       | 2026-10-08 16:44:29.679 UTC [1274] WARNING:  "wal_level" is insufficient to publish logical changes
postgres-1       | 2026-10-08 16:44:29.679 UTC [1274] HINT:  Set "wal_level" to "logical" before creating subscriptions.
postgres-1       | 2026-10-08 16:44:29.732 UTC [1314] ERROR:  permission denied for table pg_subscription
postgres-1       | 2026-10-08 16:44:29.732 UTC [1314] STATEMENT:  SELECT subconninfo FROM pg_catalog.pg_subscription
postgres-1       | 2026-10-08 16:44:30.789 UTC [907] ERROR:  permission denied for table project_storage_s3_access_keys
postgres-1       | 2026-10-08 16:44:30.789 UTC [907] STATEMENT:  DELETE FROM project_storage_s3_access_keys WHERE id = $1
postgres-1       | 2026-10-08 16:44:30.809 UTC [1153] ERROR:  permission denied for table project_storage_s3_access_keys
postgres-1       | 2026-10-08 16:44:30.809 UTC [1153] STATEMENT:  UPDATE project_storage_s3_access_keys SET name = 'anders' WHERE id = $1
postgres-1       | 2026-10-08 16:44:30.819 UTC [1274] ERROR:  project storage S3 access keys are immutable except for one-way revocation
postgres-1       | 2026-10-08 16:44:30.819 UTC [1274] CONTEXT:  PL/pgSQL function qkern_reject_project_storage_s3_access_key_mutation() line 14 at RAISE
postgres-1       | 2026-10-08 16:44:30.819 UTC [1274] STATEMENT:  UPDATE project_storage_s3_access_keys SET revoked_at = now() + interval '1 hour' WHERE id = $1
postgres-1       | 2026-10-08 16:44:31.068 UTC [1325] ERROR:  project storage S3 access keys are immutable except for one-way revocation
postgres-1       | 2026-10-08 16:44:31.068 UTC [1325] CONTEXT:  PL/pgSQL function qkern_reject_project_storage_s3_access_key_mutation() line 14 at RAISE
postgres-1       | 2026-10-08 16:44:31.068 UTC [1325] STATEMENT:  UPDATE project_storage_s3_access_keys SET secret_ciphertext = $2 WHERE id = $1
certification-1  |  [32m✓[39m tests/project-queues-postgres.integration.test.ts [2m([22m[2m9 tests[22m[2m)[22m[33m 2162[2mms[22m[39m
certification-1  |      [33m[2m✓[22m[39m consumes an enqueued message and calls the function [33m 333[2mms[22m[39m
certification-1  |      [33m[2m✓[22m[39m keeps a foreign queue untouched [33m 327[2mms[22m[39m
postgres-1       | 2026-10-08 16:44:33.124 UTC [1152] ERROR:  new row for relation "project_auth_settings" violates check constraint "project_auth_settings_hook_claims_check"
postgres-1       | 2026-10-08 16:44:33.124 UTC [1152] DETAIL:  Failing row contains (79395c27-046c-4d37-80c7-f765deff60cc, b98afde5-5036-48b8-838b-5dd2c1d9df32, development, f, 2026-10-08 16:44:32.86+00, {}, 10, 900, 5, 3600, 60, 3600, f, 12, named, null, 2000, hook-claims-f883291b, 2000, {role}).
postgres-1       | 2026-10-08 16:44:33.124 UTC [1152] STATEMENT:  UPDATE project_auth_settings SET access_token_hook_function = $1, access_token_hook_claims = ARRAY['role']::text[] WHERE organization_id = '79395c27-046c-4d37-80c7-f765deff60cc' AND project_id = 'b98afde5-5036-48b8-838b-5dd2c1d9df32'
postgres-1       | 	      AND environment = 'development'
postgres-1       | 2026-10-08 16:44:33.159 UTC [1337] ERROR:  new row for relation "project_auth_settings" violates check constraint "project_auth_settings_hook_timeout_check"
postgres-1       | 2026-10-08 16:44:33.159 UTC [1337] DETAIL:  Failing row contains (79395c27-046c-4d37-80c7-f765deff60cc, b98afde5-5036-48b8-838b-5dd2c1d9df32, development, f, 2026-10-08 16:44:32.86+00, {}, 10, 900, 5, 3600, 60, 3600, f, 12, named, null, 0, null, 2000, {}).
postgres-1       | 2026-10-08 16:44:33.159 UTC [1337] STATEMENT:  UPDATE project_auth_settings SET sign_in_hook_timeout_ms = 0 WHERE organization_id = '79395c27-046c-4d37-80c7-f765deff60cc' AND project_id = 'b98afde5-5036-48b8-838b-5dd2c1d9df32'
postgres-1       | 	      AND environment = 'development'
postgres-1       | 2026-10-08 16:44:33.204 UTC [1338] ERROR:  new row for relation "project_auth_settings" violates check constraint "project_auth_settings_hook_function_check"
postgres-1       | 2026-10-08 16:44:33.204 UTC [1338] DETAIL:  Failing row contains (79395c27-046c-4d37-80c7-f765deff60cc, b98afde5-5036-48b8-838b-5dd2c1d9df32, development, f, 2026-10-08 16:44:32.86+00, {}, 10, 900, 5, 3600, 60, 3600, f, 12, named, Nope!, 2000, null, 2000, {}).
postgres-1       | 2026-10-08 16:44:33.204 UTC [1338] STATEMENT:  UPDATE project_auth_settings SET sign_in_hook_function = 'Nope!' WHERE organization_id = '79395c27-046c-4d37-80c7-f765deff60cc' AND project_id = 'b98afde5-5036-48b8-838b-5dd2c1d9df32'
postgres-1       | 	      AND environment = 'development'
postgres-1       | 2026-10-08 16:44:33.241 UTC [1339] ERROR:  new row for relation "project_auth_settings" violates check constraint "project_auth_settings_hook_claims_check"
postgres-1       | 2026-10-08 16:44:33.241 UTC [1339] DETAIL:  Failing row contains (79395c27-046c-4d37-80c7-f765deff60cc, b98afde5-5036-48b8-838b-5dd2c1d9df32, development, f, 2026-10-08 16:44:32.86+00, {}, 10, 900, 5, 3600, 60, 3600, f, 12, named, null, 2000, null, 2000, {tenant}).
postgres-1       | 2026-10-08 16:44:33.241 UTC [1339] STATEMENT:  UPDATE project_auth_settings SET access_token_hook_function = NULL, access_token_hook_claims = ARRAY['tenant']::text[] WHERE organization_id = '79395c27-046c-4d37-80c7-f765deff60cc' AND project_id = 'b98afde5-5036-48b8-838b-5dd2c1d9df32'
postgres-1       | 	      AND environment = 'development'
postgres-1       | 2026-10-08 16:44:33.842 UTC [1340] ERROR:  permission denied for table project_auth_passkeys
postgres-1       | 2026-10-08 16:44:33.842 UTC [1340] STATEMENT:  UPDATE project_auth_passkeys SET public_key = $1
postgres-1       | 	        WHERE organization_id = $2 AND project_id = $3
postgres-1       | 2026-10-08 16:44:35.643 UTC [1343] ERROR:  new row for relation "project_auth_third_party_providers" violates check constraint "project_auth_third_party_providers_role_check"
postgres-1       | 2026-10-08 16:44:35.643 UTC [1343] DETAIL:  Failing row contains (a412027e-d708-4ff4-8722-6e92027ca15e, 6c78eb4d-8956-461e-960e-dd0f8e62e0bc, 7cba3522-6962-4f1e-bfc4-ee123c12bba7, development, direkt, https://direkt.example.com, https://aussteller-2-80.example.com/.well-known/jwks.json, {qkern-app-2-80}, sub, null, service_role, 2026-10-08 16:44:35.640344+00).
postgres-1       | 2026-10-08 16:44:35.643 UTC [1343] STATEMENT:  INSERT INTO project_auth_third_party_providers
postgres-1       | 	        (id, organization_id, project_id, environment, name, issuer, jwks_uri, audiences, default_role)
postgres-1       | 	        VALUES ($1,$2,$3,$4,'direkt','https://direkt.example.com',$5,ARRAY[$6]::text[],'service_role')
postgres-1       | 2026-10-08 16:44:35.736 UTC [1354] ERROR:  permission denied for table project_auth_third_party_providers
postgres-1       | 2026-10-08 16:44:35.736 UTC [1354] STATEMENT:  UPDATE project_auth_third_party_providers SET jwks_uri = $1 WHERE issuer = $2
postgres-1       | 2026-10-08 16:44:40.587 UTC [1387] ERROR:  new row violates row-level security policy for table "notizen"
postgres-1       | 2026-10-08 16:44:40.587 UTC [1387] STATEMENT:  INSERT INTO "graphqlw_06dfab83_b03b_48eb_85a5_f26d3a28c667"."notizen" ("besitzer", "inhalt", "menge")
postgres-1       | 	         VALUES ($1, $2, $3)
postgres-1       | 	         
postgres-1       | 	         RETURNING "id", "besitzer", "inhalt", "menge"
postgres-1       | 2026-10-08 16:44:40.690 UTC [1387] ERROR:  new row violates row-level security policy for table "notizen"
postgres-1       | 2026-10-08 16:44:40.690 UTC [1387] STATEMENT:  UPDATE "graphqlw_06dfab83_b03b_48eb_85a5_f26d3a28c667"."notizen" SET "besitzer" = $1
postgres-1       | 	       WHERE "menge" = $2 RETURNING "id", "besitzer", "inhalt", "menge"
postgres-1       | 2026-10-08 16:44:41.496 UTC [1398] ERROR:  new row violates row-level security policy (USING expression) for table "kunden"
postgres-1       | 2026-10-08 16:44:41.496 UTC [1398] STATEMENT:  INSERT INTO "gqlupsert_53cff9d1_1df7_4d1f_bf5b_b79750af2f4b"."kunden" ("besitzer", "email", "name", "punkte")
postgres-1       | 	         VALUES ($1, $2, $3, $4)
postgres-1       | 	         ON CONFLICT ("email")
postgres-1       | 	         DO UPDATE SET "besitzer" = EXCLUDED."besitzer", "name" = EXCLUDED."name", "punkte" = EXCLUDED."punkte"
postgres-1       | 	         RETURNING "id", "besitzer", "email", "name", "punkte", "slug"
postgres-1       | 2026-10-08 16:44:41.535 UTC [1398] ERROR:  new row violates row-level security policy (USING expression) for table "kunden"
postgres-1       | 2026-10-08 16:44:41.535 UTC [1398] STATEMENT:  INSERT INTO "gqlupsert_53cff9d1_1df7_4d1f_bf5b_b79750af2f4b"."kunden" ("besitzer", "email", "name", "punkte")
postgres-1       | 	         VALUES ($1, $2, $3, $4)
postgres-1       | 	         ON CONFLICT ("email")
postgres-1       | 	         DO UPDATE SET "besitzer" = EXCLUDED."besitzer", "name" = EXCLUDED."name", "punkte" = EXCLUDED."punkte"
postgres-1       | 	         RETURNING "id", "besitzer", "email", "name", "punkte", "slug"
certification-1  |  [32m✓[39m tests/billing-invoice-postgres.integration.test.ts [2m([22m[2m6 tests[22m[2m)[22m[33m 8365[2mms[22m[39m
certification-1  |      [33m[2m✓[22m[39m issues the closed month's invoice from the shipped process [33m 1816[2mms[22m[39m
certification-1  |      [33m[2m✓[22m[39m leaves the issued invoice untouched on a second run [33m 1271[2mms[22m[39m
certification-1  |      [33m[2m✓[22m[39m refuses an open period at its configuration boundary [33m 704[2mms[22m[39m
certification-1  |      [33m[2m✓[22m[39m issues exactly one invoice when two runs race for the same period [33m 1049[2mms[22m[39m
certification-1  |      [33m[2m✓[22m[39m numbers invoices gaplessly per organization and stamps the due date [33m 3058[2mms[22m[39m
postgres-1       | 2026-10-08 16:44:41.601 UTC [1398] ERROR:  new row violates row-level security policy (USING expression) for table "kunden"
postgres-1       | 2026-10-08 16:44:41.601 UTC [1398] STATEMENT:  INSERT INTO "gqlupsert_53cff9d1_1df7_4d1f_bf5b_b79750af2f4b"."kunden" ("besitzer", "email", "name", "punkte")
postgres-1       | 	         VALUES ($1, $2, $3, $4)
postgres-1       | 	         ON CONFLICT ("email")
postgres-1       | 	         DO UPDATE SET "besitzer" = EXCLUDED."besitzer", "name" = EXCLUDED."name", "punkte" = EXCLUDED."punkte"
postgres-1       | 	         RETURNING "id", "besitzer", "email", "name", "punkte", "slug"
postgres-1       | 2026-10-08 16:44:42.218 UTC [1401] ERROR:  new row violates row-level security policy (USING expression) for table "kunden"
postgres-1       | 2026-10-08 16:44:42.218 UTC [1401] STATEMENT:  INSERT INTO "mcpupsert_90362332_e696_4563_88c3_a6e19ab4e8c7"."kunden" ("besitzer", "email", "name", "punkte")
postgres-1       | 	         VALUES ($1, $2, $3, $4)
postgres-1       | 	         ON CONFLICT ("email")
postgres-1       | 	         DO UPDATE SET "besitzer" = EXCLUDED."besitzer", "name" = EXCLUDED."name", "punkte" = EXCLUDED."punkte"
postgres-1       | 	         RETURNING "id", "besitzer", "email", "name", "punkte"
postgres-1       | 2026-10-08 16:44:42.393 UTC [1401] ERROR:  new row violates row-level security policy (USING expression) for table "kunden"
postgres-1       | 2026-10-08 16:44:42.393 UTC [1401] STATEMENT:  INSERT INTO "mcpupsert_90362332_e696_4563_88c3_a6e19ab4e8c7"."kunden" ("besitzer", "email", "name", "punkte")
postgres-1       | 	         VALUES ($1, $2, $3, $4)
postgres-1       | 	         ON CONFLICT ("email")
postgres-1       | 	         DO UPDATE SET "besitzer" = EXCLUDED."besitzer", "name" = EXCLUDED."name", "punkte" = EXCLUDED."punkte"
postgres-1       | 	         RETURNING "id", "besitzer", "email", "name", "punkte"
postgres-1       | 2026-10-08 16:44:42.649 UTC [1403] ERROR:  relation "change_feed" already exists
postgres-1       | 2026-10-08 16:44:42.649 UTC [1403] STATEMENT:  -- Run once after 0002_qkern_migration_fence.sql as the trusted project database
postgres-1       | 	-- provisioner. Provides trigger-based change capture for Realtime.
postgres-1       | 	--
postgres-1       | 	-- ## Warum Trigger und nicht logische Replikation
postgres-1       | 	--
postgres-1       | 	-- Logische Replikation sieht jede Aenderung ohne Schemaeingriff, verlangt aber
postgres-1       | 	-- eine Rolle mit Replikationsrecht und einen Slot. Beides steht im direkten
postgres-1       | 	-- Widerspruch zu diesem Schema: 0001 prueft fuer jede beteiligte Rolle
postgres-1       | 	-- ausdruecklich rolreplication = false. Ein hängender Konsument laesst den Slot
postgres-1       | 	-- ausserdem unbegrenzt WAL halten, bis die Platte voll ist -- ein
postgres-1       | 	-- Betriebsrisiko, das der Kunde traegt und QKERN nicht begrenzen kann.
postgres-1       | 	--
postgres-1       | 	-- Trigger sind begrenzbar: der Feed hat Groessengrenzen und Aufbewahrung, und
postgres-1       | 	-- das Anschalten je Tabelle ist eine Schemaaenderung, die den vorhandenen
postgres-1       | 	-- Change-Set- und Approval-Weg durchlaeuft.
postgres-1       | 	--
postgres-1       | 	-- ## Warum keine Zeilenwerte gespeichert werden
postgres-1       | 	--
postgres-1       | 	-- Der Feed haelt ausschliesslich die Primaerschluesselwerte. Die eigentlichen
postgres-1       | 	-- Zeilenwerte werden je Abonnent frisch gelesen, und zwar mit dessen Claims.
postgres-1       | 	-- Row Level Security autorisiert und erzeugt die Nutzlast damit in einem
postgres-1       | 	-- Schritt. Wuerden die Werte hier liegen, muesste eine zweite, unabhaengige
postgres-1       | 	-- Sichtbarkeitspruefung sie korrekt filtern -- eine Kopie der RLS-Logik
postgres-1       | 	-- ausserhalb der Datenbank und damit eine dauerhafte Fehlerquelle.
postgres-1       | 	
postgres-1       | 	BEGIN;
postgres-1       | 	
postgres-1       | 	CREATE TABLE qkern_internal.change_feed (
postgres-1       | 	  position bigint GENERATED ALWAYS AS IDENTITY PRIMARY KEY,
postgres-1       | 	  schema_name text NOT NULL CHECK (schema_name ~ '^[a-z_][a-z0-9_]{0,62}$'),
postgres-1       | 	  table_name text NOT NULL CHECK (table_name ~ '^[a-z_][a-z0-9_]{0,62}$'),
postgres-1       | 	  operation text NOT NULL CHECK (operation IN ('insert', 'update', 'delete')),
postgres-1       | 	  -- Nur Primaerschluesselwerte. Die Grenze verhindert, dass ein zusammengesetzter
postgres-1       | 	  -- Schluessel den Feed aufblaeht.
postgres-1       | 	  row_key jsonb NOT NULL CHECK (octet_length(row_key::text) <= 4096),
postgres-1       | 	  committed_at timestamptz NOT NULL DEFAULT now()
postgres-1       | 	);
postgres-1       | 	
postgres-1       | 	CREATE INDEX change_feed_retention_idx ON qkern_internal.change_feed (committed_at);
postgres-1       | 	
postgres-1       | 	ALTER TABLE qkern_internal.change_feed OWNER TO qkern_ledger_owner;
postgres-1       | 	
postgres-1       | 	-- SECURITY DEFINER: Der Schreiber einer Zeile besitzt keine Rechte auf dem
postgres-1       | 	-- Feed und soll sie auch nicht bekommen. Der Trigger schreibt stellvertretend.
postgres-1       | 	-- search_path wird fest gesetzt, damit kein Aufrufer die aufgeloesten Objekte
postgres-1       | 	-- umlenken kann.
postgres-1       | 	CREATE OR REPLACE FUNCTION qkern_internal.capture_change()
postgres-1       | 	RETURNS trigger
postgres-1       | 	LANGUAGE plpgsql
postgres-1       | 	SECURITY DEFINER
postgres-1       | 	SET search_path = qkern_internal, pg_catalog
postgres-1       | 	AS $$
postgres-1       | 	DECLARE
postgres-1       | 	  key_columns text[];
postgres-1       | 	  source record;
postgres-1       | 	  key jsonb;
postgres-1       | 	BEGIN
postgres-1       | 	  SELECT array_agg(attribute.attname ORDER BY attribute.attnum)
postgres-1       | 	    INTO key_columns
postgres-1       | 	    FROM pg_index index
postgres-1       | 	    JOIN pg_attribute attribute
postgres-1       | 	      ON attribute.attrelid = index.indrelid AND attribute.attnum = ANY (index.indkey)
postgres-1       | 	   WHERE index.indrelid = TG_RELID AND index.indisprimary;
postgres-1       | 	
postgres-1       | 	  IF key_columns IS NULL THEN
postgres-1       | 	    RAISE EXCEPTION 'change capture requires a primary key on %.%', TG_TABLE_SCHEMA, TG_TABLE_NAME
postgres-1       | 	      USING ERRCODE = '55000';
postgres-1       | 	  END IF;
postgres-1       | 	
postgres-1       | 	  source := CASE WHEN TG_OP = 'DELETE' THEN OLD ELSE NEW END;
postgres-1       | 	  SELECT jsonb_object_agg(entry.key, entry.value)
postgres-1       | 	    INTO key
postgres-1       | 	    FROM jsonb_each(to_jsonb(source)) AS entry
postgres-1       | 	   WHERE entry.key = ANY (key_columns);
postgres-1       | 	
postgres-1       | 	  INSERT INTO qkern_internal.change_feed (schema_name, table_name, operation, row_key)
postgres-1       | 	  VALUES (TG_TABLE_SCHEMA, TG_TABLE_NAME, lower(TG_OP), key);
postgres-1       | 	
postgres-1       | 	  RETURN NULL;
postgres-1       | 	END;
postgres-1       | 	$$;
postgres-1       | 	
postgres-1       | 	ALTER FUNCTION qkern_internal.capture_change() OWNER TO qkern_ledger_owner;
postgres-1       | 	
postgres-1       | 	REVOKE ALL ON qkern_internal.change_feed FROM PUBLIC;
postgres-1       | 	REVOKE ALL ON FUNCTION qkern_internal.capture_change() FROM PUBLIC;
postgres-1       | 	
postgres-1       | 	-- Die Laufzeitrolle liest den Feed und raeumt ihn auf. Sie darf ihn niemals
postgres-1       | 	-- schreiben: ein erfundenes Aenderungsereignis wuerde einen Lesevorgang mit
postgres-1       | 	-- fremden Claims ausloesen.
postgres-1       | 	GRANT USAGE ON SCHEMA qkern_internal TO qkern_project_api_app;
postgres-1       | 	GRANT SELECT, DELETE ON qkern_internal.change_feed TO qkern_project_api_app;
postgres-1       | 	
postgres-1       | 	COMMIT;
postgres-1       | 	
postgres-1       | 2026-10-08 16:44:42.838 UTC [1407] ERROR:  permission denied for table project_auth_oauth_clients
postgres-1       | 2026-10-08 16:44:42.838 UTC [1407] STATEMENT:  UPDATE project_auth_oauth_clients SET scopes = ARRAY['data:write']::text[] WHERE id = $1
postgres-1       | 2026-10-08 16:44:42.842 UTC [1355] ERROR:  new row for relation "project_auth_oauth_codes" violates check constraint "project_auth_oauth_codes_pkce_check"
postgres-1       | 2026-10-08 16:44:42.842 UTC [1355] DETAIL:  Failing row contains (46c8471a-dcc7-4038-b0f1-65b3e504ec34, 90b9a260-0b68-498f-9ede-6bd107f55c1e, cbdeeb4b-c7aa-42de-b672-1aa34be50c92, development, 7f315640-752d-4114-8330-42c5c04c37ea, 2e9899d6-7351-4142-80cd-7626ae27ecf9, https://app.test/oauth/zurueck, {data:read}, direkt-6cfd6ec2-6d1a-4480-b4c6-240bf54e1c99, Wwo3WpXMtlNsiwNKXMsyReQxRqXHBs70A-VmVlL59Xg, plain, 2026-10-08 16:44:42.840425+00, 2026-10-08 16:45:42.840425+00, null, null).
postgres-1       | 2026-10-08 16:44:42.842 UTC [1355] STATEMENT:  INSERT INTO project_auth_oauth_codes
postgres-1       | 	        (id, organization_id, project_id, environment, client_id, auth_user_id, redirect_uri,
postgres-1       | 	         scopes, code_hash, code_challenge, code_challenge_method, expires_at)
postgres-1       | 	        VALUES ($1,$2,$3,'development',$4,$5,$6,ARRAY['data:read']::text[],$7,$8,'plain',now() + interval '1 minute')
postgres-1       | 2026-10-08 16:44:43.848 UTC [387] LOG:  checkpoint starting: immediate force wait
postgres-1       | 2026-10-08 16:44:43.863 UTC [387] LOG:  checkpoint complete: wrote 545 buffers (3.3%); 0 WAL file(s) added, 0 removed, 2 recycled; write=0.014 s, sync=0.001 s, total=0.016 s; sync files=388, longest=0.001 s, average=0.000 s; distance=28383 kB, estimate=28383 kB; lsn=0/67E7C98, redo lsn=0/67E7C40
postgres-1       | 2026-10-08 16:44:44.069 UTC [1324] ERROR:  permission denied for table project_auth_one_time_tokens
postgres-1       | 2026-10-08 16:44:44.069 UTC [1324] STATEMENT:  DELETE FROM project_auth_one_time_tokens WHERE organization_id = $1
postgres-1       | 2026-10-08 16:44:44.107 UTC [1422] ERROR:  permission denied for table project_auth_oauth_tokens
postgres-1       | 2026-10-08 16:44:44.107 UTC [1422] STATEMENT:  DELETE FROM project_auth_oauth_tokens WHERE organization_id = $1
postgres-1       | 2026-10-08 16:44:44.355 UTC [1423] ERROR:  permission denied for table project_auth_saml_assertions
postgres-1       | 2026-10-08 16:44:44.355 UTC [1423] STATEMENT:  DELETE FROM project_auth_saml_assertions WHERE organization_id = $1
certification-1  | [90mstderr[2m | tests/realtime-change-soak-postgres.integration.test.ts[2m > [22m[2mRealtime change soak PostgreSQL certification[2m > [22m[2mdelivers every change of a sustained writer without loss, gap or stall
certification-1  | [22m[39msoak: 120 Aenderungen, p50 1470 ms, p95 2689 ms, max 2841 ms
certification-1  | 
certification-1  | [90mstderr[2m | tests/realtime-change-soak-postgres.integration.test.ts[2m > [22m[2mRealtime change soak PostgreSQL certification[2m > [22m[2mdelivers every change of a sustained writer without loss, gap or stall
certification-1  | [22m[39msoak: 5 Buchungen fuer 120 Nachrichten
certification-1  | 
certification-1  |  [32m✓[39m tests/realtime-change-soak-postgres.integration.test.ts [2m([22m[2m1 test[22m[2m)[22m[33m 4101[2mms[22m[39m
certification-1  |      [33m[2m✓[22m[39m delivers every change of a sustained writer without loss, gap or stall [33m 3822[2mms[22m[39m
postgres-1       | 2026-10-08 16:44:48.032 UTC [1447] ERROR:  permission denied for table project_cron_definitions
postgres-1       | 2026-10-08 16:44:48.032 UTC [1447] STATEMENT:  UPDATE project_cron_definitions SET time_zone='UTC' WHERE id=$1
postgres-1       | 2026-10-08 16:44:48.066 UTC [1446] ERROR:  duplicate key value violates unique constraint "project_cron_definitions_name_key"
postgres-1       | 2026-10-08 16:44:48.066 UTC [1446] STATEMENT:  INSERT INTO project_cron_definitions
postgres-1       | 	           (organization_id, project_id, environment, name, expression, queue, payload, enabled,
postgres-1       | 	            time_zone)
postgres-1       | 	         VALUES ($1,$2,$3,$4,$5,$6,$7,$8,$9)
postgres-1       | 	         RETURNING id, organization_id, project_id, environment, name, expression, queue,
postgres-1       | 	  payload, enabled, time_zone, last_dispatched_at, created_at
postgres-1       | 2026-10-08 16:44:48.124 UTC [1448] ERROR:  permission denied for table project_cron_definitions
postgres-1       | 2026-10-08 16:44:48.124 UTC [1448] STATEMENT:  UPDATE project_cron_definitions SET expression='*/1 * * * *' WHERE id=$1
postgres-1       | 2026-10-08 16:44:48.174 UTC [1449] ERROR:  permission denied for table project_webhooks
postgres-1       | 2026-10-08 16:44:48.174 UTC [1449] STATEMENT:  UPDATE project_webhooks SET url='https://elsewhere.example.com/hooks' WHERE id=$1
postgres-1       | 2026-10-08 16:44:48.484 UTC [1450] ERROR:  permission denied for table project_functions
postgres-1       | 2026-10-08 16:44:48.484 UTC [1450] STATEMENT:  UPDATE project_functions SET image=$1 WHERE id=$2
certification-1  |  [32m✓[39m tests/compute-definitions-postgres.integration.test.ts [2m([22m[2m10 tests[22m[2m)[22m[33m 1093[2mms[22m[39m
postgres-1       | 2026-10-08 16:44:50.322 UTC [1416] ERROR:  permission denied for table project_auth_oauth_consents
postgres-1       | 2026-10-08 16:44:50.322 UTC [1416] STATEMENT:  DELETE FROM project_auth_oauth_consents WHERE id = $1
postgres-1       | 2026-10-08 16:44:50.325 UTC [1418] ERROR:  project auth oauth consents are immutable except for one-way revocation
postgres-1       | 2026-10-08 16:44:50.325 UTC [1418] CONTEXT:  PL/pgSQL function qkern_reject_project_auth_oauth_consent_mutation() line 8 at RAISE
postgres-1       | 2026-10-08 16:44:50.325 UTC [1418] STATEMENT:  UPDATE project_auth_oauth_consents SET revoked_at = NULL WHERE id = $1
postgres-1       | 2026-10-08 16:44:50.366 UTC [1468] ERROR:  permission denied for table project_auth_oauth_consents
postgres-1       | 2026-10-08 16:44:50.366 UTC [1468] STATEMENT:  UPDATE project_auth_oauth_consents SET scopes = ARRAY['data:write']::text[] WHERE id = $1
postgres-1       | 2026-10-08 16:44:50.638 UTC [1326] ERROR:  update or delete on table "users" violates foreign key constraint "organizations_created_by_fkey" on table "organizations"
postgres-1       | 2026-10-08 16:44:50.638 UTC [1326] DETAIL:  Key (id)=(d2491408-171e-4a8d-bae3-d02e53a3bb07) is still referenced from table "organizations".
postgres-1       | 2026-10-08 16:44:50.638 UTC [1326] STATEMENT:  DELETE FROM users WHERE id = $1
postgres-1       | 2026-10-08 16:44:50.766 UTC [1472] ERROR:  extension "vector" is not available
postgres-1       | 2026-10-08 16:44:50.766 UTC [1472] DETAIL:  Could not open extension control file "/usr/local/share/postgresql/extension/vector.control": No such file or directory.
postgres-1       | 2026-10-08 16:44:50.766 UTC [1472] HINT:  The extension must first be installed on the system where PostgreSQL is running.
postgres-1       | 2026-10-08 16:44:50.766 UTC [1472] STATEMENT:  CREATE EXTENSION vector
postgres-1       | 2026-10-08 16:44:50.863 UTC [1473] ERROR:  array is too long
postgres-1       | 2026-10-08 16:44:50.863 UTC [1473] DETAIL:  A cube cannot have more than 100 dimensions.
postgres-1       | 2026-10-08 16:44:50.863 UTC [1473] STATEMENT:  SELECT cube(array_fill(0::float8, ARRAY[$1::int]))
postgres-1       | 2026-10-08 16:44:51.980 UTC [1474] ERROR:  update or delete on table "users" violates foreign key constraint "organizations_created_by_fkey" on table "organizations"
postgres-1       | 2026-10-08 16:44:51.980 UTC [1474] DETAIL:  Key (id)=(4248e21e-f07b-49b9-be8d-d38b6f86aff4) is still referenced from table "organizations".
postgres-1       | 2026-10-08 16:44:51.980 UTC [1474] STATEMENT:  DELETE FROM users WHERE id = $1
postgres-1       | 2026-10-08 16:44:53.174 UTC [1486] ERROR:  new row violates row-level security policy for table "kommentare"
postgres-1       | 2026-10-08 16:44:53.174 UTC [1486] STATEMENT:  INSERT INTO "gqlrel_7ac24642_43df_4904_a04d_e84e071d666d"."kommentare" ("beitrag_id", "besitzer", "id", "text")
postgres-1       | 	         VALUES ($1, $2, $3, $4)
postgres-1       | 	         
postgres-1       | 	         RETURNING "id", "beitrag_id", "verfasser_id", "text", "besitzer"
postgres-1       | 2026-10-08 16:44:53.574 UTC [1487] ERROR:  permission denied for table verschlossen
postgres-1       | 2026-10-08 16:44:53.574 UTC [1487] STATEMENT:  SELECT inhalt FROM "gqlxs_b_cf02ad95_9479_4bae_b524_52a63e9c7a33".verschlossen
postgres-1       | 2026-10-08 16:44:54.047 UTC [1434] ERROR:  permission denied for table project_function_invocation_output
postgres-1       | 2026-10-08 16:44:54.047 UTC [1434] STATEMENT:  UPDATE project_function_invocation_output SET truncated = true
postgres-1       | 2026-10-08 16:44:54.054 UTC [1434] ERROR:  permission denied for table project_function_invocation_output
postgres-1       | 2026-10-08 16:44:54.054 UTC [1434] STATEMENT:  DELETE FROM project_function_invocation_output
postgres-1       | 2026-10-08 16:44:54.076 UTC [1484] ERROR:  new row for relation "project_function_invocation_output" violates check constraint "project_function_invocation_output_line_count_check"
postgres-1       | 2026-10-08 16:44:54.076 UTC [1484] DETAIL:  Failing row contains (44bec88c-1c39-4172-ab83-0f76e0c98853, a6bc1960-e6c3-4e4e-9328-2609632ef1e3, 37b9680e-b28f-4775-94bc-03608e551beb, development, 1b9fb60f-0477-4529-a047-0416def163b4, 362a3831-9848-4fde-ac63-8b4a6836a3e6, 2026-10-08 16:44:54.064182+00, 501, 501, 0, 0, f, 0, [{"at": "2026-09-29T10:00:00.000Z", "cut": false, "text": "x", "...).
postgres-1       | 2026-10-08 16:44:54.076 UTC [1484] STATEMENT:  INSERT INTO project_function_invocation_output
postgres-1       | 	         (organization_id, project_id, environment, function_id, invocation_id,
postgres-1       | 	          line_count, stdout_lines, stderr_lines, byte_count, truncated, dropped_lines, lines)
postgres-1       | 	       VALUES ($1, $2, 'development', $3, $4, $5, $6, 0, 0, $7, $8, $9::jsonb)
postgres-1       | 2026-10-08 16:44:54.109 UTC [1498] ERROR:  new row for relation "project_function_invocation_output" violates check constraint "project_function_invocation_output_lines_shape"
postgres-1       | 2026-10-08 16:44:54.109 UTC [1498] DETAIL:  Failing row contains (590893c6-0eaa-49c3-b371-a4cadd5c8d65, a6bc1960-e6c3-4e4e-9328-2609632ef1e3, 37b9680e-b28f-4775-94bc-03608e551beb, development, 1b9fb60f-0477-4529-a047-0416def163b4, 362a3831-9848-4fde-ac63-8b4a6836a3e6, 2026-10-08 16:44:54.096842+00, 2, 2, 0, 0, f, 0, [{"at": "2026-09-29T10:00:00.000Z", "cut": false, "text": "x", "...).
postgres-1       | 2026-10-08 16:44:54.109 UTC [1498] STATEMENT:  INSERT INTO project_function_invocation_output
postgres-1       | 	         (organization_id, project_id, environment, function_id, invocation_id,
postgres-1       | 	          line_count, stdout_lines, stderr_lines, byte_count, truncated, dropped_lines, lines)
postgres-1       | 	       VALUES ($1, $2, 'development', $3, $4, $5, $6, 0, 0, $7, $8, $9::jsonb)
postgres-1       | 2026-10-08 16:44:54.151 UTC [1499] ERROR:  insert or update on table "project_function_invocation_output" violates foreign key constraint "project_function_invocation_o_organization_id_invocation_i_fkey"
postgres-1       | 2026-10-08 16:44:54.151 UTC [1499] DETAIL:  Key (organization_id, invocation_id)=(a6bc1960-e6c3-4e4e-9328-2609632ef1e3, 92ee0598-b2e4-4742-8ed9-3fcd31631f82) is not present in table "project_function_invocations".
postgres-1       | 2026-10-08 16:44:54.151 UTC [1499] STATEMENT:  INSERT INTO project_function_invocation_output
postgres-1       | 	         (organization_id, project_id, environment, function_id, invocation_id,
postgres-1       | 	          line_count, stdout_lines, stderr_lines, byte_count, truncated, dropped_lines, lines)
postgres-1       | 	       VALUES ($1, $2, 'development', $3, $4, $5, $6, 0, 0, $7, $8, $9::jsonb)
postgres-1       | 2026-10-08 16:44:54.178 UTC [1500] ERROR:  duplicate key value violates unique constraint "project_function_invocation_o_organization_id_invocation_id_key"
postgres-1       | 2026-10-08 16:44:54.178 UTC [1500] DETAIL:  Key (organization_id, invocation_id)=(a6bc1960-e6c3-4e4e-9328-2609632ef1e3, eab04479-8998-4d14-9b6a-15bd58d242c4) already exists.
postgres-1       | 2026-10-08 16:44:54.178 UTC [1500] STATEMENT:  INSERT INTO project_function_invocation_output
postgres-1       | 	         (organization_id, project_id, environment, function_id, invocation_id,
postgres-1       | 	          line_count, stdout_lines, stderr_lines, byte_count, truncated, dropped_lines, lines)
postgres-1       | 	       VALUES ($1, $2, 'development', $3, $4, $5, $6, 0, 0, $7, $8, $9::jsonb)
postgres-1       | 2026-10-08 16:44:54.602 UTC [1469] ERROR:  duplicate key value violates unique constraint "project_auth_saml_assertion_key"
postgres-1       | 2026-10-08 16:44:54.602 UTC [1469] DETAIL:  Key (organization_id, project_id, environment, provider, assertion_id)=(4241197b-9378-49df-b605-d2a2b35cfedc, 9d45159b-d1eb-4774-abda-d0d579713107, development, federation, _a26be673df4b08d507fbf4a12ae7340d1) already exists.
postgres-1       | 2026-10-08 16:44:54.602 UTC [1469] STATEMENT:  INSERT INTO project_auth_saml_assertions
postgres-1       | 	      (organization_id, project_id, environment, provider, assertion_id, expires_at)
postgres-1       | 	      VALUES ($1, $2, 'development', 'federation', $3, now() + interval '5 minutes')
postgres-1       | 2026-10-08 16:44:54.634 UTC [1470] ERROR:  new row for relation "project_auth_saml_assertions" violates check constraint "project_auth_saml_assertions_assertion_id_check"
postgres-1       | 2026-10-08 16:44:54.634 UTC [1470] DETAIL:  Failing row contains (163947b2-61b0-40e1-9c06-a0ddbc53a773, 4241197b-9378-49df-b605-d2a2b35cfedc, 9d45159b-d1eb-4774-abda-d0d579713107, development, federation, 9nope, 2026-10-08 16:44:54.632859+00, 2026-10-08 16:49:54.632859+00).
postgres-1       | 2026-10-08 16:44:54.634 UTC [1470] STATEMENT:  INSERT INTO project_auth_saml_assertions
postgres-1       | 	      (organization_id, project_id, environment, provider, assertion_id, expires_at)
postgres-1       | 	      VALUES ($1, $2, 'development', 'federation', '9nope', now() + interval '5 minutes')
postgres-1       | 2026-10-08 16:44:54.664 UTC [1502] ERROR:  new row for relation "project_auth_saml_assertions" violates check constraint "project_auth_saml_assertions_provider_check"
postgres-1       | 2026-10-08 16:44:54.664 UTC [1502] DETAIL:  Failing row contains (5adadad7-43f4-404d-a369-5f58116da485, 4241197b-9378-49df-b605-d2a2b35cfedc, 9d45159b-d1eb-4774-abda-d0d579713107, development, Federation, _abc, 2026-10-08 16:44:54.656268+00, 2026-10-08 16:49:54.656268+00).
postgres-1       | 2026-10-08 16:44:54.664 UTC [1502] STATEMENT:  INSERT INTO project_auth_saml_assertions
postgres-1       | 	      (organization_id, project_id, environment, provider, assertion_id, expires_at)
postgres-1       | 	      VALUES ($1, $2, 'development', 'Federation', '_abc', now() + interval '5 minutes')
postgres-1       | 2026-10-08 16:44:54.719 UTC [1503] ERROR:  new row for relation "project_auth_saml_assertions" violates check constraint "project_auth_saml_assertions_window"
postgres-1       | 2026-10-08 16:44:54.719 UTC [1503] DETAIL:  Failing row contains (fd7bc131-b9a1-4bd3-b5b0-702a4154d4a2, 4241197b-9378-49df-b605-d2a2b35cfedc, 9d45159b-d1eb-4774-abda-d0d579713107, development, federation, _window, 2026-10-08 16:44:54.704845+00, 2026-10-08 16:43:54.704845+00).
postgres-1       | 2026-10-08 16:44:54.719 UTC [1503] STATEMENT:  INSERT INTO project_auth_saml_assertions
postgres-1       | 	      (organization_id, project_id, environment, provider, assertion_id, used_at, expires_at)
postgres-1       | 	      VALUES ($1, $2, 'development', 'federation', '_window', now(), now() - interval '1 minute')
postgres-1       | 2026-10-08 16:44:54.752 UTC [1504] ERROR:  new row for relation "project_auth_one_time_tokens" violates check constraint "project_auth_one_time_tokens_purpose_check"
postgres-1       | 2026-10-08 16:44:54.752 UTC [1504] DETAIL:  Failing row contains (7b80e098-62f1-4ad0-9503-41b74b478c9e, 4241197b-9378-49df-b605-d2a2b35cfedc, 9d45159b-d1eb-4774-abda-d0d579713107, development, null, saml_reply, aaaaaaaaaaaaaaaaaaaaaaaaaaaaaaaaaaaaaaaaaaaaaaaaaaaaaaaaaaaaaaaa, {}, 2026-10-08 16:44:54.747995+00, 2026-10-08 16:49:54.747995+00, null).
postgres-1       | 2026-10-08 16:44:54.752 UTC [1504] STATEMENT:  INSERT INTO project_auth_one_time_tokens
postgres-1       | 	      (organization_id, project_id, environment, purpose, token_hash, expires_at)
postgres-1       | 	      VALUES ($1, $2, 'development', 'saml_reply', $3, now() + interval '5 minutes')
postgres-1       | 2026-10-08 16:44:54.801 UTC [1505] ERROR:  permission denied for table project_auth_saml_assertions
postgres-1       | 2026-10-08 16:44:54.801 UTC [1505] STATEMENT:  UPDATE project_auth_saml_assertions SET assertion_id = '_other' WHERE organization_id = $1
postgres-1       | 2026-10-08 16:44:55.181 UTC [1501] ERROR:  project storage upload verifier and identity are immutable
postgres-1       | 2026-10-08 16:44:55.181 UTC [1501] CONTEXT:  PL/pgSQL function qkern_reject_project_storage_upload_mutation() line 15 at RAISE
postgres-1       | 2026-10-08 16:44:55.181 UTC [1501] STATEMENT:  UPDATE project_storage_uploads
postgres-1       | 	      SET parts_declared = true, kind = 'single', provider_upload_id = NULL
postgres-1       | 	      WHERE id = $1
postgres-1       | 2026-10-08 16:44:55.310 UTC [1513] ERROR:  project storage upload verifier and identity are immutable
postgres-1       | 2026-10-08 16:44:55.310 UTC [1513] CONTEXT:  PL/pgSQL function qkern_reject_project_storage_upload_mutation() line 15 at RAISE
postgres-1       | 2026-10-08 16:44:55.310 UTC [1513] STATEMENT:  UPDATE project_storage_uploads SET parts_declared = false
postgres-1       | 	      WHERE id = $1
postgres-1       | 2026-10-08 16:44:55.632 UTC [1514] ERROR:  project storage upload verifier and identity are immutable
postgres-1       | 2026-10-08 16:44:55.632 UTC [1514] CONTEXT:  PL/pgSQL function qkern_reject_project_storage_upload_mutation() line 15 at RAISE
postgres-1       | 2026-10-08 16:44:55.632 UTC [1514] STATEMENT:  UPDATE project_storage_uploads SET checksum_sha256 = NULL WHERE id = $1
postgres-1       | 2026-10-08 16:44:55.813 UTC [1524] ERROR:  new row for relation "project_storage_uploads" violates check constraint "project_storage_uploads_completed_content"
postgres-1       | 2026-10-08 16:44:55.813 UTC [1524] DETAIL:  Failing row contains (97a041c2-dbff-41b5-b002-2af173cd7e9d, 306711a8-94f8-4e76-abf7-fdfb72982bfe, 262855ea-a206-4556-88df-2b6f9037956e, development, 235a25f4-420b-4f31-8ee0-0cc8ab85eb72, halfway.txt, 306711a8-94f8-4e76-abf7-fdfb72982bfe/262855ea-a206-4556-88df-2b6..., c4a10647-8fb5-4eb0-ab95-c7a685926838, text/plain, 1, null, C-AOrAzBAUclmqIB8Wd7Ll6klDt3_Y-FlU3NJMOA6V8, completed, 2026-10-08 16:44:55.021+00, 2026-10-08 17:44:55.021+00, null, null, multipart, provider-upload-halfway, t).
postgres-1       | 2026-10-08 16:44:55.813 UTC [1524] STATEMENT:  UPDATE project_storage_uploads SET status = 'completed', size_bytes = 1 WHERE id = $1
postgres-1       | 2026-10-08 16:44:56.124 UTC [1527] ERROR:  permission denied for function pg_read_file
postgres-1       | 2026-10-08 16:44:56.124 UTC [1527] STATEMENT:  SELECT pg_read_file('postgresql.conf', 0, 16)
postgres-1       | 2026-10-08 16:44:56.191 UTC [1538] ERROR:  permission denied for function pg_ls_logdir
postgres-1       | 2026-10-08 16:44:56.191 UTC [1538] STATEMENT:  SELECT * FROM pg_ls_logdir()
postgres-1       | 2026-10-08 16:44:56.223 UTC [1539] ERROR:  permission denied to examine "log_directory"
postgres-1       | 2026-10-08 16:44:56.223 UTC [1539] DETAIL:  Only roles with privileges of the "pg_read_all_settings" role may examine this parameter.
postgres-1       | 2026-10-08 16:44:56.223 UTC [1539] STATEMENT:  SHOW log_directory
postgres-1       | 2026-10-08 16:44:56.260 UTC [1525] ERROR:  could not open directory "log": No such file or directory
postgres-1       | 2026-10-08 16:44:56.260 UTC [1525] STATEMENT:  SELECT * FROM pg_ls_logdir()
postgres-1       | 2026-10-08 16:44:56.455 UTC [1544] ERROR:  permission denied for function pg_read_file
postgres-1       | 2026-10-08 16:44:56.455 UTC [1544] STATEMENT:  SELECT pg_read_file('postgresql.conf', 0, 8)
postgres-1       | 2026-10-08 16:44:56.685 UTC [1434] ERROR:  new row for relation "realtime_presence" violates check constraint "realtime_presence_lease_forward"
postgres-1       | 2026-10-08 16:44:56.685 UTC [1434] STATEMENT:  INSERT INTO realtime_presence (organization_id, project_id, environment, channel,
postgres-1       | 	             presence_key, instance_id, state, tracked_at, expires_at)
postgres-1       | 	           VALUES ($1,$2,'development',$3,'qk_presence_2113backwards','instance-a','{}',$4,$5)
postgres-1       | 2026-10-08 16:44:56.697 UTC [1434] ERROR:  permission denied for table realtime_presence
postgres-1       | 2026-10-08 16:44:56.697 UTC [1434] STATEMENT:  UPDATE realtime_presence SET channel='public:hijacked'
postgres-1       | 	          WHERE organization_id=$1 AND channel=$2
postgres-1       | 2026-10-08 16:44:56.728 UTC [1546] ERROR:  permission denied for table realtime_presence
postgres-1       | 2026-10-08 16:44:56.728 UTC [1546] STATEMENT:  UPDATE realtime_presence SET presence_key='qk_presence_2113stolen'
postgres-1       | 	          WHERE organization_id=$1 AND channel=$2
postgres-1       | 2026-10-08 16:44:57.595 UTC [1548] ERROR:  duplicate key value violates unique constraint "billing_invoice_lines_invoice_id_line_key_key"
postgres-1       | 2026-10-08 16:44:57.595 UTC [1548] STATEMENT:  INSERT INTO billing_invoice_lines
postgres-1       | 	               (organization_id, invoice_id, line_key, label, metric, quantity,
postgres-1       | 	                unit_price_micros, per_units, amount_micros)
postgres-1       | 	             VALUES ($1,$2,'charge:support-retainer','Betreuung noch einmal',NULL,1,5000000,1,5000000)
postgres-1       | 2026-10-08 16:44:57.645 UTC [1541] ERROR:  update or delete on table "organizations" violates foreign key constraint "billing_rate_cards_organization_id_fkey" on table "billing_rate_cards"
postgres-1       | 2026-10-08 16:44:57.645 UTC [1541] DETAIL:  Key (id)=(27c368be-9878-4787-985b-f497d19abc1a) is still referenced from table "billing_rate_cards".
postgres-1       | 2026-10-08 16:44:57.645 UTC [1541] STATEMENT:  DELETE FROM organizations WHERE id IN ($1,$2)
postgres-1       | 2026-10-08 16:44:57.697 UTC [1549] ERROR:  update or delete on table "users" violates foreign key constraint "organizations_created_by_fkey" on table "organizations"
postgres-1       | 2026-10-08 16:44:57.697 UTC [1549] DETAIL:  Key (id)=(47fee360-60c0-4a45-a60a-a3f06ebea78a) is still referenced from table "organizations".
postgres-1       | 2026-10-08 16:44:57.697 UTC [1549] STATEMENT:  DELETE FROM users WHERE id = $1
postgres-1       | 2026-10-08 16:44:58.166 UTC [1547] ERROR:  permission denied for table project_queue_message_traces
postgres-1       | 2026-10-08 16:44:58.166 UTC [1547] STATEMENT:  UPDATE project_queue_message_traces SET station='completed'
postgres-1       | 	            WHERE organization_id=$1 AND message_id=$2
postgres-1       | 2026-10-08 16:44:58.175 UTC [1550] ERROR:  a project queue trace station is append-only
postgres-1       | 2026-10-08 16:44:58.175 UTC [1550] CONTEXT:  PL/pgSQL function qkern_reject_project_queue_trace_update() line 3 at RAISE
postgres-1       | 2026-10-08 16:44:58.175 UTC [1550] STATEMENT:  UPDATE project_queue_message_traces SET station='completed'
postgres-1       | 	          WHERE organization_id=$1 AND message_id=$2
postgres-1       | 2026-10-08 16:45:01.222 UTC [1552] ERROR:  new row for relation "project_queue_message_traces" violates check constraint "project_queue_message_traces_span_shape"
postgres-1       | 2026-10-08 16:45:01.222 UTC [1552] DETAIL:  Failing row contains (5152e25a-1bdb-45c7-8595-a7691034d64d, 517c90d8-d6dc-4226-a587-43d4047e696b, a1c90530-a337-4f5e-b538-98b02f8df7fb, development, 9b7ef119-b38a-41a6-afd2-163c38bea0d0, b669e445-0af6-495a-ba08-5b510f537971, 60, enqueued, 0, null, null, null, null, null, 2026-10-08 16:45:01.1+00, 2026-10-09 16:45:01.1+00, 0000000000000000).
postgres-1       | 2026-10-08 16:45:01.222 UTC [1552] STATEMENT:  INSERT INTO project_queue_message_traces
postgres-1       | 	         (organization_id,project_id,environment,queue_id,message_id,sequence,station,attempt,
postgres-1       | 	          span_id,occurred_at,expires_at)
postgres-1       | 	       SELECT organization_id,project_id,environment,queue_id,message_id,60,'enqueued',0,
postgres-1       | 	              repeat('0',16),occurred_at,expires_at
postgres-1       | 	         FROM project_queue_message_traces
postgres-1       | 	        WHERE organization_id=$1 AND message_id=$2 AND sequence=1
postgres-1       | 2026-10-08 16:45:01.262 UTC [1570] ERROR:  duplicate key value violates unique constraint "project_queue_message_traces_span_key"
postgres-1       | 2026-10-08 16:45:01.262 UTC [1570] DETAIL:  Key (organization_id, project_id, environment, message_id, span_id)=(517c90d8-d6dc-4226-a587-43d4047e696b, a1c90530-a337-4f5e-b538-98b02f8df7fb, development, b669e445-0af6-495a-ba08-5b510f537971, 8e94caf839b6cfec) already exists.
postgres-1       | 2026-10-08 16:45:01.262 UTC [1570] STATEMENT:  INSERT INTO project_queue_message_traces
postgres-1       | 	         (organization_id,project_id,environment,queue_id,message_id,sequence,station,attempt,
postgres-1       | 	          span_id,occurred_at,expires_at)
postgres-1       | 	       SELECT organization_id,project_id,environment,queue_id,message_id,61,'enqueued',0,
postgres-1       | 	              span_id,occurred_at,expires_at
postgres-1       | 	         FROM project_queue_message_traces
postgres-1       | 	        WHERE organization_id=$1 AND message_id=$2 AND sequence=1
postgres-1       | 2026-10-08 16:45:02.023 UTC [1571] ERROR:  webhook delivery content is immutable
postgres-1       | 2026-10-08 16:45:02.023 UTC [1571] CONTEXT:  PL/pgSQL function qkern_validate_project_webhook_delivery_update() line 10 at RAISE
postgres-1       | 2026-10-08 16:45:02.023 UTC [1571] STATEMENT:  UPDATE project_webhook_deliveries SET trace_id=$3
postgres-1       | 	        WHERE organization_id=$1 AND id=$2
postgres-1       | 2026-10-08 16:45:02.058 UTC [1573] ERROR:  webhook delivery content is immutable
postgres-1       | 2026-10-08 16:45:02.058 UTC [1573] CONTEXT:  PL/pgSQL function qkern_validate_project_webhook_delivery_update() line 10 at RAISE
postgres-1       | 2026-10-08 16:45:02.058 UTC [1573] STATEMENT:  UPDATE project_webhook_deliveries SET parent_span_id=NULL
postgres-1       | 	        WHERE organization_id=$1 AND id=$2
postgres-1       | 2026-10-08 16:45:02.092 UTC [1574] ERROR:  new row for relation "project_webhook_deliveries" violates check constraint "project_webhook_deliveries_trace_anchor"
postgres-1       | 2026-10-08 16:45:02.092 UTC [1574] DETAIL:  Failing row contains (297b36a4-ccae-47fc-a6f2-0d3332e5cc7e, 517c90d8-d6dc-4226-a587-43d4047e696b, a1c90530-a337-4f5e-b538-98b02f8df7fb, development, e117c5bc-4585-4190-b13b-357c1dd5c392, order.created, {}, 2026-10-08 16:45:02.084019+00, pending, 0, 2026-10-08 16:45:02.084019+00, null, null, null, null, 2026-10-08 16:45:02.084019+00, null, null, null, 00f067aa0ba902b7).
postgres-1       | 2026-10-08 16:45:02.092 UTC [1574] STATEMENT:  INSERT INTO project_webhook_deliveries
postgres-1       | 	         (id, organization_id, project_id, environment, webhook_id, event_type, payload,
postgres-1       | 	          occurred_at, status, attempt_count, available_at, created_at, parent_span_id)
postgres-1       | 	       VALUES (gen_random_uuid(),$1,$2,'development',$3,'order.created','{}',now(),
postgres-1       | 	               'pending',0,now(),now(),$4)
postgres-1       | 2026-10-08 16:45:02.938 UTC [1592] ERROR:  permission denied for table project_database_backups
postgres-1       | 2026-10-08 16:45:02.938 UTC [1592] STATEMENT:  UPDATE project_database_backups SET status = 'available' WHERE id = $1
postgres-1       | 2026-10-08 16:45:02.949 UTC [1592] ERROR:  permission denied for table project_database_backups
postgres-1       | 2026-10-08 16:45:02.949 UTC [1592] STATEMENT:  UPDATE project_database_backups SET object_key = NULL WHERE id = $1
postgres-1       | 2026-10-08 16:45:02.956 UTC [1592] ERROR:  permission denied for table project_database_backups
postgres-1       | 2026-10-08 16:45:02.956 UTC [1592] STATEMENT:  UPDATE project_database_backups SET artifact_sha256 = 'eeeeeeeeeeeeeeeeeeeeeeeeeeeeeeeeeeeeeeeeeeeeeeeeeeeeeeeeeeeeeeee' WHERE id = $1
postgres-1       | 2026-10-08 16:45:02.967 UTC [1592] ERROR:  permission denied for table project_database_backups
postgres-1       | 2026-10-08 16:45:02.967 UTC [1592] STATEMENT:  UPDATE project_database_backups SET manifest_sha256 = 'eeeeeeeeeeeeeeeeeeeeeeeeeeeeeeeeeeeeeeeeeeeeeeeeeeeeeeeeeeeeeeee' WHERE id = $1
postgres-1       | 2026-10-08 16:45:02.972 UTC [1592] ERROR:  permission denied for table project_database_backups
postgres-1       | 2026-10-08 16:45:02.972 UTC [1592] STATEMENT:  UPDATE project_database_backups SET expires_at = now() WHERE id = $1
postgres-1       | 2026-10-08 16:45:02.983 UTC [1592] ERROR:  permission denied for table project_database_backups
postgres-1       | 2026-10-08 16:45:02.983 UTC [1592] STATEMENT:  UPDATE project_database_backups SET part_count = 9 WHERE id = $1
postgres-1       | 2026-10-08 16:45:02.988 UTC [1592] ERROR:  permission denied for table project_database_backups
postgres-1       | 2026-10-08 16:45:02.988 UTC [1592] STATEMENT:  UPDATE project_database_backups SET restore_lease_token = gen_random_uuid() WHERE id = $1
postgres-1       | 2026-10-08 16:45:02.995 UTC [1592] ERROR:  permission denied for table project_database_backups
postgres-1       | 2026-10-08 16:45:02.995 UTC [1592] STATEMENT:  DELETE FROM project_database_backups WHERE id = $1
postgres-1       | 2026-10-08 16:45:03.003 UTC [1592] ERROR:  new row for relation "project_database_backups" violates check constraint "project_database_backups_restore_failure_shape"
postgres-1       | 2026-10-08 16:45:03.003 UTC [1592] STATEMENT:  UPDATE project_database_backups SET restore_error_code = 'RESTORE_FAILED'
postgres-1       | 	             WHERE id = $1
postgres-1       | 2026-10-08 16:45:03.015 UTC [1592] ERROR:  permission denied for table project_database_backup_schedules
postgres-1       | 2026-10-08 16:45:03.015 UTC [1592] STATEMENT:  UPDATE project_database_backup_schedules SET enabled = false WHERE project_id = $1
certification-1  |  [32m✓[39m tests/postgres.integration.test.ts [2m([22m[2m83 tests[22m[2m)[22m[33m 87201[2mms[22m[39m
certification-1  |      [33m[2m✓[22m[39m finds the suspected missing index, the unused index, the bloat and the missing sample in real statistics (2.40) [33m 11805[2mms[22m[39m
certification-1  |      [33m[2m✓[22m[39m (2.43) enqueues a dedupe key into a queue without a dedupe window against the real pair constraint [33m 316[2mms[22m[39m
certification-1  |      [33m[2m✓[22m[39m (2.49) applies a console change set through the approval path and leaves the table as described [33m 724[2mms[22m[39m
certification-1  |      [33m[2m✓[22m[39m (2.52) refuses a usable session without the second factor when the project requires it [33m 1452[2mms[22m[39m
certification-1  |      [33m[2m✓[22m[39m (2.54) refuses a return target outside the allowed list of the project [33m 888[2mms[22m[39m
certification-1  |      [33m[2m✓[22m[39m (2.56) refuses the login attempt that crosses the limit and lets the next window through [33m 2492[2mms[22m[39m
certification-1  |      [33m[2m✓[22m[39m (2.60) refuses a known leaked password at sign-up when the project requires it [33m 1150[2mms[22m[39m
certification-1  |      [33m[2m✓[22m[39m (2.62) tells for a real table what a signed-in user may read and write [33m 404[2mms[22m[39m
certification-1  |      [33m[2m✓[22m[39m (2.61) runs every prepared template against a real catalog without writing [33m 772[2mms[22m[39m
certification-1  |      [33m[2m✓[22m[39m (2.67) shows what a query costs in the console without showing the query [33m 1312[2mms[22m[39m
certification-1  |      [33m[2m✓[22m[39m (2.50) turns a real table change into a signed webhook delivery [33m 602[2mms[22m[39m
certification-1  |      [33m[2m✓[22m[39m (2.63) forwards only the fields the console already shows [33m 428[2mms[22m[39m
certification-1  |      [33m[2m✓[22m[39m (2.53) delivers a table change through the running bridge process [33m 6803[2mms[22m[39m
certification-1  |      [33m[2m✓[22m[39m (2.108) forwards the real container output of a real invocation as one entry per line, keeps a two kibibyte line, and reads no more invocations per run than its own limit allows [33m 310[2mms[22m[39m
certification-1  |      [33m[2m✓[22m[39m (2.65) searches across the sources that have routes and says what it cannot reach [33m 321[2mms[22m[39m
certification-1  |      [33m[2m✓[22m[39m (2.64) forwards through the running collector process and continues after a restart [33m 6806[2mms[22m[39m
certification-1  |      [33m[2m✓[22m[39m (2.68) reads what this environment runs on from the real server and the real control plane [33m 620[2mms[22m[39m
certification-1  |      [33m[2m✓[22m[39m (2.69) explains a real query plan without executing the query [33m 9043[2mms[22m[39m
certification-1  |      [33m[2m✓[22m[39m (2.70) reports the state of the real database from counters that really move [33m 2790[2mms[22m[39m
certification-1  |      [33m[2m✓[22m[39m (2.74) reads a real replication slot with its backlog and carries no connection secret out [33m 401[2mms[22m[39m
certification-1  |      [33m[2m✓[22m[39m (2.75) turns a real project event into a signed dashboard webhook delivery [33m 557[2mms[22m[39m
certification-1  |      [33m[2m✓[22m[39m (2.77) calls the auth hooks of a real sign-in and refuses one that wants a reserved claim [33m 2142[2mms[22m[39m
certification-1  |      [33m[2m✓[22m[39m (2.79) registers a real passkey, signs in with a real signature and refuses replay, wrong origin and a counter that runs backwards [33m 949[2mms[22m[39m
certification-1  |      [33m[2m✓[22m[39m (2.81) counts change sets, approvals and apply jobs per fixed environment under RLS [33m 487[2mms[22m[39m
certification-1  |      [33m[2m✓[22m[39m (2.173) deletes a project with a seven-day grace period, refuses its keys at once, restores it within the grace period and not after, and keeps all of it inside the organization [33m 372[2mms[22m[39m
certification-1  |      [33m[2m✓[22m[39m (2.80) accepts a real foreign token through the Data API under row security and refuses the four forgeries [33m 720[2mms[22m[39m
certification-1  |      [33m[2m✓[22m[39m (2.85) does not forward the same audit row again after a restart when the database sets the microseconds [33m 3601[2mms[22m[39m
certification-1  |      [33m[2m✓[22m[39m (2.83) answers a real GraphQL query under row security and refuses depth, a table without RLS and an alias trick [33m 457[2mms[22m[39m
certification-1  |      [33m[2m✓[22m[39m (2.97) writes through GraphQL exactly the rows the policy allows, rolls the whole request back on one rejected row and refuses a table without RLS, a missing filter and an exceeded limit [33m 791[2mms[22m[39m
certification-1  |      [33m[2m✓[22m[39m (2.105) upserts through both surfaces over a unique key the catalogue really holds, refuses a key it does not, and never changes a row the caller could not have updated [33m 870[2mms[22m[39m
certification-1  |      [33m[2m✓[22m[39m (2.115) upserts over MCP and over the TypeScript SDK on the same service path, calls an unknown conflict key by its name instead of an outage, and lets neither surface change a row its caller could not have updated [33m 612[2mms[22m[39m
certification-1  |      [33m[2m✓[22m[39m (2.82) issues an OAuth code with PKCE, redeems it once, reads with the token under row security and refuses replay, a wrong verifier, a foreign return target and an ungranted scope [33m 974[2mms[22m[39m
certification-1  |      [33m[2m✓[22m[39m (2.86) reads the realtime channels, keeps a counter past retention, counts the change feed backlog against the stored position and shows the neighbour nothing [33m 481[2mms[22m[39m
certification-1  |      [33m[2m✓[22m[39m (2.89) removes exactly the long-expired one-time artefacts, keeps the fresh ones, keeps a code whose token still lives, and lets only the auth role delete [33m 382[2mms[22m[39m
certification-1  |      [33m[2m✓[22m[39m (2.91) turns a real OAuth token into an MCP session with exactly the tools its scopes open, writes a row through it, and refuses an ungranted, an expired and a revoked token with the same answer [33m 1324[2mms[22m[39m
certification-1  |      [33m[2m✓[22m[39m (2.103) opens exactly the tools each new scope names against the real database, keeps the tenant boundary, reaches no worker lease operation through queues:write and throws for a tool name without an entry [33m 1304[2mms[22m[39m
certification-1  |      [33m[2m✓[22m[39m (2.116) gives storage:write one deleting tool and no upload, runs it as the consenting user under the write policy of the bucket, keeps a foreign object in an owner bucket and gives the operator role only to the local bearer [33m 1292[2mms[22m[39m
certification-1  |      [33m[2m✓[22m[39m (2.117) runs the free query under row level security as the consenting user, gives each user exactly their own rows, keeps a table without row level security unreachable over OAuth and answers the schema list with the readable surface only [33m 1353[2mms[22m[39m
certification-1  |      [33m[2m✓[22m[39m (2.92) records a consent as one row, issues a token on it, revokes exactly that consent so the token stops working while the row stays, and refuses a scope nobody consented to [33m 983[2mms[22m[39m
certification-1  |      [33m[2m✓[22m[39m (2.93) proves what the vector page claims: this server offers no vector type, CREATE EXTENSION vector fails, cube stops at its hard dimension limit, and a bucket written under row security has no place for an embedding [33m 558[2mms[22m[39m
certification-1  |      [33m[2m✓[22m[39m (2.94) revokes exactly one issued OAuth token so that token stops working while its consent, its neighbour token and the right to a new one all stay [33m 783[2mms[22m[39m
certification-1  |      [33m[2m✓[22m[39m (2.95) embeds neighbour rows over real foreign keys and shows exactly what the policy of the embedded table allows, refuses an unknown relation, a neighbour without row security and one embed too many [33m 580[2mms[22m[39m
certification-1  |      [33m[2m✓[22m[39m (2.111) carries the neighbours of the rows a GraphQL mutation wrote under the policy of the neighbour table and in the transaction of the mutation, reads a second level only towards one, and writes through no relation [33m 707[2mms[22m[39m
certification-1  |      [33m[2m✓[22m[39m (2.112) embeds a neighbour table of another schema only through the same door as a base table, lets its own policy decide the rows, and refuses it without row security, without the privilege and in a system schema [33m 587[2mms[22m[39m
certification-1  |      [33m[2m✓[22m[39m (2.98) keeps what a container wrote in its own table under the tenant, append-only, bounded by the checks of 0069, and drops it with the function [33m 368[2mms[22m[39m
certification-1  |      [33m[2m✓[22m[39m (2.99) turns a really signed SAML assertion into a session in the real database, bars the same assertion the second time at the unique constraint of 0070, and keeps that bar inside its own environment and provider [33m 758[2mms[22m[39m
certification-1  |      [33m[2m✓[22m[39m (2.101) books an S3 multipart upload part by part against the real quota, replaces a part without booking it twice, and lets no completed reservation stand without the checksum of the whole file [33m 965[2mms[22m[39m
certification-1  |      [33m[2m✓[22m[39m (2.109) proves what the server log card claims: this server runs without a collector so no log file exists at all, the runtime role may neither read a server file nor learn where one would lie, adminpack is gone in PostgreSQL 17, and the same pure function the view uses lands on no_file [33m 353[2mms[22m[39m
certification-1  |      [33m[2m✓[22m[39m (2.113) keeps a presence entry only as long as its lease, lets the runtime role write one but not move it to another channel, and shows it to no other organization [33m 485[2mms[22m[39m
certification-1  |      [33m[2m✓[22m[39m (2.119) gives every invoice position a label and a stable key, bills a flat charge without a quantity, lets a second run of the same month write nothing and burn no number, and shows no invoice, position or charge of one tenant to another [33m 682[2mms[22m[39m
certification-1  |      [33m[2m✓[22m[39m (2.121) follows one message from its enqueue to its dead letter across a dead host and two instances, carries the foreign trace into its replay, shows it to no other organization and has no column for a payload [33m 535[2mms[22m[39m
certification-1  |      [33m[2m✓[22m[39m (2.122) cuts a trace at its own expiry and never at the outcome of its message, keeps it when the message is already pruned, never shorter than the queue retention, and stops at sixty-four stations [33m 2832[2mms[22m[39m
certification-1  |      [33m[2m✓[22m[39m (2.124) hands a worker a traceparent that continues the trace of its message, generates one span per station in the database, invents no trace id where none came in, chains a replay to the dead letter instead of to the caller, and keeps the anchor of an outgoing delivery immutable [33m 1031[2mms[22m[39m
certification-1  |      [33m[2m✓[22m[39m (2.131) finds every message of one foreign trace across two queues of one environment, never leaves the environment or the organization, pages by keyset, and gives an application the trace of its own message without the host [33m 495[2mms[22m[39m
certification-1  |      [33m[2m✓[22m[39m (2.130) orders a project database backup and a restore through the catalogue the route uses, holds the tenant boundary without a filter in any statement, refuses the console role every column but the four of a restore request, and advances a due schedule exactly once [33m 942[2mms[22m[39m
certification-1  |      [33m[2m✓[22m[39m (2.175) purges a deleted project after its deadline: removes its backups the way retention does, waits while a backup still runs, then revokes its keys and leaves a hull with purged_at [33m 464[2mms[22m[39m
certification-1  |      [33m[2m✓[22m[39m (2.176) purges the storage of a deleted project: waits without storage access, removes each file at the provider before the catalog forgets it, then drops the buckets [33m 354[2mms[22m[39m
certification-1  |      [33m[2m✓[22m[39m (2.177) asks the broker to tear down each database of a purged project, retries a refusal later with the same idempotency key, and sets purged_at only after the broker confirmed [33m 492[2mms[22m[39m
certification-1  |  [32m✓[39m tests/project-queues-multi-instance.integration.test.ts [2m([22m[2m6 tests[22m[2m)[22m[33m 16672[2mms[22m[39m
certification-1  |      [33m[2m✓[22m[39m claims every message exactly once across six competing instances [33m 5699[2mms[22m[39m
certification-1  |      [33m[2m✓[22m[39m gives a message to exactly one instance when many claim at the same moment [33m 407[2mms[22m[39m
certification-1  |      [33m[2m✓[22m[39m fences a vanished worker: the lease survives, the stale token does not [33m 6472[2mms[22m[39m
certification-1  |      [33m[2m✓[22m[39m keeps retry authority on the server when instances fail concurrently [33m 858[2mms[22m[39m
certification-1  |      [33m[2m✓[22m[39m enforces the capacity limit even when instances enqueue at the same time [33m 2598[2mms[22m[39m
certification-1  |      [33m[2m✓[22m[39m deduplicates the same key across instances, not just within one [33m 411[2mms[22m[39m
certification-1  |  [32m✓[39m tests/compute-webhook-chain.integration.test.ts [2m([22m[2m6 tests[22m[2m)[22m[33m 1003[2mms[22m[39m
certification-1  | [90mstdout[2m | tests/sql-privilege-clause-contract.integration.test.ts[2m > [22m[2mSQL privilege clause contract[2m > [22m[2mfinds statements to check
certification-1  | [22m[39mprivilege clause contract: 156 Anweisungen, 15 Spaltenlisten nicht auswertbar, 1072 Platzhalter offen
certification-1  | 
certification-1  |  [32m✓[39m tests/realtime-process-postgres.integration.test.ts [2m([22m[2m3 tests[22m[2m)[22m[33m 8903[2mms[22m[39m
certification-1  |      [33m[2m✓[22m[39m serves a real client from the shipped process [33m 3419[2mms[22m[39m
certification-1  |      [33m[2m✓[22m[39m refuses production with an ephemeral log and names the condition [33m 1997[2mms[22m[39m
certification-1  |      [33m[2m✓[22m[39m serves a client on a public bind after the explicit opt-in [33m 2864[2mms[22m[39m
postgres-1       | 2026-10-08 16:45:17.200 UTC [1717] ERROR:  relation "change_feed" already exists
postgres-1       | 2026-10-08 16:45:17.200 UTC [1717] STATEMENT:  -- Run once after 0002_qkern_migration_fence.sql as the trusted project database
postgres-1       | 	-- provisioner. Provides trigger-based change capture for Realtime.
postgres-1       | 	--
postgres-1       | 	-- ## Warum Trigger und nicht logische Replikation
postgres-1       | 	--
postgres-1       | 	-- Logische Replikation sieht jede Aenderung ohne Schemaeingriff, verlangt aber
postgres-1       | 	-- eine Rolle mit Replikationsrecht und einen Slot. Beides steht im direkten
postgres-1       | 	-- Widerspruch zu diesem Schema: 0001 prueft fuer jede beteiligte Rolle
postgres-1       | 	-- ausdruecklich rolreplication = false. Ein hängender Konsument laesst den Slot
postgres-1       | 	-- ausserdem unbegrenzt WAL halten, bis die Platte voll ist -- ein
postgres-1       | 	-- Betriebsrisiko, das der Kunde traegt und QKERN nicht begrenzen kann.
postgres-1       | 	--
postgres-1       | 	-- Trigger sind begrenzbar: der Feed hat Groessengrenzen und Aufbewahrung, und
postgres-1       | 	-- das Anschalten je Tabelle ist eine Schemaaenderung, die den vorhandenen
postgres-1       | 	-- Change-Set- und Approval-Weg durchlaeuft.
postgres-1       | 	--
postgres-1       | 	-- ## Warum keine Zeilenwerte gespeichert werden
postgres-1       | 	--
postgres-1       | 	-- Der Feed haelt ausschliesslich die Primaerschluesselwerte. Die eigentlichen
postgres-1       | 	-- Zeilenwerte werden je Abonnent frisch gelesen, und zwar mit dessen Claims.
postgres-1       | 	-- Row Level Security autorisiert und erzeugt die Nutzlast damit in einem
postgres-1       | 	-- Schritt. Wuerden die Werte hier liegen, muesste eine zweite, unabhaengige
postgres-1       | 	-- Sichtbarkeitspruefung sie korrekt filtern -- eine Kopie der RLS-Logik
postgres-1       | 	-- ausserhalb der Datenbank und damit eine dauerhafte Fehlerquelle.
postgres-1       | 	
postgres-1       | 	BEGIN;
postgres-1       | 	
postgres-1       | 	CREATE TABLE qkern_internal.change_feed (
postgres-1       | 	  position bigint GENERATED ALWAYS AS IDENTITY PRIMARY KEY,
postgres-1       | 	  schema_name text NOT NULL CHECK (schema_name ~ '^[a-z_][a-z0-9_]{0,62}$'),
postgres-1       | 	  table_name text NOT NULL CHECK (table_name ~ '^[a-z_][a-z0-9_]{0,62}$'),
postgres-1       | 	  operation text NOT NULL CHECK (operation IN ('insert', 'update', 'delete')),
postgres-1       | 	  -- Nur Primaerschluesselwerte. Die Grenze verhindert, dass ein zusammengesetzter
postgres-1       | 	  -- Schluessel den Feed aufblaeht.
postgres-1       | 	  row_key jsonb NOT NULL CHECK (octet_length(row_key::text) <= 4096),
postgres-1       | 	  committed_at timestamptz NOT NULL DEFAULT now()
postgres-1       | 	);
postgres-1       | 	
postgres-1       | 	CREATE INDEX change_feed_retention_idx ON qkern_internal.change_feed (committed_at);
postgres-1       | 	
postgres-1       | 	ALTER TABLE qkern_internal.change_feed OWNER TO qkern_ledger_owner;
postgres-1       | 	
postgres-1       | 	-- SECURITY DEFINER: Der Schreiber einer Zeile besitzt keine Rechte auf dem
postgres-1       | 	-- Feed und soll sie auch nicht bekommen. Der Trigger schreibt stellvertretend.
postgres-1       | 	-- search_path wird fest gesetzt, damit kein Aufrufer die aufgeloesten Objekte
postgres-1       | 	-- umlenken kann.
postgres-1       | 	CREATE OR REPLACE FUNCTION qkern_internal.capture_change()
postgres-1       | 	RETURNS trigger
postgres-1       | 	LANGUAGE plpgsql
postgres-1       | 	SECURITY DEFINER
postgres-1       | 	SET search_path = qkern_internal, pg_catalog
postgres-1       | 	AS $$
postgres-1       | 	DECLARE
postgres-1       | 	  key_columns text[];
postgres-1       | 	  source record;
postgres-1       | 	  key jsonb;
postgres-1       | 	BEGIN
postgres-1       | 	  SELECT array_agg(attribute.attname ORDER BY attribute.attnum)
postgres-1       | 	    INTO key_columns
postgres-1       | 	    FROM pg_index index
postgres-1       | 	    JOIN pg_attribute attribute
postgres-1       | 	      ON attribute.attrelid = index.indrelid AND attribute.attnum = ANY (index.indkey)
postgres-1       | 	   WHERE index.indrelid = TG_RELID AND index.indisprimary;
postgres-1       | 	
postgres-1       | 	  IF key_columns IS NULL THEN
postgres-1       | 	    RAISE EXCEPTION 'change capture requires a primary key on %.%', TG_TABLE_SCHEMA, TG_TABLE_NAME
postgres-1       | 	      USING ERRCODE = '55000';
postgres-1       | 	  END IF;
postgres-1       | 	
postgres-1       | 	  source := CASE WHEN TG_OP = 'DELETE' THEN OLD ELSE NEW END;
postgres-1       | 	  SELECT jsonb_object_agg(entry.key, entry.value)
postgres-1       | 	    INTO key
postgres-1       | 	    FROM jsonb_each(to_jsonb(source)) AS entry
postgres-1       | 	   WHERE entry.key = ANY (key_columns);
postgres-1       | 	
postgres-1       | 	  INSERT INTO qkern_internal.change_feed (schema_name, table_name, operation, row_key)
postgres-1       | 	  VALUES (TG_TABLE_SCHEMA, TG_TABLE_NAME, lower(TG_OP), key);
postgres-1       | 	
postgres-1       | 	  RETURN NULL;
postgres-1       | 	END;
postgres-1       | 	$$;
postgres-1       | 	
postgres-1       | 	ALTER FUNCTION qkern_internal.capture_change() OWNER TO qkern_ledger_owner;
postgres-1       | 	
postgres-1       | 	REVOKE ALL ON qkern_internal.change_feed FROM PUBLIC;
postgres-1       | 	REVOKE ALL ON FUNCTION qkern_internal.capture_change() FROM PUBLIC;
postgres-1       | 	
postgres-1       | 	-- Die Laufzeitrolle liest den Feed und raeumt ihn auf. Sie darf ihn niemals
postgres-1       | 	-- schreiben: ein erfundenes Aenderungsereignis wuerde einen Lesevorgang mit
postgres-1       | 	-- fremden Claims ausloesen.
postgres-1       | 	GRANT USAGE ON SCHEMA qkern_internal TO qkern_project_api_app;
postgres-1       | 	GRANT SELECT, DELETE ON qkern_internal.change_feed TO qkern_project_api_app;
postgres-1       | 	
postgres-1       | 	COMMIT;
postgres-1       | 	
postgres-1       | 2026-10-08 16:45:17.349 UTC [1718] ERROR:  change capture requires a primary key on public.cdc_keyless_fed20927f615
postgres-1       | 2026-10-08 16:45:17.349 UTC [1718] CONTEXT:  PL/pgSQL function capture_change() line 15 at RAISE
postgres-1       | 2026-10-08 16:45:17.349 UTC [1718] STATEMENT:  INSERT INTO public.cdc_keyless_fed20927f615 (label) VALUES ('orphan')
postgres-1       | 2026-10-08 16:45:17.476 UTC [1720] ERROR:  permission denied for table change_feed
postgres-1       | 2026-10-08 16:45:17.476 UTC [1720] STATEMENT:  INSERT INTO qkern_internal.change_feed (schema_name, table_name, operation, row_key)
postgres-1       | 	       VALUES ('public', 'forged', 'insert', '{"id":"forged"}'::jsonb)
certification-1  |  [32m✓[39m tests/realtime-change-feed-postgres.integration.test.ts [2m([22m[2m6 tests[22m[2m)[22m[33m 529[2mms[22m[39m
certification-1  |  [32m✓[39m tests/sql-privilege-clause-contract.integration.test.ts [2m([22m[2m2 tests[22m[2m)[22m[33m 8102[2mms[22m[39m
certification-1  |      [33m[2m✓[22m[39m grants every write role the read right its clauses require [33m 7688[2mms[22m[39m
postgres-1       | 2026-10-08 16:45:19.109 UTC [1732] ERROR:  permission denied for table billing_rate_cards
postgres-1       | 2026-10-08 16:45:19.109 UTC [1732] STATEMENT:  UPDATE billing_rate_cards SET unit_price_micros = 1 WHERE organization_id = $1
postgres-1       | 2026-10-08 16:45:19.123 UTC [1732] ERROR:  permission denied for table billing_rate_cards
postgres-1       | 2026-10-08 16:45:19.123 UTC [1732] STATEMENT:  DELETE FROM billing_rate_cards WHERE organization_id = $1
certification-1  |  [32m✓[39m tests/usage-billing-postgres.integration.test.ts [2m([22m[2m4 tests[22m[2m)[22m[33m 598[2mms[22m[39m
postgres-1       | 2026-10-08 16:45:19.806 UTC [1734] ERROR:  permission denied for table migration_outbox
postgres-1       | 2026-10-08 16:45:19.806 UTC [1734] STATEMENT:  SELECT status FROM migration_outbox
postgres-1       | 2026-10-08 16:45:19.813 UTC [1734] ERROR:  permission denied for table migration_outbox
postgres-1       | 2026-10-08 16:45:19.813 UTC [1734] STATEMENT:  SELECT lease_owner FROM migration_outbox
postgres-1       | 2026-10-08 16:45:19.818 UTC [1734] ERROR:  permission denied for table migration_outbox
postgres-1       | 2026-10-08 16:45:19.818 UTC [1734] STATEMENT:  SELECT lease_token FROM migration_outbox
postgres-1       | 2026-10-08 16:45:19.824 UTC [1734] ERROR:  permission denied for table migration_outbox
postgres-1       | 2026-10-08 16:45:19.824 UTC [1734] STATEMENT:  SELECT lease_expires_at FROM migration_outbox
postgres-1       | 2026-10-08 16:45:19.833 UTC [1734] ERROR:  permission denied for table migration_outbox
postgres-1       | 2026-10-08 16:45:19.833 UTC [1734] STATEMENT:  SELECT failure_count FROM migration_outbox
postgres-1       | 2026-10-08 16:45:19.843 UTC [1734] ERROR:  permission denied for table migration_outbox
postgres-1       | 2026-10-08 16:45:19.843 UTC [1734] STATEMENT:  SELECT available_at FROM migration_outbox
certification-1  |  [32m✓[39m tests/migration-enqueue-postgres.integration.test.ts [2m([22m[2m3 tests[22m[2m)[22m[33m 401[2mms[22m[39m
postgres-1       | 2026-10-08 16:45:20.108 UTC [1735] WARNING:  "wal_level" is insufficient to publish logical changes
postgres-1       | 2026-10-08 16:45:20.108 UTC [1735] HINT:  Set "wal_level" to "logical" before creating subscriptions.
certification-1  |  [32m✓[39m tests/data-plane-catalog-wide-postgres.integration.test.ts [2m([22m[2m4 tests[22m[2m)[22m[33m 386[2mms[22m[39m
certification-1  |  [32m✓[39m tests/usage-metering-postgres.integration.test.ts [2m([22m[2m4 tests[22m[2m)[22m[33m 443[2mms[22m[39m
certification-1  |  [32m✓[39m tests/data-plane-functions-postgres.integration.test.ts [2m([22m[2m1 test[22m[2m)[22m[33m 311[2mms[22m[39m
certification-1  |  [32m✓[39m tests/data-plane-catalog-postgres.integration.test.ts [2m([22m[2m3 tests[22m[2m)[22m[33m 461[2mms[22m[39m
certification-1  |  [32m✓[39m tests/data-plane-triggers-postgres.integration.test.ts [2m([22m[2m1 test[22m[2m)[22m[32m 284[2mms[22m[39m
certification-1  |  [32m✓[39m tests/data-plane-query-postgres.integration.test.ts [2m([22m[2m2 tests[22m[2m)[22m[33m 450[2mms[22m[39m
certification-1  |  [32m✓[39m tests/queue-connection-pressure-postgres.integration.test.ts [2m([22m[2m1 test[22m[2m)[22m[33m 536[2mms[22m[39m
certification-1  |      [33m[2m✓[22m[39m names an exhausted pool instead of calling it a queue conflict [33m 344[2mms[22m[39m
certification-1  | 
certification-1  | [2m Test Files [22m [1m[32m31 passed[39m[22m[90m (31)[39m
certification-1  | [2m      Tests [22m [1m[32m265 passed[39m[22m[90m (265)[39m
certification-1  | [2m   Start at [22m 16:43:27
certification-1  | [2m   Duration [22m 116.71s[2m (transform 12.63s, setup 0ms, import 25.10s, tests 189.06s, environment 31ms)[22m
certification-1  | 
[Kcertification-1 exited with code 0
 Compose Stopping Aborting on container exit...
 Container qkern-slice-teardown6-certification-1 Stopping 
 Container qkern-slice-teardown6-certification-1 Stopped 
 Container qkern-slice-teardown6-postgres-1 Stopping 
 Container qkern-slice-teardown6-vault-1 Stopping 
postgres-1       | 2026-10-08 16:45:26.226 UTC [1] LOG:  received fast shutdown request
postgres-1       | 2026-10-08 16:45:26.226 UTC [1] LOG:  aborting any active transactions
vault-1          | ==> Vault shutdown triggered
vault-1          | 2026-10-08T16:45:26.235Z [INFO]  core: marked as sealed
vault-1          | 2026-10-08T16:45:26.236Z [INFO]  core: pre-seal teardown starting
vault-1          | 2026-10-08T16:45:26.240Z [INFO]  rollback: stopping rollback manager
vault-1          | 2026-10-08T16:45:26.246Z [INFO]  core: pre-seal teardown complete
vault-1          | 2026-10-08T16:45:26.246Z [INFO]  core: stopping cluster listeners
postgres-1       | 2026-10-08 16:45:26.246 UTC [1] LOG:  background worker "logical replication launcher" (PID 392) exited with exit code 1
postgres-1       | 2026-10-08 16:45:26.246 UTC [387] LOG:  shutting down
postgres-1       | 2026-10-08 16:45:26.247 UTC [387] LOG:  checkpoint starting: shutdown immediate
vault-1          | 2026-10-08T16:45:26.246Z [INFO]  core.cluster-listener: forwarding rpc listeners stopped
vault-1          | 2026-10-08T16:45:26.262Z [INFO]  core.cluster-listener: rpc listeners successfully shut down
vault-1          | 2026-10-08T16:45:26.262Z [INFO]  core: cluster listeners successfully shut down
vault-1          | 2026-10-08T16:45:26.263Z [INFO]  core: vault is sealed
postgres-1       | 2026-10-08 16:45:26.264 UTC [387] LOG:  checkpoint complete: wrote 783 buffers (4.8%); 0 WAL file(s) added, 0 removed, 0 recycled; write=0.015 s, sync=0.001 s, total=0.018 s; sync files=463, longest=0.001 s, average=0.001 s; distance=4284 kB, estimate=25973 kB; lsn=0/6C16EF0, redo lsn=0/6C16EF0
postgres-1       | 2026-10-08 16:45:26.296 UTC [1] LOG:  database system is shut down
 Container qkern-slice-teardown6-vault-1 Stopped 
[Kvault-1 exited with code 0
 Container qkern-slice-teardown6-postgres-1 Stopped 
[Kpostgres-1 exited with code 0
 Container qkern-slice-teardown6-certification-1 Stopping 
 Container qkern-slice-teardown6-certification-1 Stopped 
 Container qkern-slice-teardown6-certification-1 Removing 
 Container qkern-slice-teardown6-certification-1 Removed 
 Container qkern-slice-teardown6-vault-1 Stopping 
 Container qkern-slice-teardown6-postgres-1 Stopping 
 Container qkern-slice-teardown6-vault-1 Stopped 
 Container qkern-slice-teardown6-vault-1 Removing 
 Container qkern-slice-teardown6-postgres-1 Stopped 
 Container qkern-slice-teardown6-postgres-1 Removing 
 Container qkern-slice-teardown6-vault-1 Removed 
 Container qkern-slice-teardown6-postgres-1 Removed 
 Network qkern-slice-teardown6_default Removing 
 Network qkern-slice-teardown6_default Removed 
EXIT=0
EXIT=0
