
> qkern-platform@2.82.0 test:postgres:docker
> node scripts/postgres-certification.mjs

 Network qkern-slice-release4_default Creating 
 Network qkern-slice-release4_default Created 
 Container qkern-slice-release4-vault-1 Creating 
 Container qkern-slice-release4-postgres-1 Creating 
 Container qkern-slice-release4-vault-1 Created 
 Container qkern-slice-release4-postgres-1 Created 
 Container qkern-slice-release4-certification-1 Creating 
 Container qkern-slice-release4-certification-1 Created 
Attaching to certification-1, postgres-1, vault-1
 Container qkern-slice-release4-vault-1 Starting 
 Container qkern-slice-release4-postgres-1 Starting 
 Container qkern-slice-release4-vault-1 Started 
 Container qkern-slice-release4-postgres-1 Started 
 Container qkern-slice-release4-postgres-1 Waiting 
 Container qkern-slice-release4-vault-1 Waiting 
postgres-1  | The files belonging to this database system will be owned by user "postgres".
postgres-1  | This user must also own the server process.
postgres-1  | 
postgres-1  | The database cluster will be initialized with locale "en_US.utf8".
postgres-1  | The default database encoding has accordingly been set to "UTF8".
postgres-1  | The default text search configuration will be set to "english".
postgres-1  | 
postgres-1  | Data page checksums are disabled.
postgres-1  | 
postgres-1  | fixing permissions on existing directory /var/lib/postgresql/data ... ok
postgres-1  | creating subdirectories ... ok
postgres-1  | selecting dynamic shared memory implementation ... posix
postgres-1  | selecting default "max_connections" ... 100
postgres-1  | selecting default "shared_buffers" ... 128MB
postgres-1  | selecting default time zone ... UTC
postgres-1  | creating configuration files ... ok
postgres-1  | running bootstrap script ... ok
postgres-1  | sh: locale: not found
postgres-1  | 2026-10-08 18:34:17.018 UTC [36] WARNING:  no usable system locales were found
postgres-1  | performing post-bootstrap initialization ... ok
postgres-1  | syncing data to disk ... ok
postgres-1  | 
postgres-1  | 
postgres-1  | Success. You can now start the database server using:
postgres-1  | 
postgres-1  |     pg_ctl -D /var/lib/postgresql/data -l logfile start
postgres-1  | 
postgres-1  | initdb: warning: enabling "trust" authentication for local connections
postgres-1  | initdb: hint: You can change this by editing pg_hba.conf or using the option -A, or --auth-local and --auth-host, the next time you run initdb.
postgres-1  | waiting for server to start....2026-10-08 18:34:19.224 UTC [56] LOG:  starting PostgreSQL 17.10 on x86_64-pc-linux-musl, compiled by gcc (Alpine 15.2.0) 15.2.0, 64-bit
postgres-1  | 2026-10-08 18:34:19.232 UTC [56] LOG:  listening on Unix socket "/var/run/postgresql/.s.PGSQL.5432"
postgres-1  | 2026-10-08 18:34:19.239 UTC [61] LOG:  database system was shut down at 2026-10-08 18:34:19 UTC
postgres-1  | 2026-10-08 18:34:19.254 UTC [56] LOG:  database system is ready to accept connections
postgres-1  |  done
postgres-1  | server started
postgres-1  | CREATE DATABASE
postgres-1  | 
postgres-1  | 
postgres-1  | /usr/local/bin/docker-entrypoint.sh: running /docker-entrypoint-initdb.d/000-certification-init.sh
postgres-1  | certification-init: applying 0001_control_plane.sql
postgres-1  | CREATE EXTENSION
postgres-1  | CREATE TYPE
postgres-1  | CREATE TYPE
postgres-1  | CREATE TABLE
postgres-1  | CREATE TABLE
postgres-1  | CREATE TABLE
postgres-1  | CREATE TABLE
postgres-1  | CREATE INDEX
postgres-1  | CREATE TABLE
postgres-1  | CREATE TABLE
postgres-1  | CREATE INDEX
postgres-1  | CREATE TABLE
postgres-1  | CREATE INDEX
postgres-1  | CREATE TABLE
postgres-1  | CREATE TABLE
postgres-1  | CREATE INDEX
postgres-1  | ALTER TABLE
postgres-1  | ALTER TABLE
postgres-1  | ALTER TABLE
postgres-1  | ALTER TABLE
postgres-1  | ALTER TABLE
postgres-1  | CREATE POLICY
postgres-1  | CREATE POLICY
postgres-1  | CREATE POLICY
postgres-1  | CREATE POLICY
postgres-1  | CREATE POLICY
postgres-1  | certification-init: applying 0002_repository_hardening.sql
postgres-1  | BEGIN
postgres-1  | CREATE FUNCTION
postgres-1  | ALTER TABLE
postgres-1  | ALTER TABLE
postgres-1  | ALTER TABLE
postgres-1  | ALTER TABLE
postgres-1  | ALTER TABLE
postgres-1  | ALTER TABLE
postgres-1  | UPDATE 0
postgres-1  | ALTER TABLE
postgres-1  | CREATE INDEX
postgres-1  | CREATE INDEX
postgres-1  | CREATE FUNCTION
postgres-1  | CREATE TRIGGER
postgres-1  | CREATE TRIGGER
postgres-1  | CREATE TRIGGER
postgres-1  | CREATE FUNCTION
postgres-1  | CREATE FUNCTION
postgres-1  | CREATE TRIGGER
postgres-1  | CREATE TRIGGER
postgres-1  | ALTER TABLE
postgres-1  | ALTER TABLE
postgres-1  | ALTER TABLE
postgres-1  | ALTER TABLE
postgres-1  | ALTER TABLE
postgres-1  | ALTER TABLE
postgres-1  | ALTER TABLE
postgres-1  | ALTER TABLE
postgres-1  | ALTER TABLE
postgres-1  | ALTER TABLE
postgres-1  | ALTER TABLE
postgres-1  | ALTER TABLE
postgres-1  | ALTER TABLE
postgres-1  | ALTER TABLE
postgres-1  | ALTER TABLE
postgres-1  | ALTER TABLE
postgres-1  | DROP POLICY
postgres-1  | DROP POLICY
postgres-1  | DROP POLICY
postgres-1  | DROP POLICY
postgres-1  | DROP POLICY
postgres-1  | CREATE POLICY
postgres-1  | CREATE POLICY
postgres-1  | CREATE POLICY
postgres-1  | CREATE POLICY
postgres-1  | CREATE POLICY
postgres-1  | CREATE POLICY
postgres-1  | CREATE POLICY
postgres-1  | CREATE POLICY
postgres-1  | CREATE POLICY
postgres-1  | CREATE POLICY
postgres-1  | CREATE POLICY
postgres-1  | CREATE POLICY
postgres-1  | CREATE POLICY
postgres-1  | CREATE POLICY
postgres-1  | CREATE POLICY
postgres-1  | CREATE POLICY
postgres-1  | CREATE POLICY
postgres-1  | CREATE POLICY
postgres-1  | CREATE POLICY
postgres-1  | CREATE POLICY
postgres-1  | CREATE POLICY
postgres-1  | CREATE POLICY
postgres-1  | CREATE POLICY
postgres-1  | CREATE POLICY
postgres-1  | DO
postgres-1  | REVOKE
postgres-1  | GRANT
postgres-1  | GRANT
postgres-1  | GRANT
postgres-1  | GRANT
postgres-1  | GRANT
postgres-1  | GRANT
postgres-1  | GRANT
postgres-1  | GRANT
postgres-1  | GRANT
postgres-1  | GRANT
postgres-1  | GRANT
postgres-1  | GRANT
postgres-1  | GRANT
postgres-1  | COMMIT
postgres-1  | certification-init: applying 0003_auth_and_memberships.sql
postgres-1  | BEGIN
postgres-1  | ALTER TABLE
postgres-1  | ALTER TABLE
postgres-1  | UPDATE 0
postgres-1  | ALTER TABLE
postgres-1  | CREATE INDEX
postgres-1  | CREATE TRIGGER
postgres-1  | CREATE TABLE
postgres-1  | CREATE INDEX
postgres-1  | CREATE INDEX
postgres-1  | CREATE FUNCTION
postgres-1  | DO
postgres-1  | REVOKE
postgres-1  | REVOKE
postgres-1  | GRANT
postgres-1  | GRANT
postgres-1  | GRANT
postgres-1  | GRANT
postgres-1  | COMMIT
postgres-1  | certification-init: applying 0004_artifact_and_workspace_integrity.sql
postgres-1  | BEGIN
postgres-1  | ALTER TABLE
postgres-1  | CREATE INDEX
postgres-1  | ALTER TABLE
postgres-1  | ALTER TABLE
postgres-1  | ALTER TABLE
postgres-1  | CREATE FUNCTION
postgres-1  | CREATE TRIGGER
postgres-1  | CREATE FUNCTION
postgres-1  | CREATE TRIGGER
postgres-1  | REVOKE
postgres-1  | GRANT
postgres-1  | REVOKE
postgres-1  | GRANT
postgres-1  | GRANT
postgres-1  | GRANT
postgres-1  | COMMIT
postgres-1  | certification-init: applying 0005_migration_apply_queue.sql
postgres-1  | BEGIN
postgres-1  | CREATE TYPE
postgres-1  | CREATE TYPE
postgres-1  | CREATE TABLE
postgres-1  | CREATE INDEX
postgres-1  | CREATE INDEX
postgres-1  | CREATE TABLE
postgres-1  | CREATE INDEX
postgres-1  | CREATE TRIGGER
postgres-1  | CREATE TRIGGER
postgres-1  | CREATE FUNCTION
postgres-1  | CREATE TRIGGER
postgres-1  | CREATE FUNCTION
postgres-1  | CREATE TRIGGER
postgres-1  | ALTER TABLE
postgres-1  | ALTER TABLE
postgres-1  | ALTER TABLE
postgres-1  | ALTER TABLE
postgres-1  | CREATE POLICY
postgres-1  | CREATE POLICY
postgres-1  | CREATE POLICY
postgres-1  | CREATE POLICY
postgres-1  | CREATE POLICY
postgres-1  | CREATE POLICY
postgres-1  | REVOKE
postgres-1  | REVOKE
postgres-1  | REVOKE
postgres-1  | GRANT
postgres-1  | GRANT
postgres-1  | GRANT
postgres-1  | GRANT
postgres-1  | GRANT
postgres-1  | GRANT
postgres-1  | GRANT
postgres-1  | GRANT
postgres-1  | GRANT
postgres-1  | COMMIT
postgres-1  | certification-init: applying 0006_worker_runtime_boundary.sql
postgres-1  | BEGIN
postgres-1  | DO
postgres-1  | ALTER TABLE
postgres-1  | ALTER TABLE
postgres-1  | UPDATE 0
postgres-1  | ALTER TABLE
postgres-1  | REVOKE
postgres-1  | REVOKE
postgres-1  | REVOKE
postgres-1  | GRANT
postgres-1  | REVOKE
postgres-1  | REVOKE
postgres-1  | GRANT
postgres-1  | GRANT
postgres-1  | GRANT
postgres-1  | GRANT
postgres-1  | GRANT
postgres-1  | GRANT
postgres-1  | GRANT
postgres-1  | GRANT
postgres-1  | GRANT
postgres-1  | GRANT
postgres-1  | GRANT
postgres-1  | COMMIT
postgres-1  | certification-init: applying 0007_migration_claim_sequence.sql
postgres-1  | BEGIN
postgres-1  | ALTER TABLE
postgres-1  | REVOKE
postgres-1  | GRANT
postgres-1  | COMMIT
postgres-1  | certification-init: applying 0008_migration_reconciliation_quarantine.sql
postgres-1  | ALTER TYPE
postgres-1  | BEGIN
postgres-1  | ALTER TABLE
postgres-1  | REVOKE
postgres-1  | GRANT
postgres-1  | COMMIT
postgres-1  | certification-init: applying 0009_migration_review_commands.sql
postgres-1  | BEGIN
postgres-1  | CREATE TYPE
postgres-1  | ALTER TABLE
postgres-1  | CREATE TABLE
postgres-1  | CREATE INDEX
postgres-1  | CREATE INDEX
postgres-1  | CREATE TRIGGER
postgres-1  | ALTER TABLE
postgres-1  | ALTER TABLE
postgres-1  | CREATE POLICY
postgres-1  | CREATE POLICY
postgres-1  | CREATE POLICY
postgres-1  | REVOKE
postgres-1  | GRANT
postgres-1  | GRANT
postgres-1  | GRANT
postgres-1  | GRANT
postgres-1  | REVOKE
postgres-1  | GRANT
postgres-1  | COMMIT
postgres-1  | certification-init: applying 0010_migration_incident_escalations.sql
postgres-1  | BEGIN
postgres-1  | CREATE TYPE
postgres-1  | CREATE TYPE
postgres-1  | CREATE TABLE
postgres-1  | CREATE INDEX
postgres-1  | CREATE INDEX
postgres-1  | CREATE TRIGGER
postgres-1  | CREATE FUNCTION
postgres-1  | CREATE TRIGGER
postgres-1  | ALTER TABLE
postgres-1  | ALTER TABLE
postgres-1  | CREATE POLICY
postgres-1  | CREATE POLICY
postgres-1  | CREATE POLICY
postgres-1  | REVOKE
postgres-1  | REVOKE
postgres-1  | GRANT
postgres-1  | GRANT
postgres-1  | GRANT
postgres-1  | GRANT
postgres-1  | GRANT
postgres-1  | COMMIT
postgres-1  | certification-init: applying 0011_migration_incident_outbox.sql
postgres-1  | BEGIN
postgres-1  | CREATE TABLE
postgres-1  | CREATE INDEX
postgres-1  | CREATE TRIGGER
postgres-1  | INSERT 0 0
postgres-1  | ALTER TABLE
postgres-1  | ALTER TABLE
postgres-1  | CREATE POLICY
postgres-1  | CREATE POLICY
postgres-1  | CREATE POLICY
postgres-1  | REVOKE
postgres-1  | GRANT
postgres-1  | GRANT
postgres-1  | GRANT
postgres-1  | COMMIT
postgres-1  | certification-init: applying 0012_migration_incident_dead_letters.sql
postgres-1  | ALTER TYPE
postgres-1  | BEGIN
postgres-1  | ALTER TABLE
postgres-1  | CREATE INDEX
postgres-1  | CREATE TYPE
postgres-1  | CREATE TABLE
postgres-1  | CREATE INDEX
postgres-1  | CREATE INDEX
postgres-1  | CREATE TRIGGER
postgres-1  | CREATE FUNCTION
postgres-1  | CREATE TRIGGER
postgres-1  | ALTER TABLE
postgres-1  | ALTER TABLE
postgres-1  | CREATE POLICY
postgres-1  | CREATE POLICY
postgres-1  | CREATE POLICY
postgres-1  | REVOKE
postgres-1  | REVOKE
postgres-1  | GRANT
postgres-1  | GRANT
postgres-1  | GRANT
postgres-1  | GRANT
postgres-1  | GRANT
postgres-1  | COMMIT
postgres-1  | certification-init: applying 0013_migration_incident_delivery_health.sql
postgres-1  | BEGIN
postgres-1  | CREATE FUNCTION
postgres-1  | REVOKE
postgres-1  | GRANT
postgres-1  | COMMIT
postgres-1  | certification-init: applying 0014_migration_incident_delivery_visibility.sql
postgres-1  | BEGIN
postgres-1  | REVOKE
postgres-1  | DROP FUNCTION
postgres-1  | CREATE FUNCTION
postgres-1  | CREATE FUNCTION
postgres-1  | REVOKE
postgres-1  | REVOKE
postgres-1  | GRANT
postgres-1  | GRANT
postgres-1  | COMMIT
postgres-1  | certification-init: applying 0015_migration_incident_delivery_failure_classification.sql
postgres-1  | BEGIN
postgres-1  | ALTER TABLE
postgres-1  | REVOKE
postgres-1  | DROP FUNCTION
postgres-1  | CREATE FUNCTION
postgres-1  | REVOKE
postgres-1  | GRANT
postgres-1  | COMMIT
postgres-1  | certification-init: applying 0016_migration_incident_delivery_recovery_binding.sql
postgres-1  | BEGIN
postgres-1  | ALTER TABLE
postgres-1  | LOCK TABLE
postgres-1  | UPDATE 0
postgres-1  | UPDATE 0
postgres-1  | ALTER TABLE
postgres-1  | CREATE FUNCTION
postgres-1  | REVOKE
postgres-1  | GRANT
postgres-1  | COMMIT
postgres-1  | certification-init: applying 0017_migration_incident_verified_resolution.sql
postgres-1  | ALTER TYPE
postgres-1  | BEGIN
postgres-1  | CREATE TYPE
postgres-1  | CREATE TYPE
postgres-1  | CREATE TYPE
postgres-1  | ALTER TABLE
postgres-1  | CREATE TABLE
postgres-1  | CREATE INDEX
postgres-1  | CREATE INDEX
postgres-1  | CREATE TRIGGER
postgres-1  | CREATE FUNCTION
postgres-1  | CREATE FUNCTION
postgres-1  | CREATE FUNCTION
postgres-1  | CREATE TRIGGER
postgres-1  | ALTER TABLE
postgres-1  | ALTER TABLE
postgres-1  | CREATE POLICY
postgres-1  | CREATE POLICY
postgres-1  | CREATE POLICY
postgres-1  | REVOKE
postgres-1  | REVOKE
postgres-1  | GRANT
postgres-1  | GRANT
postgres-1  | GRANT
postgres-1  | GRANT
postgres-1  | GRANT
postgres-1  | COMMIT
postgres-1  | certification-init: applying 0018_migration_incident_delivery_recovery_generation.sql
postgres-1  | BEGIN
postgres-1  | ALTER TABLE
postgres-1  | LOCK TABLE
postgres-1  | UPDATE 0
postgres-1  | UPDATE 0
postgres-1  | ALTER TABLE
postgres-1  | ALTER TABLE
postgres-1  | CREATE FUNCTION
postgres-1  | REVOKE
postgres-1  | GRANT
postgres-1  | COMMIT
postgres-1  | certification-init: applying 0019_migration_apply_delivery_resilience.sql
postgres-1  | BEGIN
postgres-1  | ALTER TABLE
postgres-1  | CREATE INDEX
postgres-1  | CREATE TYPE
postgres-1  | CREATE TABLE
postgres-1  | CREATE INDEX
postgres-1  | CREATE INDEX
postgres-1  | CREATE TRIGGER
postgres-1  | CREATE FUNCTION
postgres-1  | CREATE TRIGGER
postgres-1  | ALTER TABLE
postgres-1  | ALTER TABLE
postgres-1  | CREATE POLICY
postgres-1  | CREATE POLICY
postgres-1  | CREATE POLICY
postgres-1  | CREATE FUNCTION
postgres-1  | CREATE FUNCTION
postgres-1  | REVOKE
postgres-1  | REVOKE
postgres-1  | REVOKE
postgres-1  | REVOKE
postgres-1  | REVOKE
postgres-1  | GRANT
postgres-1  | GRANT
postgres-1  | GRANT
postgres-1  | GRANT
postgres-1  | GRANT
postgres-1  | GRANT
postgres-1  | GRANT
postgres-1  | COMMIT
postgres-1  | certification-init: applying 0020_project_database_provisioning.sql
postgres-1  | BEGIN
postgres-1  | DO
postgres-1  | CREATE TYPE
postgres-1  | CREATE TABLE
postgres-1  | CREATE TABLE
postgres-1  | ALTER TABLE
postgres-1  | CREATE INDEX
postgres-1  | CREATE TRIGGER
postgres-1  | ALTER TABLE
postgres-1  | ALTER TABLE
postgres-1  | ALTER TABLE
postgres-1  | ALTER TABLE
postgres-1  | CREATE POLICY
postgres-1  | CREATE POLICY
postgres-1  | CREATE FUNCTION
postgres-1  | CREATE FUNCTION
postgres-1  | REVOKE
postgres-1  | REVOKE
postgres-1  | REVOKE
postgres-1  | REVOKE
postgres-1  | REVOKE
postgres-1  | GRANT
postgres-1  | GRANT
postgres-1  | GRANT
postgres-1  | GRANT
postgres-1  | GRANT
postgres-1  | GRANT
postgres-1  | GRANT
postgres-1  | GRANT
postgres-1  | GRANT
postgres-1  | GRANT
postgres-1  | GRANT
postgres-1  | GRANT
postgres-1  | GRANT
postgres-1  | GRANT
postgres-1  | GRANT
postgres-1  | COMMIT
postgres-1  | certification-init: applying 0021_project_database_provisioning_health.sql
postgres-1  | BEGIN
postgres-1  | CREATE TABLE
postgres-1  | CREATE INDEX
postgres-1  | ALTER TABLE
postgres-1  | ALTER TABLE
postgres-1  | CREATE POLICY
postgres-1  | CREATE FUNCTION
postgres-1  | REVOKE
postgres-1  | REVOKE
postgres-1  | GRANT
postgres-1  | GRANT
postgres-1  | GRANT
postgres-1  | COMMIT
postgres-1  | certification-init: applying 0022_project_automation_policies.sql
postgres-1  | BEGIN
postgres-1  | CREATE TABLE
postgres-1  | ALTER TABLE
postgres-1  | UPDATE 0
postgres-1  | ALTER TABLE
postgres-1  | ALTER TABLE
postgres-1  | ALTER TABLE
postgres-1  | CREATE POLICY
postgres-1  | CREATE POLICY
postgres-1  | CREATE POLICY
postgres-1  | REVOKE
postgres-1  | GRANT
postgres-1  | GRANT
postgres-1  | COMMIT
postgres-1  | certification-init: applying 0023_project_api_keys.sql
postgres-1  | BEGIN
postgres-1  | CREATE TABLE
postgres-1  | CREATE INDEX
postgres-1  | CREATE INDEX
postgres-1  | CREATE FUNCTION
postgres-1  | CREATE TRIGGER
postgres-1  | ALTER TABLE
postgres-1  | CREATE POLICY
postgres-1  | CREATE POLICY
postgres-1  | CREATE POLICY
postgres-1  | CREATE FUNCTION
postgres-1  | REVOKE
postgres-1  | REVOKE
postgres-1  | REVOKE
postgres-1  | GRANT
postgres-1  | GRANT
postgres-1  | GRANT
postgres-1  | GRANT
postgres-1  | COMMIT
postgres-1  | certification-init: applying 0024_project_auth.sql
postgres-1  | BEGIN
postgres-1  | CREATE TABLE
postgres-1  | CREATE INDEX
postgres-1  | CREATE TABLE
postgres-1  | CREATE INDEX
postgres-1  | CREATE INDEX
postgres-1  | CREATE TABLE
postgres-1  | CREATE INDEX
postgres-1  | CREATE TABLE
postgres-1  | CREATE TABLE
postgres-1  | CREATE FUNCTION
postgres-1  | CREATE TRIGGER
postgres-1  | CREATE TRIGGER
postgres-1  | CREATE TRIGGER
postgres-1  | CREATE TRIGGER
postgres-1  | CREATE TRIGGER
postgres-1  | REVOKE
postgres-1  | REVOKE
postgres-1  | GRANT
postgres-1  | GRANT
postgres-1  | GRANT
postgres-1  | GRANT
postgres-1  | GRANT
postgres-1  | GRANT
postgres-1  | GRANT
postgres-1  | GRANT
postgres-1  | GRANT
postgres-1  | COMMIT
postgres-1  | certification-init: applying 0025_project_storage.sql
postgres-1  | BEGIN
postgres-1  | CREATE TABLE
postgres-1  | CREATE INDEX
postgres-1  | CREATE TABLE
postgres-1  | CREATE INDEX
postgres-1  | CREATE INDEX
postgres-1  | CREATE INDEX
postgres-1  | CREATE TABLE
postgres-1  | CREATE INDEX
postgres-1  | CREATE INDEX
postgres-1  | CREATE FUNCTION
postgres-1  | CREATE FUNCTION
postgres-1  | CREATE FUNCTION
postgres-1  | CREATE TRIGGER
postgres-1  | CREATE TRIGGER
postgres-1  | CREATE TRIGGER
postgres-1  | ALTER TABLE
postgres-1  | ALTER TABLE
postgres-1  | ALTER TABLE
postgres-1  | CREATE POLICY
postgres-1  | CREATE POLICY
postgres-1  | CREATE POLICY
postgres-1  | CREATE POLICY
postgres-1  | CREATE POLICY
postgres-1  | CREATE POLICY
postgres-1  | CREATE POLICY
postgres-1  | CREATE POLICY
postgres-1  | CREATE POLICY
postgres-1  | CREATE POLICY
postgres-1  | REVOKE
postgres-1  | REVOKE
postgres-1  | REVOKE
postgres-1  | REVOKE
postgres-1  | GRANT
postgres-1  | GRANT
postgres-1  | GRANT
postgres-1  | GRANT
postgres-1  | GRANT
postgres-1  | GRANT
postgres-1  | GRANT
postgres-1  | GRANT
postgres-1  | GRANT
postgres-1  | COMMIT
postgres-1  | certification-init: applying 0026_project_queues.sql
postgres-1  | BEGIN
postgres-1  | CREATE TABLE
postgres-1  | CREATE INDEX
postgres-1  | CREATE TABLE
postgres-1  | CREATE INDEX
postgres-1  | CREATE INDEX
postgres-1  | CREATE INDEX
postgres-1  | CREATE INDEX
postgres-1  | CREATE INDEX
postgres-1  | CREATE FUNCTION
postgres-1  | CREATE FUNCTION
postgres-1  | CREATE FUNCTION
postgres-1  | CREATE TRIGGER
postgres-1  | CREATE TRIGGER
postgres-1  | CREATE TRIGGER
postgres-1  | ALTER TABLE
postgres-1  | ALTER TABLE
postgres-1  | CREATE POLICY
postgres-1  | CREATE POLICY
postgres-1  | CREATE POLICY
postgres-1  | CREATE POLICY
postgres-1  | CREATE POLICY
postgres-1  | CREATE POLICY
postgres-1  | REVOKE
postgres-1  | REVOKE
postgres-1  | REVOKE
postgres-1  | REVOKE
postgres-1  | GRANT
postgres-1  | GRANT
postgres-1  | GRANT
postgres-1  | GRANT
postgres-1  | GRANT
postgres-1  | GRANT
postgres-1  | COMMIT
postgres-1  | certification-init: applying 0027_project_queue_dead_letter_replay.sql
postgres-1  | BEGIN
postgres-1  | ALTER TABLE
postgres-1  | CREATE INDEX
postgres-1  | CREATE INDEX
postgres-1  | CREATE FUNCTION
postgres-1  | CREATE TRIGGER
postgres-1  | REVOKE
postgres-1  | GRANT
postgres-1  | COMMIT
postgres-1  | certification-init: applying 0028_usage_metering.sql
postgres-1  | BEGIN
postgres-1  | CREATE TABLE
postgres-1  | CREATE TABLE
postgres-1  | CREATE TABLE
postgres-1  | CREATE INDEX
postgres-1  | CREATE INDEX
postgres-1  | CREATE FUNCTION
postgres-1  | CREATE FUNCTION
postgres-1  | CREATE FUNCTION
postgres-1  | CREATE TRIGGER
postgres-1  | CREATE TRIGGER
postgres-1  | CREATE TRIGGER
postgres-1  | ALTER TABLE
postgres-1  | ALTER TABLE
postgres-1  | ALTER TABLE
postgres-1  | CREATE POLICY
postgres-1  | CREATE POLICY
postgres-1  | CREATE POLICY
postgres-1  | CREATE POLICY
postgres-1  | CREATE POLICY
postgres-1  | CREATE POLICY
postgres-1  | CREATE POLICY
postgres-1  | CREATE POLICY
postgres-1  | REVOKE
postgres-1  | REVOKE
postgres-1  | REVOKE
postgres-1  | REVOKE
postgres-1  | GRANT
postgres-1  | GRANT
postgres-1  | GRANT
postgres-1  | GRANT
postgres-1  | GRANT
postgres-1  | GRANT
postgres-1  | GRANT
postgres-1  | GRANT
postgres-1  | COMMIT
postgres-1  | certification-init: applying 0029_project_queue_definition_row_lock.sql
postgres-1  | GRANT
postgres-1  | CREATE POLICY
postgres-1  | certification-init: applying 0030_realtime_event_log.sql
postgres-1  | CREATE TABLE
postgres-1  | CREATE TABLE
postgres-1  | CREATE INDEX
postgres-1  | CREATE INDEX
postgres-1  | CREATE FUNCTION
postgres-1  | CREATE TRIGGER
postgres-1  | ALTER TABLE
postgres-1  | ALTER TABLE
postgres-1  | CREATE POLICY
postgres-1  | CREATE POLICY
postgres-1  | CREATE POLICY
postgres-1  | CREATE POLICY
postgres-1  | CREATE POLICY
postgres-1  | CREATE POLICY
postgres-1  | REVOKE
postgres-1  | REVOKE
postgres-1  | GRANT
postgres-1  | GRANT
postgres-1  | GRANT
postgres-1  | GRANT
postgres-1  | certification-init: applying 0031_project_cron.sql
postgres-1  | CREATE TABLE
postgres-1  | CREATE INDEX
postgres-1  | CREATE FUNCTION
postgres-1  | CREATE TRIGGER
postgres-1  | ALTER TABLE
postgres-1  | CREATE POLICY
postgres-1  | CREATE POLICY
postgres-1  | CREATE POLICY
postgres-1  | CREATE POLICY
postgres-1  | REVOKE
postgres-1  | REVOKE
postgres-1  | GRANT
postgres-1  | GRANT
postgres-1  | GRANT
postgres-1  | certification-init: applying 0032_project_webhooks.sql
postgres-1  | CREATE TABLE
postgres-1  | CREATE TABLE
postgres-1  | CREATE INDEX
postgres-1  | CREATE INDEX
postgres-1  | CREATE FUNCTION
postgres-1  | CREATE TRIGGER
postgres-1  | ALTER TABLE
postgres-1  | ALTER TABLE
postgres-1  | CREATE POLICY
postgres-1  | CREATE POLICY
postgres-1  | CREATE POLICY
postgres-1  | CREATE POLICY
postgres-1  | CREATE POLICY
postgres-1  | CREATE POLICY
postgres-1  | CREATE POLICY
postgres-1  | REVOKE
postgres-1  | REVOKE
postgres-1  | GRANT
postgres-1  | GRANT
postgres-1  | CREATE POLICY
postgres-1  | GRANT
postgres-1  | GRANT
postgres-1  | GRANT
postgres-1  | certification-init: applying 0033_project_functions.sql
postgres-1  | CREATE TABLE
postgres-1  | CREATE INDEX
postgres-1  | CREATE FUNCTION
postgres-1  | CREATE TRIGGER
postgres-1  | ALTER TABLE
postgres-1  | CREATE POLICY
postgres-1  | CREATE POLICY
postgres-1  | CREATE POLICY
postgres-1  | CREATE POLICY
postgres-1  | REVOKE
postgres-1  | REVOKE
postgres-1  | GRANT
postgres-1  | GRANT
postgres-1  | GRANT
postgres-1  | certification-init: applying 0034_project_functions_registry.sql
postgres-1  | ALTER TABLE
postgres-1  | ALTER TABLE
postgres-1  | certification-init: applying 0035_project_function_slots.sql
postgres-1  | CREATE TABLE
postgres-1  | CREATE INDEX
postgres-1  | CREATE FUNCTION
postgres-1  | CREATE TRIGGER
postgres-1  | ALTER TABLE
postgres-1  | CREATE POLICY
postgres-1  | CREATE POLICY
postgres-1  | CREATE POLICY
postgres-1  | REVOKE
postgres-1  | REVOKE
postgres-1  | GRANT
postgres-1  | GRANT
postgres-1  | certification-init: applying 0036_provisioner_heartbeat_upsert_grant.sql
postgres-1  | BEGIN
postgres-1  | GRANT
postgres-1  | COMMIT
postgres-1  | certification-init: applying 0037_provisioner_binding_returning_grant.sql
postgres-1  | BEGIN
postgres-1  | GRANT
postgres-1  | COMMIT
postgres-1  | certification-init: applying 0038_runtime_outbox_arbiter_grant.sql
postgres-1  | BEGIN
postgres-1  | GRANT
postgres-1  | COMMIT
postgres-1  | certification-init: applying 0039_billing_rate_cards.sql
postgres-1  | BEGIN
postgres-1  | CREATE TABLE
postgres-1  | CREATE INDEX
postgres-1  | ALTER TABLE
postgres-1  | ALTER TABLE
postgres-1  | CREATE POLICY
postgres-1  | CREATE POLICY
postgres-1  | REVOKE
postgres-1  | GRANT
postgres-1  | GRANT
postgres-1  | COMMIT
postgres-1  | certification-init: applying 0040_billing_invoices.sql
postgres-1  | BEGIN
postgres-1  | CREATE TABLE
postgres-1  | CREATE TABLE
postgres-1  | ALTER TABLE
postgres-1  | ALTER TABLE
postgres-1  | ALTER TABLE
postgres-1  | ALTER TABLE
postgres-1  | CREATE POLICY
postgres-1  | CREATE POLICY
postgres-1  | CREATE POLICY
postgres-1  | CREATE POLICY
postgres-1  | REVOKE
postgres-1  | GRANT
postgres-1  | GRANT
postgres-1  | GRANT
postgres-1  | GRANT
postgres-1  | GRANT
postgres-1  | COMMIT
postgres-1  | certification-init: applying 0041_project_storage_multipart.sql
postgres-1  | BEGIN
postgres-1  | ALTER TABLE
postgres-1  | ALTER TABLE
postgres-1  | COMMIT
postgres-1  | certification-init: applying 0042_project_function_deployments.sql
postgres-1  | BEGIN
postgres-1  | CREATE TABLE
postgres-1  | CREATE INDEX
postgres-1  | ALTER TABLE
postgres-1  | ALTER TABLE
postgres-1  | CREATE POLICY
postgres-1  | CREATE POLICY
postgres-1  | CREATE FUNCTION
postgres-1  | CREATE FUNCTION
postgres-1  | REVOKE
postgres-1  | REVOKE
postgres-1  | GRANT
postgres-1  | GRANT
postgres-1  | COMMIT
postgres-1  | certification-init: applying 0043_project_storage_upload_id_check_fix.sql
postgres-1  | ALTER TABLE
postgres-1  | ALTER TABLE
postgres-1  | certification-init: applying 0044_billing_invoice_numbers.sql
postgres-1  | BEGIN
postgres-1  | CREATE TABLE
postgres-1  | ALTER TABLE
postgres-1  | ALTER TABLE
postgres-1  | CREATE POLICY
postgres-1  | CREATE POLICY
postgres-1  | CREATE POLICY
postgres-1  | ALTER TABLE
postgres-1  | ALTER TABLE
postgres-1  | UPDATE 0
postgres-1  | ALTER TABLE
postgres-1  | ALTER TABLE
postgres-1  | UPDATE 0
postgres-1  | INSERT 0 0
postgres-1  | ALTER TABLE
postgres-1  | CREATE INDEX
postgres-1  | GRANT
postgres-1  | GRANT
postgres-1  | GRANT
postgres-1  | COMMIT
postgres-1  | certification-init: applying 0045_project_function_invocations.sql
postgres-1  | BEGIN
postgres-1  | CREATE TABLE
postgres-1  | CREATE INDEX
postgres-1  | ALTER TABLE
postgres-1  | ALTER TABLE
postgres-1  | CREATE POLICY
postgres-1  | CREATE POLICY
postgres-1  | REVOKE
postgres-1  | GRANT
postgres-1  | GRANT
postgres-1  | COMMIT
postgres-1  | certification-init: applying 0046_project_auth_audit.sql
postgres-1  | BEGIN
postgres-1  | GRANT
postgres-1  | GRANT
postgres-1  | GRANT
postgres-1  | GRANT
postgres-1  | CREATE POLICY
postgres-1  | COMMIT
postgres-1  | certification-init: applying 0047_audit_chain_order.sql
postgres-1  | BEGIN
postgres-1  | CREATE FUNCTION
postgres-1  | COMMIT
postgres-1  | certification-init: applying 0048_project_auth_mfa_enforcement.sql
postgres-1  | BEGIN
postgres-1  | CREATE TABLE
postgres-1  | ALTER TABLE
postgres-1  | ALTER TABLE
postgres-1  | CREATE FUNCTION
postgres-1  | CREATE TRIGGER
postgres-1  | REVOKE
postgres-1  | REVOKE
postgres-1  | GRANT
postgres-1  | GRANT
postgres-1  | GRANT
postgres-1  | COMMIT
postgres-1  | certification-init: applying 0049_project_database_webhooks.sql
postgres-1  | CREATE TABLE
postgres-1  | CREATE INDEX
postgres-1  | ALTER TABLE
postgres-1  | CREATE POLICY
postgres-1  | CREATE POLICY
postgres-1  | CREATE POLICY
postgres-1  | REVOKE
postgres-1  | GRANT
postgres-1  | certification-init: applying 0050_project_database_webhook_cursors.sql
postgres-1  | CREATE TABLE
postgres-1  | ALTER TABLE
postgres-1  | CREATE POLICY
postgres-1  | CREATE POLICY
postgres-1  | CREATE POLICY
postgres-1  | REVOKE
postgres-1  | GRANT
postgres-1  | certification-init: applying 0051_project_auth_return_targets.sql
postgres-1  | BEGIN
postgres-1  | ALTER TABLE
postgres-1  | ALTER TABLE
postgres-1  | REVOKE
postgres-1  | GRANT
postgres-1  | COMMIT
postgres-1  | certification-init: applying 0052_project_auth_rate_limits.sql
postgres-1  | BEGIN
postgres-1  | ALTER TABLE
postgres-1  | ALTER TABLE
postgres-1  | CREATE TABLE
postgres-1  | CREATE INDEX
postgres-1  | REVOKE
postgres-1  | GRANT
postgres-1  | REVOKE
postgres-1  | GRANT
postgres-1  | COMMIT
postgres-1  | certification-init: applying 0053_project_auth_password_protection.sql
postgres-1  | BEGIN
postgres-1  | ALTER TABLE
postgres-1  | ALTER TABLE
postgres-1  | REVOKE
postgres-1  | GRANT
postgres-1  | COMMIT
postgres-1  | certification-init: applying 0054_project_log_drains.sql
postgres-1  | BEGIN
postgres-1  | CREATE FUNCTION
postgres-1  | REVOKE
postgres-1  | GRANT
postgres-1  | CREATE TABLE
postgres-1  | CREATE INDEX
postgres-1  | ALTER TABLE
postgres-1  | CREATE POLICY
postgres-1  | CREATE POLICY
postgres-1  | CREATE POLICY
postgres-1  | REVOKE
postgres-1  | GRANT
postgres-1  | COMMIT
postgres-1  | certification-init: applying 0055_user_console_settings.sql
postgres-1  | BEGIN
postgres-1  | CREATE TABLE
postgres-1  | CREATE TRIGGER
postgres-1  | REVOKE
postgres-1  | GRANT
postgres-1  | COMMIT
postgres-1  | certification-init: applying 0056_project_log_drain_cursors.sql
postgres-1  | BEGIN
postgres-1  | CREATE TABLE
postgres-1  | ALTER TABLE
postgres-1  | CREATE POLICY
postgres-1  | CREATE POLICY
postgres-1  | CREATE POLICY
postgres-1  | REVOKE
postgres-1  | GRANT
postgres-1  | COMMIT
postgres-1  | certification-init: applying 0057_project_dashboard_webhooks.sql
postgres-1  | BEGIN
postgres-1  | CREATE FUNCTION
postgres-1  | REVOKE
postgres-1  | GRANT
postgres-1  | CREATE TABLE
postgres-1  | CREATE INDEX
postgres-1  | ALTER TABLE
postgres-1  | CREATE POLICY
postgres-1  | CREATE POLICY
postgres-1  | CREATE POLICY
postgres-1  | REVOKE
postgres-1  | GRANT
postgres-1  | CREATE TABLE
postgres-1  | ALTER TABLE
postgres-1  | CREATE POLICY
postgres-1  | CREATE POLICY
postgres-1  | CREATE POLICY
postgres-1  | REVOKE
postgres-1  | GRANT
postgres-1  | COMMIT
postgres-1  | certification-init: applying 0058_project_auth_hooks.sql
postgres-1  | BEGIN
postgres-1  | ALTER TABLE
postgres-1  | ALTER TABLE
postgres-1  | ALTER TABLE
postgres-1  | ALTER TABLE
postgres-1  | REVOKE
postgres-1  | GRANT
postgres-1  | COMMIT
postgres-1  | certification-init: applying 0059_project_storage_s3_access_keys.sql
postgres-1  | BEGIN
postgres-1  | CREATE TABLE
postgres-1  | CREATE INDEX
postgres-1  | CREATE INDEX
postgres-1  | CREATE TABLE
postgres-1  | CREATE INDEX
postgres-1  | CREATE FUNCTION
postgres-1  | CREATE TRIGGER
postgres-1  | ALTER TABLE
postgres-1  | ALTER TABLE
postgres-1  | CREATE POLICY
postgres-1  | CREATE POLICY
postgres-1  | CREATE POLICY
postgres-1  | CREATE POLICY
postgres-1  | CREATE POLICY
postgres-1  | CREATE POLICY
postgres-1  | REVOKE
postgres-1  | REVOKE
postgres-1  | REVOKE
postgres-1  | GRANT
postgres-1  | GRANT
postgres-1  | GRANT
postgres-1  | GRANT
postgres-1  | COMMIT
postgres-1  | certification-init: applying 0060_project_auth_passkeys.sql
postgres-1  | BEGIN
postgres-1  | CREATE TABLE
postgres-1  | CREATE INDEX
postgres-1  | ALTER TABLE
postgres-1  | ALTER TABLE
postgres-1  | CREATE TRIGGER
postgres-1  | REVOKE
postgres-1  | GRANT
postgres-1  | GRANT
postgres-1  | COMMIT
postgres-1  | certification-init: applying 0061_project_auth_third_party_providers.sql
postgres-1  | BEGIN
postgres-1  | CREATE TABLE
postgres-1  | ALTER TABLE
postgres-1  | ALTER TABLE
postgres-1  | ALTER TABLE
postgres-1  | ALTER TABLE
postgres-1  | ALTER TABLE
postgres-1  | REVOKE
postgres-1  | GRANT
postgres-1  | COMMIT
postgres-1  | certification-init: applying 0062_project_auth_oauth_server.sql
postgres-1  | BEGIN
postgres-1  | CREATE TABLE
postgres-1  | ALTER TABLE
postgres-1  | ALTER TABLE
postgres-1  | ALTER TABLE
postgres-1  | REVOKE
postgres-1  | GRANT
postgres-1  | CREATE TABLE
postgres-1  | ALTER TABLE
postgres-1  | ALTER TABLE
postgres-1  | ALTER TABLE
postgres-1  | CREATE TRIGGER
postgres-1  | REVOKE
postgres-1  | GRANT
postgres-1  | GRANT
postgres-1  | CREATE TABLE
postgres-1  | ALTER TABLE
postgres-1  | ALTER TABLE
postgres-1  | REVOKE
postgres-1  | GRANT
postgres-1  | COMMIT
postgres-1  | certification-init: applying 0063_project_auth_expiry_retention.sql
postgres-1  | BEGIN
postgres-1  | CREATE INDEX
postgres-1  | CREATE INDEX
postgres-1  | CREATE INDEX
postgres-1  | GRANT
postgres-1  | GRANT
postgres-1  | GRANT
postgres-1  | COMMIT
postgres-1  | certification-init: applying 0064_project_auth_oauth_consents.sql
postgres-1  | BEGIN
postgres-1  | CREATE TABLE
postgres-1  | ALTER TABLE
postgres-1  | ALTER TABLE
postgres-1  | CREATE INDEX
postgres-1  | CREATE INDEX
postgres-1  | CREATE TRIGGER
postgres-1  | CREATE FUNCTION
postgres-1  | CREATE TRIGGER
postgres-1  | REVOKE
postgres-1  | REVOKE
postgres-1  | GRANT
postgres-1  | GRANT
postgres-1  | GRANT
postgres-1  | ALTER TABLE
postgres-1  | ALTER TABLE
postgres-1  | COMMIT
postgres-1  | certification-init: applying 0065_project_storage_s3_access_key_secrets.sql
postgres-1  | BEGIN
postgres-1  | ALTER TABLE
postgres-1  | CREATE FUNCTION
postgres-1  | CREATE FUNCTION
postgres-1  | REVOKE
postgres-1  | GRANT
postgres-1  | COMMIT
postgres-1  | certification-init: applying 0066_project_cron_time_zone.sql
postgres-1  | ALTER TABLE
postgres-1  | certification-init: applying 0069_project_function_invocation_output.sql
postgres-1  | BEGIN
vault-1     | ==> Vault server configuration:
vault-1     | 
vault-1     | Administrative Namespace: 
vault-1     |              Api Address: http://0.0.0.0:8200
vault-1     |                      Cgo: disabled
vault-1     |          Cluster Address: https://0.0.0.0:8201
vault-1     |    Environment Variables: GOTRACEBACK, HOME, HOSTNAME, NAME, PATH, PWD, SHLVL, VAULT_DEV_LISTEN_ADDRESS, VAULT_DEV_ROOT_TOKEN_ID, VERSION
vault-1     |               Go Version: go1.23.3
vault-1     |               Listener 1: tcp (addr: "0.0.0.0:8200", cluster address: "0.0.0.0:8201", disable_request_limiter: "false", max_request_duration: "1m30s", max_request_size: "33554432", tls: "disabled")
vault-1     |                Log Level: 
vault-1     |                    Mlock: supported: true, enabled: false
vault-1     |            Recovery Mode: false
vault-1     |                  Storage: inmem
vault-1     |                  Version: Vault v1.18.3, built 2024-12-16T14:00:53Z
vault-1     |              Version Sha: 7ae4eca5403bf574f142cd8f987b8d83bafcd1de
vault-1     | 
postgres-1  | CREATE TABLE
postgres-1  | CREATE INDEX
postgres-1  | ALTER TABLE
postgres-1  | ALTER TABLE
postgres-1  | CREATE POLICY
postgres-1  | CREATE POLICY
postgres-1  | REVOKE
postgres-1  | GRANT
postgres-1  | GRANT
postgres-1  | COMMIT
postgres-1  | certification-init: applying 0070_project_auth_saml.sql
postgres-1  | BEGIN
postgres-1  | CREATE TABLE
postgres-1  | CREATE INDEX
postgres-1  | ALTER TABLE
vault-1     | ==> Vault server started! Log data will stream in below:
vault-1     | 
postgres-1  | ALTER TABLE
vault-1     | 2026-10-08T18:34:28.012Z [INFO]  proxy environment: http_proxy="" https_proxy="" no_proxy=""
vault-1     | 2026-10-08T18:34:28.013Z [INFO]  incrementing seal generation: generation=1
vault-1     | 2026-10-08T18:34:28.014Z [WARN]  no `api_addr` value specified in config or in VAULT_API_ADDR; falling back to detection if possible, but this value should be manually set
vault-1     | 2026-10-08T18:34:28.014Z [INFO]  core: Initializing version history cache for core
vault-1     | 2026-10-08T18:34:28.014Z [INFO]  events: Starting event system
vault-1     | 2026-10-08T18:34:28.017Z [INFO]  core: security barrier not initialized
vault-1     | 2026-10-08T18:34:28.017Z [INFO]  core: security barrier initialized: stored=1 shares=1 threshold=1
vault-1     | 2026-10-08T18:34:28.018Z [INFO]  core: post-unseal setup starting
vault-1     | 2026-10-08T18:34:28.032Z [INFO]  core: loaded wrapping token key
vault-1     | 2026-10-08T18:34:28.032Z [INFO]  core: successfully setup plugin runtime catalog
vault-1     | 2026-10-08T18:34:28.032Z [INFO]  core: successfully setup plugin catalog: plugin-directory=""
vault-1     | 2026-10-08T18:34:28.032Z [INFO]  core: no mounts; adding default mount table
vault-1     | 2026-10-08T18:34:28.037Z [INFO]  core: successfully mounted: type=cubbyhole version="v1.18.3+builtin.vault" path=cubbyhole/ namespace="ID: root. Path: "
vault-1     | 2026-10-08T18:34:28.038Z [INFO]  core: successfully mounted: type=system version="v1.18.3+builtin.vault" path=sys/ namespace="ID: root. Path: "
vault-1     | 2026-10-08T18:34:28.039Z [INFO]  core: successfully mounted: type=identity version="v1.18.3+builtin.vault" path=identity/ namespace="ID: root. Path: "
vault-1     | 2026-10-08T18:34:28.069Z [INFO]  core: successfully mounted: type=token version="v1.18.3+builtin.vault" path=token/ namespace="ID: root. Path: "
vault-1     | 2026-10-08T18:34:28.070Z [INFO]  rollback: Starting the rollback manager with 256 workers
vault-1     | 2026-10-08T18:34:28.071Z [INFO]  rollback: starting rollback manager
vault-1     | 2026-10-08T18:34:28.082Z [INFO]  core: restoring leases
vault-1     | 2026-10-08T18:34:28.084Z [INFO]  expiration: lease restore complete
vault-1     | 2026-10-08T18:34:28.095Z [INFO]  identity: entities restored
vault-1     | 2026-10-08T18:34:28.096Z [INFO]  identity: groups restored
vault-1     | 2026-10-08T18:34:28.097Z [INFO]  core: Recorded vault version: vault version=1.18.3 upgrade time="2026-10-08 18:34:28.096557544 +0000 UTC" build date=2024-12-16T14:00:53Z
vault-1     | 2026-10-08T18:34:28.098Z [INFO]  core: post-unseal setup complete
vault-1     | 2026-10-08T18:34:28.099Z [INFO]  core: root token generated
vault-1     | 2026-10-08T18:34:28.099Z [INFO]  core: pre-seal teardown starting
vault-1     | 2026-10-08T18:34:28.099Z [INFO]  rollback: stopping rollback manager
vault-1     | 2026-10-08T18:34:28.100Z [INFO]  core: pre-seal teardown complete
vault-1     | 2026-10-08T18:34:28.101Z [INFO]  core.cluster-listener.tcp: starting listener: listener_address=0.0.0.0:8201
vault-1     | 2026-10-08T18:34:28.101Z [INFO]  core.cluster-listener: serving cluster requests: cluster_listen_address=[::]:8201
vault-1     | 2026-10-08T18:34:28.102Z [INFO]  core: post-unseal setup starting
vault-1     | 2026-10-08T18:34:28.102Z [INFO]  core: loaded wrapping token key
vault-1     | 2026-10-08T18:34:28.102Z [INFO]  core: successfully setup plugin runtime catalog
vault-1     | 2026-10-08T18:34:28.102Z [INFO]  core: successfully setup plugin catalog: plugin-directory=""
vault-1     | 2026-10-08T18:34:28.105Z [INFO]  core: successfully mounted: type=system version="v1.18.3+builtin.vault" path=sys/ namespace="ID: root. Path: "
vault-1     | 2026-10-08T18:34:28.106Z [INFO]  core: successfully mounted: type=identity version="v1.18.3+builtin.vault" path=identity/ namespace="ID: root. Path: "
vault-1     | 2026-10-08T18:34:28.106Z [INFO]  core: successfully mounted: type=cubbyhole version="v1.18.3+builtin.vault" path=cubbyhole/ namespace="ID: root. Path: "
vault-1     | 2026-10-08T18:34:28.115Z [INFO]  core: successfully mounted: type=token version="v1.18.3+builtin.vault" path=token/ namespace="ID: root. Path: "
vault-1     | 2026-10-08T18:34:28.115Z [INFO]  rollback: Starting the rollback manager with 256 workers
vault-1     | 2026-10-08T18:34:28.116Z [INFO]  rollback: starting rollback manager
vault-1     | 2026-10-08T18:34:28.118Z [INFO]  core: restoring leases
vault-1     | 2026-10-08T18:34:28.120Z [INFO]  expiration: lease restore complete
vault-1     | 2026-10-08T18:34:28.125Z [INFO]  identity: entities restored
vault-1     | 2026-10-08T18:34:28.125Z [INFO]  identity: groups restored
vault-1     | 2026-10-08T18:34:28.127Z [INFO]  core: post-unseal setup complete
vault-1     | 2026-10-08T18:34:28.127Z [INFO]  core: vault is unsealed
vault-1     | 2026-10-08T18:34:28.138Z [INFO]  expiration: revoked lease: lease_id=auth/token/root/hd89a70f6118ede68e2477c6b9d10563b9d191d1da350828e4dd1feac81888c93
vault-1     | 2026-10-08T18:34:28.151Z [INFO]  core: successful mount: namespace="" path=secret/ type=kv version="v0.20.0+builtin"
postgres-1  | ALTER TABLE
postgres-1  | ALTER TABLE
postgres-1  | CREATE TRIGGER
postgres-1  | REVOKE
postgres-1  | GRANT
postgres-1  | COMMIT
postgres-1  | certification-init: applying 0071_project_storage_s3_multipart.sql
 Container qkern-slice-release4-vault-1 Healthy 
postgres-1  | BEGIN
postgres-1  | ALTER TABLE
postgres-1  | ALTER TABLE
postgres-1  | ALTER TABLE
postgres-1  | ALTER TABLE
postgres-1  | ALTER TABLE
postgres-1  | ALTER TABLE
postgres-1  | ALTER TABLE
postgres-1  | ALTER TABLE
postgres-1  | CREATE TABLE
vault-1     | WARNING! dev mode is enabled! In this mode, Vault runs entirely in-memory
vault-1     | and starts unsealed with a single unseal key. The root token is already
vault-1     | authenticated to the CLI, so you can immediately begin using Vault.
vault-1     | 
vault-1     | You may need to set the following environment variables:
vault-1     | 
vault-1     |     $ export VAULT_ADDR='http://0.0.0.0:8200'
vault-1     | 
vault-1     | The unseal key and root token are displayed below in case you want to
vault-1     | seal/unseal the Vault or re-authenticate.
vault-1     | 
vault-1     | Unseal Key: luwVQH6f8El7o6xBdWM84PJiPRyczVYpXxbkX2eyrBo=
vault-1     | Root Token: qkern-certification-root-token
vault-1     | 
vault-1     | Development mode should NOT be used in production installations!
vault-1     | 
postgres-1  | CREATE INDEX
postgres-1  | CREATE FUNCTION
postgres-1  | GRANT
postgres-1  | REVOKE
postgres-1  | ALTER TABLE
postgres-1  | CREATE POLICY
postgres-1  | CREATE POLICY
postgres-1  | CREATE POLICY
postgres-1  | CREATE POLICY
postgres-1  | GRANT
postgres-1  | GRANT
postgres-1  | COMMIT
postgres-1  | certification-init: applying 0073_project_auth_oauth_tool_scopes.sql
postgres-1  | BEGIN
postgres-1  | ALTER TABLE
postgres-1  | ALTER TABLE
postgres-1  | ALTER TABLE
postgres-1  | ALTER TABLE
postgres-1  | ALTER TABLE
postgres-1  | ALTER TABLE
postgres-1  | ALTER TABLE
postgres-1  | ALTER TABLE
postgres-1  | COMMIT
postgres-1  | certification-init: applying 0075_log_drain_function_output_source.sql
postgres-1  | BEGIN
postgres-1  | CREATE FUNCTION
postgres-1  | REVOKE
postgres-1  | GRANT
postgres-1  | COMMIT
postgres-1  | certification-init: applying 0077_realtime_presence.sql
postgres-1  | BEGIN
postgres-1  | CREATE TABLE
postgres-1  | CREATE INDEX
postgres-1  | CREATE INDEX
postgres-1  | ALTER TABLE
postgres-1  | CREATE POLICY
postgres-1  | CREATE POLICY
postgres-1  | CREATE POLICY
postgres-1  | CREATE POLICY
postgres-1  | REVOKE
postgres-1  | GRANT
postgres-1  | GRANT
postgres-1  | COMMIT
postgres-1  | certification-init: applying 0078_project_auth_oauth_storage_write_scope.sql
postgres-1  | BEGIN
postgres-1  | ALTER TABLE
postgres-1  | ALTER TABLE
postgres-1  | ALTER TABLE
postgres-1  | ALTER TABLE
postgres-1  | ALTER TABLE
postgres-1  | ALTER TABLE
postgres-1  | ALTER TABLE
postgres-1  | ALTER TABLE
postgres-1  | COMMIT
postgres-1  | certification-init: applying 0080_billing_invoice_positions.sql
postgres-1  | BEGIN
postgres-1  | ALTER TABLE
postgres-1  | UPDATE 0
postgres-1  | ALTER TABLE
postgres-1  | ALTER TABLE
postgres-1  | ALTER TABLE
postgres-1  | ALTER TABLE
postgres-1  | GRANT
postgres-1  | CREATE TABLE
postgres-1  | CREATE INDEX
postgres-1  | ALTER TABLE
postgres-1  | ALTER TABLE
postgres-1  | CREATE POLICY
postgres-1  | CREATE POLICY
postgres-1  | REVOKE
postgres-1  | GRANT
postgres-1  | GRANT
postgres-1  | GRANT
postgres-1  | COMMIT
postgres-1  | certification-init: applying 0081_project_queue_message_traces.sql
postgres-1  | BEGIN
postgres-1  | CREATE TABLE
postgres-1  | CREATE INDEX
postgres-1  | CREATE INDEX
postgres-1  | CREATE FUNCTION
postgres-1  | CREATE TRIGGER
postgres-1  | ALTER TABLE
postgres-1  | ALTER TABLE
postgres-1  | CREATE POLICY
postgres-1  | CREATE POLICY
postgres-1  | CREATE POLICY
postgres-1  | REVOKE
postgres-1  | REVOKE
postgres-1  | GRANT
postgres-1  | GRANT
postgres-1  | COMMIT
postgres-1  | certification-init: applying 0082_trace_spans_and_outbound_anchor.sql
postgres-1  | BEGIN
postgres-1  | ALTER TABLE
postgres-1  | ALTER TABLE
postgres-1  | ALTER TABLE
postgres-1  | ALTER TABLE
postgres-1  | ALTER TABLE
postgres-1  | CREATE FUNCTION
postgres-1  | REVOKE
postgres-1  | COMMIT
postgres-1  | certification-init: applying 0083_project_database_backups.sql
postgres-1  | BEGIN
postgres-1  | CREATE TABLE
postgres-1  | CREATE INDEX
postgres-1  | CREATE INDEX
postgres-1  | CREATE INDEX
postgres-1  | CREATE TRIGGER
postgres-1  | ALTER TABLE
postgres-1  | ALTER TABLE
postgres-1  | CREATE POLICY
postgres-1  | REVOKE
postgres-1  | GRANT
postgres-1  | GRANT
postgres-1  | COMMIT
postgres-1  | certification-init: applying 0084_project_database_backup_schedules.sql
postgres-1  | BEGIN
postgres-1  | ALTER TABLE
postgres-1  | COMMENT
postgres-1  | ALTER TABLE
postgres-1  | ALTER TABLE
postgres-1  | ALTER TABLE
postgres-1  | ALTER TABLE
postgres-1  | ALTER TABLE
postgres-1  | ALTER TABLE
postgres-1  | CREATE INDEX
postgres-1  | GRANT
postgres-1  | CREATE TABLE
postgres-1  | CREATE INDEX
postgres-1  | CREATE TRIGGER
postgres-1  | INSERT 0 0
postgres-1  | ALTER TABLE
postgres-1  | ALTER TABLE
postgres-1  | CREATE POLICY
postgres-1  | REVOKE
postgres-1  | GRANT
postgres-1  | GRANT
postgres-1  | CREATE FUNCTION
postgres-1  | REVOKE
postgres-1  | CREATE TRIGGER
postgres-1  | COMMIT
postgres-1  | certification-init: applying 0085_project_queue_trace_search.sql
postgres-1  | BEGIN
postgres-1  | CREATE INDEX
postgres-1  | COMMIT
postgres-1  | certification-init: applying 0086_user_console_interface_mode.sql
postgres-1  | BEGIN
postgres-1  | ALTER TABLE
postgres-1  | GRANT
postgres-1  | COMMIT
postgres-1  | certification-init: applying 0087_project_deletion.sql
postgres-1  | BEGIN
postgres-1  | ALTER TABLE
postgres-1  | CREATE INDEX
postgres-1  | CREATE FUNCTION
postgres-1  | CREATE FUNCTION
postgres-1  | REVOKE
postgres-1  | REVOKE
postgres-1  | GRANT
postgres-1  | GRANT
postgres-1  | CREATE FUNCTION
postgres-1  | CREATE FUNCTION
postgres-1  | REVOKE
postgres-1  | GRANT
postgres-1  | REVOKE
postgres-1  | GRANT
postgres-1  | COMMIT
postgres-1  | certification-init: applying 0088_worker_sees_deleted_projects.sql
postgres-1  | BEGIN
postgres-1  | GRANT
postgres-1  | COMMIT
postgres-1  | certification-init: applying 0089_project_purge.sql
postgres-1  | BEGIN
postgres-1  | ALTER TABLE
postgres-1  | CREATE FUNCTION
postgres-1  | REVOKE
postgres-1  | GRANT
postgres-1  | COMMIT
postgres-1  | certification-init: applying 0090_project_purge_storage.sql
postgres-1  | BEGIN
postgres-1  | CREATE FUNCTION
postgres-1  | CREATE FUNCTION
postgres-1  | CREATE FUNCTION
postgres-1  | DROP FUNCTION
postgres-1  | CREATE FUNCTION
postgres-1  | REVOKE
postgres-1  | REVOKE
postgres-1  | REVOKE
postgres-1  | REVOKE
postgres-1  | GRANT
postgres-1  | GRANT
postgres-1  | GRANT
postgres-1  | GRANT
postgres-1  | COMMIT
postgres-1  | certification-init: applying 0091_project_database_teardown.sql
postgres-1  | BEGIN
postgres-1  | CREATE TABLE
postgres-1  | CREATE INDEX
postgres-1  | ALTER TABLE
postgres-1  | ALTER TABLE
postgres-1  | CREATE POLICY
postgres-1  | REVOKE
postgres-1  | GRANT
postgres-1  | CREATE FUNCTION
postgres-1  | CREATE FUNCTION
postgres-1  | CREATE FUNCTION
postgres-1  | REVOKE
postgres-1  | REVOKE
postgres-1  | REVOKE
postgres-1  | GRANT
postgres-1  | GRANT
postgres-1  | GRANT
postgres-1  | COMMIT
postgres-1  | certification-init: applying 0092_storage_upload_provider_release.sql
postgres-1  | BEGIN
postgres-1  | ALTER TABLE
postgres-1  | CREATE INDEX
postgres-1  | CREATE FUNCTION
postgres-1  | GRANT
postgres-1  | CREATE FUNCTION
postgres-1  | CREATE FUNCTION
postgres-1  | CREATE FUNCTION
postgres-1  | REVOKE
postgres-1  | REVOKE
postgres-1  | REVOKE
postgres-1  | GRANT
postgres-1  | GRANT
postgres-1  | GRANT
postgres-1  | COMMIT
postgres-1  | certification-init: applied 86 migrations
postgres-1  | CREATE EXTENSION
postgres-1  | CREATE ROLE
postgres-1  | CREATE ROLE
postgres-1  | CREATE ROLE
postgres-1  | CREATE ROLE
postgres-1  | CREATE ROLE
postgres-1  | GRANT ROLE
postgres-1  | GRANT ROLE
postgres-1  | GRANT ROLE
postgres-1  | GRANT ROLE
postgres-1  | 2026-10-08 18:34:30.060 UTC [386] WARNING:  role "qkern_app" has not been granted membership in role "qkern_auth" by role "qkern"
postgres-1  | WARNING:  role "qkern_app" has not been granted membership in role "qkern_auth" by role "qkern"
postgres-1  | REVOKE ROLE
postgres-1  | 2026-10-08 18:34:30.062 UTC [386] WARNING:  role "qkern_app" has not been granted membership in role "qkern_worker" by role "qkern"
postgres-1  | WARNING:  role "qkern_app" has not been granted membership in role "qkern_worker" by role "qkern"
postgres-1  | REVOKE ROLE
postgres-1  | 2026-10-08 18:34:30.064 UTC [386] WARNING:  role "qkern_app" has not been granted membership in role "qkern_provisioner" by role "qkern"
postgres-1  | REVOKE ROLE
postgres-1  | WARNING:  role "qkern_app" has not been granted membership in role "qkern_provisioner" by role "qkern"
postgres-1  | 2026-10-08 18:34:30.065 UTC [386] WARNING:  role "qkern_auth_app" has not been granted membership in role "qkern_runtime" by role "qkern"
postgres-1  | WARNING:  role "qkern_auth_app" has not been granted membership in role "qkern_runtime" by role "qkern"
postgres-1  | REVOKE ROLE
postgres-1  | 2026-10-08 18:34:30.066 UTC [386] WARNING:  role "qkern_auth_app" has not been granted membership in role "qkern_worker" by role "qkern"
postgres-1  | WARNING:  role "qkern_auth_app" has not been granted membership in role "qkern_worker" by role "qkern"
postgres-1  | REVOKE ROLE
postgres-1  | 2026-10-08 18:34:30.066 UTC [386] WARNING:  role "qkern_auth_app" has not been granted membership in role "qkern_provisioner" by role "qkern"
postgres-1  | WARNING:  role "qkern_auth_app" has not been granted membership in role "qkern_provisioner" by role "qkern"
postgres-1  | REVOKE ROLE
postgres-1  | 2026-10-08 18:34:30.067 UTC [386] WARNING:  role "qkern_worker_app" has not been granted membership in role "qkern_runtime" by role "qkern"
postgres-1  | 2026-10-08 18:34:30.067 UTC [386] WARNING:  role "qkern_worker_app" has not been granted membership in role "qkern_auth" by role "qkern"
postgres-1  | 2026-10-08 18:34:30.067 UTC [386] WARNING:  role "qkern_worker_app" has not been granted membership in role "qkern_provisioner" by role "qkern"
postgres-1  | WARNING:  role "qkern_worker_app" has not been granted membership in role "qkern_runtime" by role "qkern"
postgres-1  | WARNING:  role "qkern_worker_app" has not been granted membership in role "qkern_auth" by role "qkern"
postgres-1  | WARNING:  role "qkern_worker_app" has not been granted membership in role "qkern_provisioner" by role "qkern"
postgres-1  | REVOKE ROLE
postgres-1  | WARNING:  role "qkern_provisioner_app" has not been granted membership in role "qkern_runtime" by role "qkern"
postgres-1  | WARNING:  role "qkern_provisioner_app" has not been granted membership in role "qkern_auth" by role "qkern"
postgres-1  | 2026-10-08 18:34:30.067 UTC [386] WARNING:  role "qkern_provisioner_app" has not been granted membership in role "qkern_runtime" by role "qkern"
postgres-1  | 2026-10-08 18:34:30.067 UTC [386] WARNING:  role "qkern_provisioner_app" has not been granted membership in role "qkern_auth" by role "qkern"
postgres-1  | 2026-10-08 18:34:30.067 UTC [386] WARNING:  role "qkern_provisioner_app" has not been granted membership in role "qkern_worker" by role "qkern"
postgres-1  | WARNING:  role "qkern_provisioner_app" has not been granted membership in role "qkern_worker" by role "qkern"
postgres-1  | REVOKE ROLE
postgres-1  | 2026-10-08 18:34:30.068 UTC [386] WARNING:  role "qkern_project_api_app" has not been granted membership in role "qkern_runtime" by role "qkern"
postgres-1  | 2026-10-08 18:34:30.068 UTC [386] WARNING:  role "qkern_project_api_app" has not been granted membership in role "qkern_auth" by role "qkern"
postgres-1  | 2026-10-08 18:34:30.068 UTC [386] WARNING:  role "qkern_project_api_app" has not been granted membership in role "qkern_worker" by role "qkern"
postgres-1  | 2026-10-08 18:34:30.068 UTC [386] WARNING:  role "qkern_project_api_app" has not been granted membership in role "qkern_provisioner" by role "qkern"
postgres-1  | WARNING:  role "qkern_project_api_app" has not been granted membership in role "qkern_runtime" by role "qkern"
postgres-1  | WARNING:  role "qkern_project_api_app" has not been granted membership in role "qkern_auth" by role "qkern"
postgres-1  | WARNING:  role "qkern_project_api_app" has not been granted membership in role "qkern_worker" by role "qkern"
postgres-1  | WARNING:  role "qkern_project_api_app" has not been granted membership in role "qkern_provisioner" by role "qkern"
postgres-1  | REVOKE ROLE
postgres-1  | ALTER ROLE
postgres-1  | ALTER ROLE
postgres-1  | ALTER ROLE
postgres-1  | ALTER ROLE
postgres-1  | ALTER ROLE
postgres-1  | ALTER ROLE
postgres-1  | ALTER ROLE
postgres-1  | ALTER ROLE
postgres-1  | ALTER ROLE
postgres-1  | ALTER ROLE
postgres-1  | ALTER ROLE
postgres-1  | ALTER ROLE
postgres-1  | ALTER ROLE
postgres-1  | ALTER ROLE
postgres-1  | ALTER ROLE
postgres-1  | project-database: kein Passwort gesetzt, lokale Projektdatenbank wird nicht angelegt
postgres-1  | 
postgres-1  | waiting for server to shut down....2026-10-08 18:34:30.094 UTC [56] LOG:  received fast shutdown request
postgres-1  | 2026-10-08 18:34:30.094 UTC [56] LOG:  aborting any active transactions
postgres-1  | 2026-10-08 18:34:30.099 UTC [56] LOG:  background worker "logical replication launcher" (PID 64) exited with exit code 1
postgres-1  | 2026-10-08 18:34:30.099 UTC [59] LOG:  shutting down
postgres-1  | 2026-10-08 18:34:30.100 UTC [59] LOG:  checkpoint starting: shutdown immediate
postgres-1  | 2026-10-08 18:34:30.129 UTC [59] LOG:  checkpoint complete: wrote 1314 buffers (8.0%); 0 WAL file(s) added, 0 removed, 0 recycled; write=0.024 s, sync=0.005 s, total=0.030 s; sync files=793, longest=0.001 s, average=0.001 s; distance=9225 kB, estimate=9225 kB; lsn=0/1DF4668, redo lsn=0/1DF4668
postgres-1  | 2026-10-08 18:34:30.147 UTC [56] LOG:  database system is shut down
postgres-1  |  done
postgres-1  | server stopped
postgres-1  | 
postgres-1  | PostgreSQL init process complete; ready for start up.
postgres-1  | 
postgres-1  | 2026-10-08 18:34:30.259 UTC [1] LOG:  starting PostgreSQL 17.10 on x86_64-pc-linux-musl, compiled by gcc (Alpine 15.2.0) 15.2.0, 64-bit
postgres-1  | 2026-10-08 18:34:30.260 UTC [1] LOG:  listening on IPv4 address "0.0.0.0", port 5432
postgres-1  | 2026-10-08 18:34:30.261 UTC [1] LOG:  listening on IPv6 address "::", port 5432
postgres-1  | 2026-10-08 18:34:30.267 UTC [1] LOG:  listening on Unix socket "/var/run/postgresql/.s.PGSQL.5432"
postgres-1  | 2026-10-08 18:34:30.273 UTC [392] LOG:  database system was shut down at 2026-10-08 18:34:30 UTC
postgres-1  | 2026-10-08 18:34:30.312 UTC [1] LOG:  database system is ready to accept connections
 Container qkern-slice-release4-postgres-1 Healthy 
 Container qkern-slice-release4-certification-1 Starting 
 Container qkern-slice-release4-certification-1 Started 
certification-1  | vault-seed: one signing secret written
certification-1  | 
certification-1  | added 240 packages, and audited 241 packages in 2m
certification-1  | 
certification-1  | 61 packages are looking for funding
certification-1  |   run `npm fund` for details
certification-1  | 
certification-1  | 13 vulnerabilities (6 moderate, 5 high, 2 critical)
certification-1  | 
certification-1  | To address issues that do not require attention, run:
certification-1  |   npm audit fix
certification-1  | 
certification-1  | To address all issues, run:
certification-1  |   npm audit fix --force
certification-1  | 
certification-1  | Run `npm audit` for details.
certification-1  | npm notice
certification-1  | npm notice New major version of npm available! 11.17.0 -> 12.2.0
certification-1  | npm notice Changelog: https://github.com/npm/cli/releases/tag/v12.2.0
certification-1  | npm notice To update run: npm install -g npm@12.2.0
certification-1  | npm notice
certification-1  | certification: vitest --maxWorkers=2
certification-1  | 
certification-1  | > qkern-platform@2.82.0 test:postgres
certification-1  | > vitest run tests/postgres.integration.test.ts tests/postgres-incident-recovery.integration.test.ts tests/generated-data-postgres.integration.test.ts tests/project-auth-postgres.integration.test.ts tests/project-storage-postgres.integration.test.ts tests/project-queues-postgres.integration.test.ts tests/usage-metering-postgres.integration.test.ts tests/realtime-postgres.integration.test.ts tests/realtime-change-feed-postgres.integration.test.ts tests/realtime-change-chain-postgres.integration.test.ts tests/realtime-change-soak-postgres.integration.test.ts tests/project-queues-multi-instance.integration.test.ts tests/compute-cron-postgres.integration.test.ts tests/compute-webhook-postgres.integration.test.ts tests/compute-webhook-chain.integration.test.ts tests/compute-definitions-postgres.integration.test.ts tests/compute-functions-postgres.integration.test.ts tests/usage-emitters-postgres.integration.test.ts tests/migration-process-postgres.integration.test.ts tests/realtime-process-postgres.integration.test.ts tests/provisioning-port-postgres.integration.test.ts tests/migration-enqueue-postgres.integration.test.ts tests/sql-privilege-clause-contract.integration.test.ts tests/queue-connection-pressure-postgres.integration.test.ts tests/usage-billing-postgres.integration.test.ts tests/billing-invoice-postgres.integration.test.ts tests/data-plane-query-postgres.integration.test.ts tests/data-plane-triggers-postgres.integration.test.ts tests/data-plane-functions-postgres.integration.test.ts tests/data-plane-catalog-postgres.integration.test.ts tests/data-plane-catalog-wide-postgres.integration.test.ts --maxWorkers=2
certification-1  | 
certification-1  | 
certification-1  | [1m[30m[46m RUN [49m[39m[22m [36mv4.1.10 [39m[90m/workspace/qkern[39m
certification-1  | 
certification-1  |  [32m✓[39m tests/usage-emitters-postgres.integration.test.ts [2m([22m[2m20 tests[22m[2m)[22m[33m 3589[2mms[22m[39m
certification-1  |      [33m[2m✓[22m[39m counts a real enqueue in the durable ledger [33m 536[2mms[22m[39m
certification-1  |      [33m[2m✓[22m[39m counts every simultaneous enqueue across queues exactly once [33m 401[2mms[22m[39m
certification-1  |        [33m[2m✓[22m[39m counts the bytes a real download grant released [33m 308[2mms[22m[39m
certification-1  |      [33m[2m✓[22m[39m pages through every event exactly once [33m 304[2mms[22m[39m
postgres-1       | 2026-10-08 18:36:50.707 UTC [1003] ERROR:  permission denied for table users
postgres-1       | 2026-10-08 18:36:50.707 UTC [1003] STATEMENT:  SELECT id FROM users LIMIT 1
postgres-1       | 2026-10-08 18:36:50.754 UTC [1004] ERROR:  permission denied for table projects
postgres-1       | 2026-10-08 18:36:50.754 UTC [1004] STATEMENT:  SELECT id FROM projects LIMIT 1
postgres-1       | 2026-10-08 18:36:52.320 UTC [1022] ERROR:  cron progress must not move backwards
postgres-1       | 2026-10-08 18:36:52.320 UTC [1022] CONTEXT:  PL/pgSQL function qkern_validate_project_cron_update() line 10 at RAISE
postgres-1       | 2026-10-08 18:36:52.320 UTC [1022] STATEMENT:  UPDATE project_cron_definitions
postgres-1       | 	            SET last_dispatched_at=$3, updated_at=now()
postgres-1       | 	          WHERE organization_id=$1 AND id=$2
postgres-1       | 2026-10-08 18:36:52.341 UTC [1023] ERROR:  cron progress must not move backwards
postgres-1       | 2026-10-08 18:36:52.341 UTC [1023] CONTEXT:  PL/pgSQL function qkern_validate_project_cron_update() line 10 at RAISE
postgres-1       | 2026-10-08 18:36:52.341 UTC [1023] STATEMENT:  UPDATE project_cron_definitions
postgres-1       | 	            SET last_dispatched_at=$3, updated_at=now()
postgres-1       | 	          WHERE organization_id=$1 AND id=$2
postgres-1       | 2026-10-08 18:36:52.538 UTC [1021] ERROR:  cron progress must not move backwards
postgres-1       | 2026-10-08 18:36:52.538 UTC [1021] CONTEXT:  PL/pgSQL function qkern_validate_project_cron_update() line 10 at RAISE
postgres-1       | 2026-10-08 18:36:52.538 UTC [1021] STATEMENT:  UPDATE project_cron_definitions
postgres-1       | 	            SET last_dispatched_at=$3, updated_at=now()
postgres-1       | 	          WHERE organization_id=$1 AND id=$2
postgres-1       | 2026-10-08 18:36:52.567 UTC [1020] ERROR:  cron progress must not move backwards
postgres-1       | 2026-10-08 18:36:52.567 UTC [1020] CONTEXT:  PL/pgSQL function qkern_validate_project_cron_update() line 10 at RAISE
postgres-1       | 2026-10-08 18:36:52.567 UTC [1020] STATEMENT:  UPDATE project_cron_definitions
postgres-1       | 	            SET last_dispatched_at=$3, updated_at=now()
postgres-1       | 	          WHERE organization_id=$1 AND id=$2
postgres-1       | 2026-10-08 18:36:52.649 UTC [995] ERROR:  cron progress must not move backwards
postgres-1       | 2026-10-08 18:36:52.649 UTC [995] CONTEXT:  PL/pgSQL function qkern_validate_project_cron_update() line 10 at RAISE
postgres-1       | 2026-10-08 18:36:52.649 UTC [995] STATEMENT:  UPDATE project_cron_definitions SET last_dispatched_at=$2 WHERE id=$1
postgres-1       | 2026-10-08 18:36:52.709 UTC [1024] ERROR:  cron identity is immutable
postgres-1       | 2026-10-08 18:36:52.709 UTC [1024] CONTEXT:  PL/pgSQL function qkern_validate_project_cron_update() line 6 at RAISE
postgres-1       | 2026-10-08 18:36:52.709 UTC [1024] STATEMENT:  UPDATE project_cron_definitions SET project_id=$2 WHERE id=$1
certification-1  |  [32m✓[39m tests/compute-cron-postgres.integration.test.ts [2m([22m[2m13 tests[22m[2m)[22m[33m 10520[2mms[22m[39m
certification-1  |      [33m[2m✓[22m[39m dispatches L, # and W schedules through the real progress [33m 1350[2mms[22m[39m
certification-1  |      [33m[2m✓[22m[39m produces exactly one message when two schedulers fire the same occurrence [33m 819[2mms[22m[39m
certification-1  |      [33m[2m✓[22m[39m dispatches from the shipped process [33m 4124[2mms[22m[39m
certification-1  |      [33m[2m✓[22m[39m reports ready while the cron loop is doing its rounds [33m 1766[2mms[22m[39m
certification-1  |      [33m[2m✓[22m[39m stops reporting ready when every definition fails [33m 1123[2mms[22m[39m
postgres-1       | 2026-10-08 18:37:04.244 UTC [1002] ERROR:  new row for relation "project_queue_messages" violates check constraint "project_queue_messages_dedupe_pair"
postgres-1       | 2026-10-08 18:37:04.244 UTC [1002] DETAIL:  Failing row contains (ebb73716-ca3c-4f9d-8311-a10b46f93c4c, b089c307-b145-488f-9519-372e49517f83, 9831c980-4602-4869-a4d5-18772ec31299, development, c2045778-9105-41ce-9c88-ba1ba21de83a, {}, available, probe, ffffffffffffffffffffffffffffffffffffffffffffffffffffffffffffffff, null, 0, 2026-10-08 18:37:04.242313+00, null, null, 0, null, null, 2026-10-08 18:37:04.242313+00, null, null, null).
postgres-1       | 2026-10-08 18:37:04.244 UTC [1002] STATEMENT:  INSERT INTO project_queue_messages
postgres-1       | 	        (organization_id,project_id,environment,queue_id,payload,owner_subject,dedupe_key_hash)
postgres-1       | 	        VALUES ($1,$2,'development',$3,'{}'::jsonb,'probe',$4)
postgres-1       | 2026-10-08 18:37:04.356 UTC [1090] FATAL:  database "absent_f58ec2fd_1305_4b6a_8ee3_1615c020bba3" does not exist
postgres-1       | 2026-10-08 18:37:05.045 UTC [390] LOG:  checkpoint starting: immediate force wait
postgres-1       | 2026-10-08 18:37:05.139 UTC [390] LOG:  checkpoint complete: wrote 1524 buffers (9.3%); 0 WAL file(s) added, 0 removed, 2 recycled; write=0.088 s, sync=0.002 s, total=0.095 s; sync files=549, longest=0.001 s, average=0.001 s; distance=30913 kB, estimate=30913 kB; lsn=0/3C24B00, redo lsn=0/3C24AA8
postgres-1       | 2026-10-08 18:37:06.491 UTC [390] LOG:  checkpoint starting: immediate force wait
postgres-1       | 2026-10-08 18:37:06.496 UTC [390] LOG:  checkpoint complete: wrote 93 buffers (0.6%); 0 WAL file(s) added, 0 removed, 0 recycled; write=0.004 s, sync=0.001 s, total=0.006 s; sync files=69, longest=0.001 s, average=0.000 s; distance=133 kB, estimate=27835 kB; lsn=0/3C46280, redo lsn=0/3C46228
certification-1  |  [32m✓[39m tests/migration-process-postgres.integration.test.ts [2m([22m[2m4 tests[22m[2m)[22m[33m 5886[2mms[22m[39m
certification-1  |      [33m[2m✓[22m[39m applies a queued statement to the real project database [33m 2141[2mms[22m[39m
certification-1  |      [33m[2m✓[22m[39m keeps a tampered statement out of the project database [33m 1529[2mms[22m[39m
certification-1  |      [33m[2m✓[22m[39m names the violated boundary condition without describing the database [33m 1535[2mms[22m[39m
postgres-1       | 2026-10-08 18:37:08.405 UTC [1117] ERROR:  new row violates row-level security policy for table "items"
postgres-1       | 2026-10-08 18:37:08.405 UTC [1117] CONTEXT:  SQL function "add_item" statement 1
postgres-1       | 2026-10-08 18:37:08.405 UTC [1117] STATEMENT:  SELECT "generated_e040a109_89ae_45ed_ac39_8f9abca68063"."add_item"("item_name" => $1::text, "item_owner" => $2::text) AS result
certification-1  |  [32m✓[39m tests/generated-data-postgres.integration.test.ts [2m([22m[2m9 tests[22m[2m)[22m[33m 1134[2mms[22m[39m
postgres-1       | 2026-10-08 18:37:08.822 UTC [1006] ERROR:  new row for relation "project_auth_settings" violates check constraint "project_auth_settings_rate_limits_check"
postgres-1       | 2026-10-08 18:37:08.822 UTC [1006] DETAIL:  Failing row contains (0d050671-c870-4782-a165-7b59cef9bcd6, b3ee748c-b84d-4baa-9f51-3ed52b3a5759, development, f, 2026-09-26 12:00:00+00, {}, 0, 900, 5, 3600, 2, 900, f, 12, named, null, 2000, null, 2000, {}).
postgres-1       | 2026-10-08 18:37:08.822 UTC [1006] STATEMENT:  UPDATE project_auth_settings SET sign_in_max = 0
postgres-1       | 	       WHERE organization_id = $1 AND project_id = $2 AND environment = 'development'
postgres-1       | 2026-10-08 18:37:09.611 UTC [1127] ERROR:  new row for relation "project_auth_settings" violates check constraint "project_auth_settings_password_protection_check"
postgres-1       | 2026-10-08 18:37:09.611 UTC [1127] DETAIL:  Failing row contains (e38b1d9e-c7fa-4ad2-b5f0-6f6ecae2f7db, 543da76c-1b40-4a27-924d-a04f38c9becb, development, f, 2026-09-26 13:00:00+00, {}, 10, 900, 5, 3600, 60, 3600, t, 11, generic, null, 2000, null, 2000, {}).
postgres-1       | 2026-10-08 18:37:09.611 UTC [1127] STATEMENT:  UPDATE project_auth_settings SET password_min_length = 11
postgres-1       | 	         WHERE organization_id = $1 AND project_id = $2 AND environment = 'development'
postgres-1       | 2026-10-08 18:37:09.641 UTC [1128] ERROR:  new row for relation "project_auth_settings" violates check constraint "project_auth_settings_password_protection_check"
postgres-1       | 2026-10-08 18:37:09.641 UTC [1128] DETAIL:  Failing row contains (e38b1d9e-c7fa-4ad2-b5f0-6f6ecae2f7db, 543da76c-1b40-4a27-924d-a04f38c9becb, development, f, 2026-09-26 13:00:00+00, {}, 10, 900, 5, 3600, 60, 3600, t, 129, generic, null, 2000, null, 2000, {}).
postgres-1       | 2026-10-08 18:37:09.641 UTC [1128] STATEMENT:  UPDATE project_auth_settings SET password_min_length = 129
postgres-1       | 	         WHERE organization_id = $1 AND project_id = $2 AND environment = 'development'
postgres-1       | 2026-10-08 18:37:09.675 UTC [1129] ERROR:  new row for relation "project_auth_settings" violates check constraint "project_auth_settings_password_protection_check"
postgres-1       | 2026-10-08 18:37:09.675 UTC [1129] DETAIL:  Failing row contains (e38b1d9e-c7fa-4ad2-b5f0-6f6ecae2f7db, 543da76c-1b40-4a27-924d-a04f38c9becb, development, f, 2026-09-26 13:00:00+00, {}, 10, 900, 5, 3600, 60, 3600, t, 14, loud, null, 2000, null, 2000, {}).
postgres-1       | 2026-10-08 18:37:09.675 UTC [1129] STATEMENT:  UPDATE project_auth_settings SET leaked_password_notice = 'loud'
postgres-1       | 	         WHERE organization_id = $1 AND project_id = $2 AND environment = 'development'
postgres-1       | 2026-10-08 18:37:11.378 UTC [1130] ERROR:  realtime events are append-only
postgres-1       | 2026-10-08 18:37:11.378 UTC [1130] CONTEXT:  PL/pgSQL function qkern_reject_realtime_event_update() line 3 at RAISE
postgres-1       | 2026-10-08 18:37:11.378 UTC [1130] STATEMENT:  UPDATE realtime_events SET event='tampered'
postgres-1       | 	        WHERE organization_id=$1 AND channel=$2
certification-1  |  [32m✓[39m tests/realtime-postgres.integration.test.ts [2m([22m[2m9 tests[22m[2m)[22m[33m 1984[2mms[22m[39m
certification-1  |      [33m[2m✓[22m[39m merges the presence of two instances and keeps it across a restart of the one that wrote it [33m 361[2mms[22m[39m
postgres-1       | 2026-10-08 18:37:12.905 UTC [390] LOG:  checkpoint starting: immediate force wait
postgres-1       | 2026-10-08 18:37:12.921 UTC [390] LOG:  checkpoint complete: wrote 327 buffers (2.0%); 0 WAL file(s) added, 0 removed, 1 recycled; write=0.015 s, sync=0.001 s, total=0.017 s; sync files=202, longest=0.001 s, average=0.001 s; distance=5791 kB, estimate=25630 kB; lsn=0/41EE0B0, redo lsn=0/41EE030
postgres-1       | 2026-10-08 18:37:13.113 UTC [1190] ERROR:  project storage object identity is immutable
postgres-1       | 2026-10-08 18:37:13.113 UTC [1190] CONTEXT:  PL/pgSQL function qkern_reject_project_storage_object_mutation() line 12 at RAISE
postgres-1       | 2026-10-08 18:37:13.113 UTC [1190] STATEMENT:  UPDATE project_storage_objects SET deleted_at=coalesce(deleted_at,$5)
postgres-1       | 	        WHERE organization_id=$1 AND project_id=$2 AND environment=$3 AND id=$4
postgres-1       | 	        RETURNING id,organization_id,project_id,environment,bucket_id,object_key,owner_subject,
postgres-1       | 	  provider_key,size_bytes,content_type,checksum_sha256,etag,status,created_at,delete_after,deleted_at
postgres-1       | 2026-10-08 18:37:13.275 UTC [1187] ERROR:  project storage upload verifier and identity are immutable
postgres-1       | 2026-10-08 18:37:13.275 UTC [1187] CONTEXT:  PL/pgSQL function qkern_reject_project_storage_upload_mutation() line 14 at RAISE
postgres-1       | 2026-10-08 18:37:13.275 UTC [1187] STATEMENT:  UPDATE project_storage_uploads SET provider_released_at = now() WHERE id = $1
postgres-1       | 2026-10-08 18:37:13.344 UTC [1200] ERROR:  project storage upload verifier and identity are immutable
postgres-1       | 2026-10-08 18:37:13.344 UTC [1200] CONTEXT:  PL/pgSQL function qkern_reject_project_storage_upload_mutation() line 14 at RAISE
postgres-1       | 2026-10-08 18:37:13.344 UTC [1200] STATEMENT:  UPDATE project_storage_uploads SET provider_released_at = now() + interval '1 hour' WHERE id = $1
postgres-1       | 2026-10-08 18:37:13.422 UTC [1201] ERROR:  project storage upload verifier and identity are immutable
postgres-1       | 2026-10-08 18:37:13.422 UTC [1201] CONTEXT:  PL/pgSQL function qkern_reject_project_storage_upload_mutation() line 14 at RAISE
postgres-1       | 2026-10-08 18:37:13.422 UTC [1201] STATEMENT:  UPDATE project_storage_uploads SET provider_released_at = now(), size_bytes = 13 WHERE id = $1
certification-1  |  [32m✓[39m tests/project-storage-postgres.integration.test.ts [2m([22m[2m9 tests[22m[2m)[22m[33m 1302[2mms[22m[39m
postgres-1       | 2026-10-08 18:37:14.922 UTC [1211] ERROR:  permission denied for table project_database_provisioning_jobs
postgres-1       | 2026-10-08 18:37:14.922 UTC [1211] STATEMENT:  SELECT 1 FROM project_database_provisioning_jobs LIMIT 1
postgres-1       | 2026-10-08 18:37:14.937 UTC [1211] ERROR:  permission denied for table project_database_bindings
postgres-1       | 2026-10-08 18:37:14.937 UTC [1211] STATEMENT:  SELECT 1 FROM project_database_bindings LIMIT 1
certification-1  |  [32m✓[39m tests/provisioning-port-postgres.integration.test.ts [2m([22m[2m6 tests[22m[2m)[22m[33m 633[2mms[22m[39m
postgres-1       | 2026-10-08 18:37:17.089 UTC [1222] ERROR:  new row for relation "migration_incident_delivery_commands" violates check constraint "migration_incident_delivery_commands_expected_failure_code"
postgres-1       | 2026-10-08 18:37:17.089 UTC [1222] DETAIL:  Failing row contains (e886ff21-7632-45b0-a734-97ed0309382c, 60eecc82-500c-4fed-b8ae-1e73733338a0, f8bba7bc-6670-4673-a193-30ae593f471d, constraint-test, destination_recovered, pending, null, 2026-10-08 18:37:17.087401+00, 2026-10-08 18:37:17.087401+00, null, null).
postgres-1       | 2026-10-08 18:37:17.089 UTC [1222] STATEMENT:  INSERT INTO migration_incident_delivery_commands
postgres-1       | 	           (organization_id, migration_incident_id, requested_by, reason_code,
postgres-1       | 	            expected_failure_code, expected_retry_cycle)
postgres-1       | 	         VALUES ($1, $2, 'constraint-test', 'destination_recovered', NULL, NULL)
postgres-1       | 2026-10-08 18:37:17.126 UTC [1223] ERROR:  new row for relation "migration_incident_delivery_commands" violates check constraint "migration_incident_delivery_commands_expected_retry_cycle"
postgres-1       | 2026-10-08 18:37:17.126 UTC [1223] DETAIL:  Failing row contains (313ee699-92ce-40c4-bd41-68166accaee3, 60eecc82-500c-4fed-b8ae-1e73733338a0, f8bba7bc-6670-4673-a193-30ae593f471d, constraint-test, destination_recovered, pending, null, 2026-10-08 18:37:17.12055+00, 2026-10-08 18:37:17.12055+00, PUBLISH_FAILED, null).
postgres-1       | 2026-10-08 18:37:17.126 UTC [1223] STATEMENT:  INSERT INTO migration_incident_delivery_commands
postgres-1       | 	           (organization_id, migration_incident_id, requested_by, reason_code,
postgres-1       | 	            expected_failure_code, expected_retry_cycle)
postgres-1       | 	         VALUES ($1, $2, 'constraint-test', 'destination_recovered', 'PUBLISH_FAILED', NULL)
postgres-1       | 2026-10-08 18:37:17.645 UTC [1227] ERROR:  migration incident resolution requires worker-verified ledger evidence
postgres-1       | 2026-10-08 18:37:17.645 UTC [1227] CONTEXT:  PL/pgSQL function qkern_validate_migration_incident_acknowledgement() line 49 at RAISE
postgres-1       | 2026-10-08 18:37:17.645 UTC [1227] STATEMENT:  UPDATE migration_incidents
postgres-1       | 	       SET status = 'resolved',
postgres-1       | 	           resolution_code = 'target_ledger_match'::qkern_migration_incident_resolution_code
postgres-1       | 	       WHERE organization_id = $1 AND migration_job_id = $2
postgres-1       | 	         AND status IN ('open', 'acknowledged')
postgres-1       | 	       RETURNING 
postgres-1       | 	  id, organization_id, migration_job_id, project_id, environment, change_set_id,
postgres-1       | 	  kind, severity, status, detected_review_cycle, detected_reconciliation_attempt,
postgres-1       | 	  acknowledged_by, acknowledgement_code, acknowledged_at,
postgres-1       | 	  resolved_by, resolution_code, resolved_at, created_at, updated_at
postgres-1       | 2026-10-08 18:37:17.681 UTC [390] LOG:  checkpoint starting: immediate force wait
postgres-1       | 2026-10-08 18:37:17.696 UTC [390] LOG:  checkpoint complete: wrote 1090 buffers (6.7%); 0 WAL file(s) added, 0 removed, 0 recycled; write=0.014 s, sync=0.001 s, total=0.015 s; sync files=417, longest=0.001 s, average=0.000 s; distance=10238 kB, estimate=24091 kB; lsn=0/4BED9D8, redo lsn=0/4BED980
certification-1  |  [32m✓[39m tests/postgres-incident-recovery.integration.test.ts [2m([22m[2m6 tests[22m[2m)[22m[33m 1795[2mms[22m[39m
postgres-1       | 2026-10-08 18:37:19.927 UTC [390] LOG:  checkpoint starting: immediate force wait
postgres-1       | 2026-10-08 18:37:19.930 UTC [390] LOG:  checkpoint complete: wrote 93 buffers (0.6%); 0 WAL file(s) added, 0 removed, 0 recycled; write=0.003 s, sync=0.001 s, total=0.004 s; sync files=67, longest=0.001 s, average=0.000 s; distance=418 kB, estimate=21724 kB; lsn=0/4C56420, redo lsn=0/4C563C8
postgres-1       | 2026-10-08 18:37:20.225 UTC [1088] ERROR:  new row for relation "user_console_settings" violates check constraint "user_console_settings_language_check"
postgres-1       | 2026-10-08 18:37:20.225 UTC [1088] DETAIL:  Failing row contains (2e1ce232-f172-4d45-a3b2-6db721774eee, es, de-CH, browser, overview, system, 2026-10-08 18:37:20.225669+00, 2026-10-08 18:37:20.225669+00, easy).
postgres-1       | 2026-10-08 18:37:20.225 UTC [1088] STATEMENT:  INSERT INTO user_console_settings (user_id, language) VALUES ($1, $2)
postgres-1       | 2026-10-08 18:37:20.245 UTC [1252] ERROR:  new row for relation "user_console_settings" violates check constraint "user_console_settings_format_locale_check"
postgres-1       | 2026-10-08 18:37:20.245 UTC [1252] DETAIL:  Failing row contains (2e1ce232-f172-4d45-a3b2-6db721774eee, browser, de-AT, browser, overview, system, 2026-10-08 18:37:20.242149+00, 2026-10-08 18:37:20.242149+00, easy).
postgres-1       | 2026-10-08 18:37:20.245 UTC [1252] STATEMENT:  INSERT INTO user_console_settings (user_id, format_locale) VALUES ($1, $2)
postgres-1       | 2026-10-08 18:37:20.266 UTC [1253] ERROR:  new row for relation "user_console_settings" violates check constraint "user_console_settings_theme_check"
postgres-1       | 2026-10-08 18:37:20.266 UTC [1253] DETAIL:  Failing row contains (2e1ce232-f172-4d45-a3b2-6db721774eee, browser, de-CH, browser, overview, sepia, 2026-10-08 18:37:20.26258+00, 2026-10-08 18:37:20.26258+00, easy).
postgres-1       | 2026-10-08 18:37:20.266 UTC [1253] STATEMENT:  INSERT INTO user_console_settings (user_id, theme) VALUES ($1, $2)
postgres-1       | 2026-10-08 18:37:20.285 UTC [1254] ERROR:  new row for relation "user_console_settings" violates check constraint "user_console_settings_time_zone_check"
postgres-1       | 2026-10-08 18:37:20.285 UTC [1254] DETAIL:  Failing row contains (2e1ce232-f172-4d45-a3b2-6db721774eee, browser, de-CH, kein zonenname mit leerzeichen, overview, system, 2026-10-08 18:37:20.282244+00, 2026-10-08 18:37:20.282244+00, easy).
postgres-1       | 2026-10-08 18:37:20.285 UTC [1254] STATEMENT:  INSERT INTO user_console_settings (user_id, time_zone) VALUES ($1, $2)
postgres-1       | 2026-10-08 18:37:20.310 UTC [1255] ERROR:  new row for relation "user_console_settings" violates check constraint "user_console_settings_start_view_check"
postgres-1       | 2026-10-08 18:37:20.310 UTC [1255] DETAIL:  Failing row contains (2e1ce232-f172-4d45-a3b2-6db721774eee, browser, de-CH, browser, Nicht Erlaubt, system, 2026-10-08 18:37:20.305915+00, 2026-10-08 18:37:20.305915+00, easy).
postgres-1       | 2026-10-08 18:37:20.310 UTC [1255] STATEMENT:  INSERT INTO user_console_settings (user_id, start_view) VALUES ($1, $2)
postgres-1       | 2026-10-08 18:37:20.332 UTC [1256] ERROR:  new row for relation "user_console_settings" violates check constraint "user_console_settings_interface_mode_check"
postgres-1       | 2026-10-08 18:37:20.332 UTC [1256] DETAIL:  Failing row contains (2e1ce232-f172-4d45-a3b2-6db721774eee, browser, de-CH, browser, overview, system, 2026-10-08 18:37:20.328796+00, 2026-10-08 18:37:20.328796+00, beginner).
postgres-1       | 2026-10-08 18:37:20.332 UTC [1256] STATEMENT:  INSERT INTO user_console_settings (user_id, interface_mode) VALUES ($1, $2)
postgres-1       | 2026-10-08 18:37:20.367 UTC [1131] ERROR:  permission denied for table users
postgres-1       | 2026-10-08 18:37:20.367 UTC [1131] STATEMENT:  UPDATE users SET status = 'disabled' WHERE id = $1
certification-1  |  [32m✓[39m tests/realtime-change-chain-postgres.integration.test.ts [2m([22m[2m7 tests[22m[2m)[22m[33m 7069[2mms[22m[39m
certification-1  |      [33m[2m✓[22m[39m keeps order and delivers each change exactly once under a burst [33m 661[2mms[22m[39m
certification-1  |      [33m[2m✓[22m[39m keeps every subscriber's subset correct with many subscribers at once [33m 5825[2mms[22m[39m
postgres-1       | 2026-10-08 18:37:26.959 UTC [1296] ERROR:  permission denied for table project_auth_users
postgres-1       | 2026-10-08 18:37:26.959 UTC [1296] STATEMENT:  SELECT id FROM project_auth_users LIMIT 1
postgres-1       | 2026-10-08 18:37:27.466 UTC [1293] ERROR:  new row violates row-level security policy "audit_logs_project_auth_insert" for table "audit_logs"
postgres-1       | 2026-10-08 18:37:27.466 UTC [1293] STATEMENT:  INSERT INTO audit_logs
postgres-1       | 	         (organization_id, project_id, environment, actor_type, actor_ref, action, resource_ref,
postgres-1       | 	          status, redacted_metadata, previous_hash, entry_hash)
postgres-1       | 	       VALUES ($1, $2, $3, $4, $5, $6, $7, $8, $9::jsonb, NULL, repeat('0', 64))
postgres-1       | 	       RETURNING id, organization_id, project_id, environment, actor_type, actor_ref, action, resource_ref,
postgres-1       | 	                 status, redacted_metadata, previous_hash, entry_hash, created_at
certification-1  |  [32m✓[39m tests/project-auth-postgres.integration.test.ts [2m([22m[2m4 tests[22m[2m)[22m[33m 1182[2mms[22m[39m
postgres-1       | 2026-10-08 18:37:28.914 UTC [1309] ERROR:  permission denied for table project_functions
postgres-1       | 2026-10-08 18:37:28.914 UTC [1309] STATEMENT:  UPDATE project_functions SET image=$2 WHERE id=$1
postgres-1       | 2026-10-08 18:37:28.950 UTC [1310] ERROR:  permission denied for table project_functions
postgres-1       | 2026-10-08 18:37:28.950 UTC [1310] STATEMENT:  UPDATE project_functions SET memory_mib=2048 WHERE id=$1
postgres-1       | 2026-10-08 18:37:28.962 UTC [1307] ERROR:  new row for relation "project_functions" violates check constraint "project_functions_image_check"
postgres-1       | 2026-10-08 18:37:28.962 UTC [1307] DETAIL:  Failing row contains (de017480-f954-4ad0-a013-64091945da8c, 68d3d29c-18e7-4b39-b83a-745e9b4aec3a, 1b61f00a-ad5e-429f-9a54-59362a88da77, development, tagged-e4f9eab7, nodejs24, registry.example.com/qkern/probe:latest, handler.mjs, 30000, 128, 1, {}, {}, t, 2026-10-08 18:37:28.955035+00).
postgres-1       | 2026-10-08 18:37:28.962 UTC [1307] STATEMENT:  INSERT INTO project_functions
postgres-1       | 	         (organization_id, project_id, environment, name, runtime, image, entrypoint)
postgres-1       | 	       VALUES ($1,$2,'development',$3,'nodejs24','registry.example.com/qkern/probe:latest','handler.mjs')
postgres-1       | 2026-10-08 18:37:28.989 UTC [1308] ERROR:  duplicate key value violates unique constraint "project_functions_name_key"
postgres-1       | 2026-10-08 18:37:28.989 UTC [1308] STATEMENT:  INSERT INTO project_functions
postgres-1       | 	           (organization_id, project_id, environment, name, runtime, image, entrypoint,
postgres-1       | 	            timeout_ms, memory_mib, max_concurrency, egress_origins, secret_refs, enabled)
postgres-1       | 	         VALUES ($1,$2,$3,$4,'nodejs24',$5,$6,$7,$8,$9,$10,$11,$12)
postgres-1       | 	         RETURNING id, organization_id, project_id, environment, name, runtime, image,
postgres-1       | 	  entrypoint, timeout_ms, memory_mib, max_concurrency, egress_origins, secret_refs, enabled,
postgres-1       | 	  created_at
postgres-1       | 2026-10-08 18:37:29.958 UTC [1311] ERROR:  function slots are immutable
postgres-1       | 2026-10-08 18:37:29.958 UTC [1311] CONTEXT:  PL/pgSQL function qkern_reject_project_function_slot_update() line 3 at RAISE
postgres-1       | 2026-10-08 18:37:29.958 UTC [1311] STATEMENT:  UPDATE project_function_slots SET expires_at = now() + interval '1 hour'
postgres-1       | 	        WHERE organization_id=$1 AND function_id=$2
certification-1  |  [32m✓[39m tests/compute-functions-postgres.integration.test.ts [2m([22m[2m13 tests[22m[2m)[22m[33m 1368[2mms[22m[39m
postgres-1       | 2026-10-08 18:37:31.521 UTC [1338] ERROR:  webhook delivery content is immutable
postgres-1       | 2026-10-08 18:37:31.521 UTC [1338] CONTEXT:  PL/pgSQL function qkern_validate_project_webhook_delivery_update() line 10 at RAISE
postgres-1       | 2026-10-08 18:37:31.521 UTC [1338] STATEMENT:  UPDATE project_webhook_deliveries SET payload='{"tampered":true}'::jsonb WHERE id=$1
postgres-1       | 2026-10-08 18:37:31.648 UTC [1352] ERROR:  a settled webhook delivery is final
postgres-1       | 2026-10-08 18:37:31.648 UTC [1352] CONTEXT:  PL/pgSQL function qkern_validate_project_webhook_delivery_update() line 16 at RAISE
postgres-1       | 2026-10-08 18:37:31.648 UTC [1352] STATEMENT:  UPDATE project_webhook_deliveries SET status='pending' WHERE id=$1
certification-1  |  [32m✓[39m tests/compute-webhook-postgres.integration.test.ts [2m([22m[2m11 tests[22m[2m)[22m[33m 1328[2mms[22m[39m
certification-1  |  [32m✓[39m tests/project-queues-postgres.integration.test.ts [2m([22m[2m9 tests[22m[2m)[22m[33m 1490[2mms[22m[39m
postgres-1       | 2026-10-08 18:37:36.725 UTC [1348] ERROR:  relation "plaene_61652c0a_c103_4825_83d6_a8e6db7341be.gibt_es_nicht" does not exist at character 73
postgres-1       | 2026-10-08 18:37:36.725 UTC [1348] STATEMENT:  EXPLAIN (FORMAT JSON, COSTS ON, VERBOSE OFF, SUMMARY ON) SELECT id FROM "plaene_61652c0a_c103_4825_83d6_a8e6db7341be".gibt_es_nicht
postgres-1       | 2026-10-08 18:37:36.815 UTC [1257] ERROR:  division by zero
postgres-1       | 2026-10-08 18:37:36.815 UTC [1257] STATEMENT:  SELECT 1 / 0
postgres-1       | 2026-10-08 18:37:36.835 UTC [1398] ERROR:  division by zero
postgres-1       | 2026-10-08 18:37:36.835 UTC [1398] STATEMENT:  SELECT 1 / 0
postgres-1       | 2026-10-08 18:37:36.853 UTC [1399] ERROR:  division by zero
postgres-1       | 2026-10-08 18:37:36.853 UTC [1399] STATEMENT:  SELECT 1 / 0
postgres-1       | 2026-10-08 18:37:36.876 UTC [1400] ERROR:  division by zero
postgres-1       | 2026-10-08 18:37:36.876 UTC [1400] STATEMENT:  SELECT 1 / 0
postgres-1       | 2026-10-08 18:37:36.899 UTC [1401] ERROR:  division by zero
postgres-1       | 2026-10-08 18:37:36.899 UTC [1401] STATEMENT:  SELECT 1 / 0
postgres-1       | 2026-10-08 18:37:36.919 UTC [1402] ERROR:  division by zero
postgres-1       | 2026-10-08 18:37:36.919 UTC [1402] STATEMENT:  SELECT 1 / 0
postgres-1       | 2026-10-08 18:37:36.940 UTC [1403] ERROR:  division by zero
postgres-1       | 2026-10-08 18:37:36.940 UTC [1403] STATEMENT:  SELECT 1 / 0
postgres-1       | 2026-10-08 18:37:36.961 UTC [1404] ERROR:  division by zero
postgres-1       | 2026-10-08 18:37:36.961 UTC [1404] STATEMENT:  SELECT 1 / 0
postgres-1       | 2026-10-08 18:37:36.983 UTC [1405] ERROR:  division by zero
postgres-1       | 2026-10-08 18:37:36.983 UTC [1405] STATEMENT:  SELECT 1 / 0
postgres-1       | 2026-10-08 18:37:37.004 UTC [1406] ERROR:  division by zero
postgres-1       | 2026-10-08 18:37:37.004 UTC [1406] STATEMENT:  SELECT 1 / 0
postgres-1       | 2026-10-08 18:37:40.085 UTC [1421] ERROR:  permission denied for table pg_user_mapping
postgres-1       | 2026-10-08 18:37:40.085 UTC [1421] STATEMENT:  SELECT umoptions FROM pg_catalog.pg_user_mapping
postgres-1       | 2026-10-08 18:37:40.179 UTC [1407] WARNING:  "wal_level" is insufficient to publish logical changes
postgres-1       | 2026-10-08 18:37:40.179 UTC [1407] HINT:  Set "wal_level" to "logical" before creating subscriptions.
postgres-1       | 2026-10-08 18:37:40.207 UTC [1423] ERROR:  permission denied for table pg_subscription
postgres-1       | 2026-10-08 18:37:40.207 UTC [1423] STATEMENT:  SELECT subconninfo FROM pg_catalog.pg_subscription
postgres-1       | 2026-10-08 18:37:41.180 UTC [1005] ERROR:  permission denied for table project_storage_s3_access_keys
postgres-1       | 2026-10-08 18:37:41.180 UTC [1005] STATEMENT:  DELETE FROM project_storage_s3_access_keys WHERE id = $1
postgres-1       | 2026-10-08 18:37:41.189 UTC [1007] ERROR:  permission denied for table project_storage_s3_access_keys
postgres-1       | 2026-10-08 18:37:41.189 UTC [1007] STATEMENT:  UPDATE project_storage_s3_access_keys SET name = 'anders' WHERE id = $1
postgres-1       | 2026-10-08 18:37:41.195 UTC [1407] ERROR:  project storage S3 access keys are immutable except for one-way revocation
postgres-1       | 2026-10-08 18:37:41.195 UTC [1407] CONTEXT:  PL/pgSQL function qkern_reject_project_storage_s3_access_key_mutation() line 14 at RAISE
postgres-1       | 2026-10-08 18:37:41.195 UTC [1407] STATEMENT:  UPDATE project_storage_s3_access_keys SET revoked_at = now() + interval '1 hour' WHERE id = $1
postgres-1       | 2026-10-08 18:37:41.403 UTC [1436] ERROR:  project storage S3 access keys are immutable except for one-way revocation
postgres-1       | 2026-10-08 18:37:41.403 UTC [1436] CONTEXT:  PL/pgSQL function qkern_reject_project_storage_s3_access_key_mutation() line 14 at RAISE
postgres-1       | 2026-10-08 18:37:41.403 UTC [1436] STATEMENT:  UPDATE project_storage_s3_access_keys SET secret_ciphertext = $2 WHERE id = $1
certification-1  |  [32m✓[39m tests/billing-invoice-postgres.integration.test.ts [2m([22m[2m6 tests[22m[2m)[22m[33m 7377[2mms[22m[39m
certification-1  |      [33m[2m✓[22m[39m issues the closed month's invoice from the shipped process [33m 1298[2mms[22m[39m
certification-1  |      [33m[2m✓[22m[39m leaves the issued invoice untouched on a second run [33m 1017[2mms[22m[39m
certification-1  |      [33m[2m✓[22m[39m refuses an open period at its configuration boundary [33m 670[2mms[22m[39m
certification-1  |      [33m[2m✓[22m[39m issues exactly one invoice when two runs race for the same period [33m 1031[2mms[22m[39m
certification-1  |      [33m[2m✓[22m[39m numbers invoices gaplessly per organization and stamps the due date [33m 3046[2mms[22m[39m
postgres-1       | 2026-10-08 18:37:43.276 UTC [1258] ERROR:  new row for relation "project_auth_settings" violates check constraint "project_auth_settings_hook_claims_check"
postgres-1       | 2026-10-08 18:37:43.276 UTC [1258] DETAIL:  Failing row contains (4574babc-a950-46d0-8332-7136ac628783, 47641b12-b96c-4fe8-a8bb-ce3823f3e0c6, development, f, 2026-10-08 18:37:43.019+00, {}, 10, 900, 5, 3600, 60, 3600, f, 12, named, null, 2000, hook-claims-410f69db, 2000, {role}).
postgres-1       | 2026-10-08 18:37:43.276 UTC [1258] STATEMENT:  UPDATE project_auth_settings SET access_token_hook_function = $1, access_token_hook_claims = ARRAY['role']::text[] WHERE organization_id = '4574babc-a950-46d0-8332-7136ac628783' AND project_id = '47641b12-b96c-4fe8-a8bb-ce3823f3e0c6'
postgres-1       | 	      AND environment = 'development'
postgres-1       | 2026-10-08 18:37:43.311 UTC [1449] ERROR:  new row for relation "project_auth_settings" violates check constraint "project_auth_settings_hook_timeout_check"
postgres-1       | 2026-10-08 18:37:43.311 UTC [1449] DETAIL:  Failing row contains (4574babc-a950-46d0-8332-7136ac628783, 47641b12-b96c-4fe8-a8bb-ce3823f3e0c6, development, f, 2026-10-08 18:37:43.019+00, {}, 10, 900, 5, 3600, 60, 3600, f, 12, named, null, 0, null, 2000, {}).
postgres-1       | 2026-10-08 18:37:43.311 UTC [1449] STATEMENT:  UPDATE project_auth_settings SET sign_in_hook_timeout_ms = 0 WHERE organization_id = '4574babc-a950-46d0-8332-7136ac628783' AND project_id = '47641b12-b96c-4fe8-a8bb-ce3823f3e0c6'
postgres-1       | 	      AND environment = 'development'
postgres-1       | 2026-10-08 18:37:43.347 UTC [1450] ERROR:  new row for relation "project_auth_settings" violates check constraint "project_auth_settings_hook_function_check"
postgres-1       | 2026-10-08 18:37:43.347 UTC [1450] DETAIL:  Failing row contains (4574babc-a950-46d0-8332-7136ac628783, 47641b12-b96c-4fe8-a8bb-ce3823f3e0c6, development, f, 2026-10-08 18:37:43.019+00, {}, 10, 900, 5, 3600, 60, 3600, f, 12, named, Nope!, 2000, null, 2000, {}).
postgres-1       | 2026-10-08 18:37:43.347 UTC [1450] STATEMENT:  UPDATE project_auth_settings SET sign_in_hook_function = 'Nope!' WHERE organization_id = '4574babc-a950-46d0-8332-7136ac628783' AND project_id = '47641b12-b96c-4fe8-a8bb-ce3823f3e0c6'
postgres-1       | 	      AND environment = 'development'
postgres-1       | 2026-10-08 18:37:43.380 UTC [1451] ERROR:  new row for relation "project_auth_settings" violates check constraint "project_auth_settings_hook_claims_check"
postgres-1       | 2026-10-08 18:37:43.380 UTC [1451] DETAIL:  Failing row contains (4574babc-a950-46d0-8332-7136ac628783, 47641b12-b96c-4fe8-a8bb-ce3823f3e0c6, development, f, 2026-10-08 18:37:43.019+00, {}, 10, 900, 5, 3600, 60, 3600, f, 12, named, null, 2000, null, 2000, {tenant}).
postgres-1       | 2026-10-08 18:37:43.380 UTC [1451] STATEMENT:  UPDATE project_auth_settings SET access_token_hook_function = NULL, access_token_hook_claims = ARRAY['tenant']::text[] WHERE organization_id = '4574babc-a950-46d0-8332-7136ac628783' AND project_id = '47641b12-b96c-4fe8-a8bb-ce3823f3e0c6'
postgres-1       | 	      AND environment = 'development'
postgres-1       | 2026-10-08 18:37:43.875 UTC [1452] ERROR:  permission denied for table project_auth_passkeys
postgres-1       | 2026-10-08 18:37:43.875 UTC [1452] STATEMENT:  UPDATE project_auth_passkeys SET public_key = $1
postgres-1       | 	        WHERE organization_id = $2 AND project_id = $3
postgres-1       | 2026-10-08 18:37:44.002 UTC [1455] ERROR:  relation "change_feed" already exists
postgres-1       | 2026-10-08 18:37:44.002 UTC [1455] STATEMENT:  -- Run once after 0002_qkern_migration_fence.sql as the trusted project database
postgres-1       | 	-- provisioner. Provides trigger-based change capture for Realtime.
postgres-1       | 	--
postgres-1       | 	-- ## Warum Trigger und nicht logische Replikation
postgres-1       | 	--
postgres-1       | 	-- Logische Replikation sieht jede Aenderung ohne Schemaeingriff, verlangt aber
postgres-1       | 	-- eine Rolle mit Replikationsrecht und einen Slot. Beides steht im direkten
postgres-1       | 	-- Widerspruch zu diesem Schema: 0001 prueft fuer jede beteiligte Rolle
postgres-1       | 	-- ausdruecklich rolreplication = false. Ein hängender Konsument laesst den Slot
postgres-1       | 	-- ausserdem unbegrenzt WAL halten, bis die Platte voll ist -- ein
postgres-1       | 	-- Betriebsrisiko, das der Kunde traegt und QKERN nicht begrenzen kann.
postgres-1       | 	--
postgres-1       | 	-- Trigger sind begrenzbar: der Feed hat Groessengrenzen und Aufbewahrung, und
postgres-1       | 	-- das Anschalten je Tabelle ist eine Schemaaenderung, die den vorhandenen
postgres-1       | 	-- Change-Set- und Approval-Weg durchlaeuft.
postgres-1       | 	--
postgres-1       | 	-- ## Warum keine Zeilenwerte gespeichert werden
postgres-1       | 	--
postgres-1       | 	-- Der Feed haelt ausschliesslich die Primaerschluesselwerte. Die eigentlichen
postgres-1       | 	-- Zeilenwerte werden je Abonnent frisch gelesen, und zwar mit dessen Claims.
postgres-1       | 	-- Row Level Security autorisiert und erzeugt die Nutzlast damit in einem
postgres-1       | 	-- Schritt. Wuerden die Werte hier liegen, muesste eine zweite, unabhaengige
postgres-1       | 	-- Sichtbarkeitspruefung sie korrekt filtern -- eine Kopie der RLS-Logik
postgres-1       | 	-- ausserhalb der Datenbank und damit eine dauerhafte Fehlerquelle.
postgres-1       | 	
postgres-1       | 	BEGIN;
postgres-1       | 	
postgres-1       | 	CREATE TABLE qkern_internal.change_feed (
postgres-1       | 	  position bigint GENERATED ALWAYS AS IDENTITY PRIMARY KEY,
postgres-1       | 	  schema_name text NOT NULL CHECK (schema_name ~ '^[a-z_][a-z0-9_]{0,62}$'),
postgres-1       | 	  table_name text NOT NULL CHECK (table_name ~ '^[a-z_][a-z0-9_]{0,62}$'),
postgres-1       | 	  operation text NOT NULL CHECK (operation IN ('insert', 'update', 'delete')),
postgres-1       | 	  -- Nur Primaerschluesselwerte. Die Grenze verhindert, dass ein zusammengesetzter
postgres-1       | 	  -- Schluessel den Feed aufblaeht.
postgres-1       | 	  row_key jsonb NOT NULL CHECK (octet_length(row_key::text) <= 4096),
postgres-1       | 	  committed_at timestamptz NOT NULL DEFAULT now()
postgres-1       | 	);
postgres-1       | 	
postgres-1       | 	CREATE INDEX change_feed_retention_idx ON qkern_internal.change_feed (committed_at);
postgres-1       | 	
postgres-1       | 	ALTER TABLE qkern_internal.change_feed OWNER TO qkern_ledger_owner;
postgres-1       | 	
postgres-1       | 	-- SECURITY DEFINER: Der Schreiber einer Zeile besitzt keine Rechte auf dem
postgres-1       | 	-- Feed und soll sie auch nicht bekommen. Der Trigger schreibt stellvertretend.
postgres-1       | 	-- search_path wird fest gesetzt, damit kein Aufrufer die aufgeloesten Objekte
postgres-1       | 	-- umlenken kann.
postgres-1       | 	CREATE OR REPLACE FUNCTION qkern_internal.capture_change()
postgres-1       | 	RETURNS trigger
postgres-1       | 	LANGUAGE plpgsql
postgres-1       | 	SECURITY DEFINER
postgres-1       | 	SET search_path = qkern_internal, pg_catalog
postgres-1       | 	AS $$
postgres-1       | 	DECLARE
postgres-1       | 	  key_columns text[];
postgres-1       | 	  source record;
postgres-1       | 	  key jsonb;
postgres-1       | 	BEGIN
postgres-1       | 	  SELECT array_agg(attribute.attname ORDER BY attribute.attnum)
postgres-1       | 	    INTO key_columns
postgres-1       | 	    FROM pg_index index
postgres-1       | 	    JOIN pg_attribute attribute
postgres-1       | 	      ON attribute.attrelid = index.indrelid AND attribute.attnum = ANY (index.indkey)
postgres-1       | 	   WHERE index.indrelid = TG_RELID AND index.indisprimary;
postgres-1       | 	
postgres-1       | 	  IF key_columns IS NULL THEN
postgres-1       | 	    RAISE EXCEPTION 'change capture requires a primary key on %.%', TG_TABLE_SCHEMA, TG_TABLE_NAME
postgres-1       | 	      USING ERRCODE = '55000';
postgres-1       | 	  END IF;
postgres-1       | 	
postgres-1       | 	  source := CASE WHEN TG_OP = 'DELETE' THEN OLD ELSE NEW END;
postgres-1       | 	  SELECT jsonb_object_agg(entry.key, entry.value)
postgres-1       | 	    INTO key
postgres-1       | 	    FROM jsonb_each(to_jsonb(source)) AS entry
postgres-1       | 	   WHERE entry.key = ANY (key_columns);
postgres-1       | 	
postgres-1       | 	  INSERT INTO qkern_internal.change_feed (schema_name, table_name, operation, row_key)
postgres-1       | 	  VALUES (TG_TABLE_SCHEMA, TG_TABLE_NAME, lower(TG_OP), key);
postgres-1       | 	
postgres-1       | 	  RETURN NULL;
postgres-1       | 	END;
postgres-1       | 	$$;
postgres-1       | 	
postgres-1       | 	ALTER FUNCTION qkern_internal.capture_change() OWNER TO qkern_ledger_owner;
postgres-1       | 	
postgres-1       | 	REVOKE ALL ON qkern_internal.change_feed FROM PUBLIC;
postgres-1       | 	REVOKE ALL ON FUNCTION qkern_internal.capture_change() FROM PUBLIC;
postgres-1       | 	
postgres-1       | 	-- Die Laufzeitrolle liest den Feed und raeumt ihn auf. Sie darf ihn niemals
postgres-1       | 	-- schreiben: ein erfundenes Aenderungsereignis wuerde einen Lesevorgang mit
postgres-1       | 	-- fremden Claims ausloesen.
postgres-1       | 	GRANT USAGE ON SCHEMA qkern_internal TO qkern_project_api_app;
postgres-1       | 	GRANT SELECT, DELETE ON qkern_internal.change_feed TO qkern_project_api_app;
postgres-1       | 	
postgres-1       | 	COMMIT;
postgres-1       | 	
postgres-1       | 2026-10-08 18:37:45.063 UTC [1453] ERROR:  new row for relation "project_auth_third_party_providers" violates check constraint "project_auth_third_party_providers_role_check"
postgres-1       | 2026-10-08 18:37:45.063 UTC [1453] DETAIL:  Failing row contains (9ab5d03e-3133-4b2f-98da-8ba31ad3afe8, c3d5a0c8-6df6-49b0-99c1-e2cdabb3a5e1, 6acda862-340d-4009-8df1-035161a5b06a, development, direkt, https://direkt.example.com, https://aussteller-2-80.example.com/.well-known/jwks.json, {qkern-app-2-80}, sub, null, service_role, 2026-10-08 18:37:45.058702+00).
postgres-1       | 2026-10-08 18:37:45.063 UTC [1453] STATEMENT:  INSERT INTO project_auth_third_party_providers
postgres-1       | 	        (id, organization_id, project_id, environment, name, issuer, jwks_uri, audiences, default_role)
postgres-1       | 	        VALUES ($1,$2,$3,$4,'direkt','https://direkt.example.com',$5,ARRAY[$6]::text[],'service_role')
postgres-1       | 2026-10-08 18:37:45.144 UTC [1459] ERROR:  permission denied for table project_auth_third_party_providers
postgres-1       | 2026-10-08 18:37:45.144 UTC [1459] STATEMENT:  UPDATE project_auth_third_party_providers SET jwks_uri = $1 WHERE issuer = $2
certification-1  | [90mstderr[2m | tests/realtime-change-soak-postgres.integration.test.ts[2m > [22m[2mRealtime change soak PostgreSQL certification[2m > [22m[2mdelivers every change of a sustained writer without loss, gap or stall
certification-1  | [22m[39msoak: 120 Aenderungen, p50 836 ms, p95 1348 ms, max 1422 ms
certification-1  | 
certification-1  | [90mstderr[2m | tests/realtime-change-soak-postgres.integration.test.ts[2m > [22m[2mRealtime change soak PostgreSQL certification[2m > [22m[2mdelivers every change of a sustained writer without loss, gap or stall
certification-1  | [22m[39msoak: 5 Buchungen fuer 120 Nachrichten
certification-1  | 
certification-1  |  [32m✓[39m tests/realtime-change-soak-postgres.integration.test.ts [2m([22m[2m1 test[22m[2m)[22m[33m 2595[2mms[22m[39m
certification-1  |      [33m[2m✓[22m[39m delivers every change of a sustained writer without loss, gap or stall [33m 2240[2mms[22m[39m
postgres-1       | 2026-10-08 18:37:47.625 UTC [1487] ERROR:  permission denied for table project_cron_definitions
postgres-1       | 2026-10-08 18:37:47.625 UTC [1487] STATEMENT:  UPDATE project_cron_definitions SET time_zone='UTC' WHERE id=$1
postgres-1       | 2026-10-08 18:37:47.661 UTC [1486] ERROR:  duplicate key value violates unique constraint "project_cron_definitions_name_key"
postgres-1       | 2026-10-08 18:37:47.661 UTC [1486] STATEMENT:  INSERT INTO project_cron_definitions
postgres-1       | 	           (organization_id, project_id, environment, name, expression, queue, payload, enabled,
postgres-1       | 	            time_zone)
postgres-1       | 	         VALUES ($1,$2,$3,$4,$5,$6,$7,$8,$9)
postgres-1       | 	         RETURNING id, organization_id, project_id, environment, name, expression, queue,
postgres-1       | 	  payload, enabled, time_zone, last_dispatched_at, created_at
postgres-1       | 2026-10-08 18:37:47.715 UTC [1488] ERROR:  permission denied for table project_cron_definitions
postgres-1       | 2026-10-08 18:37:47.715 UTC [1488] STATEMENT:  UPDATE project_cron_definitions SET expression='*/1 * * * *' WHERE id=$1
postgres-1       | 2026-10-08 18:37:47.765 UTC [1489] ERROR:  permission denied for table project_webhooks
postgres-1       | 2026-10-08 18:37:47.765 UTC [1489] STATEMENT:  UPDATE project_webhooks SET url='https://elsewhere.example.com/hooks' WHERE id=$1
postgres-1       | 2026-10-08 18:37:47.978 UTC [1490] ERROR:  permission denied for table project_functions
postgres-1       | 2026-10-08 18:37:47.978 UTC [1490] STATEMENT:  UPDATE project_functions SET image=$1 WHERE id=$2
certification-1  |  [32m✓[39m tests/compute-definitions-postgres.integration.test.ts [2m([22m[2m10 tests[22m[2m)[22m[33m 909[2mms[22m[39m
postgres-1       | 2026-10-08 18:37:49.602 UTC [1503] ERROR:  new row violates row-level security policy for table "notizen"
postgres-1       | 2026-10-08 18:37:49.602 UTC [1503] STATEMENT:  INSERT INTO "graphqlw_078207b8_eeda_4fdf_ae2f_83218fc97a16"."notizen" ("besitzer", "inhalt", "menge")
postgres-1       | 	         VALUES ($1, $2, $3)
postgres-1       | 	         
postgres-1       | 	         RETURNING "id", "besitzer", "inhalt", "menge"
postgres-1       | 2026-10-08 18:37:49.637 UTC [1503] ERROR:  new row violates row-level security policy for table "notizen"
postgres-1       | 2026-10-08 18:37:49.637 UTC [1503] STATEMENT:  UPDATE "graphqlw_078207b8_eeda_4fdf_ae2f_83218fc97a16"."notizen" SET "besitzer" = $1
postgres-1       | 	       WHERE "menge" = $2 RETURNING "id", "besitzer", "inhalt", "menge"
postgres-1       | 2026-10-08 18:37:50.174 UTC [1513] ERROR:  new row violates row-level security policy (USING expression) for table "kunden"
postgres-1       | 2026-10-08 18:37:50.174 UTC [1513] STATEMENT:  INSERT INTO "gqlupsert_18d00e08_9fd3_4d41_986e_7e99d86f6246"."kunden" ("besitzer", "email", "name", "punkte")
postgres-1       | 	         VALUES ($1, $2, $3, $4)
postgres-1       | 	         ON CONFLICT ("email")
postgres-1       | 	         DO UPDATE SET "besitzer" = EXCLUDED."besitzer", "name" = EXCLUDED."name", "punkte" = EXCLUDED."punkte"
postgres-1       | 	         RETURNING "id", "besitzer", "email", "name", "punkte", "slug"
postgres-1       | 2026-10-08 18:37:50.193 UTC [1513] ERROR:  new row violates row-level security policy (USING expression) for table "kunden"
postgres-1       | 2026-10-08 18:37:50.193 UTC [1513] STATEMENT:  INSERT INTO "gqlupsert_18d00e08_9fd3_4d41_986e_7e99d86f6246"."kunden" ("besitzer", "email", "name", "punkte")
postgres-1       | 	         VALUES ($1, $2, $3, $4)
postgres-1       | 	         ON CONFLICT ("email")
postgres-1       | 	         DO UPDATE SET "besitzer" = EXCLUDED."besitzer", "name" = EXCLUDED."name", "punkte" = EXCLUDED."punkte"
postgres-1       | 	         RETURNING "id", "besitzer", "email", "name", "punkte", "slug"
postgres-1       | 2026-10-08 18:37:50.253 UTC [1513] ERROR:  new row violates row-level security policy (USING expression) for table "kunden"
postgres-1       | 2026-10-08 18:37:50.253 UTC [1513] STATEMENT:  INSERT INTO "gqlupsert_18d00e08_9fd3_4d41_986e_7e99d86f6246"."kunden" ("besitzer", "email", "name", "punkte")
postgres-1       | 	         VALUES ($1, $2, $3, $4)
postgres-1       | 	         ON CONFLICT ("email")
postgres-1       | 	         DO UPDATE SET "besitzer" = EXCLUDED."besitzer", "name" = EXCLUDED."name", "punkte" = EXCLUDED."punkte"
postgres-1       | 	         RETURNING "id", "besitzer", "email", "name", "punkte", "slug"
postgres-1       | 2026-10-08 18:37:50.690 UTC [1515] ERROR:  new row violates row-level security policy (USING expression) for table "kunden"
postgres-1       | 2026-10-08 18:37:50.690 UTC [1515] STATEMENT:  INSERT INTO "mcpupsert_3eb85725_8aff_4b74_8f05_802e392de791"."kunden" ("besitzer", "email", "name", "punkte")
postgres-1       | 	         VALUES ($1, $2, $3, $4)
postgres-1       | 	         ON CONFLICT ("email")
postgres-1       | 	         DO UPDATE SET "besitzer" = EXCLUDED."besitzer", "name" = EXCLUDED."name", "punkte" = EXCLUDED."punkte"
postgres-1       | 	         RETURNING "id", "besitzer", "email", "name", "punkte"
postgres-1       | 2026-10-08 18:37:50.811 UTC [1515] ERROR:  new row violates row-level security policy (USING expression) for table "kunden"
postgres-1       | 2026-10-08 18:37:50.811 UTC [1515] STATEMENT:  INSERT INTO "mcpupsert_3eb85725_8aff_4b74_8f05_802e392de791"."kunden" ("besitzer", "email", "name", "punkte")
postgres-1       | 	         VALUES ($1, $2, $3, $4)
postgres-1       | 	         ON CONFLICT ("email")
postgres-1       | 	         DO UPDATE SET "besitzer" = EXCLUDED."besitzer", "name" = EXCLUDED."name", "punkte" = EXCLUDED."punkte"
postgres-1       | 	         RETURNING "id", "besitzer", "email", "name", "punkte"
postgres-1       | 2026-10-08 18:37:51.161 UTC [1516] ERROR:  permission denied for table project_auth_oauth_clients
postgres-1       | 2026-10-08 18:37:51.161 UTC [1516] STATEMENT:  UPDATE project_auth_oauth_clients SET scopes = ARRAY['data:write']::text[] WHERE id = $1
postgres-1       | 2026-10-08 18:37:51.165 UTC [1466] ERROR:  new row for relation "project_auth_oauth_codes" violates check constraint "project_auth_oauth_codes_pkce_check"
postgres-1       | 2026-10-08 18:37:51.165 UTC [1466] DETAIL:  Failing row contains (f0cc1a22-e394-4450-8d87-8cdb4af33555, 5f6cbda4-f342-446f-abdc-ce9d2b1d4e69, f836118c-b863-4a44-8fff-756d11235541, development, b1b751e4-ff8c-4891-b9f4-d06e11d20f3f, e2639b3c-ec15-4368-95e3-67b82ee47a7c, https://app.test/oauth/zurueck, {data:read}, direkt-b829e240-3892-4a6e-af45-4bebda407192, H81AfpJ8HdpsbM4PGmE3R9wH-2UG8ibrQ0csPvyXQHM, plain, 2026-10-08 18:37:51.163253+00, 2026-10-08 18:38:51.163253+00, null, null).
postgres-1       | 2026-10-08 18:37:51.165 UTC [1466] STATEMENT:  INSERT INTO project_auth_oauth_codes
postgres-1       | 	        (id, organization_id, project_id, environment, client_id, auth_user_id, redirect_uri,
postgres-1       | 	         scopes, code_hash, code_challenge, code_challenge_method, expires_at)
postgres-1       | 	        VALUES ($1,$2,$3,'development',$4,$5,$6,ARRAY['data:read']::text[],$7,$8,'plain',now() + interval '1 minute')
postgres-1       | 2026-10-08 18:37:52.034 UTC [390] LOG:  checkpoint starting: immediate force wait
postgres-1       | 2026-10-08 18:37:52.055 UTC [390] LOG:  checkpoint complete: wrote 511 buffers (3.1%); 0 WAL file(s) added, 0 removed, 2 recycled; write=0.020 s, sync=0.001 s, total=0.022 s; sync files=377, longest=0.001 s, average=0.001 s; distance=28390 kB, estimate=28390 kB; lsn=0/6821138, redo lsn=0/680FC18
postgres-1       | 2026-10-08 18:37:52.150 UTC [1435] ERROR:  permission denied for table project_auth_one_time_tokens
postgres-1       | 2026-10-08 18:37:52.150 UTC [1435] STATEMENT:  DELETE FROM project_auth_one_time_tokens WHERE organization_id = $1
postgres-1       | 2026-10-08 18:37:52.174 UTC [1531] ERROR:  permission denied for table project_auth_oauth_tokens
postgres-1       | 2026-10-08 18:37:52.174 UTC [1531] STATEMENT:  DELETE FROM project_auth_oauth_tokens WHERE organization_id = $1
postgres-1       | 2026-10-08 18:37:52.394 UTC [1538] ERROR:  permission denied for table project_auth_saml_assertions
postgres-1       | 2026-10-08 18:37:52.394 UTC [1538] STATEMENT:  DELETE FROM project_auth_saml_assertions WHERE organization_id = $1
postgres-1       | 2026-10-08 18:37:56.214 UTC [1520] ERROR:  permission denied for table project_auth_oauth_consents
postgres-1       | 2026-10-08 18:37:56.214 UTC [1520] STATEMENT:  DELETE FROM project_auth_oauth_consents WHERE id = $1
postgres-1       | 2026-10-08 18:37:56.218 UTC [1517] ERROR:  project auth oauth consents are immutable except for one-way revocation
postgres-1       | 2026-10-08 18:37:56.218 UTC [1517] CONTEXT:  PL/pgSQL function qkern_reject_project_auth_oauth_consent_mutation() line 8 at RAISE
postgres-1       | 2026-10-08 18:37:56.218 UTC [1517] STATEMENT:  UPDATE project_auth_oauth_consents SET revoked_at = NULL WHERE id = $1
postgres-1       | 2026-10-08 18:37:56.240 UTC [1571] ERROR:  permission denied for table project_auth_oauth_consents
postgres-1       | 2026-10-08 18:37:56.240 UTC [1571] STATEMENT:  UPDATE project_auth_oauth_consents SET scopes = ARRAY['data:write']::text[] WHERE id = $1
postgres-1       | 2026-10-08 18:37:56.417 UTC [1438] ERROR:  update or delete on table "users" violates foreign key constraint "organizations_created_by_fkey" on table "organizations"
postgres-1       | 2026-10-08 18:37:56.417 UTC [1438] DETAIL:  Key (id)=(51707f75-a100-471a-878c-a48b71f5c036) is still referenced from table "organizations".
postgres-1       | 2026-10-08 18:37:56.417 UTC [1438] STATEMENT:  DELETE FROM users WHERE id = $1
postgres-1       | 2026-10-08 18:37:56.501 UTC [1575] ERROR:  extension "vector" is not available
postgres-1       | 2026-10-08 18:37:56.501 UTC [1575] DETAIL:  Could not open extension control file "/usr/local/share/postgresql/extension/vector.control": No such file or directory.
postgres-1       | 2026-10-08 18:37:56.501 UTC [1575] HINT:  The extension must first be installed on the system where PostgreSQL is running.
postgres-1       | 2026-10-08 18:37:56.501 UTC [1575] STATEMENT:  CREATE EXTENSION vector
postgres-1       | 2026-10-08 18:37:56.599 UTC [1576] ERROR:  array is too long
postgres-1       | 2026-10-08 18:37:56.599 UTC [1576] DETAIL:  A cube cannot have more than 100 dimensions.
postgres-1       | 2026-10-08 18:37:56.599 UTC [1576] STATEMENT:  SELECT cube(array_fill(0::float8, ARRAY[$1::int]))
postgres-1       | 2026-10-08 18:37:57.351 UTC [1577] ERROR:  update or delete on table "users" violates foreign key constraint "organizations_created_by_fkey" on table "organizations"
postgres-1       | 2026-10-08 18:37:57.351 UTC [1577] DETAIL:  Key (id)=(98229e56-ad81-43b8-85f8-b07f502cb0a2) is still referenced from table "organizations".
postgres-1       | 2026-10-08 18:37:57.351 UTC [1577] STATEMENT:  DELETE FROM users WHERE id = $1
postgres-1       | 2026-10-08 18:37:58.268 UTC [1580] ERROR:  new row violates row-level security policy for table "kommentare"
postgres-1       | 2026-10-08 18:37:58.268 UTC [1580] STATEMENT:  INSERT INTO "gqlrel_24cd1d36_9ab7_4280_97eb_da9af3676956"."kommentare" ("beitrag_id", "besitzer", "id", "text")
postgres-1       | 	         VALUES ($1, $2, $3, $4)
postgres-1       | 	         
postgres-1       | 	         RETURNING "id", "beitrag_id", "verfasser_id", "text", "besitzer"
postgres-1       | 2026-10-08 18:37:58.580 UTC [1590] ERROR:  permission denied for table verschlossen
postgres-1       | 2026-10-08 18:37:58.580 UTC [1590] STATEMENT:  SELECT inhalt FROM "gqlxs_b_475e2393_7f30_43b8_a2d0_0465318d00c6".verschlossen
postgres-1       | 2026-10-08 18:37:58.902 UTC [1551] ERROR:  permission denied for table project_function_invocation_output
postgres-1       | 2026-10-08 18:37:58.902 UTC [1551] STATEMENT:  UPDATE project_function_invocation_output SET truncated = true
postgres-1       | 2026-10-08 18:37:58.906 UTC [1551] ERROR:  permission denied for table project_function_invocation_output
postgres-1       | 2026-10-08 18:37:58.906 UTC [1551] STATEMENT:  DELETE FROM project_function_invocation_output
postgres-1       | 2026-10-08 18:37:58.914 UTC [1578] ERROR:  new row for relation "project_function_invocation_output" violates check constraint "project_function_invocation_output_line_count_check"
postgres-1       | 2026-10-08 18:37:58.914 UTC [1578] DETAIL:  Failing row contains (b3c03ca3-01de-4f6b-a65b-a147184fb87b, 7c9525c5-ba0f-4a74-a6bc-892b892d68c4, 12b15433-bca5-4322-a96a-c46692a12cdc, development, 0e7e2f29-e867-4dd8-8f7a-b3e2b52bf82f, 3e881768-2ee7-4fa0-a09f-a14e91e8989b, 2026-10-08 18:37:58.909692+00, 501, 501, 0, 0, f, 0, [{"at": "2026-09-29T10:00:00.000Z", "cut": false, "text": "x", "...).
postgres-1       | 2026-10-08 18:37:58.914 UTC [1578] STATEMENT:  INSERT INTO project_function_invocation_output
postgres-1       | 	         (organization_id, project_id, environment, function_id, invocation_id,
postgres-1       | 	          line_count, stdout_lines, stderr_lines, byte_count, truncated, dropped_lines, lines)
postgres-1       | 	       VALUES ($1, $2, 'development', $3, $4, $5, $6, 0, 0, $7, $8, $9::jsonb)
postgres-1       | 2026-10-08 18:37:58.935 UTC [1592] ERROR:  new row for relation "project_function_invocation_output" violates check constraint "project_function_invocation_output_lines_shape"
postgres-1       | 2026-10-08 18:37:58.935 UTC [1592] DETAIL:  Failing row contains (e430c4fe-5578-441c-9c56-be577147a22b, 7c9525c5-ba0f-4a74-a6bc-892b892d68c4, 12b15433-bca5-4322-a96a-c46692a12cdc, development, 0e7e2f29-e867-4dd8-8f7a-b3e2b52bf82f, 3e881768-2ee7-4fa0-a09f-a14e91e8989b, 2026-10-08 18:37:58.930773+00, 2, 2, 0, 0, f, 0, [{"at": "2026-09-29T10:00:00.000Z", "cut": false, "text": "x", "...).
postgres-1       | 2026-10-08 18:37:58.935 UTC [1592] STATEMENT:  INSERT INTO project_function_invocation_output
postgres-1       | 	         (organization_id, project_id, environment, function_id, invocation_id,
postgres-1       | 	          line_count, stdout_lines, stderr_lines, byte_count, truncated, dropped_lines, lines)
postgres-1       | 	       VALUES ($1, $2, 'development', $3, $4, $5, $6, 0, 0, $7, $8, $9::jsonb)
postgres-1       | 2026-10-08 18:37:58.960 UTC [1593] ERROR:  insert or update on table "project_function_invocation_output" violates foreign key constraint "project_function_invocation_o_organization_id_invocation_i_fkey"
postgres-1       | 2026-10-08 18:37:58.960 UTC [1593] DETAIL:  Key (organization_id, invocation_id)=(7c9525c5-ba0f-4a74-a6bc-892b892d68c4, d6edfe23-05d5-4bd9-8450-c1f5100b90c2) is not present in table "project_function_invocations".
postgres-1       | 2026-10-08 18:37:58.960 UTC [1593] STATEMENT:  INSERT INTO project_function_invocation_output
postgres-1       | 	         (organization_id, project_id, environment, function_id, invocation_id,
postgres-1       | 	          line_count, stdout_lines, stderr_lines, byte_count, truncated, dropped_lines, lines)
postgres-1       | 	       VALUES ($1, $2, 'development', $3, $4, $5, $6, 0, 0, $7, $8, $9::jsonb)
postgres-1       | 2026-10-08 18:37:58.980 UTC [1594] ERROR:  duplicate key value violates unique constraint "project_function_invocation_o_organization_id_invocation_id_key"
postgres-1       | 2026-10-08 18:37:58.980 UTC [1594] DETAIL:  Key (organization_id, invocation_id)=(7c9525c5-ba0f-4a74-a6bc-892b892d68c4, 460bd4b5-f699-4d03-b9cb-af5740e3ac01) already exists.
postgres-1       | 2026-10-08 18:37:58.980 UTC [1594] STATEMENT:  INSERT INTO project_function_invocation_output
postgres-1       | 	         (organization_id, project_id, environment, function_id, invocation_id,
postgres-1       | 	          line_count, stdout_lines, stderr_lines, byte_count, truncated, dropped_lines, lines)
postgres-1       | 	       VALUES ($1, $2, 'development', $3, $4, $5, $6, 0, 0, $7, $8, $9::jsonb)
postgres-1       | 2026-10-08 18:37:59.298 UTC [1572] ERROR:  duplicate key value violates unique constraint "project_auth_saml_assertion_key"
postgres-1       | 2026-10-08 18:37:59.298 UTC [1572] DETAIL:  Key (organization_id, project_id, environment, provider, assertion_id)=(fea3a1b5-22ae-49da-87d5-c940398919d3, 261c84ca-b999-4758-8420-532e135a413c, development, federation, _a32d7eb1c046db33d45d04832ce38786f) already exists.
postgres-1       | 2026-10-08 18:37:59.298 UTC [1572] STATEMENT:  INSERT INTO project_auth_saml_assertions
postgres-1       | 	      (organization_id, project_id, environment, provider, assertion_id, expires_at)
postgres-1       | 	      VALUES ($1, $2, 'development', 'federation', $3, now() + interval '5 minutes')
postgres-1       | 2026-10-08 18:37:59.308 UTC [1573] ERROR:  new row for relation "project_auth_saml_assertions" violates check constraint "project_auth_saml_assertions_assertion_id_check"
postgres-1       | 2026-10-08 18:37:59.308 UTC [1573] DETAIL:  Failing row contains (8b76833e-c0c7-4241-aaed-0ba1951d3f20, fea3a1b5-22ae-49da-87d5-c940398919d3, 261c84ca-b999-4758-8420-532e135a413c, development, federation, 9nope, 2026-10-08 18:37:59.307871+00, 2026-10-08 18:42:59.307871+00).
postgres-1       | 2026-10-08 18:37:59.308 UTC [1573] STATEMENT:  INSERT INTO project_auth_saml_assertions
postgres-1       | 	      (organization_id, project_id, environment, provider, assertion_id, expires_at)
postgres-1       | 	      VALUES ($1, $2, 'development', 'federation', '9nope', now() + interval '5 minutes')
postgres-1       | 2026-10-08 18:37:59.332 UTC [1602] ERROR:  new row for relation "project_auth_saml_assertions" violates check constraint "project_auth_saml_assertions_provider_check"
postgres-1       | 2026-10-08 18:37:59.332 UTC [1602] DETAIL:  Failing row contains (c4256576-628b-4cda-9de0-b2ed460f7cf4, fea3a1b5-22ae-49da-87d5-c940398919d3, 261c84ca-b999-4758-8420-532e135a413c, development, Federation, _abc, 2026-10-08 18:37:59.326604+00, 2026-10-08 18:42:59.326604+00).
postgres-1       | 2026-10-08 18:37:59.332 UTC [1602] STATEMENT:  INSERT INTO project_auth_saml_assertions
postgres-1       | 	      (organization_id, project_id, environment, provider, assertion_id, expires_at)
postgres-1       | 	      VALUES ($1, $2, 'development', 'Federation', '_abc', now() + interval '5 minutes')
postgres-1       | 2026-10-08 18:37:59.357 UTC [1603] ERROR:  new row for relation "project_auth_saml_assertions" violates check constraint "project_auth_saml_assertions_window"
postgres-1       | 2026-10-08 18:37:59.357 UTC [1603] DETAIL:  Failing row contains (e6251d9d-6066-414c-845f-e4ca8550920e, fea3a1b5-22ae-49da-87d5-c940398919d3, 261c84ca-b999-4758-8420-532e135a413c, development, federation, _window, 2026-10-08 18:37:59.350613+00, 2026-10-08 18:36:59.350613+00).
postgres-1       | 2026-10-08 18:37:59.357 UTC [1603] STATEMENT:  INSERT INTO project_auth_saml_assertions
postgres-1       | 	      (organization_id, project_id, environment, provider, assertion_id, used_at, expires_at)
postgres-1       | 	      VALUES ($1, $2, 'development', 'federation', '_window', now(), now() - interval '1 minute')
postgres-1       | 2026-10-08 18:37:59.381 UTC [1604] ERROR:  new row for relation "project_auth_one_time_tokens" violates check constraint "project_auth_one_time_tokens_purpose_check"
postgres-1       | 2026-10-08 18:37:59.381 UTC [1604] DETAIL:  Failing row contains (135bb930-fcd6-4988-a38e-5e2f19ccb0ac, fea3a1b5-22ae-49da-87d5-c940398919d3, 261c84ca-b999-4758-8420-532e135a413c, development, null, saml_reply, aaaaaaaaaaaaaaaaaaaaaaaaaaaaaaaaaaaaaaaaaaaaaaaaaaaaaaaaaaaaaaaa, {}, 2026-10-08 18:37:59.373976+00, 2026-10-08 18:42:59.373976+00, null).
postgres-1       | 2026-10-08 18:37:59.381 UTC [1604] STATEMENT:  INSERT INTO project_auth_one_time_tokens
postgres-1       | 	      (organization_id, project_id, environment, purpose, token_hash, expires_at)
postgres-1       | 	      VALUES ($1, $2, 'development', 'saml_reply', $3, now() + interval '5 minutes')
postgres-1       | 2026-10-08 18:37:59.403 UTC [1605] ERROR:  permission denied for table project_auth_saml_assertions
postgres-1       | 2026-10-08 18:37:59.403 UTC [1605] STATEMENT:  UPDATE project_auth_saml_assertions SET assertion_id = '_other' WHERE organization_id = $1
postgres-1       | 2026-10-08 18:37:59.594 UTC [1595] ERROR:  project storage upload verifier and identity are immutable
postgres-1       | 2026-10-08 18:37:59.594 UTC [1595] CONTEXT:  PL/pgSQL function qkern_reject_project_storage_upload_mutation() line 28 at RAISE
postgres-1       | 2026-10-08 18:37:59.594 UTC [1595] STATEMENT:  UPDATE project_storage_uploads
postgres-1       | 	      SET parts_declared = true, kind = 'single', provider_upload_id = NULL
postgres-1       | 	      WHERE id = $1
postgres-1       | 2026-10-08 18:37:59.629 UTC [1607] ERROR:  project storage upload verifier and identity are immutable
postgres-1       | 2026-10-08 18:37:59.629 UTC [1607] CONTEXT:  PL/pgSQL function qkern_reject_project_storage_upload_mutation() line 28 at RAISE
postgres-1       | 2026-10-08 18:37:59.629 UTC [1607] STATEMENT:  UPDATE project_storage_uploads SET parts_declared = false
postgres-1       | 	      WHERE id = $1
postgres-1       | 2026-10-08 18:37:59.792 UTC [1612] ERROR:  project storage upload verifier and identity are immutable
postgres-1       | 2026-10-08 18:37:59.792 UTC [1612] CONTEXT:  PL/pgSQL function qkern_reject_project_storage_upload_mutation() line 28 at RAISE
postgres-1       | 2026-10-08 18:37:59.792 UTC [1612] STATEMENT:  UPDATE project_storage_uploads SET checksum_sha256 = NULL WHERE id = $1
postgres-1       | 2026-10-08 18:37:59.844 UTC [1621] ERROR:  new row for relation "project_storage_uploads" violates check constraint "project_storage_uploads_completed_content"
postgres-1       | 2026-10-08 18:37:59.844 UTC [1621] DETAIL:  Failing row contains (9f649ccc-aad0-4fe6-a4f9-5096dce1ac96, 553202c4-e194-4c89-a948-7b42bf45e3f4, d982f2c5-01b6-4156-9f89-2a06907b41bb, development, d54c73b8-030d-48b4-a3ed-fd58e62fee71, halfway.txt, 553202c4-e194-4c89-a948-7b42bf45e3f4/d982f2c5-01b6-4156-9f89-2a0..., 0e47b8ca-be7b-49da-a2fd-70fa83c35471, text/plain, 1, null, Yj6vl07D1J_bHb69pj76E7-VqVLunXREa5XjoOlPLXw, completed, 2026-10-08 18:37:59.553+00, 2026-10-08 19:37:59.553+00, null, null, multipart, provider-upload-halfway, t, null).
postgres-1       | 2026-10-08 18:37:59.844 UTC [1621] STATEMENT:  UPDATE project_storage_uploads SET status = 'completed', size_bytes = 1 WHERE id = $1
postgres-1       | 2026-10-08 18:37:59.984 UTC [1624] ERROR:  permission denied for function pg_read_file
postgres-1       | 2026-10-08 18:37:59.984 UTC [1624] STATEMENT:  SELECT pg_read_file('postgresql.conf', 0, 16)
postgres-1       | 2026-10-08 18:38:00.008 UTC [1630] ERROR:  permission denied for function pg_ls_logdir
postgres-1       | 2026-10-08 18:38:00.008 UTC [1630] STATEMENT:  SELECT * FROM pg_ls_logdir()
postgres-1       | 2026-10-08 18:38:00.031 UTC [1631] ERROR:  permission denied to examine "log_directory"
postgres-1       | 2026-10-08 18:38:00.031 UTC [1631] DETAIL:  Only roles with privileges of the "pg_read_all_settings" role may examine this parameter.
postgres-1       | 2026-10-08 18:38:00.031 UTC [1631] STATEMENT:  SHOW log_directory
postgres-1       | 2026-10-08 18:38:00.054 UTC [1622] ERROR:  could not open directory "log": No such file or directory
postgres-1       | 2026-10-08 18:38:00.054 UTC [1622] STATEMENT:  SELECT * FROM pg_ls_logdir()
postgres-1       | 2026-10-08 18:38:00.298 UTC [1670] ERROR:  permission denied for function pg_read_file
postgres-1       | 2026-10-08 18:38:00.298 UTC [1670] STATEMENT:  SELECT pg_read_file('postgresql.conf', 0, 8)
postgres-1       | 2026-10-08 18:38:00.431 UTC [1551] ERROR:  new row for relation "realtime_presence" violates check constraint "realtime_presence_lease_forward"
postgres-1       | 2026-10-08 18:38:00.431 UTC [1551] STATEMENT:  INSERT INTO realtime_presence (organization_id, project_id, environment, channel,
postgres-1       | 	             presence_key, instance_id, state, tracked_at, expires_at)
postgres-1       | 	           VALUES ($1,$2,'development',$3,'qk_presence_2113backwards','instance-a','{}',$4,$5)
postgres-1       | 2026-10-08 18:38:00.434 UTC [1551] ERROR:  permission denied for table realtime_presence
postgres-1       | 2026-10-08 18:38:00.434 UTC [1551] STATEMENT:  UPDATE realtime_presence SET channel='public:hijacked'
postgres-1       | 	          WHERE organization_id=$1 AND channel=$2
postgres-1       | 2026-10-08 18:38:00.459 UTC [1672] ERROR:  permission denied for table realtime_presence
postgres-1       | 2026-10-08 18:38:00.459 UTC [1672] STATEMENT:  UPDATE realtime_presence SET presence_key='qk_presence_2113stolen'
postgres-1       | 	          WHERE organization_id=$1 AND channel=$2
postgres-1       | 2026-10-08 18:38:01.033 UTC [1674] ERROR:  duplicate key value violates unique constraint "billing_invoice_lines_invoice_id_line_key_key"
postgres-1       | 2026-10-08 18:38:01.033 UTC [1674] STATEMENT:  INSERT INTO billing_invoice_lines
postgres-1       | 	               (organization_id, invoice_id, line_key, label, metric, quantity,
postgres-1       | 	                unit_price_micros, per_units, amount_micros)
postgres-1       | 	             VALUES ($1,$2,'charge:support-retainer','Betreuung noch einmal',NULL,1,5000000,1,5000000)
postgres-1       | 2026-10-08 18:38:01.055 UTC [1659] ERROR:  update or delete on table "organizations" violates foreign key constraint "billing_rate_cards_organization_id_fkey" on table "billing_rate_cards"
postgres-1       | 2026-10-08 18:38:01.055 UTC [1659] DETAIL:  Key (id)=(70267baf-bf72-4124-b060-c01620fb3a0b) is still referenced from table "billing_rate_cards".
postgres-1       | 2026-10-08 18:38:01.055 UTC [1659] STATEMENT:  DELETE FROM organizations WHERE id IN ($1,$2)
postgres-1       | 2026-10-08 18:38:01.081 UTC [1675] ERROR:  update or delete on table "users" violates foreign key constraint "organizations_created_by_fkey" on table "organizations"
postgres-1       | 2026-10-08 18:38:01.081 UTC [1675] DETAIL:  Key (id)=(7caf8831-91b9-4e47-b681-b82bdaeb422b) is still referenced from table "organizations".
postgres-1       | 2026-10-08 18:38:01.081 UTC [1675] STATEMENT:  DELETE FROM users WHERE id = $1
postgres-1       | 2026-10-08 18:38:01.401 UTC [1673] ERROR:  permission denied for table project_queue_message_traces
postgres-1       | 2026-10-08 18:38:01.401 UTC [1673] STATEMENT:  UPDATE project_queue_message_traces SET station='completed'
postgres-1       | 	            WHERE organization_id=$1 AND message_id=$2
postgres-1       | 2026-10-08 18:38:01.407 UTC [1676] ERROR:  a project queue trace station is append-only
postgres-1       | 2026-10-08 18:38:01.407 UTC [1676] CONTEXT:  PL/pgSQL function qkern_reject_project_queue_trace_update() line 3 at RAISE
postgres-1       | 2026-10-08 18:38:01.407 UTC [1676] STATEMENT:  UPDATE project_queue_message_traces SET station='completed'
postgres-1       | 	          WHERE organization_id=$1 AND message_id=$2
certification-1  |  [32m✓[39m tests/project-queues-multi-instance.integration.test.ts [2m([22m[2m6 tests[22m[2m)[22m[33m 13206[2mms[22m[39m
certification-1  |      [33m[2m✓[22m[39m claims every message exactly once across six competing instances [33m 3603[2mms[22m[39m
certification-1  |      [33m[2m✓[22m[39m fences a vanished worker: the lease survives, the stale token does not [33m 6293[2mms[22m[39m
certification-1  |      [33m[2m✓[22m[39m keeps retry authority on the server when instances fail concurrently [33m 729[2mms[22m[39m
certification-1  |      [33m[2m✓[22m[39m enforces the capacity limit even when instances enqueue at the same time [33m 1768[2mms[22m[39m
certification-1  |      [33m[2m✓[22m[39m deduplicates the same key across instances, not just within one [33m 396[2mms[22m[39m
postgres-1       | 2026-10-08 18:38:03.248 UTC [1677] ERROR:  new row for relation "project_queue_message_traces" violates check constraint "project_queue_message_traces_span_shape"
postgres-1       | 2026-10-08 18:38:03.248 UTC [1677] DETAIL:  Failing row contains (d32c7341-ac5a-4b84-926c-8c116cfee534, 5b9dab49-df1b-41f3-bbe2-01d51d63f164, 096d9afa-0f75-4919-bec1-1feeaadf064c, development, 01959f8d-0364-48f3-b789-3d9962695f2f, 5b2aa9b3-b928-4ed9-9808-888b044416af, 60, enqueued, 0, null, null, null, null, null, 2026-10-08 18:38:03.144+00, 2026-10-09 18:38:03.144+00, 0000000000000000).
postgres-1       | 2026-10-08 18:38:03.248 UTC [1677] STATEMENT:  INSERT INTO project_queue_message_traces
postgres-1       | 	         (organization_id,project_id,environment,queue_id,message_id,sequence,station,attempt,
postgres-1       | 	          span_id,occurred_at,expires_at)
postgres-1       | 	       SELECT organization_id,project_id,environment,queue_id,message_id,60,'enqueued',0,
postgres-1       | 	              repeat('0',16),occurred_at,expires_at
postgres-1       | 	         FROM project_queue_message_traces
postgres-1       | 	        WHERE organization_id=$1 AND message_id=$2 AND sequence=1
postgres-1       | 2026-10-08 18:38:03.282 UTC [1694] ERROR:  duplicate key value violates unique constraint "project_queue_message_traces_span_key"
postgres-1       | 2026-10-08 18:38:03.282 UTC [1694] DETAIL:  Key (organization_id, project_id, environment, message_id, span_id)=(5b9dab49-df1b-41f3-bbe2-01d51d63f164, 096d9afa-0f75-4919-bec1-1feeaadf064c, development, 5b2aa9b3-b928-4ed9-9808-888b044416af, 69b576b2e340effe) already exists.
postgres-1       | 2026-10-08 18:38:03.282 UTC [1694] STATEMENT:  INSERT INTO project_queue_message_traces
postgres-1       | 	         (organization_id,project_id,environment,queue_id,message_id,sequence,station,attempt,
postgres-1       | 	          span_id,occurred_at,expires_at)
postgres-1       | 	       SELECT organization_id,project_id,environment,queue_id,message_id,61,'enqueued',0,
postgres-1       | 	              span_id,occurred_at,expires_at
postgres-1       | 	         FROM project_queue_message_traces
postgres-1       | 	        WHERE organization_id=$1 AND message_id=$2 AND sequence=1
postgres-1       | 2026-10-08 18:38:03.823 UTC [1695] ERROR:  webhook delivery content is immutable
postgres-1       | 2026-10-08 18:38:03.823 UTC [1695] CONTEXT:  PL/pgSQL function qkern_validate_project_webhook_delivery_update() line 10 at RAISE
postgres-1       | 2026-10-08 18:38:03.823 UTC [1695] STATEMENT:  UPDATE project_webhook_deliveries SET trace_id=$3
postgres-1       | 	        WHERE organization_id=$1 AND id=$2
postgres-1       | 2026-10-08 18:38:03.858 UTC [1697] ERROR:  webhook delivery content is immutable
postgres-1       | 2026-10-08 18:38:03.858 UTC [1697] CONTEXT:  PL/pgSQL function qkern_validate_project_webhook_delivery_update() line 10 at RAISE
postgres-1       | 2026-10-08 18:38:03.858 UTC [1697] STATEMENT:  UPDATE project_webhook_deliveries SET parent_span_id=NULL
postgres-1       | 	        WHERE organization_id=$1 AND id=$2
postgres-1       | 2026-10-08 18:38:03.886 UTC [1698] ERROR:  new row for relation "project_webhook_deliveries" violates check constraint "project_webhook_deliveries_trace_anchor"
postgres-1       | 2026-10-08 18:38:03.886 UTC [1698] DETAIL:  Failing row contains (528c5aaa-50fe-4da7-b55d-19f14ab98434, 5b9dab49-df1b-41f3-bbe2-01d51d63f164, 096d9afa-0f75-4919-bec1-1feeaadf064c, development, c9800492-6d42-4f98-8d93-5afb39319985, order.created, {}, 2026-10-08 18:38:03.877807+00, pending, 0, 2026-10-08 18:38:03.877807+00, null, null, null, null, 2026-10-08 18:38:03.877807+00, null, null, null, 00f067aa0ba902b7).
postgres-1       | 2026-10-08 18:38:03.886 UTC [1698] STATEMENT:  INSERT INTO project_webhook_deliveries
postgres-1       | 	         (id, organization_id, project_id, environment, webhook_id, event_type, payload,
postgres-1       | 	          occurred_at, status, attempt_count, available_at, created_at, parent_span_id)
postgres-1       | 	       VALUES (gen_random_uuid(),$1,$2,'development',$3,'order.created','{}',now(),
postgres-1       | 	               'pending',0,now(),now(),$4)
postgres-1       | 2026-10-08 18:38:04.540 UTC [1701] ERROR:  permission denied for table project_database_backups
postgres-1       | 2026-10-08 18:38:04.540 UTC [1701] STATEMENT:  UPDATE project_database_backups SET status = 'available' WHERE id = $1
postgres-1       | 2026-10-08 18:38:04.544 UTC [1701] ERROR:  permission denied for table project_database_backups
postgres-1       | 2026-10-08 18:38:04.544 UTC [1701] STATEMENT:  UPDATE project_database_backups SET object_key = NULL WHERE id = $1
postgres-1       | 2026-10-08 18:38:04.548 UTC [1701] ERROR:  permission denied for table project_database_backups
postgres-1       | 2026-10-08 18:38:04.548 UTC [1701] STATEMENT:  UPDATE project_database_backups SET artifact_sha256 = 'eeeeeeeeeeeeeeeeeeeeeeeeeeeeeeeeeeeeeeeeeeeeeeeeeeeeeeeeeeeeeeee' WHERE id = $1
postgres-1       | 2026-10-08 18:38:04.553 UTC [1701] ERROR:  permission denied for table project_database_backups
postgres-1       | 2026-10-08 18:38:04.553 UTC [1701] STATEMENT:  UPDATE project_database_backups SET manifest_sha256 = 'eeeeeeeeeeeeeeeeeeeeeeeeeeeeeeeeeeeeeeeeeeeeeeeeeeeeeeeeeeeeeeee' WHERE id = $1
postgres-1       | 2026-10-08 18:38:04.557 UTC [1701] ERROR:  permission denied for table project_database_backups
postgres-1       | 2026-10-08 18:38:04.557 UTC [1701] STATEMENT:  UPDATE project_database_backups SET expires_at = now() WHERE id = $1
postgres-1       | 2026-10-08 18:38:04.562 UTC [1701] ERROR:  permission denied for table project_database_backups
postgres-1       | 2026-10-08 18:38:04.562 UTC [1701] STATEMENT:  UPDATE project_database_backups SET part_count = 9 WHERE id = $1
postgres-1       | 2026-10-08 18:38:04.567 UTC [1701] ERROR:  permission denied for table project_database_backups
postgres-1       | 2026-10-08 18:38:04.567 UTC [1701] STATEMENT:  UPDATE project_database_backups SET restore_lease_token = gen_random_uuid() WHERE id = $1
postgres-1       | 2026-10-08 18:38:04.573 UTC [1701] ERROR:  permission denied for table project_database_backups
postgres-1       | 2026-10-08 18:38:04.573 UTC [1701] STATEMENT:  DELETE FROM project_database_backups WHERE id = $1
postgres-1       | 2026-10-08 18:38:04.581 UTC [1701] ERROR:  new row for relation "project_database_backups" violates check constraint "project_database_backups_restore_failure_shape"
postgres-1       | 2026-10-08 18:38:04.581 UTC [1701] STATEMENT:  UPDATE project_database_backups SET restore_error_code = 'RESTORE_FAILED'
postgres-1       | 	             WHERE id = $1
postgres-1       | 2026-10-08 18:38:04.586 UTC [1701] ERROR:  permission denied for table project_database_backup_schedules
postgres-1       | 2026-10-08 18:38:04.586 UTC [1701] STATEMENT:  UPDATE project_database_backup_schedules SET enabled = false WHERE project_id = $1
certification-1  |  [31m❯[39m tests/postgres.integration.test.ts [2m([22m[2m83 tests[22m[2m | [22m[31m1 failed[39m[2m)[22m[33m 75456[2mms[22m[39m
certification-1  |      [32m✓[39m runs the certification cluster with room for every declared pool[32m 9[2mms[22m[39m
certification-1  |      [32m✓[39m keeps global auth and tenant runtime privileges separated[32m 93[2mms[22m[39m
certification-1  |      [32m✓[39m enforces tenant isolation through a non-superuser runtime connection[32m 38[2mms[22m[39m
certification-1  |      [32m✓[39m discovers memberships only through the auth boundary[32m 37[2mms[22m[39m
certification-1  |      [32m✓[39m keeps audit chain order equal to (created_at, id) order under concurrent writers (2.36)[32m 101[2mms[22m[39m
certification-1  |      [32m✓[39m finds exactly the open table and the USING (true) policy through the real catalog (2.39)[32m 177[2mms[22m[39m
certification-1  |      [33m[2m✓[22m[39m finds the suspected missing index, the unused index, the bloat and the missing sample in real statistics (2.40) [33m 12702[2mms[22m[39m
certification-1  |      [32m✓[39m reads composite, self-referencing and cross-schema foreign keys through the project read role (2.41)[32m 125[2mms[22m[39m
certification-1  |      [32m✓[39m (2.42) reconstructs the cron log from the real dedupe verifier of an enqueued occurrence[32m 181[2mms[22m[39m
certification-1  |      [32m✓[39m (2.43) enqueues a dedupe key into a queue without a dedupe window against the real pair constraint[32m 154[2mms[22m[39m
certification-1  |      [32m✓[39m (2.44) reads a real catalog as a healthy database and a binding that points nowhere as degraded[32m 105[2mms[22m[39m
certification-1  |      [32m✓[39m (2.45) aggregates usage events written through the real service into the right hourly buckets[32m 158[2mms[22m[39m
certification-1  |      [32m✓[39m (2.46) counts the sessions of the project read role and carries no query text out of the database[32m 74[2mms[22m[39m
certification-1  | [31m     [31m×[31m (2.49) applies a console change set through the approval path and leaves the table as described[39m[33m 659[2mms[22m[39m
certification-1  |      [32m✓[39m (2.47) aggregates project auth audit rows into buckets without carrying an address[32m 145[2mms[22m[39m
certification-1  |      [32m✓[39m (2.71) splits the failures of the real chain by action and says since when[32m 136[2mms[22m[39m
certification-1  |      [33m[2m✓[22m[39m (2.52) refuses a usable session without the second factor when the project requires it [33m 916[2mms[22m[39m
certification-1  |      [33m[2m✓[22m[39m (2.54) refuses a return target outside the allowed list of the project [33m 629[2mms[22m[39m
certification-1  |      [33m[2m✓[22m[39m (2.56) refuses the login attempt that crosses the limit and lets the next window through [33m 1815[2mms[22m[39m
certification-1  |      [33m[2m✓[22m[39m (2.60) refuses a known leaked password at sign-up when the project requires it [33m 861[2mms[22m[39m
certification-1  |      [32m✓[39m (2.59) reports the roles and the TLS state of the project database without a connection string[32m 141[2mms[22m[39m
certification-1  |      [33m[2m✓[22m[39m (2.62) tells for a real table what a signed-in user may read and write [33m 330[2mms[22m[39m
certification-1  |      [33m[2m✓[22m[39m (2.61) runs every prepared template against a real catalog without writing [33m 750[2mms[22m[39m
certification-1  |      [32m✓[39m (2.57) proves the advisor rules that used to be unreachable[32m 92[2mms[22m[39m
certification-1  |      [33m[2m✓[22m[39m (2.67) shows what a query costs in the console without showing the query [33m 1341[2mms[22m[39m
certification-1  |      [33m[2m✓[22m[39m (2.50) turns a real table change into a signed webhook delivery [33m 500[2mms[22m[39m
certification-1  |      [33m[2m✓[22m[39m (2.63) forwards only the fields the console already shows [33m 351[2mms[22m[39m
certification-1  |      [32m✓[39m (2.55) lists function invocations with outcome and duration without the container output[32m 86[2mms[22m[39m
certification-1  |      [33m[2m✓[22m[39m (2.53) delivers a table change through the running bridge process [33m 6573[2mms[22m[39m
certification-1  |      [32m✓[39m (2.107) discovers the environments of one organization from the real control plane, can enumerate no organization but the one it names, refuses a list beside the discovery, and counts what it does not serve[32m 71[2mms[22m[39m
certification-1  |      [32m✓[39m (2.108) forwards the real container output of a real invocation as one entry per line, keeps a two kibibyte line, and reads no more invocations per run than its own limit allows[32m 184[2mms[22m[39m
certification-1  |      [32m✓[39m (2.66) stores the console settings of a user and gives them back unchanged[32m 176[2mms[22m[39m
certification-1  |      [32m✓[39m (2.65) searches across the sources that have routes and says what it cannot reach[32m 199[2mms[22m[39m
certification-1  |      [33m[2m✓[22m[39m (2.64) forwards through the running collector process and continues after a restart [33m 6714[2mms[22m[39m
certification-1  |      [33m[2m✓[22m[39m (2.68) reads what this environment runs on from the real server and the real control plane [33m 501[2mms[22m[39m
certification-1  |      [33m[2m✓[22m[39m (2.69) explains a real query plan without executing the query [33m 8959[2mms[22m[39m
certification-1  |      [33m[2m✓[22m[39m (2.70) reports the state of the real database from counters that really move [33m 3276[2mms[22m[39m
certification-1  |      [32m✓[39m (2.72) reads foreign data wrappers without carrying a foreign password out[32m 146[2mms[22m[39m
certification-1  |      [33m[2m✓[22m[39m (2.74) reads a real replication slot with its backlog and carries no connection secret out [33m 422[2mms[22m[39m
certification-1  |      [33m[2m✓[22m[39m (2.75) turns a real project event into a signed dashboard webhook delivery [33m 429[2mms[22m[39m
certification-1  |      [32m✓[39m (2.78) issues an S3 access key pair once, never again, and revokes without deleting[32m 250[2mms[22m[39m
certification-1  |      [32m✓[39m (2.96) keeps the S3 secret as a ciphertext the runtime role can write once, hands a valid pair to the endpoint without a tenant, and lets a real SigV4 request pass exactly while the pair is neither revoked nor expired[32m 246[2mms[22m[39m
certification-1  |      [33m[2m✓[22m[39m (2.77) calls the auth hooks of a real sign-in and refuses one that wants a reserved claim [33m 1953[2mms[22m[39m
certification-1  |      [33m[2m✓[22m[39m (2.79) registers a real passkey, signs in with a real signature and refuses replay, wrong origin and a counter that runs backwards [33m 718[2mms[22m[39m
certification-1  |      [33m[2m✓[22m[39m (2.81) counts change sets, approvals and apply jobs per fixed environment under RLS [33m 321[2mms[22m[39m
certification-1  |      [32m✓[39m (2.147) creates a project as a real user, finds it in its own organization and keeps it out of another[32m 145[2mms[22m[39m
certification-1  |      [32m✓[39m (2.173) deletes a project with a seven-day grace period, refuses its keys at once, restores it within the grace period and not after, and keeps all of it inside the organization[32m 169[2mms[22m[39m
certification-1  |      [33m[2m✓[22m[39m (2.80) accepts a real foreign token through the Data API under row security and refuses the four forgeries [33m 586[2mms[22m[39m
certification-1  |      [33m[2m✓[22m[39m (2.85) does not forward the same audit row again after a restart when the database sets the microseconds [33m 3537[2mms[22m[39m
certification-1  |      [33m[2m✓[22m[39m (2.83) answers a real GraphQL query under row security and refuses depth, a table without RLS and an alias trick [33m 374[2mms[22m[39m
certification-1  |      [33m[2m✓[22m[39m (2.97) writes through GraphQL exactly the rows the policy allows, rolls the whole request back on one rejected row and refuses a table without RLS, a missing filter and an exceeded limit [33m 471[2mms[22m[39m
certification-1  |      [33m[2m✓[22m[39m (2.105) upserts through both surfaces over a unique key the catalogue really holds, refuses a key it does not, and never changes a row the caller could not have updated [33m 595[2mms[22m[39m
certification-1  |      [33m[2m✓[22m[39m (2.115) upserts over MCP and over the TypeScript SDK on the same service path, calls an unknown conflict key by its name instead of an outage, and lets neither surface change a row its caller could not have updated [33m 450[2mms[22m[39m
certification-1  |      [33m[2m✓[22m[39m (2.82) issues an OAuth code with PKCE, redeems it once, reads with the token under row security and refuses replay, a wrong verifier, a foreign return target and an ungranted scope [33m 808[2mms[22m[39m
certification-1  |      [33m[2m✓[22m[39m (2.86) reads the realtime channels, keeps a counter past retention, counts the change feed backlog against the stored position and shows the neighbour nothing [33m 424[2mms[22m[39m
certification-1  |      [32m✓[39m (2.89) removes exactly the long-expired one-time artefacts, keeps the fresh ones, keeps a code whose token still lives, and lets only the auth role delete[32m 266[2mms[22m[39m
certification-1  |      [32m✓[39m (2.104) removes the long-expired saml replay bars, keeps one that expired inside the clock skew even at the shortest grace, keeps the other environment, and lets only the auth role delete[32m 92[2mms[22m[39m
certification-1  |      [33m[2m✓[22m[39m (2.91) turns a real OAuth token into an MCP session with exactly the tools its scopes open, writes a row through it, and refuses an ungranted, an expired and a revoked token with the same answer [33m 772[2mms[22m[39m
certification-1  |      [33m[2m✓[22m[39m (2.103) opens exactly the tools each new scope names against the real database, keeps the tenant boundary, reaches no worker lease operation through queues:write and throws for a tool name without an entry [33m 857[2mms[22m[39m
certification-1  |      [33m[2m✓[22m[39m (2.116) gives storage:write one deleting tool and no upload, runs it as the consenting user under the write policy of the bucket, keeps a foreign object in an owner bucket and gives the operator role only to the local bearer [33m 740[2mms[22m[39m
certification-1  |      [33m[2m✓[22m[39m (2.117) runs the free query under row level security as the consenting user, gives each user exactly their own rows, keeps a table without row level security unreachable over OAuth and answers the schema list with the readable surface only [33m 1025[2mms[22m[39m
certification-1  |      [33m[2m✓[22m[39m (2.92) records a consent as one row, issues a token on it, revokes exactly that consent so the token stops working while the row stays, and refuses a scope nobody consented to [33m 604[2mms[22m[39m
certification-1  |      [33m[2m✓[22m[39m (2.93) proves what the vector page claims: this server offers no vector type, CREATE EXTENSION vector fails, cube stops at its hard dimension limit, and a bucket written under row security has no place for an embedding [33m 478[2mms[22m[39m
certification-1  |      [33m[2m✓[22m[39m (2.94) revokes exactly one issued OAuth token so that token stops working while its consent, its neighbour token and the right to a new one all stay [33m 455[2mms[22m[39m
certification-1  |      [33m[2m✓[22m[39m (2.95) embeds neighbour rows over real foreign keys and shows exactly what the policy of the embedded table allows, refuses an unknown relation, a neighbour without row security and one embed too many [33m 443[2mms[22m[39m
certification-1  |      [33m[2m✓[22m[39m (2.111) carries the neighbours of the rows a GraphQL mutation wrote under the policy of the neighbour table and in the transaction of the mutation, reads a second level only towards one, and writes through no relation [33m 554[2mms[22m[39m
certification-1  |      [33m[2m✓[22m[39m (2.112) embeds a neighbour table of another schema only through the same door as a base table, lets its own policy decide the rows, and refuses it without row security, without the privilege and in a system schema [33m 452[2mms[22m[39m
certification-1  |      [32m✓[39m (2.98) keeps what a container wrote in its own table under the tenant, append-only, bounded by the checks of 0069, and drops it with the function[32m 209[2mms[22m[39m
certification-1  |      [33m[2m✓[22m[39m (2.99) turns a really signed SAML assertion into a session in the real database, bars the same assertion the second time at the unique constraint of 0070, and keeps that bar inside its own environment and provider [33m 527[2mms[22m[39m
certification-1  |      [33m[2m✓[22m[39m (2.101) books an S3 multipart upload part by part against the real quota, replaces a part without booking it twice, and lets no completed reservation stand without the checksum of the whole file [33m 376[2mms[22m[39m
certification-1  |      [32m✓[39m (2.109) proves what the server log card claims: this server runs without a collector so no log file exists at all, the runtime role may neither read a server file nor learn where one would lie, adminpack is gone in PostgreSQL 17, and the same pure function the view uses lands on no_file[32m 242[2mms[22m[39m
certification-1  |      [32m✓[39m (2.110) proves the own-stack finding and its boundary: this server does offer file_fdw, but the collector is off so even a superuser finds no log file to point at, and a login carrying pg_read_server_files is rejected by the role boundary while the same login without it passes[32m 189[2mms[22m[39m
certification-1  |      [33m[2m✓[22m[39m (2.113) keeps a presence entry only as long as its lease, lets the runtime role write one but not move it to another channel, and shows it to no other organization [33m 372[2mms[22m[39m
certification-1  |      [33m[2m✓[22m[39m (2.119) gives every invoice position a label and a stable key, bills a flat charge without a quantity, lets a second run of the same month write nothing and burn no number, and shows no invoice, position or charge of one tenant to another [33m 362[2mms[22m[39m
certification-1  |      [33m[2m✓[22m[39m (2.121) follows one message from its enqueue to its dead letter across a dead host and two instances, carries the foreign trace into its replay, shows it to no other organization and has no column for a payload [33m 378[2mms[22m[39m
certification-1  |      [33m[2m✓[22m[39m (2.122) cuts a trace at its own expiry and never at the outcome of its message, keeps it when the message is already pruned, never shorter than the queue retention, and stops at sixty-four stations [33m 1650[2mms[22m[39m
certification-1  |      [33m[2m✓[22m[39m (2.124) hands a worker a traceparent that continues the trace of its message, generates one span per station in the database, invents no trace id where none came in, chains a replay to the dead letter instead of to the caller, and keeps the anchor of an outgoing delivery immutable [33m 783[2mms[22m[39m
certification-1  |      [33m[2m✓[22m[39m (2.131) finds every message of one foreign trace across two queues of one environment, never leaves the environment or the organization, pages by keyset, and gives an application the trace of its own message without the host [33m 359[2mms[22m[39m
certification-1  |      [33m[2m✓[22m[39m (2.130) orders a project database backup and a restore through the catalogue the route uses, holds the tenant boundary without a filter in any statement, refuses the console role every column but the four of a restore request, and advances a due schedule exactly once [33m 604[2mms[22m[39m
certification-1  |      [32m✓[39m (2.175) purges a deleted project after its deadline: removes its backups the way retention does, waits while a backup still runs, then revokes its keys and leaves a hull with purged_at[32m 251[2mms[22m[39m
certification-1  |      [32m✓[39m (2.176) purges the storage of a deleted project: waits without storage access, removes each file at the provider before the catalog forgets it, then drops the buckets[32m 257[2mms[22m[39m
certification-1  |      [33m[2m✓[22m[39m (2.177) asks the broker to tear down each database of a purged project, retries a refusal later with the same idempotency key, and sets purged_at only after the broker confirmed [33m 327[2mms[22m[39m
certification-1  |      [32m✓[39m (2.174) takes no scheduled backup of a deleted project, leaves its schedule due, and claims it again after a restore[32m 109[2mms[22m[39m
certification-1  |  [32m✓[39m tests/compute-webhook-chain.integration.test.ts [2m([22m[2m6 tests[22m[2m)[22m[33m 1372[2mms[22m[39m
certification-1  | [90mstdout[2m | tests/sql-privilege-clause-contract.integration.test.ts[2m > [22m[2mSQL privilege clause contract[2m > [22m[2mfinds statements to check
certification-1  | [22m[39mprivilege clause contract: 157 Anweisungen, 15 Spaltenlisten nicht auswertbar, 1072 Platzhalter offen
certification-1  | 
certification-1  |  [32m✓[39m tests/realtime-process-postgres.integration.test.ts [2m([22m[2m3 tests[22m[2m)[22m[33m 7702[2mms[22m[39m
certification-1  |      [33m[2m✓[22m[39m serves a real client from the shipped process [33m 3298[2mms[22m[39m
certification-1  |      [33m[2m✓[22m[39m refuses production with an ephemeral log and names the condition [33m 2124[2mms[22m[39m
certification-1  |      [33m[2m✓[22m[39m serves a client on a public bind after the explicit opt-in [33m 2098[2mms[22m[39m
postgres-1       | 2026-10-08 18:38:11.973 UTC [1757] ERROR:  relation "change_feed" already exists
postgres-1       | 2026-10-08 18:38:11.973 UTC [1757] STATEMENT:  -- Run once after 0002_qkern_migration_fence.sql as the trusted project database
postgres-1       | 	-- provisioner. Provides trigger-based change capture for Realtime.
postgres-1       | 	--
postgres-1       | 	-- ## Warum Trigger und nicht logische Replikation
postgres-1       | 	--
postgres-1       | 	-- Logische Replikation sieht jede Aenderung ohne Schemaeingriff, verlangt aber
postgres-1       | 	-- eine Rolle mit Replikationsrecht und einen Slot. Beides steht im direkten
postgres-1       | 	-- Widerspruch zu diesem Schema: 0001 prueft fuer jede beteiligte Rolle
postgres-1       | 	-- ausdruecklich rolreplication = false. Ein hängender Konsument laesst den Slot
postgres-1       | 	-- ausserdem unbegrenzt WAL halten, bis die Platte voll ist -- ein
postgres-1       | 	-- Betriebsrisiko, das der Kunde traegt und QKERN nicht begrenzen kann.
postgres-1       | 	--
postgres-1       | 	-- Trigger sind begrenzbar: der Feed hat Groessengrenzen und Aufbewahrung, und
postgres-1       | 	-- das Anschalten je Tabelle ist eine Schemaaenderung, die den vorhandenen
postgres-1       | 	-- Change-Set- und Approval-Weg durchlaeuft.
postgres-1       | 	--
postgres-1       | 	-- ## Warum keine Zeilenwerte gespeichert werden
postgres-1       | 	--
postgres-1       | 	-- Der Feed haelt ausschliesslich die Primaerschluesselwerte. Die eigentlichen
postgres-1       | 	-- Zeilenwerte werden je Abonnent frisch gelesen, und zwar mit dessen Claims.
postgres-1       | 	-- Row Level Security autorisiert und erzeugt die Nutzlast damit in einem
postgres-1       | 	-- Schritt. Wuerden die Werte hier liegen, muesste eine zweite, unabhaengige
postgres-1       | 	-- Sichtbarkeitspruefung sie korrekt filtern -- eine Kopie der RLS-Logik
postgres-1       | 	-- ausserhalb der Datenbank und damit eine dauerhafte Fehlerquelle.
postgres-1       | 	
postgres-1       | 	BEGIN;
postgres-1       | 	
postgres-1       | 	CREATE TABLE qkern_internal.change_feed (
postgres-1       | 	  position bigint GENERATED ALWAYS AS IDENTITY PRIMARY KEY,
postgres-1       | 	  schema_name text NOT NULL CHECK (schema_name ~ '^[a-z_][a-z0-9_]{0,62}$'),
postgres-1       | 	  table_name text NOT NULL CHECK (table_name ~ '^[a-z_][a-z0-9_]{0,62}$'),
postgres-1       | 	  operation text NOT NULL CHECK (operation IN ('insert', 'update', 'delete')),
postgres-1       | 	  -- Nur Primaerschluesselwerte. Die Grenze verhindert, dass ein zusammengesetzter
postgres-1       | 	  -- Schluessel den Feed aufblaeht.
postgres-1       | 	  row_key jsonb NOT NULL CHECK (octet_length(row_key::text) <= 4096),
postgres-1       | 	  committed_at timestamptz NOT NULL DEFAULT now()
postgres-1       | 	);
postgres-1       | 	
postgres-1       | 	CREATE INDEX change_feed_retention_idx ON qkern_internal.change_feed (committed_at);
postgres-1       | 	
postgres-1       | 	ALTER TABLE qkern_internal.change_feed OWNER TO qkern_ledger_owner;
postgres-1       | 	
postgres-1       | 	-- SECURITY DEFINER: Der Schreiber einer Zeile besitzt keine Rechte auf dem
postgres-1       | 	-- Feed und soll sie auch nicht bekommen. Der Trigger schreibt stellvertretend.
postgres-1       | 	-- search_path wird fest gesetzt, damit kein Aufrufer die aufgeloesten Objekte
postgres-1       | 	-- umlenken kann.
postgres-1       | 	CREATE OR REPLACE FUNCTION qkern_internal.capture_change()
postgres-1       | 	RETURNS trigger
postgres-1       | 	LANGUAGE plpgsql
postgres-1       | 	SECURITY DEFINER
postgres-1       | 	SET search_path = qkern_internal, pg_catalog
postgres-1       | 	AS $$
postgres-1       | 	DECLARE
postgres-1       | 	  key_columns text[];
postgres-1       | 	  source record;
postgres-1       | 	  key jsonb;
postgres-1       | 	BEGIN
postgres-1       | 	  SELECT array_agg(attribute.attname ORDER BY attribute.attnum)
postgres-1       | 	    INTO key_columns
postgres-1       | 	    FROM pg_index index
postgres-1       | 	    JOIN pg_attribute attribute
postgres-1       | 	      ON attribute.attrelid = index.indrelid AND attribute.attnum = ANY (index.indkey)
postgres-1       | 	   WHERE index.indrelid = TG_RELID AND index.indisprimary;
postgres-1       | 	
postgres-1       | 	  IF key_columns IS NULL THEN
postgres-1       | 	    RAISE EXCEPTION 'change capture requires a primary key on %.%', TG_TABLE_SCHEMA, TG_TABLE_NAME
postgres-1       | 	      USING ERRCODE = '55000';
postgres-1       | 	  END IF;
postgres-1       | 	
postgres-1       | 	  source := CASE WHEN TG_OP = 'DELETE' THEN OLD ELSE NEW END;
postgres-1       | 	  SELECT jsonb_object_agg(entry.key, entry.value)
postgres-1       | 	    INTO key
postgres-1       | 	    FROM jsonb_each(to_jsonb(source)) AS entry
postgres-1       | 	   WHERE entry.key = ANY (key_columns);
postgres-1       | 	
postgres-1       | 	  INSERT INTO qkern_internal.change_feed (schema_name, table_name, operation, row_key)
postgres-1       | 	  VALUES (TG_TABLE_SCHEMA, TG_TABLE_NAME, lower(TG_OP), key);
postgres-1       | 	
postgres-1       | 	  RETURN NULL;
postgres-1       | 	END;
postgres-1       | 	$$;
postgres-1       | 	
postgres-1       | 	ALTER FUNCTION qkern_internal.capture_change() OWNER TO qkern_ledger_owner;
postgres-1       | 	
postgres-1       | 	REVOKE ALL ON qkern_internal.change_feed FROM PUBLIC;
postgres-1       | 	REVOKE ALL ON FUNCTION qkern_internal.capture_change() FROM PUBLIC;
postgres-1       | 	
postgres-1       | 	-- Die Laufzeitrolle liest den Feed und raeumt ihn auf. Sie darf ihn niemals
postgres-1       | 	-- schreiben: ein erfundenes Aenderungsereignis wuerde einen Lesevorgang mit
postgres-1       | 	-- fremden Claims ausloesen.
postgres-1       | 	GRANT USAGE ON SCHEMA qkern_internal TO qkern_project_api_app;
postgres-1       | 	GRANT SELECT, DELETE ON qkern_internal.change_feed TO qkern_project_api_app;
postgres-1       | 	
postgres-1       | 	COMMIT;
postgres-1       | 	
postgres-1       | 2026-10-08 18:38:12.096 UTC [1758] ERROR:  change capture requires a primary key on public.cdc_keyless_83a36d2e4822
postgres-1       | 2026-10-08 18:38:12.096 UTC [1758] CONTEXT:  PL/pgSQL function capture_change() line 15 at RAISE
postgres-1       | 2026-10-08 18:38:12.096 UTC [1758] STATEMENT:  INSERT INTO public.cdc_keyless_83a36d2e4822 (label) VALUES ('orphan')
postgres-1       | 2026-10-08 18:38:12.168 UTC [1760] ERROR:  permission denied for table change_feed
postgres-1       | 2026-10-08 18:38:12.168 UTC [1760] STATEMENT:  INSERT INTO qkern_internal.change_feed (schema_name, table_name, operation, row_key)
postgres-1       | 	       VALUES ('public', 'forged', 'insert', '{"id":"forged"}'::jsonb)
certification-1  |  [32m✓[39m tests/realtime-change-feed-postgres.integration.test.ts [2m([22m[2m6 tests[22m[2m)[22m[33m 400[2mms[22m[39m
certification-1  |  [32m✓[39m tests/sql-privilege-clause-contract.integration.test.ts [2m([22m[2m2 tests[22m[2m)[22m[33m 3567[2mms[22m[39m
certification-1  |      [33m[2m✓[22m[39m grants every write role the read right its clauses require [33m 3209[2mms[22m[39m
postgres-1       | 2026-10-08 18:38:13.549 UTC [1764] ERROR:  permission denied for table billing_rate_cards
postgres-1       | 2026-10-08 18:38:13.549 UTC [1764] STATEMENT:  UPDATE billing_rate_cards SET unit_price_micros = 1 WHERE organization_id = $1
postgres-1       | 2026-10-08 18:38:13.558 UTC [1764] ERROR:  permission denied for table billing_rate_cards
postgres-1       | 2026-10-08 18:38:13.558 UTC [1764] STATEMENT:  DELETE FROM billing_rate_cards WHERE organization_id = $1
certification-1  |  [32m✓[39m tests/usage-billing-postgres.integration.test.ts [2m([22m[2m4 tests[22m[2m)[22m[33m 472[2mms[22m[39m
postgres-1       | 2026-10-08 18:38:13.715 UTC [1771] ERROR:  permission denied for table migration_outbox
postgres-1       | 2026-10-08 18:38:13.715 UTC [1771] STATEMENT:  SELECT status FROM migration_outbox
postgres-1       | 2026-10-08 18:38:13.723 UTC [1771] ERROR:  permission denied for table migration_outbox
postgres-1       | 2026-10-08 18:38:13.723 UTC [1771] STATEMENT:  SELECT lease_owner FROM migration_outbox
postgres-1       | 2026-10-08 18:38:13.728 UTC [1771] ERROR:  permission denied for table migration_outbox
postgres-1       | 2026-10-08 18:38:13.728 UTC [1771] STATEMENT:  SELECT lease_token FROM migration_outbox
postgres-1       | 2026-10-08 18:38:13.733 UTC [1771] ERROR:  permission denied for table migration_outbox
postgres-1       | 2026-10-08 18:38:13.733 UTC [1771] STATEMENT:  SELECT lease_expires_at FROM migration_outbox
postgres-1       | 2026-10-08 18:38:13.737 UTC [1771] ERROR:  permission denied for table migration_outbox
postgres-1       | 2026-10-08 18:38:13.737 UTC [1771] STATEMENT:  SELECT failure_count FROM migration_outbox
postgres-1       | 2026-10-08 18:38:13.743 UTC [1771] ERROR:  permission denied for table migration_outbox
postgres-1       | 2026-10-08 18:38:13.743 UTC [1771] STATEMENT:  SELECT available_at FROM migration_outbox
certification-1  |  [32m✓[39m tests/migration-enqueue-postgres.integration.test.ts [2m([22m[2m3 tests[22m[2m)[22m[33m 342[2mms[22m[39m
postgres-1       | 2026-10-08 18:38:14.433 UTC [1777] WARNING:  "wal_level" is insufficient to publish logical changes
postgres-1       | 2026-10-08 18:38:14.433 UTC [1777] HINT:  Set "wal_level" to "logical" before creating subscriptions.
certification-1  |  [32m✓[39m tests/data-plane-catalog-wide-postgres.integration.test.ts [2m([22m[2m4 tests[22m[2m)[22m[33m 320[2mms[22m[39m
certification-1  |  [32m✓[39m tests/usage-metering-postgres.integration.test.ts [2m([22m[2m4 tests[22m[2m)[22m[33m 333[2mms[22m[39m
certification-1  |  [32m✓[39m tests/data-plane-functions-postgres.integration.test.ts [2m([22m[2m1 test[22m[2m)[22m[32m 291[2mms[22m[39m
certification-1  |  [32m✓[39m tests/data-plane-catalog-postgres.integration.test.ts [2m([22m[2m3 tests[22m[2m)[22m[32m 293[2mms[22m[39m
certification-1  |  [32m✓[39m tests/data-plane-triggers-postgres.integration.test.ts [2m([22m[2m1 test[22m[2m)[22m[32m 216[2mms[22m[39m
certification-1  |  [32m✓[39m tests/queue-connection-pressure-postgres.integration.test.ts [2m([22m[2m1 test[22m[2m)[22m[33m 477[2mms[22m[39m
certification-1  |      [33m[2m✓[22m[39m names an exhausted pool instead of calling it a queue conflict [33m 341[2mms[22m[39m
certification-1  |  [32m✓[39m tests/data-plane-query-postgres.integration.test.ts [2m([22m[2m2 tests[22m[2m)[22m[32m 254[2mms[22m[39m
certification-1  | 
certification-1  | [31m⎯⎯⎯⎯⎯⎯⎯[39m[1m[41m Failed Tests 1 [49m[22m[31m⎯⎯⎯⎯⎯⎯⎯[39m
certification-1  | 
certification-1  | [41m[1m FAIL [22m[49m tests/postgres.integration.test.ts[2m > [22mPostgreSQL 17 role and RLS integration[2m > [22m(2.49) applies a console change set through the approval path and leaves the table as described
certification-1  | [31m[1mAssertionError[22m: der Worker hat nicht angewendet: expected { status: 'failed', …(1) } to match object { status: 'applied' }
certification-1  | (1 matching property omitted from actual)[39m
certification-1  | 
certification-1  | [32m- Expected[39m
certification-1  | [31m+ Received[39m
certification-1  | 
certification-1  | [2m  {[22m
certification-1  | [32m-   "status": "applied",[39m
certification-1  | [31m+   "status": "failed",[39m
certification-1  | [2m  }[22m
certification-1  | 
certification-1  | [36m [2m❯[22m tests/postgres.integration.test.ts:[2m1411:58[22m[39m
certification-1  |     [90m1409|[39m       );
certification-1  |     [90m1410|[39m       const applied = await worker.runOnce();
certification-1  |     [90m1411|[39m       expect(applied, "der Worker hat nicht angewendet").toMatchObject…
certification-1  |     [90m   |[39m                                                          [31m^[39m
certification-1  |     [90m1412|[39m
certification-1  |     [90m1413|[39m       // Der Beleg: der Katalog der Zieldatenbank, nicht die Control P…
certification-1  | 
certification-1  | [31m[2m⎯⎯⎯⎯⎯⎯⎯⎯⎯⎯⎯⎯⎯⎯⎯⎯⎯⎯⎯⎯⎯⎯⎯⎯[1/1]⎯[22m[39m
certification-1  | 
certification-1  | 
certification-1  | [2m Test Files [22m [1m[31m1 failed[39m[22m[2m | [22m[1m[32m30 passed[39m[22m[90m (31)[39m
certification-1  | [2m      Tests [22m [1m[31m1 failed[39m[22m[2m | [22m[1m[32m265 passed[39m[22m[90m (266)[39m
certification-1  | [2m   Start at [22m 18:36:37
certification-1  | [2m   Duration [22m 99.71s[2m (transform 13.73s, setup 0ms, import 25.94s, tests 154.86s, environment 29ms)[22m
certification-1  | 
[Kcertification-1 exited with code 1
 Compose Stopping Aborting on container exit...
 Container qkern-slice-release4-certification-1 Stopping 
 Container qkern-slice-release4-certification-1 Stopped 
 Container qkern-slice-release4-postgres-1 Stopping 
 Container qkern-slice-release4-vault-1 Stopping 
postgres-1       | 2026-10-08 18:38:21.110 UTC [1] LOG:  received fast shutdown request
postgres-1       | 2026-10-08 18:38:21.110 UTC [1] LOG:  aborting any active transactions
vault-1          | ==> Vault shutdown triggered
vault-1          | 2026-10-08T18:38:21.117Z [INFO]  core: marked as sealed
vault-1          | 2026-10-08T18:38:21.121Z [INFO]  core: pre-seal teardown starting
postgres-1       | 2026-10-08 18:38:21.123 UTC [1] LOG:  background worker "logical replication launcher" (PID 401) exited with exit code 1
vault-1          | 2026-10-08T18:38:21.128Z [INFO]  rollback: stopping rollback manager
vault-1          | 2026-10-08T18:38:21.134Z [INFO]  core: pre-seal teardown complete
vault-1          | 2026-10-08T18:38:21.134Z [INFO]  core: stopping cluster listeners
vault-1          | 2026-10-08T18:38:21.134Z [INFO]  core.cluster-listener: forwarding rpc listeners stopped
postgres-1       | 2026-10-08 18:38:21.141 UTC [390] LOG:  shutting down
postgres-1       | 2026-10-08 18:38:21.142 UTC [390] LOG:  checkpoint starting: shutdown immediate
postgres-1       | 2026-10-08 18:38:21.243 UTC [390] LOG:  checkpoint complete: wrote 766 buffers (4.7%); 0 WAL file(s) added, 0 removed, 0 recycled; write=0.099 s, sync=0.002 s, total=0.102 s; sync files=452, longest=0.001 s, average=0.001 s; distance=4104 kB, estimate=25961 kB; lsn=0/6C11C58, redo lsn=0/6C11C58
postgres-1       | 2026-10-08 18:38:21.309 UTC [1] LOG:  database system is shut down
vault-1          | 2026-10-08T18:38:21.434Z [INFO]  core.cluster-listener: rpc listeners successfully shut down
vault-1          | 2026-10-08T18:38:21.437Z [INFO]  core: cluster listeners successfully shut down
vault-1          | 2026-10-08T18:38:21.445Z [INFO]  core: vault is sealed
 Container qkern-slice-release4-postgres-1 Stopped 
[Kpostgres-1 exited with code 0
 Container qkern-slice-release4-vault-1 Stopped 
[Kvault-1 exited with code 0

 Container qkern-slice-release4-certification-1 Stopping 
 Container qkern-slice-release4-certification-1 Stopped 
 Container qkern-slice-release4-certification-1 Removing 
 Container qkern-slice-release4-certification-1 Removed 
 Container qkern-slice-release4-vault-1 Stopping 
 Container qkern-slice-release4-postgres-1 Stopping 
 Container qkern-slice-release4-vault-1 Stopped 
 Container qkern-slice-release4-vault-1 Removing 
 Container qkern-slice-release4-postgres-1 Stopped 
 Container qkern-slice-release4-postgres-1 Removing 
 Container qkern-slice-release4-vault-1 Removed 
 Container qkern-slice-release4-postgres-1 Removed 
 Network qkern-slice-release4_default Removing 
 Network qkern-slice-release4_default Removed 
EXIT=1
EXIT=1
