
> qkern-platform@2.73.0 test:postgres:docker
> node scripts/postgres-certification.mjs

 Network qkern-slice-backupstream_default Creating 
 Network qkern-slice-backupstream_default Created 
 Container qkern-slice-backupstream-postgres-1 Creating 
 Container qkern-slice-backupstream-vault-1 Creating 
 Container qkern-slice-backupstream-vault-1 Created 
 Container qkern-slice-backupstream-postgres-1 Created 
 Container qkern-slice-backupstream-certification-1 Creating 
 Container qkern-slice-backupstream-certification-1 Created 
Attaching to certification-1, postgres-1, vault-1
 Container qkern-slice-backupstream-postgres-1 Starting 
 Container qkern-slice-backupstream-vault-1 Starting 
 Container qkern-slice-backupstream-vault-1 Started 
 Container qkern-slice-backupstream-postgres-1 Started 
 Container qkern-slice-backupstream-postgres-1 Waiting 
 Container qkern-slice-backupstream-vault-1 Waiting 
postgres-1  | The files belonging to this database system will be owned by user "postgres".
postgres-1  | This user must also own the server process.
postgres-1  | 
postgres-1  | The database cluster will be initialized with locale "en_US.utf8".
postgres-1  | The default database encoding has accordingly been set to "UTF8".
postgres-1  | The default text search configuration will be set to "english".
postgres-1  | 
postgres-1  | Data page checksums are disabled.
postgres-1  | 
postgres-1  | fixing permissions on existing directory /var/lib/postgresql/data ... ok
postgres-1  | creating subdirectories ... ok
postgres-1  | selecting dynamic shared memory implementation ... posix
postgres-1  | selecting default "max_connections" ... 100
postgres-1  | selecting default "shared_buffers" ... 128MB
postgres-1  | selecting default time zone ... UTC
postgres-1  | creating configuration files ... ok
postgres-1  | running bootstrap script ... ok
postgres-1  | sh: locale: not found
postgres-1  | 2026-10-02 19:12:25.968 UTC [36] WARNING:  no usable system locales were found
postgres-1  | performing post-bootstrap initialization ... ok
postgres-1  | initdb: warning: enabling "trust" authentication for local connections
postgres-1  | initdb: hint: You can change this by editing pg_hba.conf or using the option -A, or --auth-local and --auth-host, the next time you run initdb.
postgres-1  | syncing data to disk ... ok
postgres-1  | 
postgres-1  | 
postgres-1  | Success. You can now start the database server using:
postgres-1  | 
postgres-1  |     pg_ctl -D /var/lib/postgresql/data -l logfile start
postgres-1  | 
postgres-1  | waiting for server to start....2026-10-02 19:12:26.299 UTC [42] LOG:  starting PostgreSQL 17.10 on x86_64-pc-linux-musl, compiled by gcc (Alpine 15.2.0) 15.2.0, 64-bit
postgres-1  | 2026-10-02 19:12:26.323 UTC [42] LOG:  listening on Unix socket "/var/run/postgresql/.s.PGSQL.5432"
postgres-1  | 2026-10-02 19:12:26.325 UTC [45] LOG:  database system was shut down at 2026-10-02 19:12:26 UTC
postgres-1  | 2026-10-02 19:12:26.328 UTC [42] LOG:  database system is ready to accept connections
postgres-1  |  done
postgres-1  | server started
postgres-1  | CREATE DATABASE
postgres-1  | 
postgres-1  | 
postgres-1  | /usr/local/bin/docker-entrypoint.sh: running /docker-entrypoint-initdb.d/000-certification-init.sh
postgres-1  | certification-init: applying 0001_control_plane.sql
postgres-1  | CREATE EXTENSION
postgres-1  | CREATE TYPE
postgres-1  | CREATE TYPE
postgres-1  | CREATE TABLE
postgres-1  | CREATE TABLE
postgres-1  | CREATE TABLE
postgres-1  | CREATE TABLE
postgres-1  | CREATE INDEX
postgres-1  | CREATE TABLE
postgres-1  | CREATE TABLE
postgres-1  | CREATE INDEX
postgres-1  | CREATE TABLE
postgres-1  | CREATE INDEX
postgres-1  | CREATE TABLE
postgres-1  | CREATE TABLE
postgres-1  | CREATE INDEX
postgres-1  | ALTER TABLE
postgres-1  | ALTER TABLE
postgres-1  | ALTER TABLE
postgres-1  | ALTER TABLE
postgres-1  | ALTER TABLE
postgres-1  | CREATE POLICY
postgres-1  | CREATE POLICY
postgres-1  | CREATE POLICY
postgres-1  | CREATE POLICY
postgres-1  | CREATE POLICY
postgres-1  | certification-init: applying 0002_repository_hardening.sql
postgres-1  | BEGIN
postgres-1  | CREATE FUNCTION
postgres-1  | ALTER TABLE
postgres-1  | ALTER TABLE
postgres-1  | ALTER TABLE
postgres-1  | ALTER TABLE
postgres-1  | ALTER TABLE
postgres-1  | ALTER TABLE
postgres-1  | UPDATE 0
postgres-1  | ALTER TABLE
postgres-1  | CREATE INDEX
postgres-1  | CREATE INDEX
postgres-1  | CREATE FUNCTION
postgres-1  | CREATE TRIGGER
postgres-1  | CREATE TRIGGER
postgres-1  | CREATE TRIGGER
postgres-1  | CREATE FUNCTION
postgres-1  | CREATE FUNCTION
postgres-1  | CREATE TRIGGER
postgres-1  | CREATE TRIGGER
postgres-1  | ALTER TABLE
postgres-1  | ALTER TABLE
postgres-1  | ALTER TABLE
postgres-1  | ALTER TABLE
postgres-1  | ALTER TABLE
postgres-1  | ALTER TABLE
postgres-1  | ALTER TABLE
postgres-1  | ALTER TABLE
postgres-1  | ALTER TABLE
postgres-1  | ALTER TABLE
postgres-1  | ALTER TABLE
postgres-1  | ALTER TABLE
postgres-1  | ALTER TABLE
postgres-1  | ALTER TABLE
postgres-1  | ALTER TABLE
postgres-1  | ALTER TABLE
postgres-1  | DROP POLICY
postgres-1  | DROP POLICY
postgres-1  | DROP POLICY
postgres-1  | DROP POLICY
postgres-1  | DROP POLICY
postgres-1  | CREATE POLICY
postgres-1  | CREATE POLICY
postgres-1  | CREATE POLICY
postgres-1  | CREATE POLICY
postgres-1  | CREATE POLICY
postgres-1  | CREATE POLICY
postgres-1  | CREATE POLICY
postgres-1  | CREATE POLICY
postgres-1  | CREATE POLICY
postgres-1  | CREATE POLICY
postgres-1  | CREATE POLICY
postgres-1  | CREATE POLICY
postgres-1  | CREATE POLICY
postgres-1  | CREATE POLICY
postgres-1  | CREATE POLICY
postgres-1  | CREATE POLICY
postgres-1  | CREATE POLICY
postgres-1  | CREATE POLICY
postgres-1  | CREATE POLICY
postgres-1  | CREATE POLICY
postgres-1  | CREATE POLICY
postgres-1  | CREATE POLICY
postgres-1  | CREATE POLICY
postgres-1  | CREATE POLICY
postgres-1  | DO
postgres-1  | REVOKE
postgres-1  | GRANT
postgres-1  | GRANT
postgres-1  | GRANT
postgres-1  | GRANT
postgres-1  | GRANT
postgres-1  | GRANT
postgres-1  | GRANT
postgres-1  | GRANT
postgres-1  | GRANT
postgres-1  | GRANT
postgres-1  | GRANT
postgres-1  | GRANT
postgres-1  | GRANT
postgres-1  | COMMIT
postgres-1  | certification-init: applying 0003_auth_and_memberships.sql
postgres-1  | BEGIN
postgres-1  | ALTER TABLE
postgres-1  | ALTER TABLE
postgres-1  | UPDATE 0
postgres-1  | ALTER TABLE
postgres-1  | CREATE INDEX
postgres-1  | CREATE TRIGGER
postgres-1  | CREATE TABLE
postgres-1  | CREATE INDEX
postgres-1  | CREATE INDEX
postgres-1  | CREATE FUNCTION
postgres-1  | DO
postgres-1  | REVOKE
postgres-1  | REVOKE
postgres-1  | GRANT
postgres-1  | GRANT
postgres-1  | GRANT
postgres-1  | GRANT
postgres-1  | COMMIT
postgres-1  | certification-init: applying 0004_artifact_and_workspace_integrity.sql
postgres-1  | BEGIN
postgres-1  | ALTER TABLE
postgres-1  | CREATE INDEX
postgres-1  | ALTER TABLE
postgres-1  | ALTER TABLE
postgres-1  | ALTER TABLE
postgres-1  | CREATE FUNCTION
postgres-1  | CREATE TRIGGER
postgres-1  | CREATE FUNCTION
postgres-1  | CREATE TRIGGER
postgres-1  | REVOKE
postgres-1  | GRANT
postgres-1  | REVOKE
postgres-1  | GRANT
postgres-1  | GRANT
postgres-1  | GRANT
postgres-1  | COMMIT
postgres-1  | certification-init: applying 0005_migration_apply_queue.sql
postgres-1  | BEGIN
postgres-1  | CREATE TYPE
postgres-1  | CREATE TYPE
postgres-1  | CREATE TABLE
postgres-1  | CREATE INDEX
postgres-1  | CREATE INDEX
postgres-1  | CREATE TABLE
postgres-1  | CREATE INDEX
postgres-1  | CREATE TRIGGER
postgres-1  | CREATE TRIGGER
postgres-1  | CREATE FUNCTION
postgres-1  | CREATE TRIGGER
postgres-1  | CREATE FUNCTION
postgres-1  | CREATE TRIGGER
postgres-1  | ALTER TABLE
postgres-1  | ALTER TABLE
postgres-1  | ALTER TABLE
postgres-1  | ALTER TABLE
postgres-1  | CREATE POLICY
postgres-1  | CREATE POLICY
postgres-1  | CREATE POLICY
postgres-1  | CREATE POLICY
postgres-1  | CREATE POLICY
postgres-1  | CREATE POLICY
postgres-1  | REVOKE
postgres-1  | REVOKE
postgres-1  | REVOKE
postgres-1  | GRANT
postgres-1  | GRANT
postgres-1  | GRANT
postgres-1  | GRANT
postgres-1  | GRANT
postgres-1  | GRANT
postgres-1  | GRANT
postgres-1  | GRANT
postgres-1  | GRANT
postgres-1  | COMMIT
postgres-1  | certification-init: applying 0006_worker_runtime_boundary.sql
postgres-1  | BEGIN
postgres-1  | DO
postgres-1  | ALTER TABLE
postgres-1  | ALTER TABLE
postgres-1  | UPDATE 0
postgres-1  | ALTER TABLE
postgres-1  | REVOKE
postgres-1  | REVOKE
postgres-1  | REVOKE
postgres-1  | GRANT
postgres-1  | REVOKE
postgres-1  | REVOKE
postgres-1  | GRANT
postgres-1  | GRANT
postgres-1  | GRANT
postgres-1  | GRANT
postgres-1  | GRANT
postgres-1  | GRANT
postgres-1  | GRANT
postgres-1  | GRANT
postgres-1  | GRANT
postgres-1  | GRANT
postgres-1  | GRANT
postgres-1  | COMMIT
postgres-1  | certification-init: applying 0007_migration_claim_sequence.sql
postgres-1  | BEGIN
postgres-1  | ALTER TABLE
postgres-1  | REVOKE
postgres-1  | GRANT
postgres-1  | COMMIT
postgres-1  | certification-init: applying 0008_migration_reconciliation_quarantine.sql
postgres-1  | ALTER TYPE
postgres-1  | BEGIN
postgres-1  | ALTER TABLE
postgres-1  | REVOKE
postgres-1  | GRANT
postgres-1  | COMMIT
postgres-1  | certification-init: applying 0009_migration_review_commands.sql
postgres-1  | BEGIN
postgres-1  | CREATE TYPE
postgres-1  | ALTER TABLE
postgres-1  | CREATE TABLE
postgres-1  | CREATE INDEX
postgres-1  | CREATE INDEX
postgres-1  | CREATE TRIGGER
postgres-1  | ALTER TABLE
postgres-1  | ALTER TABLE
postgres-1  | CREATE POLICY
postgres-1  | CREATE POLICY
postgres-1  | CREATE POLICY
postgres-1  | REVOKE
postgres-1  | GRANT
postgres-1  | GRANT
postgres-1  | GRANT
postgres-1  | GRANT
postgres-1  | REVOKE
postgres-1  | GRANT
postgres-1  | COMMIT
postgres-1  | certification-init: applying 0010_migration_incident_escalations.sql
postgres-1  | BEGIN
postgres-1  | CREATE TYPE
postgres-1  | CREATE TYPE
postgres-1  | CREATE TABLE
postgres-1  | CREATE INDEX
postgres-1  | CREATE INDEX
postgres-1  | CREATE TRIGGER
postgres-1  | CREATE FUNCTION
postgres-1  | CREATE TRIGGER
postgres-1  | ALTER TABLE
postgres-1  | ALTER TABLE
postgres-1  | CREATE POLICY
postgres-1  | CREATE POLICY
postgres-1  | CREATE POLICY
postgres-1  | REVOKE
postgres-1  | REVOKE
postgres-1  | GRANT
postgres-1  | GRANT
postgres-1  | GRANT
postgres-1  | GRANT
postgres-1  | GRANT
postgres-1  | COMMIT
postgres-1  | certification-init: applying 0011_migration_incident_outbox.sql
postgres-1  | BEGIN
postgres-1  | CREATE TABLE
postgres-1  | CREATE INDEX
postgres-1  | CREATE TRIGGER
postgres-1  | INSERT 0 0
postgres-1  | ALTER TABLE
postgres-1  | ALTER TABLE
postgres-1  | CREATE POLICY
postgres-1  | CREATE POLICY
postgres-1  | CREATE POLICY
postgres-1  | REVOKE
postgres-1  | GRANT
postgres-1  | GRANT
postgres-1  | GRANT
postgres-1  | COMMIT
postgres-1  | certification-init: applying 0012_migration_incident_dead_letters.sql
postgres-1  | ALTER TYPE
postgres-1  | BEGIN
postgres-1  | ALTER TABLE
postgres-1  | CREATE INDEX
postgres-1  | CREATE TYPE
postgres-1  | CREATE TABLE
postgres-1  | CREATE INDEX
postgres-1  | CREATE INDEX
postgres-1  | CREATE TRIGGER
postgres-1  | CREATE FUNCTION
postgres-1  | CREATE TRIGGER
postgres-1  | ALTER TABLE
postgres-1  | ALTER TABLE
postgres-1  | CREATE POLICY
postgres-1  | CREATE POLICY
postgres-1  | CREATE POLICY
postgres-1  | REVOKE
postgres-1  | REVOKE
postgres-1  | GRANT
postgres-1  | GRANT
postgres-1  | GRANT
postgres-1  | GRANT
postgres-1  | GRANT
postgres-1  | COMMIT
postgres-1  | certification-init: applying 0013_migration_incident_delivery_health.sql
postgres-1  | BEGIN
postgres-1  | CREATE FUNCTION
postgres-1  | REVOKE
postgres-1  | GRANT
postgres-1  | COMMIT
postgres-1  | certification-init: applying 0014_migration_incident_delivery_visibility.sql
postgres-1  | BEGIN
postgres-1  | REVOKE
postgres-1  | DROP FUNCTION
postgres-1  | CREATE FUNCTION
postgres-1  | CREATE FUNCTION
postgres-1  | REVOKE
postgres-1  | REVOKE
postgres-1  | GRANT
postgres-1  | GRANT
postgres-1  | COMMIT
postgres-1  | certification-init: applying 0015_migration_incident_delivery_failure_classification.sql
postgres-1  | BEGIN
postgres-1  | ALTER TABLE
postgres-1  | REVOKE
postgres-1  | DROP FUNCTION
postgres-1  | CREATE FUNCTION
postgres-1  | REVOKE
postgres-1  | GRANT
postgres-1  | COMMIT
postgres-1  | certification-init: applying 0016_migration_incident_delivery_recovery_binding.sql
postgres-1  | BEGIN
postgres-1  | ALTER TABLE
postgres-1  | LOCK TABLE
postgres-1  | UPDATE 0
postgres-1  | UPDATE 0
postgres-1  | ALTER TABLE
postgres-1  | CREATE FUNCTION
postgres-1  | REVOKE
postgres-1  | GRANT
postgres-1  | COMMIT
postgres-1  | certification-init: applying 0017_migration_incident_verified_resolution.sql
postgres-1  | ALTER TYPE
postgres-1  | BEGIN
postgres-1  | CREATE TYPE
postgres-1  | CREATE TYPE
postgres-1  | CREATE TYPE
postgres-1  | ALTER TABLE
postgres-1  | CREATE TABLE
postgres-1  | CREATE INDEX
postgres-1  | CREATE INDEX
postgres-1  | CREATE TRIGGER
postgres-1  | CREATE FUNCTION
postgres-1  | CREATE FUNCTION
postgres-1  | CREATE FUNCTION
postgres-1  | CREATE TRIGGER
postgres-1  | ALTER TABLE
postgres-1  | ALTER TABLE
postgres-1  | CREATE POLICY
postgres-1  | CREATE POLICY
postgres-1  | CREATE POLICY
postgres-1  | REVOKE
postgres-1  | REVOKE
postgres-1  | GRANT
postgres-1  | GRANT
postgres-1  | GRANT
postgres-1  | GRANT
postgres-1  | GRANT
postgres-1  | COMMIT
postgres-1  | certification-init: applying 0018_migration_incident_delivery_recovery_generation.sql
postgres-1  | BEGIN
postgres-1  | ALTER TABLE
postgres-1  | LOCK TABLE
postgres-1  | UPDATE 0
postgres-1  | UPDATE 0
postgres-1  | ALTER TABLE
postgres-1  | ALTER TABLE
postgres-1  | CREATE FUNCTION
postgres-1  | REVOKE
postgres-1  | GRANT
postgres-1  | COMMIT
postgres-1  | certification-init: applying 0019_migration_apply_delivery_resilience.sql
postgres-1  | BEGIN
postgres-1  | ALTER TABLE
postgres-1  | CREATE INDEX
postgres-1  | CREATE TYPE
postgres-1  | CREATE TABLE
postgres-1  | CREATE INDEX
postgres-1  | CREATE INDEX
postgres-1  | CREATE TRIGGER
postgres-1  | CREATE FUNCTION
postgres-1  | CREATE TRIGGER
postgres-1  | ALTER TABLE
postgres-1  | ALTER TABLE
postgres-1  | CREATE POLICY
postgres-1  | CREATE POLICY
postgres-1  | CREATE POLICY
postgres-1  | CREATE FUNCTION
postgres-1  | CREATE FUNCTION
postgres-1  | REVOKE
postgres-1  | REVOKE
postgres-1  | REVOKE
postgres-1  | REVOKE
postgres-1  | REVOKE
postgres-1  | GRANT
postgres-1  | GRANT
postgres-1  | GRANT
postgres-1  | GRANT
postgres-1  | GRANT
postgres-1  | GRANT
postgres-1  | GRANT
postgres-1  | COMMIT
postgres-1  | certification-init: applying 0020_project_database_provisioning.sql
postgres-1  | BEGIN
postgres-1  | DO
postgres-1  | CREATE TYPE
postgres-1  | CREATE TABLE
postgres-1  | CREATE TABLE
postgres-1  | ALTER TABLE
postgres-1  | CREATE INDEX
postgres-1  | CREATE TRIGGER
postgres-1  | ALTER TABLE
postgres-1  | ALTER TABLE
postgres-1  | ALTER TABLE
postgres-1  | ALTER TABLE
postgres-1  | CREATE POLICY
postgres-1  | CREATE POLICY
postgres-1  | CREATE FUNCTION
postgres-1  | CREATE FUNCTION
postgres-1  | REVOKE
postgres-1  | REVOKE
postgres-1  | REVOKE
postgres-1  | REVOKE
postgres-1  | REVOKE
postgres-1  | GRANT
postgres-1  | GRANT
postgres-1  | GRANT
postgres-1  | GRANT
postgres-1  | GRANT
postgres-1  | GRANT
postgres-1  | GRANT
postgres-1  | GRANT
postgres-1  | GRANT
postgres-1  | GRANT
postgres-1  | GRANT
postgres-1  | GRANT
postgres-1  | GRANT
postgres-1  | GRANT
postgres-1  | GRANT
postgres-1  | COMMIT
postgres-1  | certification-init: applying 0021_project_database_provisioning_health.sql
postgres-1  | BEGIN
postgres-1  | CREATE TABLE
postgres-1  | CREATE INDEX
postgres-1  | ALTER TABLE
postgres-1  | ALTER TABLE
postgres-1  | CREATE POLICY
postgres-1  | CREATE FUNCTION
postgres-1  | REVOKE
postgres-1  | REVOKE
postgres-1  | GRANT
postgres-1  | GRANT
postgres-1  | GRANT
postgres-1  | COMMIT
postgres-1  | certification-init: applying 0022_project_automation_policies.sql
postgres-1  | BEGIN
vault-1     | ==> Vault server configuration:
vault-1     | 
vault-1     | Administrative Namespace: 
vault-1     |              Api Address: http://0.0.0.0:8200
vault-1     |                      Cgo: disabled
vault-1     |          Cluster Address: https://0.0.0.0:8201
vault-1     |    Environment Variables: GOTRACEBACK, HOME, HOSTNAME, NAME, PATH, PWD, SHLVL, VAULT_DEV_LISTEN_ADDRESS, VAULT_DEV_ROOT_TOKEN_ID, VERSION
vault-1     |               Go Version: go1.23.3
vault-1     |               Listener 1: tcp (addr: "0.0.0.0:8200", cluster address: "0.0.0.0:8201", disable_request_limiter: "false", max_request_duration: "1m30s", max_request_size: "33554432", tls: "disabled")
vault-1     |                Log Level: 
vault-1     |                    Mlock: supported: true, enabled: false
vault-1     |            Recovery Mode: false
vault-1     |                  Storage: inmem
vault-1     |                  Version: Vault v1.18.3, built 2024-12-16T14:00:53Z
vault-1     |              Version Sha: 7ae4eca5403bf574f142cd8f987b8d83bafcd1de
vault-1     | 
postgres-1  | CREATE TABLE
postgres-1  | ALTER TABLE
postgres-1  | UPDATE 0
postgres-1  | ALTER TABLE
postgres-1  | ALTER TABLE
postgres-1  | ALTER TABLE
postgres-1  | CREATE POLICY
postgres-1  | CREATE POLICY
postgres-1  | CREATE POLICY
postgres-1  | REVOKE
postgres-1  | GRANT
postgres-1  | GRANT
postgres-1  | COMMIT
postgres-1  | certification-init: applying 0023_project_api_keys.sql
postgres-1  | BEGIN
vault-1     | ==> Vault server started! Log data will stream in below:
vault-1     | 
vault-1     | 2026-10-02T19:12:27.033Z [INFO]  proxy environment: http_proxy="" https_proxy="" no_proxy=""
vault-1     | 2026-10-02T19:12:27.033Z [INFO]  incrementing seal generation: generation=1
vault-1     | 2026-10-02T19:12:27.033Z [WARN]  no `api_addr` value specified in config or in VAULT_API_ADDR; falling back to detection if possible, but this value should be manually set
vault-1     | 2026-10-02T19:12:27.033Z [INFO]  core: Initializing version history cache for core
vault-1     | 2026-10-02T19:12:27.033Z [INFO]  events: Starting event system
vault-1     | 2026-10-02T19:12:27.034Z [INFO]  core: security barrier not initialized
vault-1     | 2026-10-02T19:12:27.034Z [INFO]  core: security barrier initialized: stored=1 shares=1 threshold=1
vault-1     | 2026-10-02T19:12:27.034Z [INFO]  core: post-unseal setup starting
vault-1     | 2026-10-02T19:12:27.038Z [INFO]  core: loaded wrapping token key
vault-1     | 2026-10-02T19:12:27.038Z [INFO]  core: successfully setup plugin runtime catalog
vault-1     | 2026-10-02T19:12:27.038Z [INFO]  core: successfully setup plugin catalog: plugin-directory=""
vault-1     | 2026-10-02T19:12:27.038Z [INFO]  core: no mounts; adding default mount table
vault-1     | 2026-10-02T19:12:27.040Z [INFO]  core: successfully mounted: type=cubbyhole version="v1.18.3+builtin.vault" path=cubbyhole/ namespace="ID: root. Path: "
vault-1     | 2026-10-02T19:12:27.040Z [INFO]  core: successfully mounted: type=system version="v1.18.3+builtin.vault" path=sys/ namespace="ID: root. Path: "
vault-1     | 2026-10-02T19:12:27.041Z [INFO]  core: successfully mounted: type=identity version="v1.18.3+builtin.vault" path=identity/ namespace="ID: root. Path: "
vault-1     | 2026-10-02T19:12:27.042Z [INFO]  core: successfully mounted: type=token version="v1.18.3+builtin.vault" path=token/ namespace="ID: root. Path: "
vault-1     | 2026-10-02T19:12:27.043Z [INFO]  rollback: Starting the rollback manager with 256 workers
vault-1     | 2026-10-02T19:12:27.043Z [INFO]  rollback: starting rollback manager
vault-1     | 2026-10-02T19:12:27.043Z [INFO]  core: restoring leases
vault-1     | 2026-10-02T19:12:27.043Z [INFO]  expiration: lease restore complete
vault-1     | 2026-10-02T19:12:27.044Z [INFO]  identity: entities restored
vault-1     | 2026-10-02T19:12:27.044Z [INFO]  identity: groups restored
vault-1     | 2026-10-02T19:12:27.044Z [INFO]  core: Recorded vault version: vault version=1.18.3 upgrade time="2026-10-02 19:12:27.044399441 +0000 UTC" build date=2024-12-16T14:00:53Z
vault-1     | 2026-10-02T19:12:27.044Z [INFO]  core: post-unseal setup complete
vault-1     | 2026-10-02T19:12:27.044Z [INFO]  core: root token generated
vault-1     | 2026-10-02T19:12:27.044Z [INFO]  core: pre-seal teardown starting
vault-1     | 2026-10-02T19:12:27.044Z [INFO]  rollback: stopping rollback manager
vault-1     | 2026-10-02T19:12:27.044Z [INFO]  core: pre-seal teardown complete
vault-1     | 2026-10-02T19:12:27.045Z [INFO]  core.cluster-listener.tcp: starting listener: listener_address=0.0.0.0:8201
vault-1     | 2026-10-02T19:12:27.045Z [INFO]  core.cluster-listener: serving cluster requests: cluster_listen_address=[::]:8201
vault-1     | 2026-10-02T19:12:27.045Z [INFO]  core: post-unseal setup starting
vault-1     | 2026-10-02T19:12:27.045Z [INFO]  core: loaded wrapping token key
vault-1     | 2026-10-02T19:12:27.045Z [INFO]  core: successfully setup plugin runtime catalog
vault-1     | 2026-10-02T19:12:27.045Z [INFO]  core: successfully setup plugin catalog: plugin-directory=""
vault-1     | 2026-10-02T19:12:27.045Z [INFO]  core: successfully mounted: type=system version="v1.18.3+builtin.vault" path=sys/ namespace="ID: root. Path: "
vault-1     | 2026-10-02T19:12:27.046Z [INFO]  core: successfully mounted: type=identity version="v1.18.3+builtin.vault" path=identity/ namespace="ID: root. Path: "
vault-1     | 2026-10-02T19:12:27.046Z [INFO]  core: successfully mounted: type=cubbyhole version="v1.18.3+builtin.vault" path=cubbyhole/ namespace="ID: root. Path: "
vault-1     | 2026-10-02T19:12:27.047Z [INFO]  core: successfully mounted: type=token version="v1.18.3+builtin.vault" path=token/ namespace="ID: root. Path: "
vault-1     | 2026-10-02T19:12:27.047Z [INFO]  rollback: Starting the rollback manager with 256 workers
vault-1     | 2026-10-02T19:12:27.047Z [INFO]  rollback: starting rollback manager
vault-1     | 2026-10-02T19:12:27.048Z [INFO]  core: restoring leases
vault-1     | 2026-10-02T19:12:27.048Z [INFO]  identity: entities restored
vault-1     | 2026-10-02T19:12:27.048Z [INFO]  identity: groups restored
vault-1     | 2026-10-02T19:12:27.049Z [INFO]  expiration: lease restore complete
vault-1     | 2026-10-02T19:12:27.050Z [INFO]  core: post-unseal setup complete
vault-1     | 2026-10-02T19:12:27.050Z [INFO]  core: vault is unsealed
vault-1     | 2026-10-02T19:12:27.051Z [INFO]  expiration: revoked lease: lease_id=auth/token/root/h0a82d6dc20461101791a335a867573084dcdfbe142dc6d92ff83ebb5e3ee4d96
vault-1     | 2026-10-02T19:12:27.053Z [INFO]  core: successful mount: namespace="" path=secret/ type=kv version="v0.20.0+builtin"
postgres-1  | CREATE TABLE
postgres-1  | CREATE INDEX
postgres-1  | CREATE INDEX
postgres-1  | CREATE FUNCTION
postgres-1  | CREATE TRIGGER
postgres-1  | ALTER TABLE
postgres-1  | CREATE POLICY
postgres-1  | CREATE POLICY
postgres-1  | CREATE POLICY
postgres-1  | CREATE FUNCTION
postgres-1  | REVOKE
postgres-1  | REVOKE
postgres-1  | REVOKE
postgres-1  | GRANT
postgres-1  | GRANT
postgres-1  | GRANT
postgres-1  | GRANT
postgres-1  | COMMIT
postgres-1  | certification-init: applying 0024_project_auth.sql
postgres-1  | BEGIN
postgres-1  | CREATE TABLE
postgres-1  | CREATE INDEX
postgres-1  | CREATE TABLE
postgres-1  | CREATE INDEX
postgres-1  | CREATE INDEX
postgres-1  | CREATE TABLE
postgres-1  | CREATE INDEX
postgres-1  | CREATE TABLE
postgres-1  | CREATE TABLE
postgres-1  | CREATE FUNCTION
postgres-1  | CREATE TRIGGER
postgres-1  | CREATE TRIGGER
postgres-1  | CREATE TRIGGER
postgres-1  | CREATE TRIGGER
postgres-1  | CREATE TRIGGER
postgres-1  | REVOKE
postgres-1  | REVOKE
postgres-1  | GRANT
postgres-1  | GRANT
postgres-1  | GRANT
postgres-1  | GRANT
postgres-1  | GRANT
postgres-1  | GRANT
postgres-1  | GRANT
postgres-1  | GRANT
postgres-1  | GRANT
postgres-1  | COMMIT
postgres-1  | certification-init: applying 0025_project_storage.sql
postgres-1  | BEGIN
postgres-1  | CREATE TABLE
postgres-1  | CREATE INDEX
postgres-1  | CREATE TABLE
postgres-1  | CREATE INDEX
postgres-1  | CREATE INDEX
postgres-1  | CREATE INDEX
postgres-1  | CREATE TABLE
postgres-1  | CREATE INDEX
postgres-1  | CREATE INDEX
postgres-1  | CREATE FUNCTION
postgres-1  | CREATE FUNCTION
postgres-1  | CREATE FUNCTION
postgres-1  | CREATE TRIGGER
postgres-1  | CREATE TRIGGER
postgres-1  | CREATE TRIGGER
postgres-1  | ALTER TABLE
postgres-1  | ALTER TABLE
postgres-1  | ALTER TABLE
postgres-1  | CREATE POLICY
postgres-1  | CREATE POLICY
postgres-1  | CREATE POLICY
postgres-1  | CREATE POLICY
postgres-1  | CREATE POLICY
postgres-1  | CREATE POLICY
postgres-1  | CREATE POLICY
postgres-1  | CREATE POLICY
postgres-1  | CREATE POLICY
postgres-1  | CREATE POLICY
vault-1     | WARNING! dev mode is enabled! In this mode, Vault runs entirely in-memory
vault-1     | and starts unsealed with a single unseal key. The root token is already
vault-1     | authenticated to the CLI, so you can immediately begin using Vault.
vault-1     | 
vault-1     | You may need to set the following environment variables:
vault-1     | 
vault-1     |     $ export VAULT_ADDR='http://0.0.0.0:8200'
vault-1     | 
vault-1     | The unseal key and root token are displayed below in case you want to
vault-1     | seal/unseal the Vault or re-authenticate.
vault-1     | 
vault-1     | Unseal Key: 4x46KnhBa4vznezdzGUVKjbdlynftLQYPCtoDhEwC/U=
vault-1     | Root Token: qkern-certification-root-token
vault-1     | 
vault-1     | Development mode should NOT be used in production installations!
vault-1     | 
postgres-1  | REVOKE
postgres-1  | REVOKE
postgres-1  | REVOKE
postgres-1  | REVOKE
postgres-1  | GRANT
postgres-1  | GRANT
postgres-1  | GRANT
postgres-1  | GRANT
postgres-1  | GRANT
postgres-1  | GRANT
postgres-1  | GRANT
postgres-1  | GRANT
postgres-1  | GRANT
postgres-1  | COMMIT
postgres-1  | certification-init: applying 0026_project_queues.sql
postgres-1  | BEGIN
postgres-1  | CREATE TABLE
postgres-1  | CREATE INDEX
postgres-1  | CREATE TABLE
postgres-1  | CREATE INDEX
postgres-1  | CREATE INDEX
postgres-1  | CREATE INDEX
postgres-1  | CREATE INDEX
postgres-1  | CREATE INDEX
postgres-1  | CREATE FUNCTION
postgres-1  | CREATE FUNCTION
postgres-1  | CREATE FUNCTION
postgres-1  | CREATE TRIGGER
postgres-1  | CREATE TRIGGER
postgres-1  | CREATE TRIGGER
postgres-1  | ALTER TABLE
postgres-1  | ALTER TABLE
postgres-1  | CREATE POLICY
postgres-1  | CREATE POLICY
postgres-1  | CREATE POLICY
postgres-1  | CREATE POLICY
postgres-1  | CREATE POLICY
postgres-1  | CREATE POLICY
postgres-1  | REVOKE
postgres-1  | REVOKE
postgres-1  | REVOKE
postgres-1  | REVOKE
postgres-1  | GRANT
postgres-1  | GRANT
postgres-1  | GRANT
postgres-1  | GRANT
postgres-1  | GRANT
postgres-1  | GRANT
postgres-1  | COMMIT
postgres-1  | certification-init: applying 0027_project_queue_dead_letter_replay.sql
postgres-1  | BEGIN
postgres-1  | ALTER TABLE
postgres-1  | CREATE INDEX
postgres-1  | CREATE INDEX
postgres-1  | CREATE FUNCTION
postgres-1  | CREATE TRIGGER
postgres-1  | REVOKE
postgres-1  | GRANT
postgres-1  | COMMIT
postgres-1  | certification-init: applying 0028_usage_metering.sql
postgres-1  | BEGIN
postgres-1  | CREATE TABLE
postgres-1  | CREATE TABLE
postgres-1  | CREATE TABLE
postgres-1  | CREATE INDEX
postgres-1  | CREATE INDEX
postgres-1  | CREATE FUNCTION
postgres-1  | CREATE FUNCTION
postgres-1  | CREATE FUNCTION
postgres-1  | CREATE TRIGGER
postgres-1  | CREATE TRIGGER
postgres-1  | CREATE TRIGGER
postgres-1  | ALTER TABLE
postgres-1  | ALTER TABLE
postgres-1  | ALTER TABLE
postgres-1  | CREATE POLICY
postgres-1  | CREATE POLICY
postgres-1  | CREATE POLICY
postgres-1  | CREATE POLICY
postgres-1  | CREATE POLICY
postgres-1  | CREATE POLICY
postgres-1  | CREATE POLICY
postgres-1  | CREATE POLICY
postgres-1  | REVOKE
postgres-1  | REVOKE
postgres-1  | REVOKE
postgres-1  | REVOKE
postgres-1  | GRANT
postgres-1  | GRANT
postgres-1  | GRANT
postgres-1  | GRANT
postgres-1  | GRANT
postgres-1  | GRANT
postgres-1  | GRANT
postgres-1  | GRANT
postgres-1  | COMMIT
postgres-1  | certification-init: applying 0029_project_queue_definition_row_lock.sql
postgres-1  | GRANT
postgres-1  | CREATE POLICY
postgres-1  | certification-init: applying 0030_realtime_event_log.sql
postgres-1  | CREATE TABLE
postgres-1  | CREATE TABLE
postgres-1  | CREATE INDEX
postgres-1  | CREATE INDEX
postgres-1  | CREATE FUNCTION
postgres-1  | CREATE TRIGGER
postgres-1  | ALTER TABLE
postgres-1  | ALTER TABLE
postgres-1  | CREATE POLICY
postgres-1  | CREATE POLICY
postgres-1  | CREATE POLICY
postgres-1  | CREATE POLICY
postgres-1  | CREATE POLICY
postgres-1  | CREATE POLICY
postgres-1  | REVOKE
postgres-1  | REVOKE
postgres-1  | GRANT
postgres-1  | GRANT
postgres-1  | GRANT
postgres-1  | GRANT
postgres-1  | certification-init: applying 0031_project_cron.sql
postgres-1  | CREATE TABLE
postgres-1  | CREATE INDEX
postgres-1  | CREATE FUNCTION
postgres-1  | CREATE TRIGGER
postgres-1  | ALTER TABLE
postgres-1  | CREATE POLICY
postgres-1  | CREATE POLICY
postgres-1  | CREATE POLICY
postgres-1  | CREATE POLICY
postgres-1  | REVOKE
postgres-1  | REVOKE
postgres-1  | GRANT
postgres-1  | GRANT
postgres-1  | GRANT
postgres-1  | certification-init: applying 0032_project_webhooks.sql
postgres-1  | CREATE TABLE
postgres-1  | CREATE TABLE
postgres-1  | CREATE INDEX
postgres-1  | CREATE INDEX
postgres-1  | CREATE FUNCTION
postgres-1  | CREATE TRIGGER
postgres-1  | ALTER TABLE
postgres-1  | ALTER TABLE
postgres-1  | CREATE POLICY
postgres-1  | CREATE POLICY
postgres-1  | CREATE POLICY
postgres-1  | CREATE POLICY
postgres-1  | CREATE POLICY
postgres-1  | CREATE POLICY
postgres-1  | CREATE POLICY
postgres-1  | REVOKE
postgres-1  | REVOKE
postgres-1  | GRANT
postgres-1  | GRANT
postgres-1  | CREATE POLICY
postgres-1  | GRANT
postgres-1  | GRANT
postgres-1  | GRANT
postgres-1  | certification-init: applying 0033_project_functions.sql
postgres-1  | CREATE TABLE
postgres-1  | CREATE INDEX
postgres-1  | CREATE FUNCTION
postgres-1  | CREATE TRIGGER
postgres-1  | ALTER TABLE
postgres-1  | CREATE POLICY
postgres-1  | CREATE POLICY
postgres-1  | CREATE POLICY
postgres-1  | CREATE POLICY
postgres-1  | REVOKE
postgres-1  | REVOKE
postgres-1  | GRANT
postgres-1  | GRANT
postgres-1  | GRANT
postgres-1  | certification-init: applying 0034_project_functions_registry.sql
postgres-1  | ALTER TABLE
postgres-1  | ALTER TABLE
postgres-1  | certification-init: applying 0035_project_function_slots.sql
postgres-1  | CREATE TABLE
postgres-1  | CREATE INDEX
postgres-1  | CREATE FUNCTION
postgres-1  | CREATE TRIGGER
postgres-1  | ALTER TABLE
postgres-1  | CREATE POLICY
postgres-1  | CREATE POLICY
postgres-1  | CREATE POLICY
postgres-1  | REVOKE
postgres-1  | REVOKE
postgres-1  | GRANT
postgres-1  | GRANT
postgres-1  | certification-init: applying 0036_provisioner_heartbeat_upsert_grant.sql
postgres-1  | BEGIN
postgres-1  | GRANT
postgres-1  | COMMIT
postgres-1  | certification-init: applying 0037_provisioner_binding_returning_grant.sql
postgres-1  | BEGIN
postgres-1  | GRANT
postgres-1  | COMMIT
postgres-1  | certification-init: applying 0038_runtime_outbox_arbiter_grant.sql
postgres-1  | BEGIN
postgres-1  | GRANT
postgres-1  | COMMIT
postgres-1  | certification-init: applying 0039_billing_rate_cards.sql
postgres-1  | BEGIN
postgres-1  | CREATE TABLE
postgres-1  | CREATE INDEX
postgres-1  | ALTER TABLE
postgres-1  | ALTER TABLE
postgres-1  | CREATE POLICY
postgres-1  | CREATE POLICY
postgres-1  | REVOKE
postgres-1  | GRANT
postgres-1  | GRANT
postgres-1  | COMMIT
postgres-1  | certification-init: applying 0040_billing_invoices.sql
postgres-1  | BEGIN
postgres-1  | CREATE TABLE
postgres-1  | CREATE TABLE
postgres-1  | ALTER TABLE
postgres-1  | ALTER TABLE
postgres-1  | ALTER TABLE
postgres-1  | ALTER TABLE
postgres-1  | CREATE POLICY
postgres-1  | CREATE POLICY
postgres-1  | CREATE POLICY
postgres-1  | CREATE POLICY
postgres-1  | REVOKE
postgres-1  | GRANT
postgres-1  | GRANT
postgres-1  | GRANT
postgres-1  | GRANT
postgres-1  | GRANT
postgres-1  | COMMIT
postgres-1  | certification-init: applying 0041_project_storage_multipart.sql
postgres-1  | BEGIN
postgres-1  | ALTER TABLE
postgres-1  | ALTER TABLE
postgres-1  | COMMIT
postgres-1  | certification-init: applying 0042_project_function_deployments.sql
postgres-1  | BEGIN
postgres-1  | CREATE TABLE
postgres-1  | CREATE INDEX
postgres-1  | ALTER TABLE
postgres-1  | ALTER TABLE
postgres-1  | CREATE POLICY
postgres-1  | CREATE POLICY
postgres-1  | CREATE FUNCTION
postgres-1  | CREATE FUNCTION
postgres-1  | REVOKE
postgres-1  | REVOKE
postgres-1  | GRANT
postgres-1  | GRANT
postgres-1  | COMMIT
postgres-1  | certification-init: applying 0043_project_storage_upload_id_check_fix.sql
postgres-1  | ALTER TABLE
postgres-1  | ALTER TABLE
postgres-1  | certification-init: applying 0044_billing_invoice_numbers.sql
postgres-1  | BEGIN
postgres-1  | CREATE TABLE
postgres-1  | ALTER TABLE
postgres-1  | ALTER TABLE
postgres-1  | CREATE POLICY
postgres-1  | CREATE POLICY
postgres-1  | CREATE POLICY
postgres-1  | ALTER TABLE
postgres-1  | ALTER TABLE
postgres-1  | UPDATE 0
postgres-1  | ALTER TABLE
postgres-1  | ALTER TABLE
postgres-1  | UPDATE 0
postgres-1  | INSERT 0 0
postgres-1  | ALTER TABLE
postgres-1  | CREATE INDEX
postgres-1  | GRANT
postgres-1  | GRANT
postgres-1  | GRANT
postgres-1  | COMMIT
postgres-1  | certification-init: applying 0045_project_function_invocations.sql
postgres-1  | BEGIN
postgres-1  | CREATE TABLE
postgres-1  | CREATE INDEX
postgres-1  | ALTER TABLE
postgres-1  | ALTER TABLE
postgres-1  | CREATE POLICY
postgres-1  | CREATE POLICY
postgres-1  | REVOKE
postgres-1  | GRANT
postgres-1  | GRANT
postgres-1  | COMMIT
postgres-1  | certification-init: applying 0046_project_auth_audit.sql
postgres-1  | BEGIN
postgres-1  | GRANT
postgres-1  | GRANT
postgres-1  | GRANT
postgres-1  | GRANT
postgres-1  | CREATE POLICY
postgres-1  | COMMIT
postgres-1  | certification-init: applying 0047_audit_chain_order.sql
postgres-1  | BEGIN
postgres-1  | CREATE FUNCTION
postgres-1  | COMMIT
postgres-1  | certification-init: applying 0048_project_auth_mfa_enforcement.sql
postgres-1  | BEGIN
postgres-1  | CREATE TABLE
postgres-1  | ALTER TABLE
postgres-1  | ALTER TABLE
postgres-1  | CREATE FUNCTION
postgres-1  | CREATE TRIGGER
postgres-1  | REVOKE
postgres-1  | REVOKE
postgres-1  | GRANT
postgres-1  | GRANT
postgres-1  | GRANT
postgres-1  | COMMIT
postgres-1  | certification-init: applying 0049_project_database_webhooks.sql
postgres-1  | CREATE TABLE
postgres-1  | CREATE INDEX
postgres-1  | ALTER TABLE
postgres-1  | CREATE POLICY
postgres-1  | CREATE POLICY
postgres-1  | CREATE POLICY
postgres-1  | REVOKE
postgres-1  | GRANT
postgres-1  | certification-init: applying 0050_project_database_webhook_cursors.sql
postgres-1  | CREATE TABLE
postgres-1  | ALTER TABLE
postgres-1  | CREATE POLICY
postgres-1  | CREATE POLICY
postgres-1  | CREATE POLICY
postgres-1  | REVOKE
postgres-1  | GRANT
postgres-1  | certification-init: applying 0051_project_auth_return_targets.sql
postgres-1  | BEGIN
postgres-1  | ALTER TABLE
postgres-1  | ALTER TABLE
postgres-1  | REVOKE
postgres-1  | GRANT
postgres-1  | COMMIT
postgres-1  | certification-init: applying 0052_project_auth_rate_limits.sql
postgres-1  | BEGIN
postgres-1  | ALTER TABLE
postgres-1  | ALTER TABLE
postgres-1  | CREATE TABLE
postgres-1  | CREATE INDEX
postgres-1  | REVOKE
postgres-1  | GRANT
postgres-1  | REVOKE
postgres-1  | GRANT
postgres-1  | COMMIT
postgres-1  | certification-init: applying 0053_project_auth_password_protection.sql
postgres-1  | BEGIN
postgres-1  | ALTER TABLE
postgres-1  | ALTER TABLE
postgres-1  | REVOKE
postgres-1  | GRANT
postgres-1  | COMMIT
postgres-1  | certification-init: applying 0054_project_log_drains.sql
postgres-1  | BEGIN
postgres-1  | CREATE FUNCTION
postgres-1  | REVOKE
postgres-1  | GRANT
postgres-1  | CREATE TABLE
postgres-1  | CREATE INDEX
postgres-1  | ALTER TABLE
postgres-1  | CREATE POLICY
postgres-1  | CREATE POLICY
postgres-1  | CREATE POLICY
postgres-1  | REVOKE
postgres-1  | GRANT
postgres-1  | COMMIT
postgres-1  | certification-init: applying 0055_user_console_settings.sql
postgres-1  | BEGIN
postgres-1  | CREATE TABLE
postgres-1  | CREATE TRIGGER
postgres-1  | REVOKE
postgres-1  | GRANT
postgres-1  | COMMIT
postgres-1  | certification-init: applying 0056_project_log_drain_cursors.sql
postgres-1  | BEGIN
postgres-1  | CREATE TABLE
postgres-1  | ALTER TABLE
postgres-1  | CREATE POLICY
postgres-1  | CREATE POLICY
postgres-1  | CREATE POLICY
postgres-1  | REVOKE
postgres-1  | GRANT
postgres-1  | COMMIT
postgres-1  | certification-init: applying 0057_project_dashboard_webhooks.sql
postgres-1  | BEGIN
postgres-1  | CREATE FUNCTION
postgres-1  | REVOKE
postgres-1  | GRANT
postgres-1  | CREATE TABLE
postgres-1  | CREATE INDEX
postgres-1  | ALTER TABLE
postgres-1  | CREATE POLICY
postgres-1  | CREATE POLICY
postgres-1  | CREATE POLICY
postgres-1  | REVOKE
postgres-1  | GRANT
postgres-1  | CREATE TABLE
postgres-1  | ALTER TABLE
postgres-1  | CREATE POLICY
postgres-1  | CREATE POLICY
postgres-1  | CREATE POLICY
postgres-1  | REVOKE
postgres-1  | GRANT
postgres-1  | COMMIT
postgres-1  | certification-init: applying 0058_project_auth_hooks.sql
postgres-1  | BEGIN
postgres-1  | ALTER TABLE
postgres-1  | ALTER TABLE
postgres-1  | ALTER TABLE
postgres-1  | ALTER TABLE
postgres-1  | REVOKE
postgres-1  | GRANT
postgres-1  | COMMIT
postgres-1  | certification-init: applying 0059_project_storage_s3_access_keys.sql
postgres-1  | BEGIN
postgres-1  | CREATE TABLE
postgres-1  | CREATE INDEX
postgres-1  | CREATE INDEX
postgres-1  | CREATE TABLE
postgres-1  | CREATE INDEX
postgres-1  | CREATE FUNCTION
postgres-1  | CREATE TRIGGER
postgres-1  | ALTER TABLE
postgres-1  | ALTER TABLE
postgres-1  | CREATE POLICY
postgres-1  | CREATE POLICY
postgres-1  | CREATE POLICY
postgres-1  | CREATE POLICY
postgres-1  | CREATE POLICY
postgres-1  | CREATE POLICY
postgres-1  | REVOKE
postgres-1  | REVOKE
postgres-1  | REVOKE
postgres-1  | GRANT
postgres-1  | GRANT
postgres-1  | GRANT
postgres-1  | GRANT
postgres-1  | COMMIT
postgres-1  | certification-init: applying 0060_project_auth_passkeys.sql
postgres-1  | BEGIN
postgres-1  | CREATE TABLE
postgres-1  | CREATE INDEX
postgres-1  | ALTER TABLE
postgres-1  | ALTER TABLE
postgres-1  | CREATE TRIGGER
postgres-1  | REVOKE
postgres-1  | GRANT
postgres-1  | GRANT
postgres-1  | COMMIT
postgres-1  | certification-init: applying 0061_project_auth_third_party_providers.sql
postgres-1  | BEGIN
postgres-1  | CREATE TABLE
postgres-1  | ALTER TABLE
postgres-1  | ALTER TABLE
postgres-1  | ALTER TABLE
postgres-1  | ALTER TABLE
postgres-1  | ALTER TABLE
postgres-1  | REVOKE
postgres-1  | GRANT
postgres-1  | COMMIT
postgres-1  | certification-init: applying 0062_project_auth_oauth_server.sql
postgres-1  | BEGIN
postgres-1  | CREATE TABLE
postgres-1  | ALTER TABLE
postgres-1  | ALTER TABLE
postgres-1  | ALTER TABLE
postgres-1  | REVOKE
postgres-1  | GRANT
postgres-1  | CREATE TABLE
postgres-1  | ALTER TABLE
postgres-1  | ALTER TABLE
postgres-1  | ALTER TABLE
postgres-1  | CREATE TRIGGER
postgres-1  | REVOKE
postgres-1  | GRANT
postgres-1  | GRANT
postgres-1  | CREATE TABLE
postgres-1  | ALTER TABLE
postgres-1  | ALTER TABLE
postgres-1  | REVOKE
postgres-1  | GRANT
postgres-1  | COMMIT
postgres-1  | certification-init: applying 0063_project_auth_expiry_retention.sql
postgres-1  | BEGIN
postgres-1  | CREATE INDEX
postgres-1  | CREATE INDEX
postgres-1  | CREATE INDEX
postgres-1  | GRANT
postgres-1  | GRANT
postgres-1  | GRANT
postgres-1  | COMMIT
postgres-1  | certification-init: applying 0064_project_auth_oauth_consents.sql
postgres-1  | BEGIN
postgres-1  | CREATE TABLE
postgres-1  | ALTER TABLE
postgres-1  | ALTER TABLE
postgres-1  | CREATE INDEX
postgres-1  | CREATE INDEX
postgres-1  | CREATE TRIGGER
postgres-1  | CREATE FUNCTION
postgres-1  | CREATE TRIGGER
postgres-1  | REVOKE
postgres-1  | REVOKE
postgres-1  | GRANT
postgres-1  | GRANT
postgres-1  | GRANT
postgres-1  | ALTER TABLE
postgres-1  | ALTER TABLE
postgres-1  | COMMIT
postgres-1  | certification-init: applying 0065_project_storage_s3_access_key_secrets.sql
postgres-1  | BEGIN
postgres-1  | ALTER TABLE
postgres-1  | CREATE FUNCTION
postgres-1  | CREATE FUNCTION
postgres-1  | REVOKE
postgres-1  | GRANT
postgres-1  | COMMIT
postgres-1  | certification-init: applying 0066_project_cron_time_zone.sql
postgres-1  | ALTER TABLE
postgres-1  | certification-init: applying 0069_project_function_invocation_output.sql
postgres-1  | BEGIN
postgres-1  | CREATE TABLE
postgres-1  | CREATE INDEX
postgres-1  | ALTER TABLE
postgres-1  | ALTER TABLE
postgres-1  | CREATE POLICY
postgres-1  | CREATE POLICY
postgres-1  | REVOKE
postgres-1  | GRANT
postgres-1  | GRANT
postgres-1  | COMMIT
postgres-1  | certification-init: applying 0070_project_auth_saml.sql
postgres-1  | BEGIN
postgres-1  | CREATE TABLE
postgres-1  | CREATE INDEX
postgres-1  | ALTER TABLE
postgres-1  | ALTER TABLE
postgres-1  | ALTER TABLE
postgres-1  | ALTER TABLE
postgres-1  | CREATE TRIGGER
postgres-1  | REVOKE
postgres-1  | GRANT
postgres-1  | COMMIT
postgres-1  | certification-init: applying 0071_project_storage_s3_multipart.sql
postgres-1  | BEGIN
postgres-1  | ALTER TABLE
postgres-1  | ALTER TABLE
postgres-1  | ALTER TABLE
postgres-1  | ALTER TABLE
postgres-1  | ALTER TABLE
postgres-1  | ALTER TABLE
postgres-1  | ALTER TABLE
postgres-1  | ALTER TABLE
postgres-1  | CREATE TABLE
postgres-1  | CREATE INDEX
postgres-1  | CREATE FUNCTION
postgres-1  | GRANT
postgres-1  | REVOKE
postgres-1  | ALTER TABLE
postgres-1  | CREATE POLICY
postgres-1  | CREATE POLICY
postgres-1  | CREATE POLICY
postgres-1  | CREATE POLICY
postgres-1  | GRANT
postgres-1  | GRANT
postgres-1  | COMMIT
postgres-1  | certification-init: applying 0073_project_auth_oauth_tool_scopes.sql
postgres-1  | BEGIN
postgres-1  | ALTER TABLE
postgres-1  | ALTER TABLE
postgres-1  | ALTER TABLE
postgres-1  | ALTER TABLE
postgres-1  | ALTER TABLE
postgres-1  | ALTER TABLE
postgres-1  | ALTER TABLE
postgres-1  | ALTER TABLE
postgres-1  | COMMIT
postgres-1  | certification-init: applying 0075_log_drain_function_output_source.sql
postgres-1  | BEGIN
postgres-1  | CREATE FUNCTION
postgres-1  | REVOKE
postgres-1  | GRANT
postgres-1  | COMMIT
postgres-1  | certification-init: applying 0077_realtime_presence.sql
postgres-1  | BEGIN
postgres-1  | CREATE TABLE
postgres-1  | CREATE INDEX
postgres-1  | CREATE INDEX
postgres-1  | ALTER TABLE
postgres-1  | CREATE POLICY
postgres-1  | CREATE POLICY
postgres-1  | CREATE POLICY
postgres-1  | CREATE POLICY
postgres-1  | REVOKE
postgres-1  | GRANT
postgres-1  | GRANT
postgres-1  | COMMIT
postgres-1  | certification-init: applying 0078_project_auth_oauth_storage_write_scope.sql
postgres-1  | BEGIN
postgres-1  | ALTER TABLE
postgres-1  | ALTER TABLE
postgres-1  | ALTER TABLE
postgres-1  | ALTER TABLE
postgres-1  | ALTER TABLE
postgres-1  | ALTER TABLE
postgres-1  | ALTER TABLE
postgres-1  | ALTER TABLE
postgres-1  | COMMIT
postgres-1  | certification-init: applying 0080_billing_invoice_positions.sql
postgres-1  | BEGIN
postgres-1  | ALTER TABLE
postgres-1  | UPDATE 0
postgres-1  | ALTER TABLE
postgres-1  | ALTER TABLE
postgres-1  | ALTER TABLE
postgres-1  | ALTER TABLE
postgres-1  | GRANT
postgres-1  | CREATE TABLE
postgres-1  | CREATE INDEX
postgres-1  | ALTER TABLE
postgres-1  | ALTER TABLE
postgres-1  | CREATE POLICY
postgres-1  | CREATE POLICY
postgres-1  | REVOKE
postgres-1  | GRANT
postgres-1  | GRANT
postgres-1  | GRANT
postgres-1  | COMMIT
postgres-1  | certification-init: applying 0081_project_queue_message_traces.sql
postgres-1  | BEGIN
postgres-1  | CREATE TABLE
 Container qkern-slice-backupstream-vault-1 Healthy 
postgres-1  | CREATE INDEX
postgres-1  | CREATE INDEX
postgres-1  | CREATE FUNCTION
postgres-1  | CREATE TRIGGER
postgres-1  | ALTER TABLE
postgres-1  | ALTER TABLE
postgres-1  | CREATE POLICY
postgres-1  | CREATE POLICY
postgres-1  | CREATE POLICY
postgres-1  | REVOKE
postgres-1  | REVOKE
postgres-1  | GRANT
postgres-1  | GRANT
postgres-1  | COMMIT
postgres-1  | certification-init: applying 0082_trace_spans_and_outbound_anchor.sql
postgres-1  | BEGIN
postgres-1  | ALTER TABLE
postgres-1  | ALTER TABLE
postgres-1  | ALTER TABLE
postgres-1  | ALTER TABLE
postgres-1  | ALTER TABLE
postgres-1  | CREATE FUNCTION
postgres-1  | REVOKE
postgres-1  | COMMIT
postgres-1  | certification-init: applying 0083_project_database_backups.sql
postgres-1  | BEGIN
postgres-1  | CREATE TABLE
postgres-1  | CREATE INDEX
postgres-1  | CREATE INDEX
postgres-1  | CREATE INDEX
postgres-1  | CREATE TRIGGER
postgres-1  | ALTER TABLE
postgres-1  | ALTER TABLE
postgres-1  | CREATE POLICY
postgres-1  | REVOKE
postgres-1  | GRANT
postgres-1  | GRANT
postgres-1  | COMMIT
postgres-1  | certification-init: applying 0084_project_database_backup_schedules.sql
postgres-1  | BEGIN
postgres-1  | ALTER TABLE
postgres-1  | COMMENT
postgres-1  | ALTER TABLE
postgres-1  | ALTER TABLE
postgres-1  | ALTER TABLE
postgres-1  | ALTER TABLE
postgres-1  | ALTER TABLE
postgres-1  | ALTER TABLE
postgres-1  | CREATE INDEX
postgres-1  | GRANT
postgres-1  | CREATE TABLE
postgres-1  | CREATE INDEX
postgres-1  | CREATE TRIGGER
postgres-1  | INSERT 0 0
postgres-1  | ALTER TABLE
postgres-1  | ALTER TABLE
postgres-1  | CREATE POLICY
postgres-1  | REVOKE
postgres-1  | GRANT
postgres-1  | GRANT
postgres-1  | CREATE FUNCTION
postgres-1  | REVOKE
postgres-1  | CREATE TRIGGER
postgres-1  | COMMIT
postgres-1  | certification-init: applied 78 migrations
postgres-1  | CREATE EXTENSION
postgres-1  | CREATE ROLE
postgres-1  | CREATE ROLE
postgres-1  | CREATE ROLE
postgres-1  | CREATE ROLE
postgres-1  | CREATE ROLE
postgres-1  | GRANT ROLE
postgres-1  | GRANT ROLE
postgres-1  | GRANT ROLE
postgres-1  | GRANT ROLE
postgres-1  | 2026-10-02 19:12:28.344 UTC [321] WARNING:  role "qkern_app" has not been granted membership in role "qkern_auth" by role "qkern"
postgres-1  | REVOKE ROLE
postgres-1  | WARNING:  role "qkern_app" has not been granted membership in role "qkern_auth" by role "qkern"
postgres-1  | 2026-10-02 19:12:28.345 UTC [321] WARNING:  role "qkern_app" has not been granted membership in role "qkern_worker" by role "qkern"
postgres-1  | REVOKE ROLE
postgres-1  | WARNING:  role "qkern_app" has not been granted membership in role "qkern_worker" by role "qkern"
postgres-1  | 2026-10-02 19:12:28.345 UTC [321] WARNING:  role "qkern_app" has not been granted membership in role "qkern_provisioner" by role "qkern"
postgres-1  | REVOKE ROLE
postgres-1  | 2026-10-02 19:12:28.345 UTC [321] WARNING:  role "qkern_auth_app" has not been granted membership in role "qkern_runtime" by role "qkern"
postgres-1  | WARNING:  role "qkern_app" has not been granted membership in role "qkern_provisioner" by role "qkern"
postgres-1  | WARNING:  role "qkern_auth_app" has not been granted membership in role "qkern_runtime" by role "qkern"
postgres-1  | REVOKE ROLE
postgres-1  | 2026-10-02 19:12:28.345 UTC [321] WARNING:  role "qkern_auth_app" has not been granted membership in role "qkern_worker" by role "qkern"
postgres-1  | REVOKE ROLE
postgres-1  | WARNING:  role "qkern_auth_app" has not been granted membership in role "qkern_worker" by role "qkern"
postgres-1  | WARNING:  role "qkern_auth_app" has not been granted membership in role "qkern_provisioner" by role "qkern"
postgres-1  | 2026-10-02 19:12:28.345 UTC [321] WARNING:  role "qkern_auth_app" has not been granted membership in role "qkern_provisioner" by role "qkern"
postgres-1  | REVOKE ROLE
postgres-1  | 2026-10-02 19:12:28.345 UTC [321] WARNING:  role "qkern_worker_app" has not been granted membership in role "qkern_runtime" by role "qkern"
postgres-1  | 2026-10-02 19:12:28.345 UTC [321] WARNING:  role "qkern_worker_app" has not been granted membership in role "qkern_auth" by role "qkern"
postgres-1  | 2026-10-02 19:12:28.345 UTC [321] WARNING:  role "qkern_worker_app" has not been granted membership in role "qkern_provisioner" by role "qkern"
postgres-1  | WARNING:  role "qkern_worker_app" has not been granted membership in role "qkern_runtime" by role "qkern"
postgres-1  | WARNING:  role "qkern_worker_app" has not been granted membership in role "qkern_auth" by role "qkern"
postgres-1  | WARNING:  role "qkern_worker_app" has not been granted membership in role "qkern_provisioner" by role "qkern"
postgres-1  | REVOKE ROLE
postgres-1  | WARNING:  role "qkern_provisioner_app" has not been granted membership in role "qkern_runtime" by role "qkern"
postgres-1  | WARNING:  role "qkern_provisioner_app" has not been granted membership in role "qkern_auth" by role "qkern"
postgres-1  | WARNING:  role "qkern_provisioner_app" has not been granted membership in role "qkern_worker" by role "qkern"
postgres-1  | 2026-10-02 19:12:28.346 UTC [321] WARNING:  role "qkern_provisioner_app" has not been granted membership in role "qkern_runtime" by role "qkern"
postgres-1  | 2026-10-02 19:12:28.346 UTC [321] WARNING:  role "qkern_provisioner_app" has not been granted membership in role "qkern_auth" by role "qkern"
postgres-1  | 2026-10-02 19:12:28.346 UTC [321] WARNING:  role "qkern_provisioner_app" has not been granted membership in role "qkern_worker" by role "qkern"
postgres-1  | REVOKE ROLE
postgres-1  | WARNING:  role "qkern_project_api_app" has not been granted membership in role "qkern_runtime" by role "qkern"
postgres-1  | WARNING:  role "qkern_project_api_app" has not been granted membership in role "qkern_auth" by role "qkern"
postgres-1  | WARNING:  role "qkern_project_api_app" has not been granted membership in role "qkern_worker" by role "qkern"
postgres-1  | WARNING:  role "qkern_project_api_app" has not been granted membership in role "qkern_provisioner" by role "qkern"
postgres-1  | 2026-10-02 19:12:28.346 UTC [321] WARNING:  role "qkern_project_api_app" has not been granted membership in role "qkern_runtime" by role "qkern"
postgres-1  | 2026-10-02 19:12:28.346 UTC [321] WARNING:  role "qkern_project_api_app" has not been granted membership in role "qkern_auth" by role "qkern"
postgres-1  | 2026-10-02 19:12:28.346 UTC [321] WARNING:  role "qkern_project_api_app" has not been granted membership in role "qkern_worker" by role "qkern"
postgres-1  | 2026-10-02 19:12:28.346 UTC [321] WARNING:  role "qkern_project_api_app" has not been granted membership in role "qkern_provisioner" by role "qkern"
postgres-1  | REVOKE ROLE
postgres-1  | ALTER ROLE
postgres-1  | ALTER ROLE
postgres-1  | ALTER ROLE
postgres-1  | ALTER ROLE
postgres-1  | ALTER ROLE
postgres-1  | ALTER ROLE
postgres-1  | ALTER ROLE
postgres-1  | ALTER ROLE
postgres-1  | ALTER ROLE
postgres-1  | ALTER ROLE
postgres-1  | ALTER ROLE
postgres-1  | ALTER ROLE
postgres-1  | ALTER ROLE
postgres-1  | ALTER ROLE
postgres-1  | ALTER ROLE
postgres-1  | project-database: kein Passwort gesetzt, lokale Projektdatenbank wird nicht angelegt
postgres-1  | 
postgres-1  | waiting for server to shut down....2026-10-02 19:12:28.353 UTC [42] LOG:  received fast shutdown request
postgres-1  | 2026-10-02 19:12:28.353 UTC [42] LOG:  aborting any active transactions
postgres-1  | 2026-10-02 19:12:28.355 UTC [42] LOG:  background worker "logical replication launcher" (PID 48) exited with exit code 1
postgres-1  | 2026-10-02 19:12:28.355 UTC [43] LOG:  shutting down
postgres-1  | 2026-10-02 19:12:28.355 UTC [43] LOG:  checkpoint starting: shutdown immediate
postgres-1  | 2026-10-02 19:12:28.362 UTC [43] LOG:  checkpoint complete: wrote 1298 buffers (7.9%); 0 WAL file(s) added, 0 removed, 0 recycled; write=0.006 s, sync=0.002 s, total=0.007 s; sync files=784, longest=0.001 s, average=0.000 s; distance=9077 kB, estimate=9077 kB; lsn=0/1DCF428, redo lsn=0/1DCF428
postgres-1  | 2026-10-02 19:12:28.367 UTC [42] LOG:  database system is shut down
postgres-1  |  done
postgres-1  | server stopped
postgres-1  | 
postgres-1  | PostgreSQL init process complete; ready for start up.
postgres-1  | 
postgres-1  | 2026-10-02 19:12:28.473 UTC [1] LOG:  starting PostgreSQL 17.10 on x86_64-pc-linux-musl, compiled by gcc (Alpine 15.2.0) 15.2.0, 64-bit
postgres-1  | 2026-10-02 19:12:28.473 UTC [1] LOG:  listening on IPv4 address "0.0.0.0", port 5432
postgres-1  | 2026-10-02 19:12:28.473 UTC [1] LOG:  listening on IPv6 address "::", port 5432
postgres-1  | 2026-10-02 19:12:28.519 UTC [1] LOG:  listening on Unix socket "/var/run/postgresql/.s.PGSQL.5432"
postgres-1  | 2026-10-02 19:12:28.522 UTC [327] LOG:  database system was shut down at 2026-10-02 19:12:28 UTC
postgres-1  | 2026-10-02 19:12:28.529 UTC [1] LOG:  database system is ready to accept connections
 Container qkern-slice-backupstream-postgres-1 Healthy 
 Container qkern-slice-backupstream-certification-1 Starting 
 Container qkern-slice-backupstream-certification-1 Started 
certification-1  | vault-seed: one signing secret written
certification-1  | 
certification-1  | added 240 packages, and audited 241 packages in 15s
certification-1  | 
certification-1  | 61 packages are looking for funding
certification-1  |   run `npm fund` for details
certification-1  | 
certification-1  | 10 vulnerabilities (6 moderate, 3 high, 1 critical)
certification-1  | 
certification-1  | To address issues that do not require attention, run:
certification-1  |   npm audit fix
certification-1  | 
certification-1  | To address all issues, run:
certification-1  |   npm audit fix --force
certification-1  | 
certification-1  | Run `npm audit` for details.
certification-1  | npm notice
certification-1  | npm notice New major version of npm available! 11.17.0 -> 12.2.0
certification-1  | npm notice Changelog: https://github.com/npm/cli/releases/tag/v12.2.0
certification-1  | npm notice To update run: npm install -g npm@12.2.0
certification-1  | npm notice
certification-1  | 
certification-1  | > qkern-platform@2.73.0 test:postgres
certification-1  | > vitest run tests/postgres.integration.test.ts tests/postgres-incident-recovery.integration.test.ts tests/generated-data-postgres.integration.test.ts tests/project-auth-postgres.integration.test.ts tests/project-storage-postgres.integration.test.ts tests/project-queues-postgres.integration.test.ts tests/usage-metering-postgres.integration.test.ts tests/realtime-postgres.integration.test.ts tests/realtime-change-feed-postgres.integration.test.ts tests/realtime-change-chain-postgres.integration.test.ts tests/realtime-change-soak-postgres.integration.test.ts tests/project-queues-multi-instance.integration.test.ts tests/compute-cron-postgres.integration.test.ts tests/compute-webhook-postgres.integration.test.ts tests/compute-webhook-chain.integration.test.ts tests/compute-definitions-postgres.integration.test.ts tests/compute-functions-postgres.integration.test.ts tests/usage-emitters-postgres.integration.test.ts tests/migration-process-postgres.integration.test.ts tests/realtime-process-postgres.integration.test.ts tests/provisioning-port-postgres.integration.test.ts tests/migration-enqueue-postgres.integration.test.ts tests/sql-privilege-clause-contract.integration.test.ts tests/queue-connection-pressure-postgres.integration.test.ts tests/usage-billing-postgres.integration.test.ts tests/billing-invoice-postgres.integration.test.ts tests/data-plane-query-postgres.integration.test.ts tests/data-plane-triggers-postgres.integration.test.ts tests/data-plane-functions-postgres.integration.test.ts tests/data-plane-catalog-postgres.integration.test.ts tests/data-plane-catalog-wide-postgres.integration.test.ts
certification-1  | 
certification-1  | 
certification-1  |  RUN  v4.1.10 /workspace/qkern
certification-1  | 
postgres-1       | 2026-10-02 19:12:50.186 UTC [453] ERROR:  permission denied for table project_database_provisioning_jobs
postgres-1       | 2026-10-02 19:12:50.186 UTC [453] STATEMENT:  SELECT 1 FROM project_database_provisioning_jobs LIMIT 1
postgres-1       | 2026-10-02 19:12:50.194 UTC [453] ERROR:  permission denied for table project_database_bindings
postgres-1       | 2026-10-02 19:12:50.194 UTC [453] STATEMENT:  SELECT 1 FROM project_database_bindings LIMIT 1
certification-1  |  ✓ tests/provisioning-port-postgres.integration.test.ts (6 tests) 315ms
postgres-1       | 2026-10-02 19:12:50.337 UTC [425] ERROR:  webhook delivery content is immutable
postgres-1       | 2026-10-02 19:12:50.337 UTC [425] CONTEXT:  PL/pgSQL function qkern_validate_project_webhook_delivery_update() line 10 at RAISE
postgres-1       | 2026-10-02 19:12:50.337 UTC [425] STATEMENT:  UPDATE project_webhook_deliveries SET payload='{"tampered":true}'::jsonb WHERE id=$1
postgres-1       | 2026-10-02 19:12:50.388 UTC [424] ERROR:  new row for relation "migration_incident_delivery_commands" violates check constraint "migration_incident_delivery_commands_expected_failure_code"
postgres-1       | 2026-10-02 19:12:50.388 UTC [424] DETAIL:  Failing row contains (9bc96960-8eb4-4250-b4e2-13f609c30c57, 9b266a3b-e1df-466f-9d6f-2f84fd9e2245, b7d95443-dd25-490e-b913-5d271626cde4, constraint-test, destination_recovered, pending, null, 2026-10-02 19:12:50.3873+00, 2026-10-02 19:12:50.3873+00, null, null).
postgres-1       | 2026-10-02 19:12:50.388 UTC [424] STATEMENT:  INSERT INTO migration_incident_delivery_commands
postgres-1       | 	           (organization_id, migration_incident_id, requested_by, reason_code,
postgres-1       | 	            expected_failure_code, expected_retry_cycle)
postgres-1       | 	         VALUES ($1, $2, 'constraint-test', 'destination_recovered', NULL, NULL)
postgres-1       | 2026-10-02 19:12:50.411 UTC [472] ERROR:  new row for relation "migration_incident_delivery_commands" violates check constraint "migration_incident_delivery_commands_expected_retry_cycle"
postgres-1       | 2026-10-02 19:12:50.411 UTC [472] DETAIL:  Failing row contains (99f79918-c866-4aa9-89c5-afddeb81e490, 9b266a3b-e1df-466f-9d6f-2f84fd9e2245, b7d95443-dd25-490e-b913-5d271626cde4, constraint-test, destination_recovered, pending, null, 2026-10-02 19:12:50.408617+00, 2026-10-02 19:12:50.408617+00, PUBLISH_FAILED, null).
postgres-1       | 2026-10-02 19:12:50.411 UTC [472] STATEMENT:  INSERT INTO migration_incident_delivery_commands
postgres-1       | 	           (organization_id, migration_incident_id, requested_by, reason_code,
postgres-1       | 	            expected_failure_code, expected_retry_cycle)
postgres-1       | 	         VALUES ($1, $2, 'constraint-test', 'destination_recovered', 'PUBLISH_FAILED', NULL)
postgres-1       | 2026-10-02 19:12:50.460 UTC [461] ERROR:  a settled webhook delivery is final
postgres-1       | 2026-10-02 19:12:50.460 UTC [461] CONTEXT:  PL/pgSQL function qkern_validate_project_webhook_delivery_update() line 16 at RAISE
postgres-1       | 2026-10-02 19:12:50.460 UTC [461] STATEMENT:  UPDATE project_webhook_deliveries SET status='pending' WHERE id=$1
postgres-1       | 2026-10-02 19:12:50.517 UTC [443] ERROR:  new row violates row-level security policy for table "items"
postgres-1       | 2026-10-02 19:12:50.517 UTC [443] CONTEXT:  SQL function "add_item" statement 1
postgres-1       | 2026-10-02 19:12:50.517 UTC [443] STATEMENT:  SELECT "generated_be6372fd_616b_4bf0_aefb_9f9a892da71b"."add_item"("item_name" => $1::text, "item_owner" => $2::text) AS result
postgres-1       | 2026-10-02 19:12:50.561 UTC [493] ERROR:  relation "change_feed" already exists
postgres-1       | 2026-10-02 19:12:50.561 UTC [493] STATEMENT:  -- Run once after 0002_qkern_migration_fence.sql as the trusted project database
postgres-1       | 	-- provisioner. Provides trigger-based change capture for Realtime.
postgres-1       | 	--
postgres-1       | 	-- ## Warum Trigger und nicht logische Replikation
postgres-1       | 	--
postgres-1       | 	-- Logische Replikation sieht jede Aenderung ohne Schemaeingriff, verlangt aber
postgres-1       | 	-- eine Rolle mit Replikationsrecht und einen Slot. Beides steht im direkten
postgres-1       | 	-- Widerspruch zu diesem Schema: 0001 prueft fuer jede beteiligte Rolle
postgres-1       | 	-- ausdruecklich rolreplication = false. Ein hängender Konsument laesst den Slot
postgres-1       | 	-- ausserdem unbegrenzt WAL halten, bis die Platte voll ist -- ein
postgres-1       | 	-- Betriebsrisiko, das der Kunde traegt und QKERN nicht begrenzen kann.
postgres-1       | 	--
postgres-1       | 	-- Trigger sind begrenzbar: der Feed hat Groessengrenzen und Aufbewahrung, und
postgres-1       | 	-- das Anschalten je Tabelle ist eine Schemaaenderung, die den vorhandenen
postgres-1       | 	-- Change-Set- und Approval-Weg durchlaeuft.
postgres-1       | 	--
postgres-1       | 	-- ## Warum keine Zeilenwerte gespeichert werden
postgres-1       | 	--
postgres-1       | 	-- Der Feed haelt ausschliesslich die Primaerschluesselwerte. Die eigentlichen
postgres-1       | 	-- Zeilenwerte werden je Abonnent frisch gelesen, und zwar mit dessen Claims.
postgres-1       | 	-- Row Level Security autorisiert und erzeugt die Nutzlast damit in einem
postgres-1       | 	-- Schritt. Wuerden die Werte hier liegen, muesste eine zweite, unabhaengige
postgres-1       | 	-- Sichtbarkeitspruefung sie korrekt filtern -- eine Kopie der RLS-Logik
postgres-1       | 	-- ausserhalb der Datenbank und damit eine dauerhafte Fehlerquelle.
postgres-1       | 	
postgres-1       | 	BEGIN;
postgres-1       | 	
postgres-1       | 	CREATE TABLE qkern_internal.change_feed (
postgres-1       | 	  position bigint GENERATED ALWAYS AS IDENTITY PRIMARY KEY,
postgres-1       | 	  schema_name text NOT NULL CHECK (schema_name ~ '^[a-z_][a-z0-9_]{0,62}$'),
postgres-1       | 	  table_name text NOT NULL CHECK (table_name ~ '^[a-z_][a-z0-9_]{0,62}$'),
postgres-1       | 	  operation text NOT NULL CHECK (operation IN ('insert', 'update', 'delete')),
postgres-1       | 	  -- Nur Primaerschluesselwerte. Die Grenze verhindert, dass ein zusammengesetzter
postgres-1       | 	  -- Schluessel den Feed aufblaeht.
postgres-1       | 	  row_key jsonb NOT NULL CHECK (octet_length(row_key::text) <= 4096),
postgres-1       | 	  committed_at timestamptz NOT NULL DEFAULT now()
postgres-1       | 	);
postgres-1       | 	
postgres-1       | 	CREATE INDEX change_feed_retention_idx ON qkern_internal.change_feed (committed_at);
postgres-1       | 	
postgres-1       | 	ALTER TABLE qkern_internal.change_feed OWNER TO qkern_ledger_owner;
postgres-1       | 	
postgres-1       | 	-- SECURITY DEFINER: Der Schreiber einer Zeile besitzt keine Rechte auf dem
postgres-1       | 	-- Feed und soll sie auch nicht bekommen. Der Trigger schreibt stellvertretend.
postgres-1       | 	-- search_path wird fest gesetzt, damit kein Aufrufer die aufgeloesten Objekte
postgres-1       | 	-- umlenken kann.
postgres-1       | 	CREATE OR REPLACE FUNCTION qkern_internal.capture_change()
postgres-1       | 	RETURNS trigger
postgres-1       | 	LANGUAGE plpgsql
postgres-1       | 	SECURITY DEFINER
postgres-1       | 	SET search_path = qkern_internal, pg_catalog
postgres-1       | 	AS $$
postgres-1       | 	DECLARE
postgres-1       | 	  key_columns text[];
postgres-1       | 	  source record;
postgres-1       | 	  key jsonb;
postgres-1       | 	BEGIN
postgres-1       | 	  SELECT array_agg(attribute.attname ORDER BY attribute.attnum)
postgres-1       | 	    INTO key_columns
postgres-1       | 	    FROM pg_index index
postgres-1       | 	    JOIN pg_attribute attribute
postgres-1       | 	      ON attribute.attrelid = index.indrelid AND attribute.attnum = ANY (index.indkey)
postgres-1       | 	   WHERE index.indrelid = TG_RELID AND index.indisprimary;
postgres-1       | 	
postgres-1       | 	  IF key_columns IS NULL THEN
postgres-1       | 	    RAISE EXCEPTION 'change capture requires a primary key on %.%', TG_TABLE_SCHEMA, TG_TABLE_NAME
postgres-1       | 	      USING ERRCODE = '55000';
postgres-1       | 	  END IF;
postgres-1       | 	
postgres-1       | 	  source := CASE WHEN TG_OP = 'DELETE' THEN OLD ELSE NEW END;
postgres-1       | 	  SELECT jsonb_object_agg(entry.key, entry.value)
postgres-1       | 	    INTO key
postgres-1       | 	    FROM jsonb_each(to_jsonb(source)) AS entry
postgres-1       | 	   WHERE entry.key = ANY (key_columns);
postgres-1       | 	
postgres-1       | 	  INSERT INTO qkern_internal.change_feed (schema_name, table_name, operation, row_key)
postgres-1       | 	  VALUES (TG_TABLE_SCHEMA, TG_TABLE_NAME, lower(TG_OP), key);
postgres-1       | 	
postgres-1       | 	  RETURN NULL;
postgres-1       | 	END;
postgres-1       | 	$$;
postgres-1       | 	
postgres-1       | 	ALTER FUNCTION qkern_internal.capture_change() OWNER TO qkern_ledger_owner;
postgres-1       | 	
postgres-1       | 	REVOKE ALL ON qkern_internal.change_feed FROM PUBLIC;
postgres-1       | 	REVOKE ALL ON FUNCTION qkern_internal.capture_change() FROM PUBLIC;
postgres-1       | 	
postgres-1       | 	-- Die Laufzeitrolle liest den Feed und raeumt ihn auf. Sie darf ihn niemals
postgres-1       | 	-- schreiben: ein erfundenes Aenderungsereignis wuerde einen Lesevorgang mit
postgres-1       | 	-- fremden Claims ausloesen.
postgres-1       | 	GRANT USAGE ON SCHEMA qkern_internal TO qkern_project_api_app;
postgres-1       | 	GRANT SELECT, DELETE ON qkern_internal.change_feed TO qkern_project_api_app;
postgres-1       | 	
postgres-1       | 	COMMIT;
postgres-1       | 	
postgres-1       | 2026-10-02 19:12:50.634 UTC [499] ERROR:  permission denied for table project_cron_definitions
postgres-1       | 2026-10-02 19:12:50.634 UTC [499] STATEMENT:  UPDATE project_cron_definitions SET time_zone='UTC' WHERE id=$1
certification-1  |  ✓ tests/generated-data-postgres.integration.test.ts (9 tests) 645ms
postgres-1       | 2026-10-02 19:12:50.659 UTC [484] ERROR:  duplicate key value violates unique constraint "project_cron_definitions_name_key"
postgres-1       | 2026-10-02 19:12:50.659 UTC [484] STATEMENT:  INSERT INTO project_cron_definitions
postgres-1       | 	           (organization_id, project_id, environment, name, expression, queue, payload, enabled,
postgres-1       | 	            time_zone)
postgres-1       | 	         VALUES ($1,$2,$3,$4,$5,$6,$7,$8,$9)
postgres-1       | 	         RETURNING id, organization_id, project_id, environment, name, expression, queue,
postgres-1       | 	  payload, enabled, time_zone, last_dispatched_at, created_at
postgres-1       | 2026-10-02 19:12:50.676 UTC [458] ERROR:  project storage object identity is immutable
postgres-1       | 2026-10-02 19:12:50.676 UTC [458] CONTEXT:  PL/pgSQL function qkern_reject_project_storage_object_mutation() line 12 at RAISE
postgres-1       | 2026-10-02 19:12:50.676 UTC [458] STATEMENT:  UPDATE project_storage_objects SET deleted_at=coalesce(deleted_at,$5)
postgres-1       | 	        WHERE organization_id=$1 AND project_id=$2 AND environment=$3 AND id=$4
postgres-1       | 	        RETURNING id,organization_id,project_id,environment,bucket_id,object_key,owner_subject,
postgres-1       | 	  provider_key,size_bytes,content_type,checksum_sha256,etag,status,created_at,delete_after,deleted_at
postgres-1       | 2026-10-02 19:12:50.692 UTC [504] ERROR:  permission denied for table project_functions
postgres-1       | 2026-10-02 19:12:50.692 UTC [504] STATEMENT:  UPDATE project_functions SET image=$2 WHERE id=$1
certification-1  |  ✓ tests/compute-webhook-postgres.integration.test.ts (10 tests) 785ms
postgres-1       | 2026-10-02 19:12:50.698 UTC [505] ERROR:  permission denied for table project_cron_definitions
postgres-1       | 2026-10-02 19:12:50.698 UTC [505] STATEMENT:  UPDATE project_cron_definitions SET expression='*/1 * * * *' WHERE id=$1
postgres-1       | 2026-10-02 19:12:50.715 UTC [508] ERROR:  permission denied for table project_functions
postgres-1       | 2026-10-02 19:12:50.715 UTC [508] STATEMENT:  UPDATE project_functions SET memory_mib=2048 WHERE id=$1
postgres-1       | 2026-10-02 19:12:50.726 UTC [486] ERROR:  new row for relation "project_functions" violates check constraint "project_functions_image_check"
postgres-1       | 2026-10-02 19:12:50.726 UTC [486] DETAIL:  Failing row contains (831a983b-db76-40aa-b448-747cd4e1b515, 4fde9f52-2f70-4dbd-95a3-5b4479f9ccad, 08731350-b7dc-46c9-8c81-a9e5b375c569, development, tagged-0a836e7e, nodejs24, registry.example.com/qkern/probe:latest, handler.mjs, 30000, 128, 1, {}, {}, t, 2026-10-02 19:12:50.719418+00).
postgres-1       | 2026-10-02 19:12:50.726 UTC [486] STATEMENT:  INSERT INTO project_functions
postgres-1       | 	         (organization_id, project_id, environment, name, runtime, image, entrypoint)
postgres-1       | 	       VALUES ($1,$2,'development',$3,'nodejs24','registry.example.com/qkern/probe:latest','handler.mjs')
postgres-1       | 2026-10-02 19:12:50.730 UTC [509] ERROR:  permission denied for table project_webhooks
postgres-1       | 2026-10-02 19:12:50.730 UTC [509] STATEMENT:  UPDATE project_webhooks SET url='https://elsewhere.example.com/hooks' WHERE id=$1
postgres-1       | 2026-10-02 19:12:50.748 UTC [494] ERROR:  duplicate key value violates unique constraint "project_functions_name_key"
postgres-1       | 2026-10-02 19:12:50.748 UTC [494] STATEMENT:  INSERT INTO project_functions
postgres-1       | 	           (organization_id, project_id, environment, name, runtime, image, entrypoint,
postgres-1       | 	            timeout_ms, memory_mib, max_concurrency, egress_origins, secret_refs, enabled)
postgres-1       | 	         VALUES ($1,$2,$3,$4,'nodejs24',$5,$6,$7,$8,$9,$10,$11,$12)
postgres-1       | 	         RETURNING id, organization_id, project_id, environment, name, runtime, image,
postgres-1       | 	  entrypoint, timeout_ms, memory_mib, max_concurrency, egress_origins, secret_refs, enabled,
postgres-1       | 	  created_at
postgres-1       | 2026-10-02 19:12:50.869 UTC [491] ERROR:  migration incident resolution requires worker-verified ledger evidence
postgres-1       | 2026-10-02 19:12:50.869 UTC [491] CONTEXT:  PL/pgSQL function qkern_validate_migration_incident_acknowledgement() line 49 at RAISE
postgres-1       | 2026-10-02 19:12:50.869 UTC [491] STATEMENT:  UPDATE migration_incidents
postgres-1       | 	       SET status = 'resolved',
postgres-1       | 	           resolution_code = 'target_ledger_match'::qkern_migration_incident_resolution_code
postgres-1       | 	       WHERE organization_id = $1 AND migration_job_id = $2
postgres-1       | 	         AND status IN ('open', 'acknowledged')
postgres-1       | 	       RETURNING 
postgres-1       | 	  id, organization_id, migration_job_id, project_id, environment, change_set_id,
postgres-1       | 	  kind, severity, status, detected_review_cycle, detected_reconciliation_attempt,
postgres-1       | 	  acknowledged_by, acknowledgement_code, acknowledged_at,
postgres-1       | 	  resolved_by, resolution_code, resolved_at, created_at, updated_at
postgres-1       | 2026-10-02 19:12:50.899 UTC [516] ERROR:  permission denied for table project_functions
postgres-1       | 2026-10-02 19:12:50.899 UTC [516] STATEMENT:  UPDATE project_functions SET image=$1 WHERE id=$2
certification-1  |  ✓ tests/project-storage-postgres.integration.test.ts (8 tests) 729ms
postgres-1       | 2026-10-02 19:12:50.924 UTC [325] LOG:  checkpoint starting: immediate force wait
postgres-1       | 2026-10-02 19:12:50.950 UTC [325] LOG:  checkpoint complete: wrote 1425 buffers (8.7%); 0 WAL file(s) added, 0 removed, 1 recycled; write=0.025 s, sync=0.002 s, total=0.026 s; sync files=539, longest=0.001 s, average=0.001 s; distance=10963 kB, estimate=10963 kB; lsn=0/2899748, redo lsn=0/28843A8
certification-1  |  ✓ tests/postgres-incident-recovery.integration.test.ts (6 tests) 1113ms
certification-1  |  ✓ tests/compute-definitions-postgres.integration.test.ts (10 tests) 695ms
postgres-1       | 2026-10-02 19:12:51.288 UTC [552] ERROR:  permission denied for table project_auth_users
postgres-1       | 2026-10-02 19:12:51.288 UTC [552] STATEMENT:  SELECT id FROM project_auth_users LIMIT 1
postgres-1       | 2026-10-02 19:12:51.297 UTC [553] ERROR:  relation "change_feed" already exists
postgres-1       | 2026-10-02 19:12:51.297 UTC [553] STATEMENT:  -- Run once after 0002_qkern_migration_fence.sql as the trusted project database
postgres-1       | 	-- provisioner. Provides trigger-based change capture for Realtime.
postgres-1       | 	--
postgres-1       | 	-- ## Warum Trigger und nicht logische Replikation
postgres-1       | 	--
postgres-1       | 	-- Logische Replikation sieht jede Aenderung ohne Schemaeingriff, verlangt aber
postgres-1       | 	-- eine Rolle mit Replikationsrecht und einen Slot. Beides steht im direkten
postgres-1       | 	-- Widerspruch zu diesem Schema: 0001 prueft fuer jede beteiligte Rolle
postgres-1       | 	-- ausdruecklich rolreplication = false. Ein hängender Konsument laesst den Slot
postgres-1       | 	-- ausserdem unbegrenzt WAL halten, bis die Platte voll ist -- ein
postgres-1       | 	-- Betriebsrisiko, das der Kunde traegt und QKERN nicht begrenzen kann.
postgres-1       | 	--
postgres-1       | 	-- Trigger sind begrenzbar: der Feed hat Groessengrenzen und Aufbewahrung, und
postgres-1       | 	-- das Anschalten je Tabelle ist eine Schemaaenderung, die den vorhandenen
postgres-1       | 	-- Change-Set- und Approval-Weg durchlaeuft.
postgres-1       | 	--
postgres-1       | 	-- ## Warum keine Zeilenwerte gespeichert werden
postgres-1       | 	--
postgres-1       | 	-- Der Feed haelt ausschliesslich die Primaerschluesselwerte. Die eigentlichen
postgres-1       | 	-- Zeilenwerte werden je Abonnent frisch gelesen, und zwar mit dessen Claims.
postgres-1       | 	-- Row Level Security autorisiert und erzeugt die Nutzlast damit in einem
postgres-1       | 	-- Schritt. Wuerden die Werte hier liegen, muesste eine zweite, unabhaengige
postgres-1       | 	-- Sichtbarkeitspruefung sie korrekt filtern -- eine Kopie der RLS-Logik
postgres-1       | 	-- ausserhalb der Datenbank und damit eine dauerhafte Fehlerquelle.
postgres-1       | 	
postgres-1       | 	BEGIN;
postgres-1       | 	
postgres-1       | 	CREATE TABLE qkern_internal.change_feed (
postgres-1       | 	  position bigint GENERATED ALWAYS AS IDENTITY PRIMARY KEY,
postgres-1       | 	  schema_name text NOT NULL CHECK (schema_name ~ '^[a-z_][a-z0-9_]{0,62}$'),
postgres-1       | 	  table_name text NOT NULL CHECK (table_name ~ '^[a-z_][a-z0-9_]{0,62}$'),
postgres-1       | 	  operation text NOT NULL CHECK (operation IN ('insert', 'update', 'delete')),
postgres-1       | 	  -- Nur Primaerschluesselwerte. Die Grenze verhindert, dass ein zusammengesetzter
postgres-1       | 	  -- Schluessel den Feed aufblaeht.
postgres-1       | 	  row_key jsonb NOT NULL CHECK (octet_length(row_key::text) <= 4096),
postgres-1       | 	  committed_at timestamptz NOT NULL DEFAULT now()
postgres-1       | 	);
postgres-1       | 	
postgres-1       | 	CREATE INDEX change_feed_retention_idx ON qkern_internal.change_feed (committed_at);
postgres-1       | 	
postgres-1       | 	ALTER TABLE qkern_internal.change_feed OWNER TO qkern_ledger_owner;
postgres-1       | 	
postgres-1       | 	-- SECURITY DEFINER: Der Schreiber einer Zeile besitzt keine Rechte auf dem
postgres-1       | 	-- Feed und soll sie auch nicht bekommen. Der Trigger schreibt stellvertretend.
postgres-1       | 	-- search_path wird fest gesetzt, damit kein Aufrufer die aufgeloesten Objekte
postgres-1       | 	-- umlenken kann.
postgres-1       | 	CREATE OR REPLACE FUNCTION qkern_internal.capture_change()
postgres-1       | 	RETURNS trigger
postgres-1       | 	LANGUAGE plpgsql
postgres-1       | 	SECURITY DEFINER
postgres-1       | 	SET search_path = qkern_internal, pg_catalog
postgres-1       | 	AS $$
postgres-1       | 	DECLARE
postgres-1       | 	  key_columns text[];
postgres-1       | 	  source record;
postgres-1       | 	  key jsonb;
postgres-1       | 	BEGIN
postgres-1       | 	  SELECT array_agg(attribute.attname ORDER BY attribute.attnum)
postgres-1       | 	    INTO key_columns
postgres-1       | 	    FROM pg_index index
postgres-1       | 	    JOIN pg_attribute attribute
postgres-1       | 	      ON attribute.attrelid = index.indrelid AND attribute.attnum = ANY (index.indkey)
postgres-1       | 	   WHERE index.indrelid = TG_RELID AND index.indisprimary;
postgres-1       | 	
postgres-1       | 	  IF key_columns IS NULL THEN
postgres-1       | 	    RAISE EXCEPTION 'change capture requires a primary key on %.%', TG_TABLE_SCHEMA, TG_TABLE_NAME
postgres-1       | 	      USING ERRCODE = '55000';
postgres-1       | 	  END IF;
postgres-1       | 	
postgres-1       | 	  source := CASE WHEN TG_OP = 'DELETE' THEN OLD ELSE NEW END;
postgres-1       | 	  SELECT jsonb_object_agg(entry.key, entry.value)
postgres-1       | 	    INTO key
postgres-1       | 	    FROM jsonb_each(to_jsonb(source)) AS entry
postgres-1       | 	   WHERE entry.key = ANY (key_columns);
postgres-1       | 	
postgres-1       | 	  INSERT INTO qkern_internal.change_feed (schema_name, table_name, operation, row_key)
postgres-1       | 	  VALUES (TG_TABLE_SCHEMA, TG_TABLE_NAME, lower(TG_OP), key);
postgres-1       | 	
postgres-1       | 	  RETURN NULL;
postgres-1       | 	END;
postgres-1       | 	$$;
postgres-1       | 	
postgres-1       | 	ALTER FUNCTION qkern_internal.capture_change() OWNER TO qkern_ledger_owner;
postgres-1       | 	
postgres-1       | 	REVOKE ALL ON qkern_internal.change_feed FROM PUBLIC;
postgres-1       | 	REVOKE ALL ON FUNCTION qkern_internal.capture_change() FROM PUBLIC;
postgres-1       | 	
postgres-1       | 	-- Die Laufzeitrolle liest den Feed und raeumt ihn auf. Sie darf ihn niemals
postgres-1       | 	-- schreiben: ein erfundenes Aenderungsereignis wuerde einen Lesevorgang mit
postgres-1       | 	-- fremden Claims ausloesen.
postgres-1       | 	GRANT USAGE ON SCHEMA qkern_internal TO qkern_project_api_app;
postgres-1       | 	GRANT SELECT, DELETE ON qkern_internal.change_feed TO qkern_project_api_app;
postgres-1       | 	
postgres-1       | 	COMMIT;
postgres-1       | 	
certification-1  | stdout | tests/sql-privilege-clause-contract.integration.test.ts > SQL privilege clause contract > finds statements to check
certification-1  | privilege clause contract: 155 Anweisungen, 15 Spaltenlisten nicht auswertbar, 1063 Platzhalter offen
certification-1  | 
postgres-1       | 2026-10-02 19:12:51.391 UTC [559] ERROR:  change capture requires a primary key on public.cdc_keyless_e1f02284a58a
postgres-1       | 2026-10-02 19:12:51.391 UTC [559] CONTEXT:  PL/pgSQL function capture_change() line 15 at RAISE
postgres-1       | 2026-10-02 19:12:51.391 UTC [559] STATEMENT:  INSERT INTO public.cdc_keyless_e1f02284a58a (label) VALUES ('orphan')
postgres-1       | 2026-10-02 19:12:51.446 UTC [574] ERROR:  permission denied for table change_feed
postgres-1       | 2026-10-02 19:12:51.446 UTC [574] STATEMENT:  INSERT INTO qkern_internal.change_feed (schema_name, table_name, operation, row_key)
postgres-1       | 	       VALUES ('public', 'forged', 'insert', '{"id":"forged"}'::jsonb)
certification-1  |  ✓ tests/realtime-change-feed-postgres.integration.test.ts (6 tests) 299ms
postgres-1       | 2026-10-02 19:12:51.585 UTC [520] ERROR:  function slots are immutable
postgres-1       | 2026-10-02 19:12:51.585 UTC [520] CONTEXT:  PL/pgSQL function qkern_reject_project_function_slot_update() line 3 at RAISE
postgres-1       | 2026-10-02 19:12:51.585 UTC [520] STATEMENT:  UPDATE project_function_slots SET expires_at = now() + interval '1 hour'
postgres-1       | 	        WHERE organization_id=$1 AND function_id=$2
certification-1  |  ✓ tests/compute-functions-postgres.integration.test.ts (13 tests) 1167ms
postgres-1       | 2026-10-02 19:12:51.620 UTC [538] ERROR:  new row violates row-level security policy "audit_logs_project_auth_insert" for table "audit_logs"
postgres-1       | 2026-10-02 19:12:51.620 UTC [538] STATEMENT:  INSERT INTO audit_logs
postgres-1       | 	         (organization_id, project_id, environment, actor_type, actor_ref, action, resource_ref,
postgres-1       | 	          status, redacted_metadata, previous_hash, entry_hash)
postgres-1       | 	       VALUES ($1, $2, $3, $4, $5, $6, $7, $8, $9::jsonb, NULL, repeat('0', 64))
postgres-1       | 	       RETURNING id, organization_id, project_id, environment, actor_type, actor_ref, action, resource_ref,
postgres-1       | 	                 status, redacted_metadata, previous_hash, entry_hash, created_at
certification-1  |  ✓ tests/project-queues-postgres.integration.test.ts (9 tests) 1164ms
postgres-1       | 2026-10-02 19:12:51.677 UTC [589] WARNING:  "wal_level" is insufficient to publish logical changes
postgres-1       | 2026-10-02 19:12:51.677 UTC [589] HINT:  Set "wal_level" to "logical" before creating subscriptions.
postgres-1       | 2026-10-02 19:12:51.708 UTC [476] ERROR:  realtime events are append-only
postgres-1       | 2026-10-02 19:12:51.708 UTC [476] CONTEXT:  PL/pgSQL function qkern_reject_realtime_event_update() line 3 at RAISE
postgres-1       | 2026-10-02 19:12:51.708 UTC [476] STATEMENT:  UPDATE realtime_events SET event='tampered'
postgres-1       | 	        WHERE organization_id=$1 AND channel=$2
certification-1  |  ✓ tests/compute-webhook-chain.integration.test.ts (6 tests) 618ms
certification-1  |  ✓ tests/project-auth-postgres.integration.test.ts (4 tests) 718ms
postgres-1       | 2026-10-02 19:12:51.802 UTC [590] ERROR:  permission denied for table billing_rate_cards
postgres-1       | 2026-10-02 19:12:51.802 UTC [590] STATEMENT:  UPDATE billing_rate_cards SET unit_price_micros = 1 WHERE organization_id = $1
postgres-1       | 2026-10-02 19:12:51.808 UTC [590] ERROR:  permission denied for table billing_rate_cards
postgres-1       | 2026-10-02 19:12:51.808 UTC [590] STATEMENT:  DELETE FROM billing_rate_cards WHERE organization_id = $1
postgres-1       | 2026-10-02 19:12:51.809 UTC [565] ERROR:  cron progress must not move backwards
postgres-1       | 2026-10-02 19:12:51.809 UTC [565] CONTEXT:  PL/pgSQL function qkern_validate_project_cron_update() line 10 at RAISE
postgres-1       | 2026-10-02 19:12:51.809 UTC [565] STATEMENT:  UPDATE project_cron_definitions
postgres-1       | 	            SET last_dispatched_at=$3, updated_at=now()
postgres-1       | 	          WHERE organization_id=$1 AND id=$2
certification-1  |  ✓ tests/usage-billing-postgres.integration.test.ts (4 tests) 313ms
postgres-1       | 2026-10-02 19:12:51.849 UTC [597] ERROR:  permission denied for table migration_outbox
postgres-1       | 2026-10-02 19:12:51.849 UTC [597] STATEMENT:  SELECT status FROM migration_outbox
postgres-1       | 2026-10-02 19:12:51.859 UTC [597] ERROR:  permission denied for table migration_outbox
postgres-1       | 2026-10-02 19:12:51.859 UTC [597] STATEMENT:  SELECT lease_owner FROM migration_outbox
postgres-1       | 2026-10-02 19:12:51.863 UTC [597] ERROR:  permission denied for table migration_outbox
postgres-1       | 2026-10-02 19:12:51.863 UTC [597] STATEMENT:  SELECT lease_token FROM migration_outbox
postgres-1       | 2026-10-02 19:12:51.867 UTC [597] ERROR:  permission denied for table migration_outbox
postgres-1       | 2026-10-02 19:12:51.867 UTC [597] STATEMENT:  SELECT lease_expires_at FROM migration_outbox
certification-1  |  ✓ tests/data-plane-catalog-wide-postgres.integration.test.ts (4 tests) 312ms
postgres-1       | 2026-10-02 19:12:51.873 UTC [597] ERROR:  permission denied for table migration_outbox
postgres-1       | 2026-10-02 19:12:51.873 UTC [597] STATEMENT:  SELECT failure_count FROM migration_outbox
postgres-1       | 2026-10-02 19:12:51.877 UTC [597] ERROR:  permission denied for table migration_outbox
postgres-1       | 2026-10-02 19:12:51.877 UTC [597] STATEMENT:  SELECT available_at FROM migration_outbox
certification-1  |  ✓ tests/realtime-postgres.integration.test.ts (9 tests) 1512ms
certification-1  |  ✓ tests/migration-enqueue-postgres.integration.test.ts (3 tests) 318ms
postgres-1       | 2026-10-02 19:12:51.990 UTC [439] ERROR:  cron progress must not move backwards
postgres-1       | 2026-10-02 19:12:51.990 UTC [439] CONTEXT:  PL/pgSQL function qkern_validate_project_cron_update() line 10 at RAISE
postgres-1       | 2026-10-02 19:12:51.990 UTC [439] STATEMENT:  UPDATE project_cron_definitions SET last_dispatched_at=$2 WHERE id=$1
postgres-1       | 2026-10-02 19:12:52.022 UTC [607] ERROR:  cron identity is immutable
postgres-1       | 2026-10-02 19:12:52.022 UTC [607] CONTEXT:  PL/pgSQL function qkern_validate_project_cron_update() line 6 at RAISE
postgres-1       | 2026-10-02 19:12:52.022 UTC [607] STATEMENT:  UPDATE project_cron_definitions SET project_id=$2 WHERE id=$1
certification-1  | stderr | tests/realtime-change-soak-postgres.integration.test.ts > Realtime change soak PostgreSQL certification > delivers every change of a sustained writer without loss, gap or stall
certification-1  | soak: 120 Aenderungen, p50 506 ms, p95 724 ms, max 746 ms
certification-1  | 
certification-1  | stderr | tests/realtime-change-soak-postgres.integration.test.ts > Realtime change soak PostgreSQL certification > delivers every change of a sustained writer without loss, gap or stall
certification-1  | soak: 5 Buchungen fuer 120 Nachrichten
certification-1  | 
certification-1  |  ✓ tests/realtime-change-soak-postgres.integration.test.ts (1 test) 1753ms
certification-1  |      ✓ delivers every change of a sustained writer without loss, gap or stall  1558ms
certification-1  |  ✓ tests/data-plane-functions-postgres.integration.test.ts (1 test) 141ms
certification-1  |  ✓ tests/usage-metering-postgres.integration.test.ts (4 tests) 224ms
certification-1  |  ✓ tests/data-plane-catalog-postgres.integration.test.ts (3 tests) 203ms
certification-1  |  ✓ tests/data-plane-triggers-postgres.integration.test.ts (1 test) 146ms
certification-1  |  ✓ tests/usage-emitters-postgres.integration.test.ts (20 tests) 1372ms
certification-1  |  ✓ tests/data-plane-query-postgres.integration.test.ts (2 tests) 193ms
certification-1  |  ✓ tests/queue-connection-pressure-postgres.integration.test.ts (1 test) 306ms
certification-1  |  ✓ tests/sql-privilege-clause-contract.integration.test.ts (2 tests) 1817ms
certification-1  |      ✓ grants every write role the read right its clauses require  1603ms
postgres-1       | 2026-10-02 19:12:53.565 UTC [666] ERROR:  permission denied for table users
postgres-1       | 2026-10-02 19:12:53.565 UTC [666] STATEMENT:  SELECT id FROM users LIMIT 1
postgres-1       | 2026-10-02 19:12:53.584 UTC [667] ERROR:  permission denied for table projects
postgres-1       | 2026-10-02 19:12:53.584 UTC [667] STATEMENT:  SELECT id FROM projects LIMIT 1
postgres-1       | 2026-10-02 19:12:53.675 UTC [325] LOG:  checkpoint starting: immediate force wait
postgres-1       | 2026-10-02 19:12:53.679 UTC [325] LOG:  checkpoint complete: wrote 533 buffers (3.3%); 0 WAL file(s) added, 0 removed, 0 recycled; write=0.004 s, sync=0.001 s, total=0.005 s; sync files=297, longest=0.001 s, average=0.000 s; distance=2068 kB, estimate=10074 kB; lsn=0/2A8AB90, redo lsn=0/2A89760
certification-1  |  ✓ tests/migration-process-postgres.integration.test.ts (3 tests) 3825ms
certification-1  |      ✓ applies a queued statement to the real project database  1618ms
certification-1  |      ✓ keeps a tampered statement out of the project database  1026ms
certification-1  |      ✓ names the violated boundary condition without describing the database  1019ms
certification-1  |  ✓ tests/realtime-change-chain-postgres.integration.test.ts (7 tests) 3800ms
certification-1  |      ✓ keeps order and delivers each change exactly once under a burst  513ms
certification-1  |      ✓ keeps every subscriber's subset correct with many subscribers at once  2861ms
certification-1  |  ✓ tests/realtime-process-postgres.integration.test.ts (3 tests) 4242ms
certification-1  |      ✓ serves a real client from the shipped process  2627ms
certification-1  |      ✓ refuses production with an ephemeral log and names the condition  741ms
certification-1  |      ✓ serves a client on a public bind after the explicit opt-in  779ms
certification-1  |  ✓ tests/billing-invoice-postgres.integration.test.ts (6 tests) 4951ms
certification-1  |      ✓ issues the closed month's invoice from the shipped process  1291ms
certification-1  |      ✓ leaves the issued invoice untouched on a second run  1020ms
certification-1  |      ✓ refuses an open period at its configuration boundary  441ms
certification-1  |      ✓ issues exactly one invoice when two runs race for the same period  512ms
certification-1  |      ✓ numbers invoices gaplessly per organization and stamps the due date  1516ms
certification-1  |  ✓ tests/compute-cron-postgres.integration.test.ts (12 tests) 5274ms
certification-1  |      ✓ dispatches L, # and W schedules through the real progress  663ms
certification-1  |      ✓ produces exactly one message when two schedulers fire the same occurrence  691ms
certification-1  |      ✓ dispatches from the shipped process  2065ms
certification-1  |      ✓ reports ready while the cron loop is doing its rounds  589ms
certification-1  |      ✓ stops reporting ready when every definition fails  539ms
certification-1  |  ✓ tests/project-queues-multi-instance.integration.test.ts (6 tests) 9542ms
certification-1  |      ✓ claims every message exactly once across six competing instances  2642ms
certification-1  |      ✓ fences a vanished worker: the lease survives, the stale token does not  6105ms
certification-1  |      ✓ enforces the capacity limit even when instances enqueue at the same time  355ms
postgres-1       | 2026-10-02 19:13:03.808 UTC [665] ERROR:  new row for relation "project_queue_messages" violates check constraint "project_queue_messages_dedupe_pair"
postgres-1       | 2026-10-02 19:13:03.808 UTC [665] DETAIL:  Failing row contains (8c1d5430-3a28-4776-a049-92b85c3756c6, 68ad85fa-9403-49e8-9cd4-44477d6beb52, c49cdb17-22b3-4361-8055-ef72571cd144, development, ba0e17a8-89a5-42f5-b9b5-d94f962f85a6, {}, available, probe, ffffffffffffffffffffffffffffffffffffffffffffffffffffffffffffffff, null, 0, 2026-10-02 19:13:03.808084+00, null, null, 0, null, null, 2026-10-02 19:13:03.808084+00, null, null, null).
postgres-1       | 2026-10-02 19:13:03.808 UTC [665] STATEMENT:  INSERT INTO project_queue_messages
postgres-1       | 	        (organization_id,project_id,environment,queue_id,payload,owner_subject,dedupe_key_hash)
postgres-1       | 	        VALUES ($1,$2,'development',$3,'{}'::jsonb,'probe',$4)
postgres-1       | 2026-10-02 19:13:03.842 UTC [788] FATAL:  database "absent_a4654d32_c7c4_4713_8cb7_640bc25d5831" does not exist
postgres-1       | 2026-10-02 19:13:04.061 UTC [325] LOG:  checkpoint starting: immediate force wait
postgres-1       | 2026-10-02 19:13:04.063 UTC [325] LOG:  checkpoint complete: wrote 216 buffers (1.3%); 0 WAL file(s) added, 0 removed, 2 recycled; write=0.002 s, sync=0.001 s, total=0.003 s; sync files=174, longest=0.001 s, average=0.000 s; distance=25142 kB, estimate=25142 kB; lsn=0/4317110, redo lsn=0/43170B8
postgres-1       | 2026-10-02 19:13:05.311 UTC [669] ERROR:  new row for relation "project_auth_settings" violates check constraint "project_auth_settings_rate_limits_check"
postgres-1       | 2026-10-02 19:13:05.311 UTC [669] DETAIL:  Failing row contains (c14ff411-a61f-48f4-b54b-36344cd6af3b, 1d07fcdd-ae09-4115-a555-f24d2d76d0bb, development, f, 2026-09-26 12:00:00+00, {}, 0, 900, 5, 3600, 2, 900, f, 12, named, null, 2000, null, 2000, {}).
postgres-1       | 2026-10-02 19:13:05.311 UTC [669] STATEMENT:  UPDATE project_auth_settings SET sign_in_max = 0
postgres-1       | 	       WHERE organization_id = $1 AND project_id = $2 AND environment = 'development'
postgres-1       | 2026-10-02 19:13:05.632 UTC [802] ERROR:  new row for relation "project_auth_settings" violates check constraint "project_auth_settings_password_protection_check"
postgres-1       | 2026-10-02 19:13:05.632 UTC [802] DETAIL:  Failing row contains (53696af4-22c2-4f17-8f0c-257748059815, 002db567-ca76-4dd6-9d36-46998825a1be, development, f, 2026-09-26 13:00:00+00, {}, 10, 900, 5, 3600, 60, 3600, t, 11, generic, null, 2000, null, 2000, {}).
postgres-1       | 2026-10-02 19:13:05.632 UTC [802] STATEMENT:  UPDATE project_auth_settings SET password_min_length = 11
postgres-1       | 	         WHERE organization_id = $1 AND project_id = $2 AND environment = 'development'
postgres-1       | 2026-10-02 19:13:05.646 UTC [803] ERROR:  new row for relation "project_auth_settings" violates check constraint "project_auth_settings_password_protection_check"
postgres-1       | 2026-10-02 19:13:05.646 UTC [803] DETAIL:  Failing row contains (53696af4-22c2-4f17-8f0c-257748059815, 002db567-ca76-4dd6-9d36-46998825a1be, development, f, 2026-09-26 13:00:00+00, {}, 10, 900, 5, 3600, 60, 3600, t, 129, generic, null, 2000, null, 2000, {}).
postgres-1       | 2026-10-02 19:13:05.646 UTC [803] STATEMENT:  UPDATE project_auth_settings SET password_min_length = 129
postgres-1       | 	         WHERE organization_id = $1 AND project_id = $2 AND environment = 'development'
postgres-1       | 2026-10-02 19:13:05.658 UTC [804] ERROR:  new row for relation "project_auth_settings" violates check constraint "project_auth_settings_password_protection_check"
postgres-1       | 2026-10-02 19:13:05.658 UTC [804] DETAIL:  Failing row contains (53696af4-22c2-4f17-8f0c-257748059815, 002db567-ca76-4dd6-9d36-46998825a1be, development, f, 2026-09-26 13:00:00+00, {}, 10, 900, 5, 3600, 60, 3600, t, 14, loud, null, 2000, null, 2000, {}).
postgres-1       | 2026-10-02 19:13:05.658 UTC [804] STATEMENT:  UPDATE project_auth_settings SET leaked_password_notice = 'loud'
postgres-1       | 	         WHERE organization_id = $1 AND project_id = $2 AND environment = 'development'
postgres-1       | 2026-10-02 19:13:07.383 UTC [325] LOG:  checkpoint starting: immediate force wait
postgres-1       | 2026-10-02 19:13:07.384 UTC [325] LOG:  checkpoint complete: wrote 154 buffers (0.9%); 0 WAL file(s) added, 0 removed, 0 recycled; write=0.001 s, sync=0.001 s, total=0.002 s; sync files=134, longest=0.001 s, average=0.000 s; distance=5080 kB, estimate=23136 kB; lsn=0/480D328, redo lsn=0/480D2D0
postgres-1       | 2026-10-02 19:13:12.096 UTC [325] LOG:  checkpoint starting: immediate force wait
postgres-1       | 2026-10-02 19:13:12.098 UTC [325] LOG:  checkpoint complete: wrote 431 buffers (2.6%); 0 WAL file(s) added, 0 removed, 0 recycled; write=0.003 s, sync=0.001 s, total=0.003 s; sync files=116, longest=0.001 s, average=0.000 s; distance=6144 kB, estimate=21436 kB; lsn=0/4E0D448, redo lsn=0/4E0D3F0
postgres-1       | 2026-10-02 19:13:12.185 UTC [786] ERROR:  new row for relation "user_console_settings" violates check constraint "user_console_settings_language_check"
postgres-1       | 2026-10-02 19:13:12.185 UTC [786] DETAIL:  Failing row contains (86870180-c2de-42b7-8864-b356b7194876, es, de-CH, browser, overview, system, 2026-10-02 19:13:12.185831+00, 2026-10-02 19:13:12.185831+00).
postgres-1       | 2026-10-02 19:13:12.185 UTC [786] STATEMENT:  INSERT INTO user_console_settings (user_id, language) VALUES ($1, $2)
postgres-1       | 2026-10-02 19:13:12.197 UTC [852] ERROR:  new row for relation "user_console_settings" violates check constraint "user_console_settings_format_locale_check"
postgres-1       | 2026-10-02 19:13:12.197 UTC [852] DETAIL:  Failing row contains (86870180-c2de-42b7-8864-b356b7194876, browser, de-AT, browser, overview, system, 2026-10-02 19:13:12.196383+00, 2026-10-02 19:13:12.196383+00).
postgres-1       | 2026-10-02 19:13:12.197 UTC [852] STATEMENT:  INSERT INTO user_console_settings (user_id, format_locale) VALUES ($1, $2)
postgres-1       | 2026-10-02 19:13:12.204 UTC [853] ERROR:  new row for relation "user_console_settings" violates check constraint "user_console_settings_theme_check"
postgres-1       | 2026-10-02 19:13:12.204 UTC [853] DETAIL:  Failing row contains (86870180-c2de-42b7-8864-b356b7194876, browser, de-CH, browser, overview, sepia, 2026-10-02 19:13:12.203424+00, 2026-10-02 19:13:12.203424+00).
postgres-1       | 2026-10-02 19:13:12.204 UTC [853] STATEMENT:  INSERT INTO user_console_settings (user_id, theme) VALUES ($1, $2)
postgres-1       | 2026-10-02 19:13:12.211 UTC [854] ERROR:  new row for relation "user_console_settings" violates check constraint "user_console_settings_time_zone_check"
postgres-1       | 2026-10-02 19:13:12.211 UTC [854] DETAIL:  Failing row contains (86870180-c2de-42b7-8864-b356b7194876, browser, de-CH, kein zonenname mit leerzeichen, overview, system, 2026-10-02 19:13:12.20986+00, 2026-10-02 19:13:12.20986+00).
postgres-1       | 2026-10-02 19:13:12.211 UTC [854] STATEMENT:  INSERT INTO user_console_settings (user_id, time_zone) VALUES ($1, $2)
postgres-1       | 2026-10-02 19:13:12.217 UTC [855] ERROR:  new row for relation "user_console_settings" violates check constraint "user_console_settings_start_view_check"
postgres-1       | 2026-10-02 19:13:12.217 UTC [855] DETAIL:  Failing row contains (86870180-c2de-42b7-8864-b356b7194876, browser, de-CH, browser, Nicht Erlaubt, system, 2026-10-02 19:13:12.216572+00, 2026-10-02 19:13:12.216572+00).
postgres-1       | 2026-10-02 19:13:12.217 UTC [855] STATEMENT:  INSERT INTO user_console_settings (user_id, start_view) VALUES ($1, $2)
postgres-1       | 2026-10-02 19:13:12.225 UTC [805] ERROR:  permission denied for table users
postgres-1       | 2026-10-02 19:13:12.225 UTC [805] STATEMENT:  UPDATE users SET status = 'disabled' WHERE id = $1
postgres-1       | 2026-10-02 19:13:24.731 UTC [903] ERROR:  relation "plaene_86230839_e954_498b_8052_4c0b49da04bb.gibt_es_nicht" does not exist at character 73
postgres-1       | 2026-10-02 19:13:24.731 UTC [903] STATEMENT:  EXPLAIN (FORMAT JSON, COSTS ON, VERBOSE OFF, SUMMARY ON) SELECT id FROM "plaene_86230839_e954_498b_8052_4c0b49da04bb".gibt_es_nicht
postgres-1       | 2026-10-02 19:13:24.753 UTC [856] ERROR:  division by zero
postgres-1       | 2026-10-02 19:13:24.753 UTC [856] STATEMENT:  SELECT 1 / 0
postgres-1       | 2026-10-02 19:13:24.759 UTC [923] ERROR:  division by zero
postgres-1       | 2026-10-02 19:13:24.759 UTC [923] STATEMENT:  SELECT 1 / 0
postgres-1       | 2026-10-02 19:13:24.765 UTC [924] ERROR:  division by zero
postgres-1       | 2026-10-02 19:13:24.765 UTC [924] STATEMENT:  SELECT 1 / 0
postgres-1       | 2026-10-02 19:13:24.771 UTC [925] ERROR:  division by zero
postgres-1       | 2026-10-02 19:13:24.771 UTC [925] STATEMENT:  SELECT 1 / 0
postgres-1       | 2026-10-02 19:13:24.776 UTC [926] ERROR:  division by zero
postgres-1       | 2026-10-02 19:13:24.776 UTC [926] STATEMENT:  SELECT 1 / 0
postgres-1       | 2026-10-02 19:13:24.782 UTC [927] ERROR:  division by zero
postgres-1       | 2026-10-02 19:13:24.782 UTC [927] STATEMENT:  SELECT 1 / 0
postgres-1       | 2026-10-02 19:13:24.787 UTC [928] ERROR:  division by zero
postgres-1       | 2026-10-02 19:13:24.787 UTC [928] STATEMENT:  SELECT 1 / 0
postgres-1       | 2026-10-02 19:13:24.793 UTC [929] ERROR:  division by zero
postgres-1       | 2026-10-02 19:13:24.793 UTC [929] STATEMENT:  SELECT 1 / 0
postgres-1       | 2026-10-02 19:13:24.798 UTC [930] ERROR:  division by zero
postgres-1       | 2026-10-02 19:13:24.798 UTC [930] STATEMENT:  SELECT 1 / 0
postgres-1       | 2026-10-02 19:13:24.805 UTC [931] ERROR:  division by zero
postgres-1       | 2026-10-02 19:13:24.805 UTC [931] STATEMENT:  SELECT 1 / 0
postgres-1       | 2026-10-02 19:13:25.760 UTC [943] ERROR:  permission denied for table pg_user_mapping
postgres-1       | 2026-10-02 19:13:25.760 UTC [943] STATEMENT:  SELECT umoptions FROM pg_catalog.pg_user_mapping
postgres-1       | 2026-10-02 19:13:25.786 UTC [932] WARNING:  "wal_level" is insufficient to publish logical changes
postgres-1       | 2026-10-02 19:13:25.786 UTC [932] HINT:  Set "wal_level" to "logical" before creating subscriptions.
postgres-1       | 2026-10-02 19:13:25.795 UTC [945] ERROR:  permission denied for table pg_subscription
postgres-1       | 2026-10-02 19:13:25.795 UTC [945] STATEMENT:  SELECT subconninfo FROM pg_catalog.pg_subscription
postgres-1       | 2026-10-02 19:13:26.020 UTC [668] ERROR:  permission denied for table project_storage_s3_access_keys
postgres-1       | 2026-10-02 19:13:26.020 UTC [668] STATEMENT:  DELETE FROM project_storage_s3_access_keys WHERE id = $1
postgres-1       | 2026-10-02 19:13:26.021 UTC [670] ERROR:  permission denied for table project_storage_s3_access_keys
postgres-1       | 2026-10-02 19:13:26.021 UTC [670] STATEMENT:  UPDATE project_storage_s3_access_keys SET name = 'anders' WHERE id = $1
postgres-1       | 2026-10-02 19:13:26.023 UTC [932] ERROR:  project storage S3 access keys are immutable except for one-way revocation
postgres-1       | 2026-10-02 19:13:26.023 UTC [932] CONTEXT:  PL/pgSQL function qkern_reject_project_storage_s3_access_key_mutation() line 14 at RAISE
postgres-1       | 2026-10-02 19:13:26.023 UTC [932] STATEMENT:  UPDATE project_storage_s3_access_keys SET revoked_at = now() + interval '1 hour' WHERE id = $1
postgres-1       | 2026-10-02 19:13:26.068 UTC [948] ERROR:  project storage S3 access keys are immutable except for one-way revocation
postgres-1       | 2026-10-02 19:13:26.068 UTC [948] CONTEXT:  PL/pgSQL function qkern_reject_project_storage_s3_access_key_mutation() line 14 at RAISE
postgres-1       | 2026-10-02 19:13:26.068 UTC [948] STATEMENT:  UPDATE project_storage_s3_access_keys SET secret_ciphertext = $2 WHERE id = $1
postgres-1       | 2026-10-02 19:13:26.740 UTC [857] ERROR:  new row for relation "project_auth_settings" violates check constraint "project_auth_settings_hook_claims_check"
postgres-1       | 2026-10-02 19:13:26.740 UTC [857] DETAIL:  Failing row contains (8ea8f9c7-7637-4b51-86c9-8f1df297ef4c, f96a7d15-6193-4ac4-94a7-2fa034e7177e, development, f, 2026-10-02 19:13:26.657+00, {}, 10, 900, 5, 3600, 60, 3600, f, 12, named, null, 2000, hook-claims-9c6d41bd, 2000, {role}).
postgres-1       | 2026-10-02 19:13:26.740 UTC [857] STATEMENT:  UPDATE project_auth_settings SET access_token_hook_function = $1, access_token_hook_claims = ARRAY['role']::text[] WHERE organization_id = '8ea8f9c7-7637-4b51-86c9-8f1df297ef4c' AND project_id = 'f96a7d15-6193-4ac4-94a7-2fa034e7177e'
postgres-1       | 	      AND environment = 'development'
postgres-1       | 2026-10-02 19:13:26.750 UTC [950] ERROR:  new row for relation "project_auth_settings" violates check constraint "project_auth_settings_hook_timeout_check"
postgres-1       | 2026-10-02 19:13:26.750 UTC [950] DETAIL:  Failing row contains (8ea8f9c7-7637-4b51-86c9-8f1df297ef4c, f96a7d15-6193-4ac4-94a7-2fa034e7177e, development, f, 2026-10-02 19:13:26.657+00, {}, 10, 900, 5, 3600, 60, 3600, f, 12, named, null, 0, null, 2000, {}).
postgres-1       | 2026-10-02 19:13:26.750 UTC [950] STATEMENT:  UPDATE project_auth_settings SET sign_in_hook_timeout_ms = 0 WHERE organization_id = '8ea8f9c7-7637-4b51-86c9-8f1df297ef4c' AND project_id = 'f96a7d15-6193-4ac4-94a7-2fa034e7177e'
postgres-1       | 	      AND environment = 'development'
postgres-1       | 2026-10-02 19:13:26.759 UTC [951] ERROR:  new row for relation "project_auth_settings" violates check constraint "project_auth_settings_hook_function_check"
postgres-1       | 2026-10-02 19:13:26.759 UTC [951] DETAIL:  Failing row contains (8ea8f9c7-7637-4b51-86c9-8f1df297ef4c, f96a7d15-6193-4ac4-94a7-2fa034e7177e, development, f, 2026-10-02 19:13:26.657+00, {}, 10, 900, 5, 3600, 60, 3600, f, 12, named, Nope!, 2000, null, 2000, {}).
postgres-1       | 2026-10-02 19:13:26.759 UTC [951] STATEMENT:  UPDATE project_auth_settings SET sign_in_hook_function = 'Nope!' WHERE organization_id = '8ea8f9c7-7637-4b51-86c9-8f1df297ef4c' AND project_id = 'f96a7d15-6193-4ac4-94a7-2fa034e7177e'
postgres-1       | 	      AND environment = 'development'
postgres-1       | 2026-10-02 19:13:26.769 UTC [952] ERROR:  new row for relation "project_auth_settings" violates check constraint "project_auth_settings_hook_claims_check"
postgres-1       | 2026-10-02 19:13:26.769 UTC [952] DETAIL:  Failing row contains (8ea8f9c7-7637-4b51-86c9-8f1df297ef4c, f96a7d15-6193-4ac4-94a7-2fa034e7177e, development, f, 2026-10-02 19:13:26.657+00, {}, 10, 900, 5, 3600, 60, 3600, f, 12, named, null, 2000, null, 2000, {tenant}).
postgres-1       | 2026-10-02 19:13:26.769 UTC [952] STATEMENT:  UPDATE project_auth_settings SET access_token_hook_function = NULL, access_token_hook_claims = ARRAY['tenant']::text[] WHERE organization_id = '8ea8f9c7-7637-4b51-86c9-8f1df297ef4c' AND project_id = 'f96a7d15-6193-4ac4-94a7-2fa034e7177e'
postgres-1       | 	      AND environment = 'development'
postgres-1       | 2026-10-02 19:13:26.906 UTC [953] ERROR:  permission denied for table project_auth_passkeys
postgres-1       | 2026-10-02 19:13:26.906 UTC [953] STATEMENT:  UPDATE project_auth_passkeys SET public_key = $1
postgres-1       | 	        WHERE organization_id = $2 AND project_id = $3
postgres-1       | 2026-10-02 19:13:27.142 UTC [954] ERROR:  new row for relation "project_auth_third_party_providers" violates check constraint "project_auth_third_party_providers_role_check"
postgres-1       | 2026-10-02 19:13:27.142 UTC [954] DETAIL:  Failing row contains (d84844cf-90fa-43a1-a220-016deab2cd03, b1e12091-ade9-44ff-8fed-1fdf197130f3, 8e9ea17b-8f76-4788-9a8c-7ff84d5c1594, development, direkt, https://direkt.example.com, https://aussteller-2-80.example.com/.well-known/jwks.json, {qkern-app-2-80}, sub, null, service_role, 2026-10-02 19:13:27.140771+00).
postgres-1       | 2026-10-02 19:13:27.142 UTC [954] STATEMENT:  INSERT INTO project_auth_third_party_providers
postgres-1       | 	        (id, organization_id, project_id, environment, name, issuer, jwks_uri, audiences, default_role)
postgres-1       | 	        VALUES ($1,$2,$3,$4,'direkt','https://direkt.example.com',$5,ARRAY[$6]::text[],'service_role')
postgres-1       | 2026-10-02 19:13:27.162 UTC [955] ERROR:  permission denied for table project_auth_third_party_providers
postgres-1       | 2026-10-02 19:13:27.162 UTC [955] STATEMENT:  UPDATE project_auth_third_party_providers SET jwks_uri = $1 WHERE issuer = $2
postgres-1       | 2026-10-02 19:13:28.696 UTC [977] ERROR:  new row violates row-level security policy for table "notizen"
postgres-1       | 2026-10-02 19:13:28.696 UTC [977] STATEMENT:  INSERT INTO "graphqlw_d57ee06e_0675_4832_a3b4_429816e69ea7"."notizen" ("besitzer", "inhalt", "menge")
postgres-1       | 	         VALUES ($1, $2, $3)
postgres-1       | 	         
postgres-1       | 	         RETURNING "id", "besitzer", "inhalt", "menge"
postgres-1       | 2026-10-02 19:13:28.705 UTC [977] ERROR:  new row violates row-level security policy for table "notizen"
postgres-1       | 2026-10-02 19:13:28.705 UTC [977] STATEMENT:  UPDATE "graphqlw_d57ee06e_0675_4832_a3b4_429816e69ea7"."notizen" SET "besitzer" = $1
postgres-1       | 	       WHERE "menge" = $2 RETURNING "id", "besitzer", "inhalt", "menge"
postgres-1       | 2026-10-02 19:13:28.843 UTC [978] ERROR:  new row violates row-level security policy (USING expression) for table "kunden"
postgres-1       | 2026-10-02 19:13:28.843 UTC [978] STATEMENT:  INSERT INTO "gqlupsert_cb8cbb0d_bc4f_45f8_aaca_c20c0dbd07ad"."kunden" ("besitzer", "email", "name", "punkte")
postgres-1       | 	         VALUES ($1, $2, $3, $4)
postgres-1       | 	         ON CONFLICT ("email")
postgres-1       | 	         DO UPDATE SET "besitzer" = EXCLUDED."besitzer", "name" = EXCLUDED."name", "punkte" = EXCLUDED."punkte"
postgres-1       | 	         RETURNING "id", "besitzer", "email", "name", "punkte", "slug"
postgres-1       | 2026-10-02 19:13:28.848 UTC [978] ERROR:  new row violates row-level security policy (USING expression) for table "kunden"
postgres-1       | 2026-10-02 19:13:28.848 UTC [978] STATEMENT:  INSERT INTO "gqlupsert_cb8cbb0d_bc4f_45f8_aaca_c20c0dbd07ad"."kunden" ("besitzer", "email", "name", "punkte")
postgres-1       | 	         VALUES ($1, $2, $3, $4)
postgres-1       | 	         ON CONFLICT ("email")
postgres-1       | 	         DO UPDATE SET "besitzer" = EXCLUDED."besitzer", "name" = EXCLUDED."name", "punkte" = EXCLUDED."punkte"
postgres-1       | 	         RETURNING "id", "besitzer", "email", "name", "punkte", "slug"
postgres-1       | 2026-10-02 19:13:28.863 UTC [978] ERROR:  new row violates row-level security policy (USING expression) for table "kunden"
postgres-1       | 2026-10-02 19:13:28.863 UTC [978] STATEMENT:  INSERT INTO "gqlupsert_cb8cbb0d_bc4f_45f8_aaca_c20c0dbd07ad"."kunden" ("besitzer", "email", "name", "punkte")
postgres-1       | 	         VALUES ($1, $2, $3, $4)
postgres-1       | 	         ON CONFLICT ("email")
postgres-1       | 	         DO UPDATE SET "besitzer" = EXCLUDED."besitzer", "name" = EXCLUDED."name", "punkte" = EXCLUDED."punkte"
postgres-1       | 	         RETURNING "id", "besitzer", "email", "name", "punkte", "slug"
postgres-1       | 2026-10-02 19:13:28.985 UTC [979] ERROR:  new row violates row-level security policy (USING expression) for table "kunden"
postgres-1       | 2026-10-02 19:13:28.985 UTC [979] STATEMENT:  INSERT INTO "mcpupsert_c53307e2_13d7_4a00_b9c9_7092f89fc05a"."kunden" ("besitzer", "email", "name", "punkte")
postgres-1       | 	         VALUES ($1, $2, $3, $4)
postgres-1       | 	         ON CONFLICT ("email")
postgres-1       | 	         DO UPDATE SET "besitzer" = EXCLUDED."besitzer", "name" = EXCLUDED."name", "punkte" = EXCLUDED."punkte"
postgres-1       | 	         RETURNING "id", "besitzer", "email", "name", "punkte"
postgres-1       | 2026-10-02 19:13:29.021 UTC [979] ERROR:  new row violates row-level security policy (USING expression) for table "kunden"
postgres-1       | 2026-10-02 19:13:29.021 UTC [979] STATEMENT:  INSERT INTO "mcpupsert_c53307e2_13d7_4a00_b9c9_7092f89fc05a"."kunden" ("besitzer", "email", "name", "punkte")
postgres-1       | 	         VALUES ($1, $2, $3, $4)
postgres-1       | 	         ON CONFLICT ("email")
postgres-1       | 	         DO UPDATE SET "besitzer" = EXCLUDED."besitzer", "name" = EXCLUDED."name", "punkte" = EXCLUDED."punkte"
postgres-1       | 	         RETURNING "id", "besitzer", "email", "name", "punkte"
postgres-1       | 2026-10-02 19:13:29.140 UTC [980] ERROR:  permission denied for table project_auth_oauth_clients
postgres-1       | 2026-10-02 19:13:29.140 UTC [980] STATEMENT:  UPDATE project_auth_oauth_clients SET scopes = ARRAY['data:write']::text[] WHERE id = $1
postgres-1       | 2026-10-02 19:13:29.141 UTC [956] ERROR:  new row for relation "project_auth_oauth_codes" violates check constraint "project_auth_oauth_codes_pkce_check"
postgres-1       | 2026-10-02 19:13:29.141 UTC [956] DETAIL:  Failing row contains (09063fb5-93d6-4618-99b2-9cbbf9e84c54, 00a56987-474d-4a86-80db-3dcccd9a9037, 5dc7c1fc-7e4c-4cca-b99f-6b22b0303952, development, e4c96173-57d3-4376-8a1d-d18f1eb6bc0e, 9ad6d33a-47c0-4c2b-91c3-8d612f42d5eb, https://app.test/oauth/zurueck, {data:read}, direkt-c03371ff-9fa9-4e50-a915-4f9af9b3f3bc, ReGkfQMQh0wHyP2_u9jDswP__KAGo-qlW0CX1QMkBt4, plain, 2026-10-02 19:13:29.141374+00, 2026-10-02 19:14:29.141374+00, null, null).
postgres-1       | 2026-10-02 19:13:29.141 UTC [956] STATEMENT:  INSERT INTO project_auth_oauth_codes
postgres-1       | 	        (id, organization_id, project_id, environment, client_id, auth_user_id, redirect_uri,
postgres-1       | 	         scopes, code_hash, code_challenge, code_challenge_method, expires_at)
postgres-1       | 	        VALUES ($1,$2,$3,'development',$4,$5,$6,ARRAY['data:read']::text[],$7,$8,'plain',now() + interval '1 minute')
postgres-1       | 2026-10-02 19:13:29.329 UTC [325] LOG:  checkpoint starting: immediate force wait
postgres-1       | 2026-10-02 19:13:29.332 UTC [325] LOG:  checkpoint complete: wrote 450 buffers (2.7%); 0 WAL file(s) added, 0 removed, 2 recycled; write=0.003 s, sync=0.001 s, total=0.003 s; sync files=310, longest=0.001 s, average=0.000 s; distance=26793 kB, estimate=26793 kB; lsn=0/6837A08, redo lsn=0/68379B0
postgres-1       | 2026-10-02 19:13:29.356 UTC [947] ERROR:  permission denied for table project_auth_one_time_tokens
postgres-1       | 2026-10-02 19:13:29.356 UTC [947] STATEMENT:  DELETE FROM project_auth_one_time_tokens WHERE organization_id = $1
postgres-1       | 2026-10-02 19:13:29.363 UTC [986] ERROR:  permission denied for table project_auth_oauth_tokens
postgres-1       | 2026-10-02 19:13:29.363 UTC [986] STATEMENT:  DELETE FROM project_auth_oauth_tokens WHERE organization_id = $1
postgres-1       | 2026-10-02 19:13:29.414 UTC [987] ERROR:  permission denied for table project_auth_saml_assertions
postgres-1       | 2026-10-02 19:13:29.414 UTC [987] STATEMENT:  DELETE FROM project_auth_saml_assertions WHERE organization_id = $1
postgres-1       | 2026-10-02 19:13:30.505 UTC [983] ERROR:  permission denied for table project_auth_oauth_consents
postgres-1       | 2026-10-02 19:13:30.505 UTC [983] STATEMENT:  DELETE FROM project_auth_oauth_consents WHERE id = $1
postgres-1       | 2026-10-02 19:13:30.506 UTC [981] ERROR:  project auth oauth consents are immutable except for one-way revocation
postgres-1       | 2026-10-02 19:13:30.506 UTC [981] CONTEXT:  PL/pgSQL function qkern_reject_project_auth_oauth_consent_mutation() line 8 at RAISE
postgres-1       | 2026-10-02 19:13:30.506 UTC [981] STATEMENT:  UPDATE project_auth_oauth_consents SET revoked_at = NULL WHERE id = $1
postgres-1       | 2026-10-02 19:13:30.513 UTC [1000] ERROR:  permission denied for table project_auth_oauth_consents
postgres-1       | 2026-10-02 19:13:30.513 UTC [1000] STATEMENT:  UPDATE project_auth_oauth_consents SET scopes = ARRAY['data:write']::text[] WHERE id = $1
postgres-1       | 2026-10-02 19:13:30.566 UTC [949] ERROR:  update or delete on table "users" violates foreign key constraint "organizations_created_by_fkey" on table "organizations"
postgres-1       | 2026-10-02 19:13:30.566 UTC [949] DETAIL:  Key (id)=(a68209c4-2973-4154-96c3-6531610cced2) is still referenced from table "organizations".
postgres-1       | 2026-10-02 19:13:30.566 UTC [949] STATEMENT:  DELETE FROM users WHERE id = $1
postgres-1       | 2026-10-02 19:13:30.586 UTC [1004] ERROR:  extension "vector" is not available
postgres-1       | 2026-10-02 19:13:30.586 UTC [1004] DETAIL:  Could not open extension control file "/usr/local/share/postgresql/extension/vector.control": No such file or directory.
postgres-1       | 2026-10-02 19:13:30.586 UTC [1004] HINT:  The extension must first be installed on the system where PostgreSQL is running.
postgres-1       | 2026-10-02 19:13:30.586 UTC [1004] STATEMENT:  CREATE EXTENSION vector
postgres-1       | 2026-10-02 19:13:30.609 UTC [1005] ERROR:  array is too long
postgres-1       | 2026-10-02 19:13:30.609 UTC [1005] DETAIL:  A cube cannot have more than 100 dimensions.
postgres-1       | 2026-10-02 19:13:30.609 UTC [1005] STATEMENT:  SELECT cube(array_fill(0::float8, ARRAY[$1::int]))
postgres-1       | 2026-10-02 19:13:30.831 UTC [1006] ERROR:  update or delete on table "users" violates foreign key constraint "organizations_created_by_fkey" on table "organizations"
postgres-1       | 2026-10-02 19:13:30.831 UTC [1006] DETAIL:  Key (id)=(b3366fa7-308f-4386-8091-d16692fd4afe) is still referenced from table "organizations".
postgres-1       | 2026-10-02 19:13:30.831 UTC [1006] STATEMENT:  DELETE FROM users WHERE id = $1
postgres-1       | 2026-10-02 19:13:31.074 UTC [1009] ERROR:  new row violates row-level security policy for table "kommentare"
postgres-1       | 2026-10-02 19:13:31.074 UTC [1009] STATEMENT:  INSERT INTO "gqlrel_6eb7a788_138e_4d15_ae98_b75bb974ffeb"."kommentare" ("beitrag_id", "besitzer", "id", "text")
postgres-1       | 	         VALUES ($1, $2, $3, $4)
postgres-1       | 	         
postgres-1       | 	         RETURNING "id", "beitrag_id", "verfasser_id", "text", "besitzer"
postgres-1       | 2026-10-02 19:13:31.161 UTC [1010] ERROR:  permission denied for table verschlossen
postgres-1       | 2026-10-02 19:13:31.161 UTC [1010] STATEMENT:  SELECT inhalt FROM "gqlxs_b_b79af573_c6e0_4385_9758_94457a587a80".verschlossen
postgres-1       | 2026-10-02 19:13:31.239 UTC [998] ERROR:  permission denied for table project_function_invocation_output
postgres-1       | 2026-10-02 19:13:31.239 UTC [998] STATEMENT:  UPDATE project_function_invocation_output SET truncated = true
postgres-1       | 2026-10-02 19:13:31.240 UTC [998] ERROR:  permission denied for table project_function_invocation_output
postgres-1       | 2026-10-02 19:13:31.240 UTC [998] STATEMENT:  DELETE FROM project_function_invocation_output
postgres-1       | 2026-10-02 19:13:31.243 UTC [1007] ERROR:  new row for relation "project_function_invocation_output" violates check constraint "project_function_invocation_output_line_count_check"
postgres-1       | 2026-10-02 19:13:31.243 UTC [1007] DETAIL:  Failing row contains (49068c59-1630-4434-b516-5756f2f251fc, d09b2e80-aa5e-486c-806f-9a3664f4c813, 67cf4bbf-a478-413f-8e06-8d96a8c6dfcc, development, b5c95dee-b575-4745-a725-f87b27af9992, 1df10fa1-4175-4534-8006-b46d71ae0acf, 2026-10-02 19:13:31.241984+00, 501, 501, 0, 0, f, 0, [{"at": "2026-09-29T10:00:00.000Z", "cut": false, "text": "x", "...).
postgres-1       | 2026-10-02 19:13:31.243 UTC [1007] STATEMENT:  INSERT INTO project_function_invocation_output
postgres-1       | 	         (organization_id, project_id, environment, function_id, invocation_id,
postgres-1       | 	          line_count, stdout_lines, stderr_lines, byte_count, truncated, dropped_lines, lines)
postgres-1       | 	       VALUES ($1, $2, 'development', $3, $4, $5, $6, 0, 0, $7, $8, $9::jsonb)
postgres-1       | 2026-10-02 19:13:31.250 UTC [1012] ERROR:  new row for relation "project_function_invocation_output" violates check constraint "project_function_invocation_output_lines_shape"
postgres-1       | 2026-10-02 19:13:31.250 UTC [1012] DETAIL:  Failing row contains (706be1c2-5b36-4a30-a6a1-e02d00099fd0, d09b2e80-aa5e-486c-806f-9a3664f4c813, 67cf4bbf-a478-413f-8e06-8d96a8c6dfcc, development, b5c95dee-b575-4745-a725-f87b27af9992, 1df10fa1-4175-4534-8006-b46d71ae0acf, 2026-10-02 19:13:31.248981+00, 2, 2, 0, 0, f, 0, [{"at": "2026-09-29T10:00:00.000Z", "cut": false, "text": "x", "...).
postgres-1       | 2026-10-02 19:13:31.250 UTC [1012] STATEMENT:  INSERT INTO project_function_invocation_output
postgres-1       | 	         (organization_id, project_id, environment, function_id, invocation_id,
postgres-1       | 	          line_count, stdout_lines, stderr_lines, byte_count, truncated, dropped_lines, lines)
postgres-1       | 	       VALUES ($1, $2, 'development', $3, $4, $5, $6, 0, 0, $7, $8, $9::jsonb)
postgres-1       | 2026-10-02 19:13:31.258 UTC [1013] ERROR:  insert or update on table "project_function_invocation_output" violates foreign key constraint "project_function_invocation_o_organization_id_invocation_i_fkey"
postgres-1       | 2026-10-02 19:13:31.258 UTC [1013] DETAIL:  Key (organization_id, invocation_id)=(d09b2e80-aa5e-486c-806f-9a3664f4c813, 0fb5b0da-7941-46a6-971a-66e5d71e5717) is not present in table "project_function_invocations".
postgres-1       | 2026-10-02 19:13:31.258 UTC [1013] STATEMENT:  INSERT INTO project_function_invocation_output
postgres-1       | 	         (organization_id, project_id, environment, function_id, invocation_id,
postgres-1       | 	          line_count, stdout_lines, stderr_lines, byte_count, truncated, dropped_lines, lines)
postgres-1       | 	       VALUES ($1, $2, 'development', $3, $4, $5, $6, 0, 0, $7, $8, $9::jsonb)
postgres-1       | 2026-10-02 19:13:31.266 UTC [1014] ERROR:  duplicate key value violates unique constraint "project_function_invocation_o_organization_id_invocation_id_key"
postgres-1       | 2026-10-02 19:13:31.266 UTC [1014] DETAIL:  Key (organization_id, invocation_id)=(d09b2e80-aa5e-486c-806f-9a3664f4c813, 66bbc401-5102-4524-ab98-d109a78c961c) already exists.
postgres-1       | 2026-10-02 19:13:31.266 UTC [1014] STATEMENT:  INSERT INTO project_function_invocation_output
postgres-1       | 	         (organization_id, project_id, environment, function_id, invocation_id,
postgres-1       | 	          line_count, stdout_lines, stderr_lines, byte_count, truncated, dropped_lines, lines)
postgres-1       | 	       VALUES ($1, $2, 'development', $3, $4, $5, $6, 0, 0, $7, $8, $9::jsonb)
postgres-1       | 2026-10-02 19:13:31.381 UTC [1001] ERROR:  duplicate key value violates unique constraint "project_auth_saml_assertion_key"
postgres-1       | 2026-10-02 19:13:31.381 UTC [1001] DETAIL:  Key (organization_id, project_id, environment, provider, assertion_id)=(9e11bb1d-773a-4191-955a-b2d136698549, b35e944b-c08f-4a6c-b899-7e2d9c36c8a5, development, federation, _a579fca0115867f752460049bfa1144aa) already exists.
postgres-1       | 2026-10-02 19:13:31.381 UTC [1001] STATEMENT:  INSERT INTO project_auth_saml_assertions
postgres-1       | 	      (organization_id, project_id, environment, provider, assertion_id, expires_at)
postgres-1       | 	      VALUES ($1, $2, 'development', 'federation', $3, now() + interval '5 minutes')
postgres-1       | 2026-10-02 19:13:31.384 UTC [1002] ERROR:  new row for relation "project_auth_saml_assertions" violates check constraint "project_auth_saml_assertions_assertion_id_check"
postgres-1       | 2026-10-02 19:13:31.384 UTC [1002] DETAIL:  Failing row contains (008d588e-b076-46c4-b8b3-a5348c976bc4, 9e11bb1d-773a-4191-955a-b2d136698549, b35e944b-c08f-4a6c-b899-7e2d9c36c8a5, development, federation, 9nope, 2026-10-02 19:13:31.38427+00, 2026-10-02 19:18:31.38427+00).
postgres-1       | 2026-10-02 19:13:31.384 UTC [1002] STATEMENT:  INSERT INTO project_auth_saml_assertions
postgres-1       | 	      (organization_id, project_id, environment, provider, assertion_id, expires_at)
postgres-1       | 	      VALUES ($1, $2, 'development', 'federation', '9nope', now() + interval '5 minutes')
postgres-1       | 2026-10-02 19:13:31.391 UTC [1016] ERROR:  new row for relation "project_auth_saml_assertions" violates check constraint "project_auth_saml_assertions_provider_check"
postgres-1       | 2026-10-02 19:13:31.391 UTC [1016] DETAIL:  Failing row contains (e420d4b9-577f-4aef-84e1-208dfdd29e41, 9e11bb1d-773a-4191-955a-b2d136698549, b35e944b-c08f-4a6c-b899-7e2d9c36c8a5, development, Federation, _abc, 2026-10-02 19:13:31.390182+00, 2026-10-02 19:18:31.390182+00).
postgres-1       | 2026-10-02 19:13:31.391 UTC [1016] STATEMENT:  INSERT INTO project_auth_saml_assertions
postgres-1       | 	      (organization_id, project_id, environment, provider, assertion_id, expires_at)
postgres-1       | 	      VALUES ($1, $2, 'development', 'Federation', '_abc', now() + interval '5 minutes')
postgres-1       | 2026-10-02 19:13:31.399 UTC [1017] ERROR:  new row for relation "project_auth_saml_assertions" violates check constraint "project_auth_saml_assertions_window"
postgres-1       | 2026-10-02 19:13:31.399 UTC [1017] DETAIL:  Failing row contains (5a6a6f0d-e470-4ebd-8eae-45bcf1d94108, 9e11bb1d-773a-4191-955a-b2d136698549, b35e944b-c08f-4a6c-b899-7e2d9c36c8a5, development, federation, _window, 2026-10-02 19:13:31.397424+00, 2026-10-02 19:12:31.397424+00).
postgres-1       | 2026-10-02 19:13:31.399 UTC [1017] STATEMENT:  INSERT INTO project_auth_saml_assertions
postgres-1       | 	      (organization_id, project_id, environment, provider, assertion_id, used_at, expires_at)
postgres-1       | 	      VALUES ($1, $2, 'development', 'federation', '_window', now(), now() - interval '1 minute')
postgres-1       | 2026-10-02 19:13:31.406 UTC [1018] ERROR:  new row for relation "project_auth_one_time_tokens" violates check constraint "project_auth_one_time_tokens_purpose_check"
postgres-1       | 2026-10-02 19:13:31.406 UTC [1018] DETAIL:  Failing row contains (ccd9dde7-4dd0-42b4-bb96-77b1f7e58846, 9e11bb1d-773a-4191-955a-b2d136698549, b35e944b-c08f-4a6c-b899-7e2d9c36c8a5, development, null, saml_reply, aaaaaaaaaaaaaaaaaaaaaaaaaaaaaaaaaaaaaaaaaaaaaaaaaaaaaaaaaaaaaaaa, {}, 2026-10-02 19:13:31.404432+00, 2026-10-02 19:18:31.404432+00, null).
postgres-1       | 2026-10-02 19:13:31.406 UTC [1018] STATEMENT:  INSERT INTO project_auth_one_time_tokens
postgres-1       | 	      (organization_id, project_id, environment, purpose, token_hash, expires_at)
postgres-1       | 	      VALUES ($1, $2, 'development', 'saml_reply', $3, now() + interval '5 minutes')
postgres-1       | 2026-10-02 19:13:31.413 UTC [1019] ERROR:  permission denied for table project_auth_saml_assertions
postgres-1       | 2026-10-02 19:13:31.413 UTC [1019] STATEMENT:  UPDATE project_auth_saml_assertions SET assertion_id = '_other' WHERE organization_id = $1
postgres-1       | 2026-10-02 19:13:31.455 UTC [1015] ERROR:  project storage upload verifier and identity are immutable
postgres-1       | 2026-10-02 19:13:31.455 UTC [1015] CONTEXT:  PL/pgSQL function qkern_reject_project_storage_upload_mutation() line 15 at RAISE
postgres-1       | 2026-10-02 19:13:31.455 UTC [1015] STATEMENT:  UPDATE project_storage_uploads
postgres-1       | 	      SET parts_declared = true, kind = 'single', provider_upload_id = NULL
postgres-1       | 	      WHERE id = $1
postgres-1       | 2026-10-02 19:13:31.465 UTC [1021] ERROR:  project storage upload verifier and identity are immutable
postgres-1       | 2026-10-02 19:13:31.465 UTC [1021] CONTEXT:  PL/pgSQL function qkern_reject_project_storage_upload_mutation() line 15 at RAISE
postgres-1       | 2026-10-02 19:13:31.465 UTC [1021] STATEMENT:  UPDATE project_storage_uploads SET parts_declared = false
postgres-1       | 	      WHERE id = $1
postgres-1       | 2026-10-02 19:13:31.507 UTC [1022] ERROR:  project storage upload verifier and identity are immutable
postgres-1       | 2026-10-02 19:13:31.507 UTC [1022] CONTEXT:  PL/pgSQL function qkern_reject_project_storage_upload_mutation() line 15 at RAISE
postgres-1       | 2026-10-02 19:13:31.507 UTC [1022] STATEMENT:  UPDATE project_storage_uploads SET checksum_sha256 = NULL WHERE id = $1
postgres-1       | 2026-10-02 19:13:31.523 UTC [1023] ERROR:  new row for relation "project_storage_uploads" violates check constraint "project_storage_uploads_completed_content"
postgres-1       | 2026-10-02 19:13:31.523 UTC [1023] DETAIL:  Failing row contains (f747d952-5f73-4927-97b0-dc8c00979942, 6a2936a7-c5b4-4938-bc7c-8995f371b6b2, 96b3a41c-becc-42bb-8c3c-4ee31d6a044a, development, a7b8a34c-5821-4e50-95d0-e4eefa808018, halfway.txt, 6a2936a7-c5b4-4938-bc7c-8995f371b6b2/96b3a41c-becc-42bb-8c3c-4ee..., bbfcfce5-0ff0-440c-817c-57416c16a660, text/plain, 1, null, ocPzWcXfz1VuM19WYKzf5FclZihtFpKYxHeZOkqdVog, completed, 2026-10-02 19:13:31.445+00, 2026-10-02 20:13:31.445+00, null, null, multipart, provider-upload-halfway, t).
postgres-1       | 2026-10-02 19:13:31.523 UTC [1023] STATEMENT:  UPDATE project_storage_uploads SET status = 'completed', size_bytes = 1 WHERE id = $1
postgres-1       | 2026-10-02 19:13:31.558 UTC [1031] ERROR:  permission denied for function pg_read_file
postgres-1       | 2026-10-02 19:13:31.558 UTC [1031] STATEMENT:  SELECT pg_read_file('postgresql.conf', 0, 16)
postgres-1       | 2026-10-02 19:13:31.563 UTC [1035] ERROR:  permission denied for function pg_ls_logdir
postgres-1       | 2026-10-02 19:13:31.563 UTC [1035] STATEMENT:  SELECT * FROM pg_ls_logdir()
postgres-1       | 2026-10-02 19:13:31.568 UTC [1036] ERROR:  permission denied to examine "log_directory"
postgres-1       | 2026-10-02 19:13:31.568 UTC [1036] DETAIL:  Only roles with privileges of the "pg_read_all_settings" role may examine this parameter.
postgres-1       | 2026-10-02 19:13:31.568 UTC [1036] STATEMENT:  SHOW log_directory
postgres-1       | 2026-10-02 19:13:31.574 UTC [1024] ERROR:  could not open directory "log": No such file or directory
postgres-1       | 2026-10-02 19:13:31.574 UTC [1024] STATEMENT:  SELECT * FROM pg_ls_logdir()
postgres-1       | 2026-10-02 19:13:31.616 UTC [1041] ERROR:  permission denied for function pg_read_file
postgres-1       | 2026-10-02 19:13:31.616 UTC [1041] STATEMENT:  SELECT pg_read_file('postgresql.conf', 0, 8)
postgres-1       | 2026-10-02 19:13:31.645 UTC [998] ERROR:  new row for relation "realtime_presence" violates check constraint "realtime_presence_lease_forward"
postgres-1       | 2026-10-02 19:13:31.645 UTC [998] STATEMENT:  INSERT INTO realtime_presence (organization_id, project_id, environment, channel,
postgres-1       | 	             presence_key, instance_id, state, tracked_at, expires_at)
postgres-1       | 	           VALUES ($1,$2,'development',$3,'qk_presence_2113backwards','instance-a','{}',$4,$5)
postgres-1       | 2026-10-02 19:13:31.646 UTC [998] ERROR:  permission denied for table realtime_presence
postgres-1       | 2026-10-02 19:13:31.646 UTC [998] STATEMENT:  UPDATE realtime_presence SET channel='public:hijacked'
postgres-1       | 	          WHERE organization_id=$1 AND channel=$2
postgres-1       | 2026-10-02 19:13:31.654 UTC [1043] ERROR:  permission denied for table realtime_presence
postgres-1       | 2026-10-02 19:13:31.654 UTC [1043] STATEMENT:  UPDATE realtime_presence SET presence_key='qk_presence_2113stolen'
postgres-1       | 	          WHERE organization_id=$1 AND channel=$2
postgres-1       | 2026-10-02 19:13:31.775 UTC [1045] ERROR:  duplicate key value violates unique constraint "billing_invoice_lines_invoice_id_line_key_key"
postgres-1       | 2026-10-02 19:13:31.775 UTC [1045] STATEMENT:  INSERT INTO billing_invoice_lines
postgres-1       | 	               (organization_id, invoice_id, line_key, label, metric, quantity,
postgres-1       | 	                unit_price_micros, per_units, amount_micros)
postgres-1       | 	             VALUES ($1,$2,'charge:support-retainer','Betreuung noch einmal',NULL,1,5000000,1,5000000)
postgres-1       | 2026-10-02 19:13:31.780 UTC [1038] ERROR:  update or delete on table "organizations" violates foreign key constraint "billing_rate_cards_organization_id_fkey" on table "billing_rate_cards"
postgres-1       | 2026-10-02 19:13:31.780 UTC [1038] DETAIL:  Key (id)=(2fe6ee7a-f4c0-4ee5-b61a-9ce52234ba88) is still referenced from table "billing_rate_cards".
postgres-1       | 2026-10-02 19:13:31.780 UTC [1038] STATEMENT:  DELETE FROM organizations WHERE id IN ($1,$2)
postgres-1       | 2026-10-02 19:13:31.788 UTC [1046] ERROR:  update or delete on table "users" violates foreign key constraint "organizations_created_by_fkey" on table "organizations"
postgres-1       | 2026-10-02 19:13:31.788 UTC [1046] DETAIL:  Key (id)=(137fe724-62d2-4fb4-9d3f-417fb8a0f8ba) is still referenced from table "organizations".
postgres-1       | 2026-10-02 19:13:31.788 UTC [1046] STATEMENT:  DELETE FROM users WHERE id = $1
postgres-1       | 2026-10-02 19:13:31.854 UTC [1044] ERROR:  permission denied for table project_queue_message_traces
postgres-1       | 2026-10-02 19:13:31.854 UTC [1044] STATEMENT:  UPDATE project_queue_message_traces SET station='completed'
postgres-1       | 	            WHERE organization_id=$1 AND message_id=$2
postgres-1       | 2026-10-02 19:13:31.855 UTC [1047] ERROR:  a project queue trace station is append-only
postgres-1       | 2026-10-02 19:13:31.855 UTC [1047] CONTEXT:  PL/pgSQL function qkern_reject_project_queue_trace_update() line 3 at RAISE
postgres-1       | 2026-10-02 19:13:31.855 UTC [1047] STATEMENT:  UPDATE project_queue_message_traces SET station='completed'
postgres-1       | 	          WHERE organization_id=$1 AND message_id=$2
postgres-1       | 2026-10-02 19:13:32.223 UTC [1048] ERROR:  new row for relation "project_queue_message_traces" violates check constraint "project_queue_message_traces_span_shape"
postgres-1       | 2026-10-02 19:13:32.223 UTC [1048] DETAIL:  Failing row contains (15127f78-0435-4190-8ece-c8ba73db2102, 9d4a868f-f16c-4cdb-a036-41f32d49e720, 28e9766c-d281-4ce8-9090-7c964b7bde16, development, 6c508665-91b6-4bf5-83fe-c47bd8ffc8e9, 8224fc94-357e-49b2-b979-83b7a1799e7c, 60, enqueued, 0, null, null, null, null, null, 2026-10-02 19:13:32.206+00, 2026-10-03 19:13:32.206+00, 0000000000000000).
postgres-1       | 2026-10-02 19:13:32.223 UTC [1048] STATEMENT:  INSERT INTO project_queue_message_traces
postgres-1       | 	         (organization_id,project_id,environment,queue_id,message_id,sequence,station,attempt,
postgres-1       | 	          span_id,occurred_at,expires_at)
postgres-1       | 	       SELECT organization_id,project_id,environment,queue_id,message_id,60,'enqueued',0,
postgres-1       | 	              repeat('0',16),occurred_at,expires_at
postgres-1       | 	         FROM project_queue_message_traces
postgres-1       | 	        WHERE organization_id=$1 AND message_id=$2 AND sequence=1
postgres-1       | 2026-10-02 19:13:32.231 UTC [1049] ERROR:  duplicate key value violates unique constraint "project_queue_message_traces_span_key"
postgres-1       | 2026-10-02 19:13:32.231 UTC [1049] DETAIL:  Key (organization_id, project_id, environment, message_id, span_id)=(9d4a868f-f16c-4cdb-a036-41f32d49e720, 28e9766c-d281-4ce8-9090-7c964b7bde16, development, 8224fc94-357e-49b2-b979-83b7a1799e7c, a9e5567b12d2fd8a) already exists.
postgres-1       | 2026-10-02 19:13:32.231 UTC [1049] STATEMENT:  INSERT INTO project_queue_message_traces
postgres-1       | 	         (organization_id,project_id,environment,queue_id,message_id,sequence,station,attempt,
postgres-1       | 	          span_id,occurred_at,expires_at)
postgres-1       | 	       SELECT organization_id,project_id,environment,queue_id,message_id,61,'enqueued',0,
postgres-1       | 	              span_id,occurred_at,expires_at
postgres-1       | 	         FROM project_queue_message_traces
postgres-1       | 	        WHERE organization_id=$1 AND message_id=$2 AND sequence=1
postgres-1       | 2026-10-02 19:13:32.336 UTC [1050] ERROR:  webhook delivery content is immutable
postgres-1       | 2026-10-02 19:13:32.336 UTC [1050] CONTEXT:  PL/pgSQL function qkern_validate_project_webhook_delivery_update() line 10 at RAISE
postgres-1       | 2026-10-02 19:13:32.336 UTC [1050] STATEMENT:  UPDATE project_webhook_deliveries SET trace_id=$3
postgres-1       | 	        WHERE organization_id=$1 AND id=$2
postgres-1       | 2026-10-02 19:13:32.345 UTC [1051] ERROR:  webhook delivery content is immutable
postgres-1       | 2026-10-02 19:13:32.345 UTC [1051] CONTEXT:  PL/pgSQL function qkern_validate_project_webhook_delivery_update() line 10 at RAISE
postgres-1       | 2026-10-02 19:13:32.345 UTC [1051] STATEMENT:  UPDATE project_webhook_deliveries SET parent_span_id=NULL
postgres-1       | 	        WHERE organization_id=$1 AND id=$2
postgres-1       | 2026-10-02 19:13:32.352 UTC [1052] ERROR:  new row for relation "project_webhook_deliveries" violates check constraint "project_webhook_deliveries_trace_anchor"
postgres-1       | 2026-10-02 19:13:32.352 UTC [1052] DETAIL:  Failing row contains (0ab8c0fe-1227-48c1-b268-4983422faaf4, 9d4a868f-f16c-4cdb-a036-41f32d49e720, 28e9766c-d281-4ce8-9090-7c964b7bde16, development, 92d613bb-cf8e-4fe4-9cf8-2fa8de3216b3, order.created, {}, 2026-10-02 19:13:32.351009+00, pending, 0, 2026-10-02 19:13:32.351009+00, null, null, null, null, 2026-10-02 19:13:32.351009+00, null, null, null, 00f067aa0ba902b7).
postgres-1       | 2026-10-02 19:13:32.352 UTC [1052] STATEMENT:  INSERT INTO project_webhook_deliveries
postgres-1       | 	         (id, organization_id, project_id, environment, webhook_id, event_type, payload,
postgres-1       | 	          occurred_at, status, attempt_count, available_at, created_at, parent_span_id)
postgres-1       | 	       VALUES (gen_random_uuid(),$1,$2,'development',$3,'order.created','{}',now(),
postgres-1       | 	               'pending',0,now(),now(),$4)
postgres-1       | 2026-10-02 19:13:32.429 UTC [1055] ERROR:  permission denied for table project_database_backups
postgres-1       | 2026-10-02 19:13:32.429 UTC [1055] STATEMENT:  UPDATE project_database_backups SET status = 'available' WHERE id = $1
postgres-1       | 2026-10-02 19:13:32.430 UTC [1055] ERROR:  permission denied for table project_database_backups
postgres-1       | 2026-10-02 19:13:32.430 UTC [1055] STATEMENT:  UPDATE project_database_backups SET object_key = NULL WHERE id = $1
postgres-1       | 2026-10-02 19:13:32.431 UTC [1055] ERROR:  permission denied for table project_database_backups
postgres-1       | 2026-10-02 19:13:32.431 UTC [1055] STATEMENT:  UPDATE project_database_backups SET artifact_sha256 = 'eeeeeeeeeeeeeeeeeeeeeeeeeeeeeeeeeeeeeeeeeeeeeeeeeeeeeeeeeeeeeeee' WHERE id = $1
postgres-1       | 2026-10-02 19:13:32.432 UTC [1055] ERROR:  permission denied for table project_database_backups
postgres-1       | 2026-10-02 19:13:32.432 UTC [1055] STATEMENT:  UPDATE project_database_backups SET manifest_sha256 = 'eeeeeeeeeeeeeeeeeeeeeeeeeeeeeeeeeeeeeeeeeeeeeeeeeeeeeeeeeeeeeeee' WHERE id = $1
postgres-1       | 2026-10-02 19:13:32.433 UTC [1055] ERROR:  permission denied for table project_database_backups
postgres-1       | 2026-10-02 19:13:32.433 UTC [1055] STATEMENT:  UPDATE project_database_backups SET expires_at = now() WHERE id = $1
postgres-1       | 2026-10-02 19:13:32.434 UTC [1055] ERROR:  permission denied for table project_database_backups
postgres-1       | 2026-10-02 19:13:32.434 UTC [1055] STATEMENT:  UPDATE project_database_backups SET part_count = 9 WHERE id = $1
postgres-1       | 2026-10-02 19:13:32.435 UTC [1055] ERROR:  permission denied for table project_database_backups
postgres-1       | 2026-10-02 19:13:32.435 UTC [1055] STATEMENT:  UPDATE project_database_backups SET restore_lease_token = gen_random_uuid() WHERE id = $1
postgres-1       | 2026-10-02 19:13:32.436 UTC [1055] ERROR:  permission denied for table project_database_backups
postgres-1       | 2026-10-02 19:13:32.436 UTC [1055] STATEMENT:  DELETE FROM project_database_backups WHERE id = $1
postgres-1       | 2026-10-02 19:13:32.438 UTC [1055] ERROR:  new row for relation "project_database_backups" violates check constraint "project_database_backups_restore_failure_shape"
postgres-1       | 2026-10-02 19:13:32.438 UTC [1055] STATEMENT:  UPDATE project_database_backups SET restore_error_code = 'RESTORE_FAILED'
postgres-1       | 	             WHERE id = $1
postgres-1       | 2026-10-02 19:13:32.439 UTC [1055] ERROR:  permission denied for table project_database_backup_schedules
postgres-1       | 2026-10-02 19:13:32.439 UTC [1055] STATEMENT:  UPDATE project_database_backup_schedules SET enabled = false WHERE project_id = $1
certification-1  |  ✓ tests/postgres.integration.test.ts (76 tests) 39038ms
certification-1  |      ✓ finds the suspected missing index, the unused index, the bloat and the missing sample in real statistics (2.40)  9963ms
certification-1  |      ✓ (2.56) refuses the login attempt that crosses the limit and lets the next window through  722ms
certification-1  |      ✓ (2.60) refuses a known leaked password at sign-up when the project requires it  350ms
certification-1  |      ✓ (2.67) shows what a query costs in the console without showing the query  1232ms
certification-1  |      ✓ (2.53) delivers a table change through the running bridge process  4600ms
certification-1  |      ✓ (2.64) forwards through the running collector process and continues after a restart  4570ms
certification-1  |      ✓ (2.69) explains a real query plan without executing the query  7798ms
certification-1  |      ✓ (2.70) reports the state of the real database from counters that really move  1003ms
certification-1  |      ✓ (2.77) calls the auth hooks of a real sign-in and refuses one that wants a reserved claim  698ms
certification-1  |      ✓ (2.85) does not forward the same audit row again after a restart when the database sets the microseconds  1308ms
certification-1  |      ✓ (2.117) runs the free query under row level security as the consenting user, gives each user exactly their own rows, keeps a table without row level security unreachable over OAuth and answers the schema list with the readable surface only  302ms
certification-1  |      ✓ (2.122) cuts a trace at its own expiry and never at the outcome of its message, keeps it when the message is already pruned, never shorter than the queue retention, and stops at sixty-four stations  336ms
certification-1  | 
certification-1  |  Test Files  31 passed (31)
certification-1  |       Tests  255 passed (255)
certification-1  |    Start at  19:12:48
certification-1  |    Duration  43.90s (transform 19.21s, setup 0ms, import 28.47s, tests 87.53s, environment 13ms)
certification-1  | 

[Kcertification-1 exited with code 0
 Compose Stopping Aborting on container exit...
 Container qkern-slice-backupstream-certification-1 Stopping 
 Container qkern-slice-backupstream-certification-1 Stopped 
 Container qkern-slice-backupstream-postgres-1 Stopping 
 Container qkern-slice-backupstream-vault-1 Stopping 
vault-1          | ==> Vault shutdown triggered
postgres-1       | 2026-10-02 19:13:32.935 UTC [1] LOG:  received fast shutdown request
postgres-1       | 2026-10-02 19:13:32.935 UTC [1] LOG:  aborting any active transactions
vault-1          | 2026-10-02T19:13:32.935Z [INFO]  core: marked as sealed
vault-1          | 2026-10-02T19:13:32.935Z [INFO]  core: pre-seal teardown starting
vault-1          | 2026-10-02T19:13:32.935Z [INFO]  rollback: stopping rollback manager
vault-1          | 2026-10-02T19:13:32.935Z [INFO]  core: pre-seal teardown complete
vault-1          | 2026-10-02T19:13:32.935Z [INFO]  core: stopping cluster listeners
vault-1          | 2026-10-02T19:13:32.935Z [INFO]  core.cluster-listener: forwarding rpc listeners stopped
postgres-1       | 2026-10-02 19:13:32.937 UTC [1] LOG:  background worker "logical replication launcher" (PID 330) exited with exit code 1
postgres-1       | 2026-10-02 19:13:32.937 UTC [325] LOG:  shutting down
postgres-1       | 2026-10-02 19:13:32.937 UTC [325] LOG:  checkpoint starting: shutdown immediate
postgres-1       | 2026-10-02 19:13:32.940 UTC [325] LOG:  checkpoint complete: wrote 470 buffers (2.9%); 0 WAL file(s) added, 0 removed, 0 recycled; write=0.003 s, sync=0.001 s, total=0.004 s; sync files=343, longest=0.001 s, average=0.000 s; distance=2280 kB, estimate=24342 kB; lsn=0/6A71B90, redo lsn=0/6A71B90
postgres-1       | 2026-10-02 19:13:32.950 UTC [1] LOG:  database system is shut down
vault-1          | 2026-10-02T19:13:33.121Z [INFO]  core.cluster-listener: rpc listeners successfully shut down
vault-1          | 2026-10-02T19:13:33.121Z [INFO]  core: cluster listeners successfully shut down
vault-1          | 2026-10-02T19:13:33.121Z [INFO]  core: vault is sealed
 Container qkern-slice-backupstream-postgres-1 Stopped 

[Kpostgres-1 exited with code 0
 Container qkern-slice-backupstream-vault-1 Stopped 

[Kvault-1 exited with code 0
 Container qkern-slice-backupstream-certification-1 Stopping 
 Container qkern-slice-backupstream-certification-1 Stopped 
 Container qkern-slice-backupstream-certification-1 Removing 
 Container qkern-slice-backupstream-certification-1 Removed 
 Container qkern-slice-backupstream-postgres-1 Stopping 
 Container qkern-slice-backupstream-vault-1 Stopping 
 Container qkern-slice-backupstream-postgres-1 Stopped 
 Container qkern-slice-backupstream-postgres-1 Removing 
 Container qkern-slice-backupstream-vault-1 Stopped 
 Container qkern-slice-backupstream-vault-1 Removing 
 Container qkern-slice-backupstream-vault-1 Removed 
 Container qkern-slice-backupstream-postgres-1 Removed 
 Network qkern-slice-backupstream_default Removing 
 Network qkern-slice-backupstream_default Removed 
EXIT=0
