
> qkern-platform@2.73.0 test:postgres:docker
> node scripts/postgres-certification.mjs

 Network qkern-slice-s3clients_default Creating 
 Network qkern-slice-s3clients_default Created 
 Container qkern-slice-s3clients-postgres-1 Creating 
 Container qkern-slice-s3clients-vault-1 Creating 
 Container qkern-slice-s3clients-vault-1 Created 
 Container qkern-slice-s3clients-postgres-1 Created 
 Container qkern-slice-s3clients-certification-1 Creating 
 Container qkern-slice-s3clients-certification-1 Created 
Attaching to certification-1, postgres-1, vault-1
 Container qkern-slice-s3clients-postgres-1 Starting 
 Container qkern-slice-s3clients-vault-1 Starting 
 Container qkern-slice-s3clients-postgres-1 Started 
 Container qkern-slice-s3clients-vault-1 Started 
 Container qkern-slice-s3clients-vault-1 Waiting 
 Container qkern-slice-s3clients-postgres-1 Waiting 
postgres-1  | The files belonging to this database system will be owned by user "postgres".
postgres-1  | This user must also own the server process.
postgres-1  | 
postgres-1  | The database cluster will be initialized with locale "en_US.utf8".
postgres-1  | The default database encoding has accordingly been set to "UTF8".
postgres-1  | The default text search configuration will be set to "english".
postgres-1  | 
postgres-1  | Data page checksums are disabled.
postgres-1  | 
postgres-1  | fixing permissions on existing directory /var/lib/postgresql/data ... ok
postgres-1  | creating subdirectories ... ok
postgres-1  | selecting dynamic shared memory implementation ... posix
postgres-1  | selecting default "max_connections" ... 100
postgres-1  | selecting default "shared_buffers" ... 128MB
postgres-1  | selecting default time zone ... UTC
postgres-1  | creating configuration files ... ok
postgres-1  | running bootstrap script ... ok
postgres-1  | sh: locale: not found
postgres-1  | 2026-10-02 05:25:12.673 UTC [36] WARNING:  no usable system locales were found
postgres-1  | performing post-bootstrap initialization ... ok
postgres-1  | syncing data to disk ... ok
postgres-1  | 
postgres-1  | 
postgres-1  | Success. You can now start the database server using:
postgres-1  | 
postgres-1  |     pg_ctl -D /var/lib/postgresql/data -l logfile start
postgres-1  | 
postgres-1  | initdb: warning: enabling "trust" authentication for local connections
postgres-1  | initdb: hint: You can change this by editing pg_hba.conf or using the option -A, or --auth-local and --auth-host, the next time you run initdb.
postgres-1  | waiting for server to start....2026-10-02 05:25:13.124 UTC [42] LOG:  starting PostgreSQL 17.10 on x86_64-pc-linux-musl, compiled by gcc (Alpine 15.2.0) 15.2.0, 64-bit
postgres-1  | 2026-10-02 05:25:13.128 UTC [42] LOG:  listening on Unix socket "/var/run/postgresql/.s.PGSQL.5432"
postgres-1  | 2026-10-02 05:25:13.132 UTC [45] LOG:  database system was shut down at 2026-10-02 05:25:13 UTC
postgres-1  | 2026-10-02 05:25:13.142 UTC [42] LOG:  database system is ready to accept connections
postgres-1  |  done
postgres-1  | server started
postgres-1  | CREATE DATABASE
postgres-1  | 
postgres-1  | 
postgres-1  | /usr/local/bin/docker-entrypoint.sh: running /docker-entrypoint-initdb.d/000-certification-init.sh
postgres-1  | certification-init: applying 0001_control_plane.sql
postgres-1  | CREATE EXTENSION
postgres-1  | CREATE TYPE
postgres-1  | CREATE TYPE
postgres-1  | CREATE TABLE
postgres-1  | CREATE TABLE
postgres-1  | CREATE TABLE
postgres-1  | CREATE TABLE
postgres-1  | CREATE INDEX
postgres-1  | CREATE TABLE
postgres-1  | CREATE TABLE
postgres-1  | CREATE INDEX
postgres-1  | CREATE TABLE
postgres-1  | CREATE INDEX
postgres-1  | CREATE TABLE
postgres-1  | CREATE TABLE
postgres-1  | CREATE INDEX
postgres-1  | ALTER TABLE
postgres-1  | ALTER TABLE
postgres-1  | ALTER TABLE
postgres-1  | ALTER TABLE
postgres-1  | ALTER TABLE
postgres-1  | CREATE POLICY
postgres-1  | CREATE POLICY
postgres-1  | CREATE POLICY
postgres-1  | CREATE POLICY
postgres-1  | CREATE POLICY
postgres-1  | certification-init: applying 0002_repository_hardening.sql
postgres-1  | BEGIN
postgres-1  | CREATE FUNCTION
postgres-1  | ALTER TABLE
postgres-1  | ALTER TABLE
postgres-1  | ALTER TABLE
postgres-1  | ALTER TABLE
postgres-1  | ALTER TABLE
postgres-1  | ALTER TABLE
postgres-1  | UPDATE 0
postgres-1  | ALTER TABLE
postgres-1  | CREATE INDEX
postgres-1  | CREATE INDEX
postgres-1  | CREATE FUNCTION
postgres-1  | CREATE TRIGGER
postgres-1  | CREATE TRIGGER
postgres-1  | CREATE TRIGGER
postgres-1  | CREATE FUNCTION
postgres-1  | CREATE FUNCTION
postgres-1  | CREATE TRIGGER
postgres-1  | CREATE TRIGGER
postgres-1  | ALTER TABLE
postgres-1  | ALTER TABLE
postgres-1  | ALTER TABLE
postgres-1  | ALTER TABLE
postgres-1  | ALTER TABLE
postgres-1  | ALTER TABLE
postgres-1  | ALTER TABLE
postgres-1  | ALTER TABLE
postgres-1  | ALTER TABLE
postgres-1  | ALTER TABLE
postgres-1  | ALTER TABLE
postgres-1  | ALTER TABLE
postgres-1  | ALTER TABLE
postgres-1  | ALTER TABLE
postgres-1  | ALTER TABLE
postgres-1  | ALTER TABLE
postgres-1  | DROP POLICY
postgres-1  | DROP POLICY
postgres-1  | DROP POLICY
postgres-1  | DROP POLICY
postgres-1  | DROP POLICY
postgres-1  | CREATE POLICY
postgres-1  | CREATE POLICY
postgres-1  | CREATE POLICY
postgres-1  | CREATE POLICY
postgres-1  | CREATE POLICY
postgres-1  | CREATE POLICY
postgres-1  | CREATE POLICY
postgres-1  | CREATE POLICY
postgres-1  | CREATE POLICY
postgres-1  | CREATE POLICY
postgres-1  | CREATE POLICY
postgres-1  | CREATE POLICY
postgres-1  | CREATE POLICY
postgres-1  | CREATE POLICY
postgres-1  | CREATE POLICY
postgres-1  | CREATE POLICY
postgres-1  | CREATE POLICY
postgres-1  | CREATE POLICY
postgres-1  | CREATE POLICY
postgres-1  | CREATE POLICY
postgres-1  | CREATE POLICY
postgres-1  | CREATE POLICY
postgres-1  | CREATE POLICY
postgres-1  | CREATE POLICY
postgres-1  | DO
postgres-1  | REVOKE
postgres-1  | GRANT
postgres-1  | GRANT
postgres-1  | GRANT
postgres-1  | GRANT
postgres-1  | GRANT
postgres-1  | GRANT
postgres-1  | GRANT
postgres-1  | GRANT
postgres-1  | GRANT
postgres-1  | GRANT
postgres-1  | GRANT
postgres-1  | GRANT
postgres-1  | GRANT
postgres-1  | COMMIT
postgres-1  | certification-init: applying 0003_auth_and_memberships.sql
postgres-1  | BEGIN
postgres-1  | ALTER TABLE
postgres-1  | ALTER TABLE
postgres-1  | UPDATE 0
postgres-1  | ALTER TABLE
postgres-1  | CREATE INDEX
postgres-1  | CREATE TRIGGER
postgres-1  | CREATE TABLE
postgres-1  | CREATE INDEX
postgres-1  | CREATE INDEX
postgres-1  | CREATE FUNCTION
postgres-1  | DO
postgres-1  | REVOKE
postgres-1  | REVOKE
postgres-1  | GRANT
postgres-1  | GRANT
postgres-1  | GRANT
postgres-1  | GRANT
postgres-1  | COMMIT
postgres-1  | certification-init: applying 0004_artifact_and_workspace_integrity.sql
postgres-1  | BEGIN
postgres-1  | ALTER TABLE
postgres-1  | CREATE INDEX
postgres-1  | ALTER TABLE
postgres-1  | ALTER TABLE
postgres-1  | ALTER TABLE
postgres-1  | CREATE FUNCTION
postgres-1  | CREATE TRIGGER
postgres-1  | CREATE FUNCTION
postgres-1  | CREATE TRIGGER
postgres-1  | REVOKE
postgres-1  | GRANT
postgres-1  | REVOKE
postgres-1  | GRANT
postgres-1  | GRANT
postgres-1  | GRANT
postgres-1  | COMMIT
postgres-1  | certification-init: applying 0005_migration_apply_queue.sql
postgres-1  | BEGIN
postgres-1  | CREATE TYPE
postgres-1  | CREATE TYPE
postgres-1  | CREATE TABLE
postgres-1  | CREATE INDEX
postgres-1  | CREATE INDEX
postgres-1  | CREATE TABLE
postgres-1  | CREATE INDEX
postgres-1  | CREATE TRIGGER
postgres-1  | CREATE TRIGGER
postgres-1  | CREATE FUNCTION
postgres-1  | CREATE TRIGGER
postgres-1  | CREATE FUNCTION
postgres-1  | CREATE TRIGGER
postgres-1  | ALTER TABLE
postgres-1  | ALTER TABLE
postgres-1  | ALTER TABLE
postgres-1  | ALTER TABLE
postgres-1  | CREATE POLICY
postgres-1  | CREATE POLICY
postgres-1  | CREATE POLICY
postgres-1  | CREATE POLICY
postgres-1  | CREATE POLICY
postgres-1  | CREATE POLICY
postgres-1  | REVOKE
postgres-1  | REVOKE
postgres-1  | REVOKE
postgres-1  | GRANT
postgres-1  | GRANT
postgres-1  | GRANT
postgres-1  | GRANT
postgres-1  | GRANT
postgres-1  | GRANT
postgres-1  | GRANT
postgres-1  | GRANT
postgres-1  | GRANT
postgres-1  | COMMIT
postgres-1  | certification-init: applying 0006_worker_runtime_boundary.sql
postgres-1  | BEGIN
postgres-1  | DO
postgres-1  | ALTER TABLE
postgres-1  | ALTER TABLE
postgres-1  | UPDATE 0
postgres-1  | ALTER TABLE
postgres-1  | REVOKE
postgres-1  | REVOKE
postgres-1  | REVOKE
postgres-1  | GRANT
postgres-1  | REVOKE
postgres-1  | REVOKE
postgres-1  | GRANT
postgres-1  | GRANT
postgres-1  | GRANT
postgres-1  | GRANT
postgres-1  | GRANT
postgres-1  | GRANT
postgres-1  | GRANT
postgres-1  | GRANT
postgres-1  | GRANT
postgres-1  | GRANT
postgres-1  | GRANT
postgres-1  | COMMIT
postgres-1  | certification-init: applying 0007_migration_claim_sequence.sql
postgres-1  | BEGIN
postgres-1  | ALTER TABLE
postgres-1  | REVOKE
postgres-1  | GRANT
postgres-1  | COMMIT
postgres-1  | certification-init: applying 0008_migration_reconciliation_quarantine.sql
postgres-1  | ALTER TYPE
postgres-1  | BEGIN
postgres-1  | ALTER TABLE
postgres-1  | REVOKE
postgres-1  | GRANT
postgres-1  | COMMIT
postgres-1  | certification-init: applying 0009_migration_review_commands.sql
postgres-1  | BEGIN
postgres-1  | CREATE TYPE
postgres-1  | ALTER TABLE
postgres-1  | CREATE TABLE
postgres-1  | CREATE INDEX
postgres-1  | CREATE INDEX
postgres-1  | CREATE TRIGGER
postgres-1  | ALTER TABLE
postgres-1  | ALTER TABLE
postgres-1  | CREATE POLICY
postgres-1  | CREATE POLICY
postgres-1  | CREATE POLICY
postgres-1  | REVOKE
postgres-1  | GRANT
postgres-1  | GRANT
postgres-1  | GRANT
postgres-1  | GRANT
postgres-1  | REVOKE
postgres-1  | GRANT
postgres-1  | COMMIT
postgres-1  | certification-init: applying 0010_migration_incident_escalations.sql
postgres-1  | BEGIN
postgres-1  | CREATE TYPE
postgres-1  | CREATE TYPE
postgres-1  | CREATE TABLE
postgres-1  | CREATE INDEX
postgres-1  | CREATE INDEX
postgres-1  | CREATE TRIGGER
postgres-1  | CREATE FUNCTION
postgres-1  | CREATE TRIGGER
postgres-1  | ALTER TABLE
postgres-1  | ALTER TABLE
postgres-1  | CREATE POLICY
postgres-1  | CREATE POLICY
postgres-1  | CREATE POLICY
postgres-1  | REVOKE
postgres-1  | REVOKE
postgres-1  | GRANT
postgres-1  | GRANT
postgres-1  | GRANT
postgres-1  | GRANT
postgres-1  | GRANT
postgres-1  | COMMIT
postgres-1  | certification-init: applying 0011_migration_incident_outbox.sql
postgres-1  | BEGIN
postgres-1  | CREATE TABLE
postgres-1  | CREATE INDEX
postgres-1  | CREATE TRIGGER
postgres-1  | INSERT 0 0
postgres-1  | ALTER TABLE
postgres-1  | ALTER TABLE
postgres-1  | CREATE POLICY
postgres-1  | CREATE POLICY
postgres-1  | CREATE POLICY
postgres-1  | REVOKE
postgres-1  | GRANT
postgres-1  | GRANT
postgres-1  | GRANT
postgres-1  | COMMIT
postgres-1  | certification-init: applying 0012_migration_incident_dead_letters.sql
postgres-1  | ALTER TYPE
postgres-1  | BEGIN
postgres-1  | ALTER TABLE
postgres-1  | CREATE INDEX
postgres-1  | CREATE TYPE
postgres-1  | CREATE TABLE
postgres-1  | CREATE INDEX
postgres-1  | CREATE INDEX
postgres-1  | CREATE TRIGGER
postgres-1  | CREATE FUNCTION
postgres-1  | CREATE TRIGGER
postgres-1  | ALTER TABLE
postgres-1  | ALTER TABLE
postgres-1  | CREATE POLICY
postgres-1  | CREATE POLICY
postgres-1  | CREATE POLICY
postgres-1  | REVOKE
postgres-1  | REVOKE
postgres-1  | GRANT
postgres-1  | GRANT
postgres-1  | GRANT
postgres-1  | GRANT
postgres-1  | GRANT
postgres-1  | COMMIT
postgres-1  | certification-init: applying 0013_migration_incident_delivery_health.sql
postgres-1  | BEGIN
postgres-1  | CREATE FUNCTION
postgres-1  | REVOKE
postgres-1  | GRANT
postgres-1  | COMMIT
postgres-1  | certification-init: applying 0014_migration_incident_delivery_visibility.sql
postgres-1  | BEGIN
postgres-1  | REVOKE
postgres-1  | DROP FUNCTION
postgres-1  | CREATE FUNCTION
postgres-1  | CREATE FUNCTION
postgres-1  | REVOKE
postgres-1  | REVOKE
postgres-1  | GRANT
postgres-1  | GRANT
postgres-1  | COMMIT
postgres-1  | certification-init: applying 0015_migration_incident_delivery_failure_classification.sql
postgres-1  | BEGIN
postgres-1  | ALTER TABLE
postgres-1  | REVOKE
postgres-1  | DROP FUNCTION
postgres-1  | CREATE FUNCTION
postgres-1  | REVOKE
postgres-1  | GRANT
postgres-1  | COMMIT
postgres-1  | certification-init: applying 0016_migration_incident_delivery_recovery_binding.sql
postgres-1  | BEGIN
postgres-1  | ALTER TABLE
postgres-1  | LOCK TABLE
postgres-1  | UPDATE 0
postgres-1  | UPDATE 0
postgres-1  | ALTER TABLE
postgres-1  | CREATE FUNCTION
postgres-1  | REVOKE
postgres-1  | GRANT
postgres-1  | COMMIT
postgres-1  | certification-init: applying 0017_migration_incident_verified_resolution.sql
postgres-1  | ALTER TYPE
postgres-1  | BEGIN
postgres-1  | CREATE TYPE
postgres-1  | CREATE TYPE
postgres-1  | CREATE TYPE
postgres-1  | ALTER TABLE
postgres-1  | CREATE TABLE
postgres-1  | CREATE INDEX
postgres-1  | CREATE INDEX
postgres-1  | CREATE TRIGGER
postgres-1  | CREATE FUNCTION
postgres-1  | CREATE FUNCTION
postgres-1  | CREATE FUNCTION
postgres-1  | CREATE TRIGGER
postgres-1  | ALTER TABLE
postgres-1  | ALTER TABLE
postgres-1  | CREATE POLICY
postgres-1  | CREATE POLICY
postgres-1  | CREATE POLICY
postgres-1  | REVOKE
postgres-1  | REVOKE
postgres-1  | GRANT
postgres-1  | GRANT
postgres-1  | GRANT
postgres-1  | GRANT
postgres-1  | GRANT
postgres-1  | COMMIT
postgres-1  | certification-init: applying 0018_migration_incident_delivery_recovery_generation.sql
postgres-1  | BEGIN
postgres-1  | ALTER TABLE
postgres-1  | LOCK TABLE
postgres-1  | UPDATE 0
postgres-1  | UPDATE 0
postgres-1  | ALTER TABLE
postgres-1  | ALTER TABLE
postgres-1  | CREATE FUNCTION
postgres-1  | REVOKE
postgres-1  | GRANT
postgres-1  | COMMIT
postgres-1  | certification-init: applying 0019_migration_apply_delivery_resilience.sql
postgres-1  | BEGIN
postgres-1  | ALTER TABLE
postgres-1  | CREATE INDEX
postgres-1  | CREATE TYPE
postgres-1  | CREATE TABLE
postgres-1  | CREATE INDEX
postgres-1  | CREATE INDEX
postgres-1  | CREATE TRIGGER
postgres-1  | CREATE FUNCTION
postgres-1  | CREATE TRIGGER
postgres-1  | ALTER TABLE
postgres-1  | ALTER TABLE
postgres-1  | CREATE POLICY
postgres-1  | CREATE POLICY
postgres-1  | CREATE POLICY
postgres-1  | CREATE FUNCTION
postgres-1  | CREATE FUNCTION
postgres-1  | REVOKE
postgres-1  | REVOKE
postgres-1  | REVOKE
postgres-1  | REVOKE
postgres-1  | REVOKE
postgres-1  | GRANT
postgres-1  | GRANT
postgres-1  | GRANT
postgres-1  | GRANT
postgres-1  | GRANT
postgres-1  | GRANT
postgres-1  | GRANT
postgres-1  | COMMIT
postgres-1  | certification-init: applying 0020_project_database_provisioning.sql
postgres-1  | BEGIN
postgres-1  | DO
postgres-1  | CREATE TYPE
postgres-1  | CREATE TABLE
postgres-1  | CREATE TABLE
postgres-1  | ALTER TABLE
postgres-1  | CREATE INDEX
postgres-1  | CREATE TRIGGER
postgres-1  | ALTER TABLE
postgres-1  | ALTER TABLE
postgres-1  | ALTER TABLE
postgres-1  | ALTER TABLE
postgres-1  | CREATE POLICY
postgres-1  | CREATE POLICY
postgres-1  | CREATE FUNCTION
postgres-1  | CREATE FUNCTION
postgres-1  | REVOKE
postgres-1  | REVOKE
postgres-1  | REVOKE
postgres-1  | REVOKE
postgres-1  | REVOKE
postgres-1  | GRANT
postgres-1  | GRANT
postgres-1  | GRANT
postgres-1  | GRANT
postgres-1  | GRANT
postgres-1  | GRANT
postgres-1  | GRANT
postgres-1  | GRANT
postgres-1  | GRANT
postgres-1  | GRANT
postgres-1  | GRANT
postgres-1  | GRANT
postgres-1  | GRANT
postgres-1  | GRANT
postgres-1  | GRANT
postgres-1  | COMMIT
postgres-1  | certification-init: applying 0021_project_database_provisioning_health.sql
postgres-1  | BEGIN
postgres-1  | CREATE TABLE
postgres-1  | CREATE INDEX
postgres-1  | ALTER TABLE
postgres-1  | ALTER TABLE
postgres-1  | CREATE POLICY
postgres-1  | CREATE FUNCTION
postgres-1  | REVOKE
postgres-1  | REVOKE
postgres-1  | GRANT
postgres-1  | GRANT
postgres-1  | GRANT
postgres-1  | COMMIT
postgres-1  | certification-init: applying 0022_project_automation_policies.sql
postgres-1  | BEGIN
postgres-1  | CREATE TABLE
postgres-1  | ALTER TABLE
postgres-1  | UPDATE 0
postgres-1  | ALTER TABLE
postgres-1  | ALTER TABLE
postgres-1  | ALTER TABLE
postgres-1  | CREATE POLICY
postgres-1  | CREATE POLICY
postgres-1  | CREATE POLICY
postgres-1  | REVOKE
postgres-1  | GRANT
postgres-1  | GRANT
postgres-1  | COMMIT
postgres-1  | certification-init: applying 0023_project_api_keys.sql
postgres-1  | BEGIN
postgres-1  | CREATE TABLE
postgres-1  | CREATE INDEX
postgres-1  | CREATE INDEX
postgres-1  | CREATE FUNCTION
postgres-1  | CREATE TRIGGER
postgres-1  | ALTER TABLE
postgres-1  | CREATE POLICY
postgres-1  | CREATE POLICY
postgres-1  | CREATE POLICY
postgres-1  | CREATE FUNCTION
postgres-1  | REVOKE
postgres-1  | REVOKE
postgres-1  | REVOKE
postgres-1  | GRANT
postgres-1  | GRANT
postgres-1  | GRANT
postgres-1  | GRANT
postgres-1  | COMMIT
postgres-1  | certification-init: applying 0024_project_auth.sql
postgres-1  | BEGIN
postgres-1  | CREATE TABLE
postgres-1  | CREATE INDEX
postgres-1  | CREATE TABLE
postgres-1  | CREATE INDEX
postgres-1  | CREATE INDEX
postgres-1  | CREATE TABLE
postgres-1  | CREATE INDEX
postgres-1  | CREATE TABLE
postgres-1  | CREATE TABLE
postgres-1  | CREATE FUNCTION
postgres-1  | CREATE TRIGGER
postgres-1  | CREATE TRIGGER
postgres-1  | CREATE TRIGGER
postgres-1  | CREATE TRIGGER
postgres-1  | CREATE TRIGGER
postgres-1  | REVOKE
postgres-1  | REVOKE
postgres-1  | GRANT
postgres-1  | GRANT
postgres-1  | GRANT
postgres-1  | GRANT
postgres-1  | GRANT
postgres-1  | GRANT
postgres-1  | GRANT
postgres-1  | GRANT
postgres-1  | GRANT
postgres-1  | COMMIT
postgres-1  | certification-init: applying 0025_project_storage.sql
postgres-1  | BEGIN
postgres-1  | CREATE TABLE
postgres-1  | CREATE INDEX
postgres-1  | CREATE TABLE
postgres-1  | CREATE INDEX
postgres-1  | CREATE INDEX
postgres-1  | CREATE INDEX
postgres-1  | CREATE TABLE
postgres-1  | CREATE INDEX
postgres-1  | CREATE INDEX
postgres-1  | CREATE FUNCTION
postgres-1  | CREATE FUNCTION
postgres-1  | CREATE FUNCTION
postgres-1  | CREATE TRIGGER
postgres-1  | CREATE TRIGGER
postgres-1  | CREATE TRIGGER
postgres-1  | ALTER TABLE
postgres-1  | ALTER TABLE
postgres-1  | ALTER TABLE
postgres-1  | CREATE POLICY
postgres-1  | CREATE POLICY
postgres-1  | CREATE POLICY
postgres-1  | CREATE POLICY
postgres-1  | CREATE POLICY
postgres-1  | CREATE POLICY
postgres-1  | CREATE POLICY
postgres-1  | CREATE POLICY
postgres-1  | CREATE POLICY
postgres-1  | CREATE POLICY
postgres-1  | REVOKE
postgres-1  | REVOKE
postgres-1  | REVOKE
postgres-1  | REVOKE
postgres-1  | GRANT
postgres-1  | GRANT
postgres-1  | GRANT
postgres-1  | GRANT
postgres-1  | GRANT
postgres-1  | GRANT
postgres-1  | GRANT
postgres-1  | GRANT
postgres-1  | GRANT
postgres-1  | COMMIT
postgres-1  | certification-init: applying 0026_project_queues.sql
postgres-1  | BEGIN
postgres-1  | CREATE TABLE
postgres-1  | CREATE INDEX
postgres-1  | CREATE TABLE
postgres-1  | CREATE INDEX
postgres-1  | CREATE INDEX
postgres-1  | CREATE INDEX
postgres-1  | CREATE INDEX
postgres-1  | CREATE INDEX
postgres-1  | CREATE FUNCTION
postgres-1  | CREATE FUNCTION
postgres-1  | CREATE FUNCTION
postgres-1  | CREATE TRIGGER
postgres-1  | CREATE TRIGGER
postgres-1  | CREATE TRIGGER
postgres-1  | ALTER TABLE
postgres-1  | ALTER TABLE
postgres-1  | CREATE POLICY
postgres-1  | CREATE POLICY
postgres-1  | CREATE POLICY
postgres-1  | CREATE POLICY
postgres-1  | CREATE POLICY
postgres-1  | CREATE POLICY
postgres-1  | REVOKE
postgres-1  | REVOKE
postgres-1  | REVOKE
postgres-1  | REVOKE
postgres-1  | GRANT
postgres-1  | GRANT
postgres-1  | GRANT
postgres-1  | GRANT
postgres-1  | GRANT
postgres-1  | GRANT
postgres-1  | COMMIT
postgres-1  | certification-init: applying 0027_project_queue_dead_letter_replay.sql
postgres-1  | BEGIN
postgres-1  | ALTER TABLE
postgres-1  | CREATE INDEX
postgres-1  | CREATE INDEX
postgres-1  | CREATE FUNCTION
postgres-1  | CREATE TRIGGER
postgres-1  | REVOKE
postgres-1  | GRANT
postgres-1  | COMMIT
postgres-1  | certification-init: applying 0028_usage_metering.sql
postgres-1  | BEGIN
postgres-1  | CREATE TABLE
postgres-1  | CREATE TABLE
postgres-1  | CREATE TABLE
postgres-1  | CREATE INDEX
postgres-1  | CREATE INDEX
postgres-1  | CREATE FUNCTION
postgres-1  | CREATE FUNCTION
postgres-1  | CREATE FUNCTION
postgres-1  | CREATE TRIGGER
postgres-1  | CREATE TRIGGER
postgres-1  | CREATE TRIGGER
postgres-1  | ALTER TABLE
postgres-1  | ALTER TABLE
postgres-1  | ALTER TABLE
postgres-1  | CREATE POLICY
postgres-1  | CREATE POLICY
postgres-1  | CREATE POLICY
postgres-1  | CREATE POLICY
postgres-1  | CREATE POLICY
postgres-1  | CREATE POLICY
postgres-1  | CREATE POLICY
postgres-1  | CREATE POLICY
postgres-1  | REVOKE
postgres-1  | REVOKE
postgres-1  | REVOKE
postgres-1  | REVOKE
postgres-1  | GRANT
postgres-1  | GRANT
postgres-1  | GRANT
postgres-1  | GRANT
postgres-1  | GRANT
postgres-1  | GRANT
postgres-1  | GRANT
postgres-1  | GRANT
postgres-1  | COMMIT
postgres-1  | certification-init: applying 0029_project_queue_definition_row_lock.sql
postgres-1  | GRANT
postgres-1  | CREATE POLICY
postgres-1  | certification-init: applying 0030_realtime_event_log.sql
postgres-1  | CREATE TABLE
postgres-1  | CREATE TABLE
postgres-1  | CREATE INDEX
postgres-1  | CREATE INDEX
postgres-1  | CREATE FUNCTION
postgres-1  | CREATE TRIGGER
postgres-1  | ALTER TABLE
postgres-1  | ALTER TABLE
postgres-1  | CREATE POLICY
postgres-1  | CREATE POLICY
postgres-1  | CREATE POLICY
postgres-1  | CREATE POLICY
postgres-1  | CREATE POLICY
postgres-1  | CREATE POLICY
postgres-1  | REVOKE
postgres-1  | REVOKE
postgres-1  | GRANT
postgres-1  | GRANT
postgres-1  | GRANT
postgres-1  | GRANT
postgres-1  | certification-init: applying 0031_project_cron.sql
postgres-1  | CREATE TABLE
postgres-1  | CREATE INDEX
postgres-1  | CREATE FUNCTION
postgres-1  | CREATE TRIGGER
postgres-1  | ALTER TABLE
postgres-1  | CREATE POLICY
postgres-1  | CREATE POLICY
postgres-1  | CREATE POLICY
postgres-1  | CREATE POLICY
postgres-1  | REVOKE
postgres-1  | REVOKE
postgres-1  | GRANT
postgres-1  | GRANT
postgres-1  | GRANT
postgres-1  | certification-init: applying 0032_project_webhooks.sql
postgres-1  | CREATE TABLE
postgres-1  | CREATE TABLE
postgres-1  | CREATE INDEX
postgres-1  | CREATE INDEX
postgres-1  | CREATE FUNCTION
postgres-1  | CREATE TRIGGER
postgres-1  | ALTER TABLE
postgres-1  | ALTER TABLE
postgres-1  | CREATE POLICY
postgres-1  | CREATE POLICY
postgres-1  | CREATE POLICY
postgres-1  | CREATE POLICY
postgres-1  | CREATE POLICY
postgres-1  | CREATE POLICY
postgres-1  | CREATE POLICY
postgres-1  | REVOKE
postgres-1  | REVOKE
postgres-1  | GRANT
postgres-1  | GRANT
postgres-1  | CREATE POLICY
postgres-1  | GRANT
postgres-1  | GRANT
postgres-1  | GRANT
postgres-1  | certification-init: applying 0033_project_functions.sql
postgres-1  | CREATE TABLE
postgres-1  | CREATE INDEX
postgres-1  | CREATE FUNCTION
postgres-1  | CREATE TRIGGER
postgres-1  | ALTER TABLE
postgres-1  | CREATE POLICY
postgres-1  | CREATE POLICY
postgres-1  | CREATE POLICY
postgres-1  | CREATE POLICY
postgres-1  | REVOKE
postgres-1  | REVOKE
postgres-1  | GRANT
postgres-1  | GRANT
postgres-1  | GRANT
postgres-1  | certification-init: applying 0034_project_functions_registry.sql
postgres-1  | ALTER TABLE
postgres-1  | ALTER TABLE
postgres-1  | certification-init: applying 0035_project_function_slots.sql
postgres-1  | CREATE TABLE
postgres-1  | CREATE INDEX
postgres-1  | CREATE FUNCTION
postgres-1  | CREATE TRIGGER
postgres-1  | ALTER TABLE
postgres-1  | CREATE POLICY
postgres-1  | CREATE POLICY
postgres-1  | CREATE POLICY
postgres-1  | REVOKE
postgres-1  | REVOKE
postgres-1  | GRANT
postgres-1  | GRANT
postgres-1  | certification-init: applying 0036_provisioner_heartbeat_upsert_grant.sql
postgres-1  | BEGIN
postgres-1  | GRANT
postgres-1  | COMMIT
postgres-1  | certification-init: applying 0037_provisioner_binding_returning_grant.sql
postgres-1  | BEGIN
postgres-1  | GRANT
postgres-1  | COMMIT
postgres-1  | certification-init: applying 0038_runtime_outbox_arbiter_grant.sql
postgres-1  | BEGIN
postgres-1  | GRANT
postgres-1  | COMMIT
postgres-1  | certification-init: applying 0039_billing_rate_cards.sql
postgres-1  | BEGIN
postgres-1  | CREATE TABLE
postgres-1  | CREATE INDEX
postgres-1  | ALTER TABLE
postgres-1  | ALTER TABLE
postgres-1  | CREATE POLICY
postgres-1  | CREATE POLICY
postgres-1  | REVOKE
postgres-1  | GRANT
postgres-1  | GRANT
postgres-1  | COMMIT
postgres-1  | certification-init: applying 0040_billing_invoices.sql
postgres-1  | BEGIN
postgres-1  | CREATE TABLE
postgres-1  | CREATE TABLE
postgres-1  | ALTER TABLE
postgres-1  | ALTER TABLE
postgres-1  | ALTER TABLE
postgres-1  | ALTER TABLE
postgres-1  | CREATE POLICY
postgres-1  | CREATE POLICY
postgres-1  | CREATE POLICY
postgres-1  | CREATE POLICY
postgres-1  | REVOKE
postgres-1  | GRANT
postgres-1  | GRANT
postgres-1  | GRANT
postgres-1  | GRANT
postgres-1  | GRANT
postgres-1  | COMMIT
postgres-1  | certification-init: applying 0041_project_storage_multipart.sql
postgres-1  | BEGIN
postgres-1  | ALTER TABLE
postgres-1  | ALTER TABLE
postgres-1  | COMMIT
postgres-1  | certification-init: applying 0042_project_function_deployments.sql
postgres-1  | BEGIN
postgres-1  | CREATE TABLE
postgres-1  | CREATE INDEX
postgres-1  | ALTER TABLE
postgres-1  | ALTER TABLE
postgres-1  | CREATE POLICY
postgres-1  | CREATE POLICY
postgres-1  | CREATE FUNCTION
postgres-1  | CREATE FUNCTION
postgres-1  | REVOKE
postgres-1  | REVOKE
postgres-1  | GRANT
postgres-1  | GRANT
postgres-1  | COMMIT
postgres-1  | certification-init: applying 0043_project_storage_upload_id_check_fix.sql
postgres-1  | ALTER TABLE
postgres-1  | ALTER TABLE
postgres-1  | certification-init: applying 0044_billing_invoice_numbers.sql
postgres-1  | BEGIN
postgres-1  | CREATE TABLE
postgres-1  | ALTER TABLE
postgres-1  | ALTER TABLE
postgres-1  | CREATE POLICY
postgres-1  | CREATE POLICY
postgres-1  | CREATE POLICY
postgres-1  | ALTER TABLE
postgres-1  | ALTER TABLE
postgres-1  | UPDATE 0
postgres-1  | ALTER TABLE
postgres-1  | ALTER TABLE
postgres-1  | UPDATE 0
postgres-1  | INSERT 0 0
postgres-1  | ALTER TABLE
postgres-1  | CREATE INDEX
postgres-1  | GRANT
postgres-1  | GRANT
postgres-1  | GRANT
postgres-1  | COMMIT
postgres-1  | certification-init: applying 0045_project_function_invocations.sql
postgres-1  | BEGIN
postgres-1  | CREATE TABLE
postgres-1  | CREATE INDEX
postgres-1  | ALTER TABLE
postgres-1  | ALTER TABLE
postgres-1  | CREATE POLICY
postgres-1  | CREATE POLICY
postgres-1  | REVOKE
postgres-1  | GRANT
postgres-1  | GRANT
postgres-1  | COMMIT
postgres-1  | certification-init: applying 0046_project_auth_audit.sql
postgres-1  | BEGIN
postgres-1  | GRANT
postgres-1  | GRANT
postgres-1  | GRANT
postgres-1  | GRANT
postgres-1  | CREATE POLICY
postgres-1  | COMMIT
postgres-1  | certification-init: applying 0047_audit_chain_order.sql
postgres-1  | BEGIN
postgres-1  | CREATE FUNCTION
postgres-1  | COMMIT
postgres-1  | certification-init: applying 0048_project_auth_mfa_enforcement.sql
postgres-1  | BEGIN
postgres-1  | CREATE TABLE
postgres-1  | ALTER TABLE
postgres-1  | ALTER TABLE
postgres-1  | CREATE FUNCTION
postgres-1  | CREATE TRIGGER
postgres-1  | REVOKE
postgres-1  | REVOKE
postgres-1  | GRANT
postgres-1  | GRANT
postgres-1  | GRANT
postgres-1  | COMMIT
postgres-1  | certification-init: applying 0049_project_database_webhooks.sql
postgres-1  | CREATE TABLE
postgres-1  | CREATE INDEX
postgres-1  | ALTER TABLE
postgres-1  | CREATE POLICY
postgres-1  | CREATE POLICY
postgres-1  | CREATE POLICY
postgres-1  | REVOKE
postgres-1  | GRANT
postgres-1  | certification-init: applying 0050_project_database_webhook_cursors.sql
postgres-1  | CREATE TABLE
postgres-1  | ALTER TABLE
postgres-1  | CREATE POLICY
postgres-1  | CREATE POLICY
postgres-1  | CREATE POLICY
postgres-1  | REVOKE
postgres-1  | GRANT
postgres-1  | certification-init: applying 0051_project_auth_return_targets.sql
postgres-1  | BEGIN
postgres-1  | ALTER TABLE
postgres-1  | ALTER TABLE
postgres-1  | REVOKE
postgres-1  | GRANT
postgres-1  | COMMIT
postgres-1  | certification-init: applying 0052_project_auth_rate_limits.sql
postgres-1  | BEGIN
postgres-1  | ALTER TABLE
postgres-1  | ALTER TABLE
postgres-1  | CREATE TABLE
postgres-1  | CREATE INDEX
postgres-1  | REVOKE
postgres-1  | GRANT
postgres-1  | REVOKE
postgres-1  | GRANT
postgres-1  | COMMIT
postgres-1  | certification-init: applying 0053_project_auth_password_protection.sql
postgres-1  | BEGIN
postgres-1  | ALTER TABLE
postgres-1  | ALTER TABLE
postgres-1  | REVOKE
postgres-1  | GRANT
postgres-1  | COMMIT
postgres-1  | certification-init: applying 0054_project_log_drains.sql
postgres-1  | BEGIN
postgres-1  | CREATE FUNCTION
postgres-1  | REVOKE
postgres-1  | GRANT
postgres-1  | CREATE TABLE
postgres-1  | CREATE INDEX
postgres-1  | ALTER TABLE
postgres-1  | CREATE POLICY
postgres-1  | CREATE POLICY
postgres-1  | CREATE POLICY
postgres-1  | REVOKE
postgres-1  | GRANT
postgres-1  | COMMIT
postgres-1  | certification-init: applying 0055_user_console_settings.sql
postgres-1  | BEGIN
postgres-1  | CREATE TABLE
postgres-1  | CREATE TRIGGER
postgres-1  | REVOKE
postgres-1  | GRANT
postgres-1  | COMMIT
postgres-1  | certification-init: applying 0056_project_log_drain_cursors.sql
postgres-1  | BEGIN
postgres-1  | CREATE TABLE
postgres-1  | ALTER TABLE
postgres-1  | CREATE POLICY
postgres-1  | CREATE POLICY
postgres-1  | CREATE POLICY
postgres-1  | REVOKE
postgres-1  | GRANT
postgres-1  | COMMIT
postgres-1  | certification-init: applying 0057_project_dashboard_webhooks.sql
postgres-1  | BEGIN
postgres-1  | CREATE FUNCTION
postgres-1  | REVOKE
postgres-1  | GRANT
postgres-1  | CREATE TABLE
postgres-1  | CREATE INDEX
postgres-1  | ALTER TABLE
postgres-1  | CREATE POLICY
postgres-1  | CREATE POLICY
postgres-1  | CREATE POLICY
postgres-1  | REVOKE
postgres-1  | GRANT
postgres-1  | CREATE TABLE
postgres-1  | ALTER TABLE
postgres-1  | CREATE POLICY
postgres-1  | CREATE POLICY
postgres-1  | CREATE POLICY
postgres-1  | REVOKE
postgres-1  | GRANT
postgres-1  | COMMIT
postgres-1  | certification-init: applying 0058_project_auth_hooks.sql
postgres-1  | BEGIN
postgres-1  | ALTER TABLE
postgres-1  | ALTER TABLE
postgres-1  | ALTER TABLE
postgres-1  | ALTER TABLE
postgres-1  | REVOKE
postgres-1  | GRANT
postgres-1  | COMMIT
postgres-1  | certification-init: applying 0059_project_storage_s3_access_keys.sql
postgres-1  | BEGIN
postgres-1  | CREATE TABLE
postgres-1  | CREATE INDEX
postgres-1  | CREATE INDEX
postgres-1  | CREATE TABLE
postgres-1  | CREATE INDEX
postgres-1  | CREATE FUNCTION
postgres-1  | CREATE TRIGGER
postgres-1  | ALTER TABLE
postgres-1  | ALTER TABLE
postgres-1  | CREATE POLICY
postgres-1  | CREATE POLICY
postgres-1  | CREATE POLICY
postgres-1  | CREATE POLICY
postgres-1  | CREATE POLICY
postgres-1  | CREATE POLICY
postgres-1  | REVOKE
postgres-1  | REVOKE
postgres-1  | REVOKE
postgres-1  | GRANT
postgres-1  | GRANT
postgres-1  | GRANT
postgres-1  | GRANT
postgres-1  | COMMIT
postgres-1  | certification-init: applying 0060_project_auth_passkeys.sql
postgres-1  | BEGIN
postgres-1  | CREATE TABLE
postgres-1  | CREATE INDEX
postgres-1  | ALTER TABLE
postgres-1  | ALTER TABLE
postgres-1  | CREATE TRIGGER
postgres-1  | REVOKE
postgres-1  | GRANT
postgres-1  | GRANT
postgres-1  | COMMIT
postgres-1  | certification-init: applying 0061_project_auth_third_party_providers.sql
postgres-1  | BEGIN
postgres-1  | CREATE TABLE
postgres-1  | ALTER TABLE
postgres-1  | ALTER TABLE
postgres-1  | ALTER TABLE
postgres-1  | ALTER TABLE
postgres-1  | ALTER TABLE
postgres-1  | REVOKE
postgres-1  | GRANT
postgres-1  | COMMIT
postgres-1  | certification-init: applying 0062_project_auth_oauth_server.sql
postgres-1  | BEGIN
postgres-1  | CREATE TABLE
postgres-1  | ALTER TABLE
postgres-1  | ALTER TABLE
postgres-1  | ALTER TABLE
postgres-1  | REVOKE
postgres-1  | GRANT
postgres-1  | CREATE TABLE
postgres-1  | ALTER TABLE
postgres-1  | ALTER TABLE
postgres-1  | ALTER TABLE
postgres-1  | CREATE TRIGGER
postgres-1  | REVOKE
postgres-1  | GRANT
postgres-1  | GRANT
postgres-1  | CREATE TABLE
postgres-1  | ALTER TABLE
postgres-1  | ALTER TABLE
postgres-1  | REVOKE
postgres-1  | GRANT
postgres-1  | COMMIT
postgres-1  | certification-init: applying 0063_project_auth_expiry_retention.sql
postgres-1  | BEGIN
postgres-1  | CREATE INDEX
postgres-1  | CREATE INDEX
postgres-1  | CREATE INDEX
postgres-1  | GRANT
postgres-1  | GRANT
postgres-1  | GRANT
postgres-1  | COMMIT
postgres-1  | certification-init: applying 0064_project_auth_oauth_consents.sql
postgres-1  | BEGIN
postgres-1  | CREATE TABLE
postgres-1  | ALTER TABLE
postgres-1  | ALTER TABLE
postgres-1  | CREATE INDEX
postgres-1  | CREATE INDEX
postgres-1  | CREATE TRIGGER
postgres-1  | CREATE FUNCTION
postgres-1  | CREATE TRIGGER
postgres-1  | REVOKE
postgres-1  | REVOKE
postgres-1  | GRANT
postgres-1  | GRANT
postgres-1  | GRANT
postgres-1  | ALTER TABLE
postgres-1  | ALTER TABLE
postgres-1  | COMMIT
postgres-1  | certification-init: applying 0065_project_storage_s3_access_key_secrets.sql
postgres-1  | BEGIN
postgres-1  | ALTER TABLE
postgres-1  | CREATE FUNCTION
postgres-1  | CREATE FUNCTION
postgres-1  | REVOKE
postgres-1  | GRANT
postgres-1  | COMMIT
postgres-1  | certification-init: applying 0066_project_cron_time_zone.sql
postgres-1  | ALTER TABLE
postgres-1  | certification-init: applying 0069_project_function_invocation_output.sql
postgres-1  | BEGIN
postgres-1  | CREATE TABLE
postgres-1  | CREATE INDEX
postgres-1  | ALTER TABLE
postgres-1  | ALTER TABLE
postgres-1  | CREATE POLICY
postgres-1  | CREATE POLICY
postgres-1  | REVOKE
postgres-1  | GRANT
postgres-1  | GRANT
postgres-1  | COMMIT
postgres-1  | certification-init: applying 0070_project_auth_saml.sql
postgres-1  | BEGIN
postgres-1  | CREATE TABLE
postgres-1  | CREATE INDEX
postgres-1  | ALTER TABLE
postgres-1  | ALTER TABLE
postgres-1  | ALTER TABLE
postgres-1  | ALTER TABLE
postgres-1  | CREATE TRIGGER
postgres-1  | REVOKE
postgres-1  | GRANT
postgres-1  | COMMIT
postgres-1  | certification-init: applying 0071_project_storage_s3_multipart.sql
postgres-1  | BEGIN
postgres-1  | ALTER TABLE
postgres-1  | ALTER TABLE
postgres-1  | ALTER TABLE
postgres-1  | ALTER TABLE
postgres-1  | ALTER TABLE
postgres-1  | ALTER TABLE
postgres-1  | ALTER TABLE
postgres-1  | ALTER TABLE
postgres-1  | CREATE TABLE
postgres-1  | CREATE INDEX
postgres-1  | CREATE FUNCTION
postgres-1  | GRANT
postgres-1  | REVOKE
postgres-1  | ALTER TABLE
postgres-1  | CREATE POLICY
postgres-1  | CREATE POLICY
postgres-1  | CREATE POLICY
postgres-1  | CREATE POLICY
postgres-1  | GRANT
postgres-1  | GRANT
postgres-1  | COMMIT
postgres-1  | certification-init: applying 0073_project_auth_oauth_tool_scopes.sql
postgres-1  | BEGIN
postgres-1  | ALTER TABLE
postgres-1  | ALTER TABLE
postgres-1  | ALTER TABLE
postgres-1  | ALTER TABLE
postgres-1  | ALTER TABLE
postgres-1  | ALTER TABLE
postgres-1  | ALTER TABLE
postgres-1  | ALTER TABLE
postgres-1  | COMMIT
postgres-1  | certification-init: applying 0075_log_drain_function_output_source.sql
postgres-1  | BEGIN
postgres-1  | CREATE FUNCTION
postgres-1  | REVOKE
postgres-1  | GRANT
postgres-1  | COMMIT
postgres-1  | certification-init: applying 0077_realtime_presence.sql
postgres-1  | BEGIN
postgres-1  | CREATE TABLE
postgres-1  | CREATE INDEX
postgres-1  | CREATE INDEX
postgres-1  | ALTER TABLE
postgres-1  | CREATE POLICY
postgres-1  | CREATE POLICY
postgres-1  | CREATE POLICY
postgres-1  | CREATE POLICY
postgres-1  | REVOKE
postgres-1  | GRANT
postgres-1  | GRANT
postgres-1  | COMMIT
postgres-1  | certification-init: applying 0078_project_auth_oauth_storage_write_scope.sql
postgres-1  | BEGIN
postgres-1  | ALTER TABLE
postgres-1  | ALTER TABLE
postgres-1  | ALTER TABLE
postgres-1  | ALTER TABLE
postgres-1  | ALTER TABLE
postgres-1  | ALTER TABLE
postgres-1  | ALTER TABLE
postgres-1  | ALTER TABLE
postgres-1  | COMMIT
postgres-1  | certification-init: applying 0080_billing_invoice_positions.sql
postgres-1  | BEGIN
postgres-1  | ALTER TABLE
postgres-1  | UPDATE 0
postgres-1  | ALTER TABLE
postgres-1  | ALTER TABLE
postgres-1  | ALTER TABLE
postgres-1  | ALTER TABLE
postgres-1  | GRANT
postgres-1  | CREATE TABLE
postgres-1  | CREATE INDEX
postgres-1  | ALTER TABLE
postgres-1  | ALTER TABLE
postgres-1  | CREATE POLICY
postgres-1  | CREATE POLICY
postgres-1  | REVOKE
postgres-1  | GRANT
postgres-1  | GRANT
postgres-1  | GRANT
postgres-1  | COMMIT
postgres-1  | certification-init: applying 0081_project_queue_message_traces.sql
postgres-1  | BEGIN
postgres-1  | CREATE TABLE
postgres-1  | CREATE INDEX
postgres-1  | CREATE INDEX
postgres-1  | CREATE FUNCTION
postgres-1  | CREATE TRIGGER
postgres-1  | ALTER TABLE
postgres-1  | ALTER TABLE
postgres-1  | CREATE POLICY
postgres-1  | CREATE POLICY
postgres-1  | CREATE POLICY
postgres-1  | REVOKE
postgres-1  | REVOKE
postgres-1  | GRANT
postgres-1  | GRANT
postgres-1  | COMMIT
postgres-1  | certification-init: applying 0082_trace_spans_and_outbound_anchor.sql
postgres-1  | BEGIN
postgres-1  | ALTER TABLE
postgres-1  | ALTER TABLE
postgres-1  | ALTER TABLE
postgres-1  | ALTER TABLE
postgres-1  | ALTER TABLE
postgres-1  | CREATE FUNCTION
postgres-1  | REVOKE
postgres-1  | COMMIT
postgres-1  | certification-init: applying 0083_project_database_backups.sql
postgres-1  | BEGIN
postgres-1  | CREATE TABLE
postgres-1  | CREATE INDEX
postgres-1  | CREATE INDEX
postgres-1  | CREATE INDEX
postgres-1  | CREATE TRIGGER
postgres-1  | ALTER TABLE
postgres-1  | ALTER TABLE
postgres-1  | CREATE POLICY
postgres-1  | REVOKE
postgres-1  | GRANT
postgres-1  | GRANT
postgres-1  | COMMIT
postgres-1  | certification-init: applied 77 migrations
postgres-1  | CREATE EXTENSION
postgres-1  | CREATE ROLE
postgres-1  | CREATE ROLE
postgres-1  | CREATE ROLE
postgres-1  | CREATE ROLE
postgres-1  | CREATE ROLE
postgres-1  | GRANT ROLE
postgres-1  | GRANT ROLE
postgres-1  | GRANT ROLE
postgres-1  | GRANT ROLE
postgres-1  | 2026-10-02 05:25:15.975 UTC [318] WARNING:  role "qkern_app" has not been granted membership in role "qkern_auth" by role "qkern"
postgres-1  | WARNING:  role "qkern_app" has not been granted membership in role "qkern_auth" by role "qkern"
postgres-1  | REVOKE ROLE
postgres-1  | 2026-10-02 05:25:15.975 UTC [318] WARNING:  role "qkern_app" has not been granted membership in role "qkern_worker" by role "qkern"
postgres-1  | REVOKE ROLE
postgres-1  | WARNING:  role "qkern_app" has not been granted membership in role "qkern_worker" by role "qkern"
postgres-1  | WARNING:  role "qkern_app" has not been granted membership in role "qkern_provisioner" by role "qkern"
postgres-1  | 2026-10-02 05:25:15.976 UTC [318] WARNING:  role "qkern_app" has not been granted membership in role "qkern_provisioner" by role "qkern"
postgres-1  | REVOKE ROLE
postgres-1  | 2026-10-02 05:25:15.976 UTC [318] WARNING:  role "qkern_auth_app" has not been granted membership in role "qkern_runtime" by role "qkern"
postgres-1  | REVOKE ROLE
postgres-1  | WARNING:  role "qkern_auth_app" has not been granted membership in role "qkern_runtime" by role "qkern"
postgres-1  | 2026-10-02 05:25:15.976 UTC [318] WARNING:  role "qkern_auth_app" has not been granted membership in role "qkern_worker" by role "qkern"
postgres-1  | WARNING:  role "qkern_auth_app" has not been granted membership in role "qkern_worker" by role "qkern"
postgres-1  | REVOKE ROLE
postgres-1  | 2026-10-02 05:25:15.977 UTC [318] WARNING:  role "qkern_auth_app" has not been granted membership in role "qkern_provisioner" by role "qkern"
postgres-1  | WARNING:  role "qkern_auth_app" has not been granted membership in role "qkern_provisioner" by role "qkern"
postgres-1  | REVOKE ROLE
postgres-1  | 2026-10-02 05:25:15.977 UTC [318] WARNING:  role "qkern_worker_app" has not been granted membership in role "qkern_runtime" by role "qkern"
postgres-1  | 2026-10-02 05:25:15.977 UTC [318] WARNING:  role "qkern_worker_app" has not been granted membership in role "qkern_auth" by role "qkern"
postgres-1  | 2026-10-02 05:25:15.977 UTC [318] WARNING:  role "qkern_worker_app" has not been granted membership in role "qkern_provisioner" by role "qkern"
postgres-1  | REVOKE ROLE
postgres-1  | WARNING:  role "qkern_worker_app" has not been granted membership in role "qkern_runtime" by role "qkern"
postgres-1  | WARNING:  role "qkern_worker_app" has not been granted membership in role "qkern_auth" by role "qkern"
postgres-1  | WARNING:  role "qkern_worker_app" has not been granted membership in role "qkern_provisioner" by role "qkern"
postgres-1  | 2026-10-02 05:25:15.977 UTC [318] WARNING:  role "qkern_provisioner_app" has not been granted membership in role "qkern_runtime" by role "qkern"
postgres-1  | 2026-10-02 05:25:15.977 UTC [318] WARNING:  role "qkern_provisioner_app" has not been granted membership in role "qkern_auth" by role "qkern"
postgres-1  | 2026-10-02 05:25:15.977 UTC [318] WARNING:  role "qkern_provisioner_app" has not been granted membership in role "qkern_worker" by role "qkern"
postgres-1  | WARNING:  role "qkern_provisioner_app" has not been granted membership in role "qkern_runtime" by role "qkern"
postgres-1  | WARNING:  role "qkern_provisioner_app" has not been granted membership in role "qkern_auth" by role "qkern"
postgres-1  | WARNING:  role "qkern_provisioner_app" has not been granted membership in role "qkern_worker" by role "qkern"
postgres-1  | REVOKE ROLE
postgres-1  | 2026-10-02 05:25:15.978 UTC [318] WARNING:  role "qkern_project_api_app" has not been granted membership in role "qkern_runtime" by role "qkern"
postgres-1  | 2026-10-02 05:25:15.978 UTC [318] WARNING:  role "qkern_project_api_app" has not been granted membership in role "qkern_auth" by role "qkern"
postgres-1  | 2026-10-02 05:25:15.978 UTC [318] WARNING:  role "qkern_project_api_app" has not been granted membership in role "qkern_worker" by role "qkern"
postgres-1  | 2026-10-02 05:25:15.978 UTC [318] WARNING:  role "qkern_project_api_app" has not been granted membership in role "qkern_provisioner" by role "qkern"
postgres-1  | WARNING:  role "qkern_project_api_app" has not been granted membership in role "qkern_runtime" by role "qkern"
postgres-1  | WARNING:  role "qkern_project_api_app" has not been granted membership in role "qkern_auth" by role "qkern"
postgres-1  | WARNING:  role "qkern_project_api_app" has not been granted membership in role "qkern_worker" by role "qkern"
postgres-1  | WARNING:  role "qkern_project_api_app" has not been granted membership in role "qkern_provisioner" by role "qkern"
postgres-1  | REVOKE ROLE
postgres-1  | ALTER ROLE
postgres-1  | ALTER ROLE
postgres-1  | ALTER ROLE
postgres-1  | ALTER ROLE
postgres-1  | ALTER ROLE
postgres-1  | ALTER ROLE
postgres-1  | ALTER ROLE
postgres-1  | ALTER ROLE
postgres-1  | ALTER ROLE
postgres-1  | ALTER ROLE
postgres-1  | ALTER ROLE
postgres-1  | ALTER ROLE
postgres-1  | ALTER ROLE
postgres-1  | ALTER ROLE
postgres-1  | ALTER ROLE
postgres-1  | project-database: kein Passwort gesetzt, lokale Projektdatenbank wird nicht angelegt
postgres-1  | 
postgres-1  | waiting for server to shut down....2026-10-02 05:25:15.991 UTC [42] LOG:  received fast shutdown request
postgres-1  | 2026-10-02 05:25:15.991 UTC [42] LOG:  aborting any active transactions
postgres-1  | 2026-10-02 05:25:15.993 UTC [42] LOG:  background worker "logical replication launcher" (PID 48) exited with exit code 1
postgres-1  | 2026-10-02 05:25:15.993 UTC [43] LOG:  shutting down
postgres-1  | 2026-10-02 05:25:15.994 UTC [43] LOG:  checkpoint starting: shutdown immediate
postgres-1  | 2026-10-02 05:25:16.009 UTC [43] LOG:  checkpoint complete: wrote 1289 buffers (7.9%); 0 WAL file(s) added, 0 removed, 0 recycled; write=0.013 s, sync=0.003 s, total=0.015 s; sync files=780, longest=0.001 s, average=0.001 s; distance=8986 kB, estimate=8986 kB; lsn=0/1DB8788, redo lsn=0/1DB8788
postgres-1  | 2026-10-02 05:25:16.017 UTC [42] LOG:  database system is shut down
postgres-1  |  done
postgres-1  | server stopped
postgres-1  | 
postgres-1  | PostgreSQL init process complete; ready for start up.
postgres-1  | 
postgres-1  | 2026-10-02 05:25:16.125 UTC [1] LOG:  starting PostgreSQL 17.10 on x86_64-pc-linux-musl, compiled by gcc (Alpine 15.2.0) 15.2.0, 64-bit
postgres-1  | 2026-10-02 05:25:16.125 UTC [1] LOG:  listening on IPv4 address "0.0.0.0", port 5432
postgres-1  | 2026-10-02 05:25:16.125 UTC [1] LOG:  listening on IPv6 address "::", port 5432
postgres-1  | 2026-10-02 05:25:16.135 UTC [1] LOG:  listening on Unix socket "/var/run/postgresql/.s.PGSQL.5432"
postgres-1  | 2026-10-02 05:25:16.137 UTC [325] LOG:  database system was shut down at 2026-10-02 05:25:16 UTC
postgres-1  | 2026-10-02 05:25:16.150 UTC [1] LOG:  database system is ready to accept connections
 Container qkern-slice-s3clients-postgres-1 Healthy 
vault-1     | ==> Vault server configuration:
vault-1     | 
vault-1     | Administrative Namespace: 
vault-1     |              Api Address: http://0.0.0.0:8200
vault-1     |                      Cgo: disabled
vault-1     |          Cluster Address: https://0.0.0.0:8201
vault-1     |    Environment Variables: GOTRACEBACK, HOME, HOSTNAME, NAME, PATH, PWD, SHLVL, VAULT_DEV_LISTEN_ADDRESS, VAULT_DEV_ROOT_TOKEN_ID, VERSION
vault-1     |               Go Version: go1.23.3
vault-1     |               Listener 1: tcp (addr: "0.0.0.0:8200", cluster address: "0.0.0.0:8201", disable_request_limiter: "false", max_request_duration: "1m30s", max_request_size: "33554432", tls: "disabled")
vault-1     |                Log Level: 
vault-1     |                    Mlock: supported: true, enabled: false
vault-1     |            Recovery Mode: false
vault-1     |                  Storage: inmem
vault-1     |                  Version: Vault v1.18.3, built 2024-12-16T14:00:53Z
vault-1     |              Version Sha: 7ae4eca5403bf574f142cd8f987b8d83bafcd1de
vault-1     | 
vault-1     | ==> Vault server started! Log data will stream in below:
vault-1     | 
vault-1     | 2026-10-02T05:25:16.900Z [INFO]  proxy environment: http_proxy="" https_proxy="" no_proxy=""
vault-1     | 2026-10-02T05:25:16.900Z [INFO]  incrementing seal generation: generation=1
vault-1     | 2026-10-02T05:25:16.900Z [WARN]  no `api_addr` value specified in config or in VAULT_API_ADDR; falling back to detection if possible, but this value should be manually set
vault-1     | 2026-10-02T05:25:16.900Z [INFO]  core: Initializing version history cache for core
vault-1     | 2026-10-02T05:25:16.900Z [INFO]  events: Starting event system
vault-1     | 2026-10-02T05:25:16.901Z [INFO]  core: security barrier not initialized
vault-1     | 2026-10-02T05:25:16.901Z [INFO]  core: security barrier initialized: stored=1 shares=1 threshold=1
vault-1     | 2026-10-02T05:25:16.901Z [INFO]  core: post-unseal setup starting
vault-1     | 2026-10-02T05:25:16.905Z [INFO]  core: loaded wrapping token key
vault-1     | 2026-10-02T05:25:16.905Z [INFO]  core: successfully setup plugin runtime catalog
vault-1     | 2026-10-02T05:25:16.905Z [INFO]  core: successfully setup plugin catalog: plugin-directory=""
vault-1     | 2026-10-02T05:25:16.905Z [INFO]  core: no mounts; adding default mount table
vault-1     | 2026-10-02T05:25:16.907Z [INFO]  core: successfully mounted: type=cubbyhole version="v1.18.3+builtin.vault" path=cubbyhole/ namespace="ID: root. Path: "
vault-1     | 2026-10-02T05:25:16.908Z [INFO]  core: successfully mounted: type=system version="v1.18.3+builtin.vault" path=sys/ namespace="ID: root. Path: "
vault-1     | 2026-10-02T05:25:16.908Z [INFO]  core: successfully mounted: type=identity version="v1.18.3+builtin.vault" path=identity/ namespace="ID: root. Path: "
vault-1     | 2026-10-02T05:25:16.910Z [INFO]  core: successfully mounted: type=token version="v1.18.3+builtin.vault" path=token/ namespace="ID: root. Path: "
vault-1     | 2026-10-02T05:25:16.910Z [INFO]  rollback: Starting the rollback manager with 256 workers
vault-1     | 2026-10-02T05:25:16.910Z [INFO]  rollback: starting rollback manager
vault-1     | 2026-10-02T05:25:16.911Z [INFO]  core: restoring leases
vault-1     | 2026-10-02T05:25:16.911Z [INFO]  expiration: lease restore complete
vault-1     | 2026-10-02T05:25:16.911Z [INFO]  identity: entities restored
vault-1     | 2026-10-02T05:25:16.911Z [INFO]  identity: groups restored
vault-1     | 2026-10-02T05:25:16.912Z [INFO]  core: Recorded vault version: vault version=1.18.3 upgrade time="2026-10-02 05:25:16.912085833 +0000 UTC" build date=2024-12-16T14:00:53Z
vault-1     | 2026-10-02T05:25:16.912Z [INFO]  core: post-unseal setup complete
vault-1     | 2026-10-02T05:25:16.912Z [INFO]  core: root token generated
vault-1     | 2026-10-02T05:25:16.912Z [INFO]  core: pre-seal teardown starting
vault-1     | 2026-10-02T05:25:16.912Z [INFO]  rollback: stopping rollback manager
vault-1     | 2026-10-02T05:25:16.912Z [INFO]  core: pre-seal teardown complete
vault-1     | 2026-10-02T05:25:16.913Z [INFO]  core.cluster-listener.tcp: starting listener: listener_address=0.0.0.0:8201
vault-1     | 2026-10-02T05:25:16.913Z [INFO]  core.cluster-listener: serving cluster requests: cluster_listen_address=[::]:8201
vault-1     | 2026-10-02T05:25:16.913Z [INFO]  core: post-unseal setup starting
vault-1     | 2026-10-02T05:25:16.913Z [INFO]  core: loaded wrapping token key
vault-1     | 2026-10-02T05:25:16.913Z [INFO]  core: successfully setup plugin runtime catalog
vault-1     | 2026-10-02T05:25:16.913Z [INFO]  core: successfully setup plugin catalog: plugin-directory=""
vault-1     | 2026-10-02T05:25:16.913Z [INFO]  core: successfully mounted: type=system version="v1.18.3+builtin.vault" path=sys/ namespace="ID: root. Path: "
vault-1     | 2026-10-02T05:25:16.914Z [INFO]  core: successfully mounted: type=identity version="v1.18.3+builtin.vault" path=identity/ namespace="ID: root. Path: "
vault-1     | 2026-10-02T05:25:16.914Z [INFO]  core: successfully mounted: type=cubbyhole version="v1.18.3+builtin.vault" path=cubbyhole/ namespace="ID: root. Path: "
vault-1     | 2026-10-02T05:25:16.916Z [INFO]  core: successfully mounted: type=token version="v1.18.3+builtin.vault" path=token/ namespace="ID: root. Path: "
vault-1     | 2026-10-02T05:25:16.916Z [INFO]  rollback: Starting the rollback manager with 256 workers
vault-1     | 2026-10-02T05:25:16.916Z [INFO]  rollback: starting rollback manager
vault-1     | 2026-10-02T05:25:16.917Z [INFO]  core: restoring leases
vault-1     | 2026-10-02T05:25:16.917Z [INFO]  identity: entities restored
vault-1     | 2026-10-02T05:25:16.917Z [INFO]  identity: groups restored
vault-1     | 2026-10-02T05:25:16.917Z [INFO]  expiration: lease restore complete
vault-1     | 2026-10-02T05:25:16.918Z [INFO]  core: post-unseal setup complete
vault-1     | 2026-10-02T05:25:16.918Z [INFO]  core: vault is unsealed
vault-1     | 2026-10-02T05:25:16.920Z [INFO]  expiration: revoked lease: lease_id=auth/token/root/h201af4ba16993318969c7882cb1bf5865cc45b2c4795a58cb2281a3f9c0b6072
vault-1     | 2026-10-02T05:25:16.923Z [INFO]  core: successful mount: namespace="" path=secret/ type=kv version="v0.20.0+builtin"
vault-1     | WARNING! dev mode is enabled! In this mode, Vault runs entirely in-memory
vault-1     | and starts unsealed with a single unseal key. The root token is already
vault-1     | authenticated to the CLI, so you can immediately begin using Vault.
vault-1     | 
vault-1     | You may need to set the following environment variables:
vault-1     | 
vault-1     |     $ export VAULT_ADDR='http://0.0.0.0:8200'
vault-1     | 
vault-1     | The unseal key and root token are displayed below in case you want to
vault-1     | seal/unseal the Vault or re-authenticate.
vault-1     | 
vault-1     | Unseal Key: 4tiuJHIr3obhoOX5ji6KHw/Y7gJy9tqVOgCCz/L9kAM=
vault-1     | Root Token: qkern-certification-root-token
vault-1     | 
vault-1     | Development mode should NOT be used in production installations!
vault-1     | 
 Container qkern-slice-s3clients-vault-1 Healthy 
 Container qkern-slice-s3clients-certification-1 Starting 
 Container qkern-slice-s3clients-certification-1 Started 
certification-1  | vault-seed: one signing secret written
certification-1  | 
certification-1  | added 240 packages, and audited 241 packages in 27s
certification-1  | 
certification-1  | 61 packages are looking for funding
certification-1  |   run `npm fund` for details
certification-1  | 
certification-1  | 10 vulnerabilities (6 moderate, 3 high, 1 critical)
certification-1  | 
certification-1  | To address issues that do not require attention, run:
certification-1  |   npm audit fix
certification-1  | 
certification-1  | To address all issues, run:
certification-1  |   npm audit fix --force
certification-1  | 
certification-1  | Run `npm audit` for details.
certification-1  | npm notice
certification-1  | npm notice New major version of npm available! 11.17.0 -> 12.2.0
certification-1  | npm notice Changelog: https://github.com/npm/cli/releases/tag/v12.2.0
certification-1  | npm notice To update run: npm install -g npm@12.2.0
certification-1  | npm notice
certification-1  | 
certification-1  | > qkern-platform@2.73.0 test:postgres
certification-1  | > vitest run tests/postgres.integration.test.ts tests/postgres-incident-recovery.integration.test.ts tests/generated-data-postgres.integration.test.ts tests/project-auth-postgres.integration.test.ts tests/project-storage-postgres.integration.test.ts tests/project-queues-postgres.integration.test.ts tests/usage-metering-postgres.integration.test.ts tests/realtime-postgres.integration.test.ts tests/realtime-change-feed-postgres.integration.test.ts tests/realtime-change-chain-postgres.integration.test.ts tests/realtime-change-soak-postgres.integration.test.ts tests/project-queues-multi-instance.integration.test.ts tests/compute-cron-postgres.integration.test.ts tests/compute-webhook-postgres.integration.test.ts tests/compute-webhook-chain.integration.test.ts tests/compute-definitions-postgres.integration.test.ts tests/compute-functions-postgres.integration.test.ts tests/usage-emitters-postgres.integration.test.ts tests/migration-process-postgres.integration.test.ts tests/realtime-process-postgres.integration.test.ts tests/provisioning-port-postgres.integration.test.ts tests/migration-enqueue-postgres.integration.test.ts tests/sql-privilege-clause-contract.integration.test.ts tests/queue-connection-pressure-postgres.integration.test.ts tests/usage-billing-postgres.integration.test.ts tests/billing-invoice-postgres.integration.test.ts tests/data-plane-query-postgres.integration.test.ts tests/data-plane-triggers-postgres.integration.test.ts tests/data-plane-functions-postgres.integration.test.ts tests/data-plane-catalog-postgres.integration.test.ts tests/data-plane-catalog-wide-postgres.integration.test.ts
certification-1  | 
certification-1  | 
certification-1  | [1m[30m[46m RUN [49m[39m[22m [36mv4.1.10 [39m[90m/workspace/qkern[39m
certification-1  | 
postgres-1       | 2026-10-02 05:25:56.543 UTC [533] ERROR:  permission denied for table project_database_provisioning_jobs
postgres-1       | 2026-10-02 05:25:56.543 UTC [533] STATEMENT:  SELECT 1 FROM project_database_provisioning_jobs LIMIT 1
postgres-1       | 2026-10-02 05:25:56.571 UTC [533] ERROR:  permission denied for table project_database_bindings
postgres-1       | 2026-10-02 05:25:56.571 UTC [533] STATEMENT:  SELECT 1 FROM project_database_bindings LIMIT 1
postgres-1       | 2026-10-02 05:25:57.054 UTC [503] ERROR:  new row for relation "migration_incident_delivery_commands" violates check constraint "migration_incident_delivery_commands_expected_failure_code"
postgres-1       | 2026-10-02 05:25:57.054 UTC [503] DETAIL:  Failing row contains (a9174056-6ae6-46ca-9db1-629c503a0c7b, 0c011824-75f8-488e-bcf3-a31b9b13cfc3, 20832f75-07cc-4b8f-8f0a-6f1127df0070, constraint-test, destination_recovered, pending, null, 2026-10-02 05:25:57.053172+00, 2026-10-02 05:25:57.053172+00, null, null).
postgres-1       | 2026-10-02 05:25:57.054 UTC [503] STATEMENT:  INSERT INTO migration_incident_delivery_commands
postgres-1       | 	           (organization_id, migration_incident_id, requested_by, reason_code,
postgres-1       | 	            expected_failure_code, expected_retry_cycle)
postgres-1       | 	         VALUES ($1, $2, 'constraint-test', 'destination_recovered', NULL, NULL)
postgres-1       | 2026-10-02 05:25:57.080 UTC [502] ERROR:  webhook delivery content is immutable
postgres-1       | 2026-10-02 05:25:57.080 UTC [502] CONTEXT:  PL/pgSQL function qkern_validate_project_webhook_delivery_update() line 10 at RAISE
postgres-1       | 2026-10-02 05:25:57.080 UTC [502] STATEMENT:  UPDATE project_webhook_deliveries SET payload='{"tampered":true}'::jsonb WHERE id=$1
postgres-1       | 2026-10-02 05:25:57.223 UTC [546] ERROR:  a settled webhook delivery is final
postgres-1       | 2026-10-02 05:25:57.223 UTC [546] CONTEXT:  PL/pgSQL function qkern_validate_project_webhook_delivery_update() line 16 at RAISE
postgres-1       | 2026-10-02 05:25:57.223 UTC [546] STATEMENT:  UPDATE project_webhook_deliveries SET status='pending' WHERE id=$1
postgres-1       | 2026-10-02 05:25:57.273 UTC [547] ERROR:  new row for relation "migration_incident_delivery_commands" violates check constraint "migration_incident_delivery_commands_expected_retry_cycle"
postgres-1       | 2026-10-02 05:25:57.273 UTC [547] DETAIL:  Failing row contains (91561b59-d330-485b-b588-5af57c0175c7, 0c011824-75f8-488e-bcf3-a31b9b13cfc3, 20832f75-07cc-4b8f-8f0a-6f1127df0070, constraint-test, destination_recovered, pending, null, 2026-10-02 05:25:57.163173+00, 2026-10-02 05:25:57.163173+00, PUBLISH_FAILED, null).
postgres-1       | 2026-10-02 05:25:57.273 UTC [547] STATEMENT:  INSERT INTO migration_incident_delivery_commands
postgres-1       | 	           (organization_id, migration_incident_id, requested_by, reason_code,
postgres-1       | 	            expected_failure_code, expected_retry_cycle)
postgres-1       | 	         VALUES ($1, $2, 'constraint-test', 'destination_recovered', 'PUBLISH_FAILED', NULL)
certification-1  |  [32m✓[39m tests/provisioning-port-postgres.integration.test.ts [2m([22m[2m6 tests[22m[2m)[22m[33m 1611[2mms[22m[39m
certification-1  |      [33m[2m✓[22m[39m (2.88) hands the web runtime the order of its own tenant and never a field of the binding [33m 824[2mms[22m[39m
postgres-1       | 2026-10-02 05:25:57.479 UTC [560] ERROR:  relation "change_feed" already exists
postgres-1       | 2026-10-02 05:25:57.479 UTC [560] STATEMENT:  -- Run once after 0002_qkern_migration_fence.sql as the trusted project database
postgres-1       | 	-- provisioner. Provides trigger-based change capture for Realtime.
postgres-1       | 	--
postgres-1       | 	-- ## Warum Trigger und nicht logische Replikation
postgres-1       | 	--
postgres-1       | 	-- Logische Replikation sieht jede Aenderung ohne Schemaeingriff, verlangt aber
postgres-1       | 	-- eine Rolle mit Replikationsrecht und einen Slot. Beides steht im direkten
postgres-1       | 	-- Widerspruch zu diesem Schema: 0001 prueft fuer jede beteiligte Rolle
postgres-1       | 	-- ausdruecklich rolreplication = false. Ein hängender Konsument laesst den Slot
postgres-1       | 	-- ausserdem unbegrenzt WAL halten, bis die Platte voll ist -- ein
postgres-1       | 	-- Betriebsrisiko, das der Kunde traegt und QKERN nicht begrenzen kann.
postgres-1       | 	--
postgres-1       | 	-- Trigger sind begrenzbar: der Feed hat Groessengrenzen und Aufbewahrung, und
postgres-1       | 	-- das Anschalten je Tabelle ist eine Schemaaenderung, die den vorhandenen
postgres-1       | 	-- Change-Set- und Approval-Weg durchlaeuft.
postgres-1       | 	--
postgres-1       | 	-- ## Warum keine Zeilenwerte gespeichert werden
postgres-1       | 	--
postgres-1       | 	-- Der Feed haelt ausschliesslich die Primaerschluesselwerte. Die eigentlichen
postgres-1       | 	-- Zeilenwerte werden je Abonnent frisch gelesen, und zwar mit dessen Claims.
postgres-1       | 	-- Row Level Security autorisiert und erzeugt die Nutzlast damit in einem
postgres-1       | 	-- Schritt. Wuerden die Werte hier liegen, muesste eine zweite, unabhaengige
postgres-1       | 	-- Sichtbarkeitspruefung sie korrekt filtern -- eine Kopie der RLS-Logik
postgres-1       | 	-- ausserhalb der Datenbank und damit eine dauerhafte Fehlerquelle.
postgres-1       | 	
postgres-1       | 	BEGIN;
postgres-1       | 	
postgres-1       | 	CREATE TABLE qkern_internal.change_feed (
postgres-1       | 	  position bigint GENERATED ALWAYS AS IDENTITY PRIMARY KEY,
postgres-1       | 	  schema_name text NOT NULL CHECK (schema_name ~ '^[a-z_][a-z0-9_]{0,62}$'),
postgres-1       | 	  table_name text NOT NULL CHECK (table_name ~ '^[a-z_][a-z0-9_]{0,62}$'),
postgres-1       | 	  operation text NOT NULL CHECK (operation IN ('insert', 'update', 'delete')),
postgres-1       | 	  -- Nur Primaerschluesselwerte. Die Grenze verhindert, dass ein zusammengesetzter
postgres-1       | 	  -- Schluessel den Feed aufblaeht.
postgres-1       | 	  row_key jsonb NOT NULL CHECK (octet_length(row_key::text) <= 4096),
postgres-1       | 	  committed_at timestamptz NOT NULL DEFAULT now()
postgres-1       | 	);
postgres-1       | 	
postgres-1       | 	CREATE INDEX change_feed_retention_idx ON qkern_internal.change_feed (committed_at);
postgres-1       | 	
postgres-1       | 	ALTER TABLE qkern_internal.change_feed OWNER TO qkern_ledger_owner;
postgres-1       | 	
postgres-1       | 	-- SECURITY DEFINER: Der Schreiber einer Zeile besitzt keine Rechte auf dem
postgres-1       | 	-- Feed und soll sie auch nicht bekommen. Der Trigger schreibt stellvertretend.
postgres-1       | 	-- search_path wird fest gesetzt, damit kein Aufrufer die aufgeloesten Objekte
postgres-1       | 	-- umlenken kann.
postgres-1       | 	CREATE OR REPLACE FUNCTION qkern_internal.capture_change()
postgres-1       | 	RETURNS trigger
postgres-1       | 	LANGUAGE plpgsql
postgres-1       | 	SECURITY DEFINER
postgres-1       | 	SET search_path = qkern_internal, pg_catalog
postgres-1       | 	AS $$
postgres-1       | 	DECLARE
postgres-1       | 	  key_columns text[];
postgres-1       | 	  source record;
postgres-1       | 	  key jsonb;
postgres-1       | 	BEGIN
postgres-1       | 	  SELECT array_agg(attribute.attname ORDER BY attribute.attnum)
postgres-1       | 	    INTO key_columns
postgres-1       | 	    FROM pg_index index
postgres-1       | 	    JOIN pg_attribute attribute
postgres-1       | 	      ON attribute.attrelid = index.indrelid AND attribute.attnum = ANY (index.indkey)
postgres-1       | 	   WHERE index.indrelid = TG_RELID AND index.indisprimary;
postgres-1       | 	
postgres-1       | 	  IF key_columns IS NULL THEN
postgres-1       | 	    RAISE EXCEPTION 'change capture requires a primary key on %.%', TG_TABLE_SCHEMA, TG_TABLE_NAME
postgres-1       | 	      USING ERRCODE = '55000';
postgres-1       | 	  END IF;
postgres-1       | 	
postgres-1       | 	  source := CASE WHEN TG_OP = 'DELETE' THEN OLD ELSE NEW END;
postgres-1       | 	  SELECT jsonb_object_agg(entry.key, entry.value)
postgres-1       | 	    INTO key
postgres-1       | 	    FROM jsonb_each(to_jsonb(source)) AS entry
postgres-1       | 	   WHERE entry.key = ANY (key_columns);
postgres-1       | 	
postgres-1       | 	  INSERT INTO qkern_internal.change_feed (schema_name, table_name, operation, row_key)
postgres-1       | 	  VALUES (TG_TABLE_SCHEMA, TG_TABLE_NAME, lower(TG_OP), key);
postgres-1       | 	
postgres-1       | 	  RETURN NULL;
postgres-1       | 	END;
postgres-1       | 	$$;
postgres-1       | 	
postgres-1       | 	ALTER FUNCTION qkern_internal.capture_change() OWNER TO qkern_ledger_owner;
postgres-1       | 	
postgres-1       | 	REVOKE ALL ON qkern_internal.change_feed FROM PUBLIC;
postgres-1       | 	REVOKE ALL ON FUNCTION qkern_internal.capture_change() FROM PUBLIC;
postgres-1       | 	
postgres-1       | 	-- Die Laufzeitrolle liest den Feed und raeumt ihn auf. Sie darf ihn niemals
postgres-1       | 	-- schreiben: ein erfundenes Aenderungsereignis wuerde einen Lesevorgang mit
postgres-1       | 	-- fremden Claims ausloesen.
postgres-1       | 	GRANT USAGE ON SCHEMA qkern_internal TO qkern_project_api_app;
postgres-1       | 	GRANT SELECT, DELETE ON qkern_internal.change_feed TO qkern_project_api_app;
postgres-1       | 	
postgres-1       | 	COMMIT;
postgres-1       | 	
postgres-1       | 2026-10-02 05:25:58.142 UTC [517] ERROR:  new row violates row-level security policy for table "items"
postgres-1       | 2026-10-02 05:25:58.142 UTC [517] CONTEXT:  SQL function "add_item" statement 1
postgres-1       | 2026-10-02 05:25:58.142 UTC [517] STATEMENT:  SELECT "generated_7d78d37b_e41e_426e_856f_038b30ce512a"."add_item"("item_name" => $1::text, "item_owner" => $2::text) AS result
postgres-1       | 2026-10-02 05:25:58.235 UTC [579] ERROR:  permission denied for table project_cron_definitions
postgres-1       | 2026-10-02 05:25:58.235 UTC [579] STATEMENT:  UPDATE project_cron_definitions SET time_zone='UTC' WHERE id=$1
postgres-1       | 2026-10-02 05:25:58.431 UTC [572] ERROR:  duplicate key value violates unique constraint "project_cron_definitions_name_key"
postgres-1       | 2026-10-02 05:25:58.431 UTC [572] STATEMENT:  INSERT INTO project_cron_definitions
postgres-1       | 	           (organization_id, project_id, environment, name, expression, queue, payload, enabled,
postgres-1       | 	            time_zone)
postgres-1       | 	         VALUES ($1,$2,$3,$4,$5,$6,$7,$8,$9)
postgres-1       | 	         RETURNING id, organization_id, project_id, environment, name, expression, queue,
postgres-1       | 	  payload, enabled, time_zone, last_dispatched_at, created_at
certification-1  |  [32m✓[39m tests/compute-webhook-postgres.integration.test.ts [2m([22m[2m10 tests[22m[2m)[22m[33m 2802[2mms[22m[39m
certification-1  |      [33m[2m✓[22m[39m persists a delivery and hands it to exactly one of many claimants [33m 565[2mms[22m[39m
certification-1  |      [33m[2m✓[22m[39m hides deliveries of a different organization [33m 348[2mms[22m[39m
certification-1  |  [32m✓[39m tests/generated-data-postgres.integration.test.ts [2m([22m[2m9 tests[22m[2m)[22m[33m 2626[2mms[22m[39m
certification-1  |      [33m[2m✓[22m[39m enforces RLS across insert, list, update and delete [33m 352[2mms[22m[39m
certification-1  |      [33m[2m✓[22m[39m serves a quoted, camel-cased table under RLS and lists it in the schema [33m 674[2mms[22m[39m
certification-1  |      [33m[2m✓[22m[39m serves security-invoker views read-only under the caller's RLS [33m 371[2mms[22m[39m
postgres-1       | 2026-10-02 05:25:58.617 UTC [583] ERROR:  permission denied for table project_cron_definitions
postgres-1       | 2026-10-02 05:25:58.617 UTC [583] STATEMENT:  UPDATE project_cron_definitions SET expression='*/1 * * * *' WHERE id=$1
postgres-1       | 2026-10-02 05:25:58.667 UTC [566] ERROR:  project storage object identity is immutable
postgres-1       | 2026-10-02 05:25:58.667 UTC [566] CONTEXT:  PL/pgSQL function qkern_reject_project_storage_object_mutation() line 12 at RAISE
postgres-1       | 2026-10-02 05:25:58.667 UTC [566] STATEMENT:  UPDATE project_storage_objects SET deleted_at=coalesce(deleted_at,$5)
postgres-1       | 	        WHERE organization_id=$1 AND project_id=$2 AND environment=$3 AND id=$4
postgres-1       | 	        RETURNING id,organization_id,project_id,environment,bucket_id,object_key,owner_subject,
postgres-1       | 	  provider_key,size_bytes,content_type,checksum_sha256,etag,status,created_at,delete_after,deleted_at
postgres-1       | 2026-10-02 05:25:58.673 UTC [569] ERROR:  migration incident resolution requires worker-verified ledger evidence
postgres-1       | 2026-10-02 05:25:58.673 UTC [569] CONTEXT:  PL/pgSQL function qkern_validate_migration_incident_acknowledgement() line 49 at RAISE
postgres-1       | 2026-10-02 05:25:58.673 UTC [569] STATEMENT:  UPDATE migration_incidents
postgres-1       | 	       SET status = 'resolved',
postgres-1       | 	           resolution_code = 'target_ledger_match'::qkern_migration_incident_resolution_code
postgres-1       | 	       WHERE organization_id = $1 AND migration_job_id = $2
postgres-1       | 	         AND status IN ('open', 'acknowledged')
postgres-1       | 	       RETURNING 
postgres-1       | 	  id, organization_id, migration_job_id, project_id, environment, change_set_id,
postgres-1       | 	  kind, severity, status, detected_review_cycle, detected_reconciliation_attempt,
postgres-1       | 	  acknowledged_by, acknowledgement_code, acknowledged_at,
postgres-1       | 	  resolved_by, resolution_code, resolved_at, created_at, updated_at
postgres-1       | 2026-10-02 05:25:58.769 UTC [592] ERROR:  permission denied for table project_webhooks
postgres-1       | 2026-10-02 05:25:58.769 UTC [592] STATEMENT:  UPDATE project_webhooks SET url='https://elsewhere.example.com/hooks' WHERE id=$1
postgres-1       | 2026-10-02 05:25:59.005 UTC [323] LOG:  checkpoint starting: immediate force wait
postgres-1       | 2026-10-02 05:25:59.300 UTC [596] ERROR:  permission denied for table project_functions
postgres-1       | 2026-10-02 05:25:59.300 UTC [596] STATEMENT:  UPDATE project_functions SET image=$1 WHERE id=$2
postgres-1       | 2026-10-02 05:25:59.447 UTC [598] ERROR:  permission denied for table project_functions
postgres-1       | 2026-10-02 05:25:59.447 UTC [598] STATEMENT:  UPDATE project_functions SET image=$2 WHERE id=$1
postgres-1       | 2026-10-02 05:25:59.498 UTC [323] LOG:  checkpoint complete: wrote 1575 buffers (9.6%); 0 WAL file(s) added, 0 removed, 1 recycled; write=0.477 s, sync=0.005 s, total=0.494 s; sync files=543, longest=0.001 s, average=0.001 s; distance=11858 kB, estimate=11858 kB; lsn=0/2985168, redo lsn=0/294D2D0
postgres-1       | 2026-10-02 05:25:59.548 UTC [600] ERROR:  permission denied for table project_functions
postgres-1       | 2026-10-02 05:25:59.548 UTC [600] STATEMENT:  UPDATE project_functions SET memory_mib=2048 WHERE id=$1
postgres-1       | 2026-10-02 05:25:59.571 UTC [591] ERROR:  new row for relation "project_functions" violates check constraint "project_functions_image_check"
postgres-1       | 2026-10-02 05:25:59.571 UTC [591] DETAIL:  Failing row contains (886387f1-84d3-4799-b385-25aa1de04387, 31a61884-2acd-4bd3-a0e1-7d895a5ad885, 0a136a6f-e93f-4f89-854a-0f888e9ea1cf, development, tagged-0e84d98f, nodejs24, registry.example.com/qkern/probe:latest, handler.mjs, 30000, 128, 1, {}, {}, t, 2026-10-02 05:25:59.556543+00).
postgres-1       | 2026-10-02 05:25:59.571 UTC [591] STATEMENT:  INSERT INTO project_functions
postgres-1       | 	         (organization_id, project_id, environment, name, runtime, image, entrypoint)
postgres-1       | 	       VALUES ($1,$2,'development',$3,'nodejs24','registry.example.com/qkern/probe:latest','handler.mjs')
certification-1  |  [32m✓[39m tests/postgres-incident-recovery.integration.test.ts [2m([22m[2m6 tests[22m[2m)[22m[33m 4316[2mms[22m[39m
certification-1  |      [33m[2m✓[22m[39m closes PostgreSQL CHECK-NULL bypasses for every new pending command [33m 366[2mms[22m[39m
certification-1  |      [33m[2m✓[22m[39m rejects an old command when the same failure code returns in a later generation [33m 444[2mms[22m[39m
certification-1  |      [33m[2m✓[22m[39m keeps duplicate runtime inserts behind the worker's command-first lock [33m 386[2mms[22m[39m
certification-1  |      [33m[2m✓[22m[39m allows incident resolution only after worker-verified applied state [33m 378[2mms[22m[39m
postgres-1       | 2026-10-02 05:25:59.686 UTC [595] ERROR:  duplicate key value violates unique constraint "project_functions_name_key"
postgres-1       | 2026-10-02 05:25:59.686 UTC [595] STATEMENT:  INSERT INTO project_functions
postgres-1       | 	           (organization_id, project_id, environment, name, runtime, image, entrypoint,
postgres-1       | 	            timeout_ms, memory_mib, max_concurrency, egress_origins, secret_refs, enabled)
postgres-1       | 	         VALUES ($1,$2,$3,$4,'nodejs24',$5,$6,$7,$8,$9,$10,$11,$12)
postgres-1       | 	         RETURNING id, organization_id, project_id, environment, name, runtime, image,
postgres-1       | 	  entrypoint, timeout_ms, memory_mib, max_concurrency, egress_origins, secret_refs, enabled,
postgres-1       | 	  created_at
certification-1  |  [32m✓[39m tests/compute-definitions-postgres.integration.test.ts [2m([22m[2m10 tests[22m[2m)[22m[33m 3023[2mms[22m[39m
certification-1  |      [33m[2m✓[22m[39m stores the time zone of a cron definition, defaults it to UTC and keeps it immutable [33m 417[2mms[22m[39m
certification-1  |      [33m[2m✓[22m[39m denies the runtime role any change beyond the enabled flag [33m 317[2mms[22m[39m
certification-1  |      [33m[2m✓[22m[39m deploys images only through the door that writes their history [33m 562[2mms[22m[39m
certification-1  |  [32m✓[39m tests/project-storage-postgres.integration.test.ts [2m([22m[2m8 tests[22m[2m)[22m[33m 3756[2mms[22m[39m
certification-1  |      [33m[2m✓[22m[39m persists an exact verified upload and moves quota from reserved to used [33m 863[2mms[22m[39m
certification-1  |      [33m[2m✓[22m[39m serializes concurrent quota reservations without overbooking [33m 386[2mms[22m[39m
certification-1  |      [33m[2m✓[22m[39m commits concurrent completion replays exactly once [33m 625[2mms[22m[39m
certification-1  |      [33m[2m✓[22m[39m (2.51) lists objects with their scanner verdict without exposing a provider key [33m 1221[2mms[22m[39m
postgres-1       | 2026-10-02 05:26:00.524 UTC [614] ERROR:  cron progress must not move backwards
postgres-1       | 2026-10-02 05:26:00.524 UTC [614] CONTEXT:  PL/pgSQL function qkern_validate_project_cron_update() line 10 at RAISE
postgres-1       | 2026-10-02 05:26:00.524 UTC [614] STATEMENT:  UPDATE project_cron_definitions
postgres-1       | 	            SET last_dispatched_at=$3, updated_at=now()
postgres-1       | 	          WHERE organization_id=$1 AND id=$2
postgres-1       | 2026-10-02 05:26:00.605 UTC [616] ERROR:  cron progress must not move backwards
postgres-1       | 2026-10-02 05:26:00.605 UTC [616] CONTEXT:  PL/pgSQL function qkern_validate_project_cron_update() line 10 at RAISE
postgres-1       | 2026-10-02 05:26:00.605 UTC [616] STATEMENT:  UPDATE project_cron_definitions
postgres-1       | 	            SET last_dispatched_at=$3, updated_at=now()
postgres-1       | 	          WHERE organization_id=$1 AND id=$2
certification-1  |  [32m✓[39m tests/project-queues-postgres.integration.test.ts [2m([22m[2m9 tests[22m[2m)[22m[33m 4145[2mms[22m[39m
certification-1  |      [33m[2m✓[22m[39m persists only the dedupe verifier and returns the same durable receipt [33m 330[2mms[22m[39m
certification-1  |      [33m[2m✓[22m[39m exports every queue of the scope with live counters, empty ones included [33m 333[2mms[22m[39m
certification-1  |      [33m[2m✓[22m[39m claims each ready row at most once across concurrent workers [33m 1112[2mms[22m[39m
certification-1  |      [33m[2m✓[22m[39m consumes an enqueued message and calls the function [33m 415[2mms[22m[39m
certification-1  |      [33m[2m✓[22m[39m retries when the function is unavailable [33m 301[2mms[22m[39m
postgres-1       | 2026-10-02 05:26:01.419 UTC [613] ERROR:  cron progress must not move backwards
postgres-1       | 2026-10-02 05:26:01.419 UTC [613] CONTEXT:  PL/pgSQL function qkern_validate_project_cron_update() line 10 at RAISE
postgres-1       | 2026-10-02 05:26:01.419 UTC [613] STATEMENT:  UPDATE project_cron_definitions
postgres-1       | 	            SET last_dispatched_at=$3, updated_at=now()
postgres-1       | 	          WHERE organization_id=$1 AND id=$2
postgres-1       | 2026-10-02 05:26:01.540 UTC [639] ERROR:  relation "change_feed" already exists
postgres-1       | 2026-10-02 05:26:01.540 UTC [639] STATEMENT:  -- Run once after 0002_qkern_migration_fence.sql as the trusted project database
postgres-1       | 	-- provisioner. Provides trigger-based change capture for Realtime.
postgres-1       | 	--
postgres-1       | 	-- ## Warum Trigger und nicht logische Replikation
postgres-1       | 	--
postgres-1       | 	-- Logische Replikation sieht jede Aenderung ohne Schemaeingriff, verlangt aber
postgres-1       | 	-- eine Rolle mit Replikationsrecht und einen Slot. Beides steht im direkten
postgres-1       | 	-- Widerspruch zu diesem Schema: 0001 prueft fuer jede beteiligte Rolle
postgres-1       | 	-- ausdruecklich rolreplication = false. Ein hängender Konsument laesst den Slot
postgres-1       | 	-- ausserdem unbegrenzt WAL halten, bis die Platte voll ist -- ein
postgres-1       | 	-- Betriebsrisiko, das der Kunde traegt und QKERN nicht begrenzen kann.
postgres-1       | 	--
postgres-1       | 	-- Trigger sind begrenzbar: der Feed hat Groessengrenzen und Aufbewahrung, und
postgres-1       | 	-- das Anschalten je Tabelle ist eine Schemaaenderung, die den vorhandenen
postgres-1       | 	-- Change-Set- und Approval-Weg durchlaeuft.
postgres-1       | 	--
postgres-1       | 	-- ## Warum keine Zeilenwerte gespeichert werden
postgres-1       | 	--
postgres-1       | 	-- Der Feed haelt ausschliesslich die Primaerschluesselwerte. Die eigentlichen
postgres-1       | 	-- Zeilenwerte werden je Abonnent frisch gelesen, und zwar mit dessen Claims.
postgres-1       | 	-- Row Level Security autorisiert und erzeugt die Nutzlast damit in einem
postgres-1       | 	-- Schritt. Wuerden die Werte hier liegen, muesste eine zweite, unabhaengige
postgres-1       | 	-- Sichtbarkeitspruefung sie korrekt filtern -- eine Kopie der RLS-Logik
postgres-1       | 	-- ausserhalb der Datenbank und damit eine dauerhafte Fehlerquelle.
postgres-1       | 	
postgres-1       | 	BEGIN;
postgres-1       | 	
postgres-1       | 	CREATE TABLE qkern_internal.change_feed (
postgres-1       | 	  position bigint GENERATED ALWAYS AS IDENTITY PRIMARY KEY,
postgres-1       | 	  schema_name text NOT NULL CHECK (schema_name ~ '^[a-z_][a-z0-9_]{0,62}$'),
postgres-1       | 	  table_name text NOT NULL CHECK (table_name ~ '^[a-z_][a-z0-9_]{0,62}$'),
postgres-1       | 	  operation text NOT NULL CHECK (operation IN ('insert', 'update', 'delete')),
postgres-1       | 	  -- Nur Primaerschluesselwerte. Die Grenze verhindert, dass ein zusammengesetzter
postgres-1       | 	  -- Schluessel den Feed aufblaeht.
postgres-1       | 	  row_key jsonb NOT NULL CHECK (octet_length(row_key::text) <= 4096),
postgres-1       | 	  committed_at timestamptz NOT NULL DEFAULT now()
postgres-1       | 	);
postgres-1       | 	
postgres-1       | 	CREATE INDEX change_feed_retention_idx ON qkern_internal.change_feed (committed_at);
postgres-1       | 	
postgres-1       | 	ALTER TABLE qkern_internal.change_feed OWNER TO qkern_ledger_owner;
postgres-1       | 	
postgres-1       | 	-- SECURITY DEFINER: Der Schreiber einer Zeile besitzt keine Rechte auf dem
postgres-1       | 	-- Feed und soll sie auch nicht bekommen. Der Trigger schreibt stellvertretend.
postgres-1       | 	-- search_path wird fest gesetzt, damit kein Aufrufer die aufgeloesten Objekte
postgres-1       | 	-- umlenken kann.
postgres-1       | 	CREATE OR REPLACE FUNCTION qkern_internal.capture_change()
postgres-1       | 	RETURNS trigger
postgres-1       | 	LANGUAGE plpgsql
postgres-1       | 	SECURITY DEFINER
postgres-1       | 	SET search_path = qkern_internal, pg_catalog
postgres-1       | 	AS $$
postgres-1       | 	DECLARE
postgres-1       | 	  key_columns text[];
postgres-1       | 	  source record;
postgres-1       | 	  key jsonb;
postgres-1       | 	BEGIN
postgres-1       | 	  SELECT array_agg(attribute.attname ORDER BY attribute.attnum)
postgres-1       | 	    INTO key_columns
postgres-1       | 	    FROM pg_index index
postgres-1       | 	    JOIN pg_attribute attribute
postgres-1       | 	      ON attribute.attrelid = index.indrelid AND attribute.attnum = ANY (index.indkey)
postgres-1       | 	   WHERE index.indrelid = TG_RELID AND index.indisprimary;
postgres-1       | 	
postgres-1       | 	  IF key_columns IS NULL THEN
postgres-1       | 	    RAISE EXCEPTION 'change capture requires a primary key on %.%', TG_TABLE_SCHEMA, TG_TABLE_NAME
postgres-1       | 	      USING ERRCODE = '55000';
postgres-1       | 	  END IF;
postgres-1       | 	
postgres-1       | 	  source := CASE WHEN TG_OP = 'DELETE' THEN OLD ELSE NEW END;
postgres-1       | 	  SELECT jsonb_object_agg(entry.key, entry.value)
postgres-1       | 	    INTO key
postgres-1       | 	    FROM jsonb_each(to_jsonb(source)) AS entry
postgres-1       | 	   WHERE entry.key = ANY (key_columns);
postgres-1       | 	
postgres-1       | 	  INSERT INTO qkern_internal.change_feed (schema_name, table_name, operation, row_key)
postgres-1       | 	  VALUES (TG_TABLE_SCHEMA, TG_TABLE_NAME, lower(TG_OP), key);
postgres-1       | 	
postgres-1       | 	  RETURN NULL;
postgres-1       | 	END;
postgres-1       | 	$$;
postgres-1       | 	
postgres-1       | 	ALTER FUNCTION qkern_internal.capture_change() OWNER TO qkern_ledger_owner;
postgres-1       | 	
postgres-1       | 	REVOKE ALL ON qkern_internal.change_feed FROM PUBLIC;
postgres-1       | 	REVOKE ALL ON FUNCTION qkern_internal.capture_change() FROM PUBLIC;
postgres-1       | 	
postgres-1       | 	-- Die Laufzeitrolle liest den Feed und raeumt ihn auf. Sie darf ihn niemals
postgres-1       | 	-- schreiben: ein erfundenes Aenderungsereignis wuerde einen Lesevorgang mit
postgres-1       | 	-- fremden Claims ausloesen.
postgres-1       | 	GRANT USAGE ON SCHEMA qkern_internal TO qkern_project_api_app;
postgres-1       | 	GRANT SELECT, DELETE ON qkern_internal.change_feed TO qkern_project_api_app;
postgres-1       | 	
postgres-1       | 	COMMIT;
postgres-1       | 	
certification-1  | [90mstdout[2m | tests/sql-privilege-clause-contract.integration.test.ts[2m > [22m[2mSQL privilege clause contract[2m > [22m[2mfinds statements to check
certification-1  | [22m[39mprivilege clause contract: 150 Anweisungen, 14 Spaltenlisten nicht auswertbar, 1055 Platzhalter offen
certification-1  | 
postgres-1       | 2026-10-02 05:26:01.615 UTC [615] ERROR:  cron progress must not move backwards
postgres-1       | 2026-10-02 05:26:01.615 UTC [615] CONTEXT:  PL/pgSQL function qkern_validate_project_cron_update() line 10 at RAISE
postgres-1       | 2026-10-02 05:26:01.615 UTC [615] STATEMENT:  UPDATE project_cron_definitions
postgres-1       | 	            SET last_dispatched_at=$3, updated_at=now()
postgres-1       | 	          WHERE organization_id=$1 AND id=$2
postgres-1       | 2026-10-02 05:26:01.935 UTC [653] ERROR:  change capture requires a primary key on public.cdc_keyless_2799f4ad8907
postgres-1       | 2026-10-02 05:26:01.935 UTC [653] CONTEXT:  PL/pgSQL function capture_change() line 15 at RAISE
postgres-1       | 2026-10-02 05:26:01.935 UTC [653] STATEMENT:  INSERT INTO public.cdc_keyless_2799f4ad8907 (label) VALUES ('orphan')
postgres-1       | 2026-10-02 05:26:02.005 UTC [514] ERROR:  cron progress must not move backwards
postgres-1       | 2026-10-02 05:26:02.005 UTC [514] CONTEXT:  PL/pgSQL function qkern_validate_project_cron_update() line 10 at RAISE
postgres-1       | 2026-10-02 05:26:02.005 UTC [514] STATEMENT:  UPDATE project_cron_definitions SET last_dispatched_at=$2 WHERE id=$1
postgres-1       | 2026-10-02 05:26:02.006 UTC [657] ERROR:  permission denied for table project_auth_users
postgres-1       | 2026-10-02 05:26:02.006 UTC [657] STATEMENT:  SELECT id FROM project_auth_users LIMIT 1
postgres-1       | 2026-10-02 05:26:02.132 UTC [667] ERROR:  permission denied for table change_feed
postgres-1       | 2026-10-02 05:26:02.132 UTC [667] STATEMENT:  INSERT INTO qkern_internal.change_feed (schema_name, table_name, operation, row_key)
postgres-1       | 	       VALUES ('public', 'forged', 'insert', '{"id":"forged"}'::jsonb)
postgres-1       | 2026-10-02 05:26:02.329 UTC [668] ERROR:  permission denied for table migration_outbox
postgres-1       | 2026-10-02 05:26:02.329 UTC [668] STATEMENT:  SELECT status FROM migration_outbox
postgres-1       | 2026-10-02 05:26:02.334 UTC [668] ERROR:  permission denied for table migration_outbox
postgres-1       | 2026-10-02 05:26:02.334 UTC [668] STATEMENT:  SELECT lease_owner FROM migration_outbox
postgres-1       | 2026-10-02 05:26:02.340 UTC [668] ERROR:  permission denied for table migration_outbox
postgres-1       | 2026-10-02 05:26:02.340 UTC [668] STATEMENT:  SELECT lease_token FROM migration_outbox
postgres-1       | 2026-10-02 05:26:02.344 UTC [668] ERROR:  permission denied for table migration_outbox
postgres-1       | 2026-10-02 05:26:02.344 UTC [668] STATEMENT:  SELECT lease_expires_at FROM migration_outbox
postgres-1       | 2026-10-02 05:26:02.347 UTC [668] ERROR:  permission denied for table migration_outbox
postgres-1       | 2026-10-02 05:26:02.347 UTC [668] STATEMENT:  SELECT failure_count FROM migration_outbox
postgres-1       | 2026-10-02 05:26:02.352 UTC [668] ERROR:  permission denied for table migration_outbox
postgres-1       | 2026-10-02 05:26:02.352 UTC [668] STATEMENT:  SELECT available_at FROM migration_outbox
certification-1  |  [32m✓[39m tests/realtime-change-feed-postgres.integration.test.ts [2m([22m[2m6 tests[22m[2m)[22m[33m 1783[2mms[22m[39m
postgres-1       | 2026-10-02 05:26:02.490 UTC [666] ERROR:  cron identity is immutable
postgres-1       | 2026-10-02 05:26:02.490 UTC [666] CONTEXT:  PL/pgSQL function qkern_validate_project_cron_update() line 6 at RAISE
postgres-1       | 2026-10-02 05:26:02.490 UTC [666] STATEMENT:  UPDATE project_cron_definitions SET project_id=$2 WHERE id=$1
certification-1  |  [32m✓[39m tests/migration-enqueue-postgres.integration.test.ts [2m([22m[2m3 tests[22m[2m)[22m[33m 534[2mms[22m[39m
postgres-1       | 2026-10-02 05:26:02.902 UTC [550] ERROR:  realtime events are append-only
postgres-1       | 2026-10-02 05:26:02.902 UTC [550] CONTEXT:  PL/pgSQL function qkern_reject_realtime_event_update() line 3 at RAISE
postgres-1       | 2026-10-02 05:26:02.902 UTC [550] STATEMENT:  UPDATE realtime_events SET event='tampered'
postgres-1       | 	        WHERE organization_id=$1 AND channel=$2
certification-1  | [90mstderr[2m | tests/realtime-change-soak-postgres.integration.test.ts[2m > [22m[2mRealtime change soak PostgreSQL certification[2m > [22m[2mdelivers every change of a sustained writer without loss, gap or stall
certification-1  | [22m[39msoak: 120 Aenderungen, p50 1140 ms, p95 3430 ms, max 3580 ms
certification-1  | 
certification-1  | [90mstderr[2m | tests/realtime-change-soak-postgres.integration.test.ts[2m > [22m[2mRealtime change soak PostgreSQL certification[2m > [22m[2mdelivers every change of a sustained writer without loss, gap or stall
certification-1  | [22m[39msoak: 5 Buchungen fuer 120 Nachrichten
certification-1  | 
postgres-1       | 2026-10-02 05:26:03.206 UTC [612] ERROR:  function slots are immutable
postgres-1       | 2026-10-02 05:26:03.206 UTC [612] CONTEXT:  PL/pgSQL function qkern_reject_project_function_slot_update() line 3 at RAISE
postgres-1       | 2026-10-02 05:26:03.206 UTC [612] STATEMENT:  UPDATE project_function_slots SET expires_at = now() + interval '1 hour'
postgres-1       | 	        WHERE organization_id=$1 AND function_id=$2
certification-1  |  [32m✓[39m tests/realtime-change-soak-postgres.integration.test.ts [2m([22m[2m1 test[22m[2m)[22m[33m 6208[2mms[22m[39m
certification-1  |      [33m[2m✓[22m[39m delivers every change of a sustained writer without loss, gap or stall [33m 5552[2mms[22m[39m
postgres-1       | 2026-10-02 05:26:03.426 UTC [652] ERROR:  new row violates row-level security policy "audit_logs_project_auth_insert" for table "audit_logs"
postgres-1       | 2026-10-02 05:26:03.426 UTC [652] STATEMENT:  INSERT INTO audit_logs
postgres-1       | 	         (organization_id, project_id, environment, actor_type, actor_ref, action, resource_ref,
postgres-1       | 	          status, redacted_metadata, previous_hash, entry_hash)
postgres-1       | 	       VALUES ($1, $2, $3, $4, $5, $6, $7, $8, $9::jsonb, NULL, repeat('0', 64))
postgres-1       | 	       RETURNING id, organization_id, project_id, environment, actor_type, actor_ref, action, resource_ref,
postgres-1       | 	                 status, redacted_metadata, previous_hash, entry_hash, created_at
certification-1  |  [32m✓[39m tests/compute-functions-postgres.integration.test.ts [2m([22m[2m13 tests[22m[2m)[22m[33m 5321[2mms[22m[39m
certification-1  |      [33m[2m✓[22m[39m stops a second instance once the shared limit is reached [33m 999[2mms[22m[39m
certification-1  |      [33m[2m✓[22m[39m hands the place on once the first instance is done [33m 974[2mms[22m[39m
certification-1  |      [33m[2m✓[22m[39m reclaims the place of an instance that never came back [33m 301[2mms[22m[39m
certification-1  |      [33m[2m✓[22m[39m counts the places of one definition only [33m 720[2mms[22m[39m
certification-1  |  [32m✓[39m tests/realtime-postgres.integration.test.ts [2m([22m[2m9 tests[22m[2m)[22m[33m 6250[2mms[22m[39m
certification-1  |      [33m[2m✓[22m[39m delivers a broadcast to a subscriber on a second instance through PostgreSQL [33m 548[2mms[22m[39m
certification-1  |      [33m[2m✓[22m[39m assigns one global sequence per channel across instances [33m 794[2mms[22m[39m
certification-1  |      [33m[2m✓[22m[39m keeps events after a restart of every instance [33m 1383[2mms[22m[39m
certification-1  |      [33m[2m✓[22m[39m keeps the event log invisible to a different organization [33m 661[2mms[22m[39m
certification-1  |      [33m[2m✓[22m[39m merges the presence of two instances and keeps it across a restart of the one that wrote it [33m 1318[2mms[22m[39m
certification-1  |      [33m[2m✓[22m[39m lets the presence of a connection that vanished without a goodbye expire, reports the leave and removes the row a grace later [33m 601[2mms[22m[39m
postgres-1       | 2026-10-02 05:26:03.516 UTC [703] ERROR:  permission denied for table billing_rate_cards
postgres-1       | 2026-10-02 05:26:03.516 UTC [703] STATEMENT:  UPDATE billing_rate_cards SET unit_price_micros = 1 WHERE organization_id = $1
postgres-1       | 2026-10-02 05:26:03.522 UTC [703] ERROR:  permission denied for table billing_rate_cards
postgres-1       | 2026-10-02 05:26:03.522 UTC [703] STATEMENT:  DELETE FROM billing_rate_cards WHERE organization_id = $1
certification-1  |  [32m✓[39m tests/usage-billing-postgres.integration.test.ts [2m([22m[2m4 tests[22m[2m)[22m[33m 1248[2mms[22m[39m
certification-1  |      [33m[2m✓[22m[39m projects real usage against the effective rate card [33m 409[2mms[22m[39m
postgres-1       | 2026-10-02 05:26:03.583 UTC [705] WARNING:  "wal_level" is insufficient to publish logical changes
postgres-1       | 2026-10-02 05:26:03.583 UTC [705] HINT:  Set "wal_level" to "logical" before creating subscriptions.
certification-1  |  [32m✓[39m tests/project-auth-postgres.integration.test.ts [2m([22m[2m4 tests[22m[2m)[22m[33m 3201[2mms[22m[39m
certification-1  |      [33m[2m✓[22m[39m persists app users only through the auth role and keeps runtime access closed [33m 615[2mms[22m[39m
certification-1  |      [33m[2m✓[22m[39m rotates refresh rows atomically and revokes the whole family on replay [33m 334[2mms[22m[39m
certification-1  |      [33m[2m✓[22m[39m lists active sessions and revokes one family or all of one user in PostgreSQL (2.34) [33m 932[2mms[22m[39m
certification-1  |  [32m✓[39m tests/compute-webhook-chain.integration.test.ts [2m([22m[2m6 tests[22m[2m)[22m[33m 3195[2mms[22m[39m
certification-1  |      [33m[2m✓[22m[39m carries an enqueued event all the way to a verified, acknowledged delivery [33m 314[2mms[22m[39m
certification-1  |      [33m[2m✓[22m[39m schedules a retry when the receiver rejects, without losing the delivery [33m 411[2mms[22m[39m
certification-1  |      [33m[2m✓[22m[39m treats a receiver that does not echo the delivery id as a failure [33m 561[2mms[22m[39m
certification-1  |      [33m[2m✓[22m[39m dead-letters after the attempt limit of the definition [33m 937[2mms[22m[39m
certification-1  |      [33m[2m✓[22m[39m recovers a delivery whose deliverer died mid-attempt [33m 426[2mms[22m[39m
certification-1  |  [32m✓[39m tests/data-plane-catalog-wide-postgres.integration.test.ts [2m([22m[2m4 tests[22m[2m)[22m[33m 783[2mms[22m[39m
certification-1  |  [32m✓[39m tests/data-plane-functions-postgres.integration.test.ts [2m([22m[2m1 test[22m[2m)[22m[33m 529[2mms[22m[39m
certification-1  |  [32m✓[39m tests/usage-emitters-postgres.integration.test.ts [2m([22m[2m20 tests[22m[2m)[22m[33m 4962[2mms[22m[39m
certification-1  |      [33m[2m✓[22m[39m counts a real enqueue in the durable ledger [33m 388[2mms[22m[39m
certification-1  |      [33m[2m✓[22m[39m stops the enqueue when the hard limit is reached and writes no message [33m 362[2mms[22m[39m
certification-1  |      [33m[2m✓[22m[39m counts every simultaneous enqueue across queues exactly once [33m 680[2mms[22m[39m
certification-1  |        [33m[2m✓[22m[39m counts the rows a real read actually returned [33m 917[2mms[22m[39m
certification-1  |        [33m[2m✓[22m[39m counts the bytes a real download grant released [33m 624[2mms[22m[39m
certification-1  |  [32m✓[39m tests/data-plane-query-postgres.integration.test.ts [2m([22m[2m2 tests[22m[2m)[22m[33m 474[2mms[22m[39m
certification-1  |  [32m✓[39m tests/data-plane-triggers-postgres.integration.test.ts [2m([22m[2m1 test[22m[2m)[22m[33m 692[2mms[22m[39m
certification-1  |  [32m✓[39m tests/usage-metering-postgres.integration.test.ts [2m([22m[2m4 tests[22m[2m)[22m[33m 613[2mms[22m[39m
certification-1  |  [32m✓[39m tests/data-plane-catalog-postgres.integration.test.ts [2m([22m[2m3 tests[22m[2m)[22m[33m 471[2mms[22m[39m
certification-1  |  [32m✓[39m tests/sql-privilege-clause-contract.integration.test.ts [2m([22m[2m2 tests[22m[2m)[22m[33m 4924[2mms[22m[39m
certification-1  |      [33m[2m✓[22m[39m finds statements to check [33m 421[2mms[22m[39m
certification-1  |      [33m[2m✓[22m[39m grants every write role the read right its clauses require [33m 4121[2mms[22m[39m
certification-1  |  [32m✓[39m tests/queue-connection-pressure-postgres.integration.test.ts [2m([22m[2m1 test[22m[2m)[22m[33m 634[2mms[22m[39m
certification-1  |      [33m[2m✓[22m[39m names an exhausted pool instead of calling it a queue conflict [33m 426[2mms[22m[39m
postgres-1       | 2026-10-02 05:26:07.841 UTC [323] LOG:  checkpoint starting: immediate force wait
postgres-1       | 2026-10-02 05:26:07.858 UTC [323] LOG:  checkpoint complete: wrote 504 buffers (3.1%); 0 WAL file(s) added, 0 removed, 0 recycled; write=0.014 s, sync=0.003 s, total=0.018 s; sync files=290, longest=0.001 s, average=0.001 s; distance=2130 kB, estimate=10886 kB; lsn=0/2B632C8, redo lsn=0/2B61E98
certification-1  |  [32m✓[39m tests/migration-process-postgres.integration.test.ts [2m([22m[2m3 tests[22m[2m)[22m[33m 12585[2mms[22m[39m
certification-1  |      [33m[2m✓[22m[39m applies a queued statement to the real project database [33m 6118[2mms[22m[39m
certification-1  |      [33m[2m✓[22m[39m keeps a tampered statement out of the project database [33m 3188[2mms[22m[39m
certification-1  |      [33m[2m✓[22m[39m names the violated boundary condition without describing the database [33m 2575[2mms[22m[39m
postgres-1       | 2026-10-02 05:26:09.791 UTC [781] ERROR:  permission denied for table users
postgres-1       | 2026-10-02 05:26:09.791 UTC [781] STATEMENT:  SELECT id FROM users LIMIT 1
postgres-1       | 2026-10-02 05:26:09.874 UTC [782] ERROR:  permission denied for table projects
postgres-1       | 2026-10-02 05:26:09.874 UTC [782] STATEMENT:  SELECT id FROM projects LIMIT 1
certification-1  |  [32m✓[39m tests/realtime-change-chain-postgres.integration.test.ts [2m([22m[2m7 tests[22m[2m)[22m[33m 13135[2mms[22m[39m
certification-1  |      [33m[2m✓[22m[39m gives two subscribers different subsets of the same change stream [33m 308[2mms[22m[39m
certification-1  |      [33m[2m✓[22m[39m hands a reconnecting subscriber only the missed changes row level security grants it [33m 640[2mms[22m[39m
certification-1  |      [33m[2m✓[22m[39m keeps order and delivers each change exactly once under a burst [33m 1186[2mms[22m[39m
certification-1  |      [33m[2m✓[22m[39m keeps every subscriber's subset correct with many subscribers at once [33m 10174[2mms[22m[39m
certification-1  |  [32m✓[39m tests/billing-invoice-postgres.integration.test.ts [2m([22m[2m6 tests[22m[2m)[22m[33m 15064[2mms[22m[39m
certification-1  |      [33m[2m✓[22m[39m issues the closed month's invoice from the shipped process [33m 4012[2mms[22m[39m
certification-1  |      [33m[2m✓[22m[39m leaves the issued invoice untouched on a second run [33m 2781[2mms[22m[39m
certification-1  |      [33m[2m✓[22m[39m refuses an open period at its configuration boundary [33m 1915[2mms[22m[39m
certification-1  |      [33m[2m✓[22m[39m issues exactly one invoice when two runs race for the same period [33m 1812[2mms[22m[39m
certification-1  |      [33m[2m✓[22m[39m numbers invoices gaplessly per organization and stamps the due date [33m 3820[2mms[22m[39m
certification-1  |  [32m✓[39m tests/realtime-process-postgres.integration.test.ts [2m([22m[2m3 tests[22m[2m)[22m[33m 15165[2mms[22m[39m
certification-1  |      [33m[2m✓[22m[39m serves a real client from the shipped process [33m 9871[2mms[22m[39m
certification-1  |      [33m[2m✓[22m[39m refuses production with an ephemeral log and names the condition [33m 2739[2mms[22m[39m
certification-1  |      [33m[2m✓[22m[39m serves a client on a public bind after the explicit opt-in [33m 2366[2mms[22m[39m
certification-1  |  [32m✓[39m tests/compute-cron-postgres.integration.test.ts [2m([22m[2m12 tests[22m[2m)[22m[33m 17124[2mms[22m[39m
certification-1  |      [33m[2m✓[22m[39m dispatches a due occurrence into the queue and advances the progress [33m 317[2mms[22m[39m
certification-1  |      [33m[2m✓[22m[39m dispatches a list-range-weekday expression through the real progress [33m 422[2mms[22m[39m
certification-1  |      [33m[2m✓[22m[39m dispatches a weekday-name expression and an @ shortcut through the real progress [33m 496[2mms[22m[39m
certification-1  |      [33m[2m✓[22m[39m dispatches a zoned schedule through the real progress across the missing hour [33m 635[2mms[22m[39m
certification-1  |      [33m[2m✓[22m[39m dispatches L, # and W schedules through the real progress [33m 1985[2mms[22m[39m
certification-1  |      [33m[2m✓[22m[39m produces exactly one message when two schedulers fire the same occurrence [33m 2074[2mms[22m[39m
certification-1  |      [33m[2m✓[22m[39m keeps the identity of a definition immutable [33m 529[2mms[22m[39m
certification-1  |      [33m[2m✓[22m[39m hides definitions of a different organization [33m 563[2mms[22m[39m
certification-1  |      [33m[2m✓[22m[39m dispatches from the shipped process [33m 6245[2mms[22m[39m
certification-1  |      [33m[2m✓[22m[39m reports ready while the cron loop is doing its rounds [33m 1861[2mms[22m[39m
certification-1  |      [33m[2m✓[22m[39m stops reporting ready when every definition fails [33m 1638[2mms[22m[39m
certification-1  |  [32m✓[39m tests/project-queues-multi-instance.integration.test.ts [2m([22m[2m6 tests[22m[2m)[22m[33m 20216[2mms[22m[39m
certification-1  |      [33m[2m✓[22m[39m claims every message exactly once across six competing instances [33m 11031[2mms[22m[39m
certification-1  |      [33m[2m✓[22m[39m gives a message to exactly one instance when many claim at the same moment [33m 390[2mms[22m[39m
certification-1  |      [33m[2m✓[22m[39m fences a vanished worker: the lease survives, the stale token does not [33m 6312[2mms[22m[39m
certification-1  |      [33m[2m✓[22m[39m keeps retry authority on the server when instances fail concurrently [33m 903[2mms[22m[39m
certification-1  |      [33m[2m✓[22m[39m enforces the capacity limit even when instances enqueue at the same time [33m 914[2mms[22m[39m
postgres-1       | 2026-10-02 05:26:22.152 UTC [771] ERROR:  new row for relation "project_queue_messages" violates check constraint "project_queue_messages_dedupe_pair"
postgres-1       | 2026-10-02 05:26:22.152 UTC [771] DETAIL:  Failing row contains (93efa4a8-0503-4376-8631-6e03ff871781, 94964e2a-5689-49b3-bac9-c0e93e8f0e75, db88ec82-75c0-4605-8838-1c8d9ed3083e, development, 02773166-ca9d-4f1b-84ec-a2d8659124b0, {}, available, probe, ffffffffffffffffffffffffffffffffffffffffffffffffffffffffffffffff, null, 0, 2026-10-02 05:26:22.15209+00, null, null, 0, null, null, 2026-10-02 05:26:22.15209+00, null, null, null).
postgres-1       | 2026-10-02 05:26:22.152 UTC [771] STATEMENT:  INSERT INTO project_queue_messages
postgres-1       | 	        (organization_id,project_id,environment,queue_id,payload,owner_subject,dedupe_key_hash)
postgres-1       | 	        VALUES ($1,$2,'development',$3,'{}'::jsonb,'probe',$4)
postgres-1       | 2026-10-02 05:26:22.193 UTC [901] FATAL:  database "absent_bfcef15e_1b82_401d_8d87_1f106c6d82a3" does not exist
postgres-1       | 2026-10-02 05:26:22.465 UTC [323] LOG:  checkpoint starting: immediate force wait
postgres-1       | 2026-10-02 05:26:22.469 UTC [323] LOG:  checkpoint complete: wrote 309 buffers (1.9%); 0 WAL file(s) added, 0 removed, 2 recycled; write=0.003 s, sync=0.001 s, total=0.004 s; sync files=203, longest=0.001 s, average=0.000 s; distance=25738 kB, estimate=25738 kB; lsn=0/44846F8, redo lsn=0/44846A0
postgres-1       | 2026-10-02 05:26:23.989 UTC [784] ERROR:  new row for relation "project_auth_settings" violates check constraint "project_auth_settings_rate_limits_check"
postgres-1       | 2026-10-02 05:26:23.989 UTC [784] DETAIL:  Failing row contains (f72ad087-b28d-4fa7-8465-0705d8b5fd6c, edbfb25a-249f-4931-97dd-4b9a5723ad5d, development, f, 2026-09-26 12:00:00+00, {}, 0, 900, 5, 3600, 2, 900, f, 12, named, null, 2000, null, 2000, {}).
postgres-1       | 2026-10-02 05:26:23.989 UTC [784] STATEMENT:  UPDATE project_auth_settings SET sign_in_max = 0
postgres-1       | 	       WHERE organization_id = $1 AND project_id = $2 AND environment = 'development'
postgres-1       | 2026-10-02 05:26:24.379 UTC [915] ERROR:  new row for relation "project_auth_settings" violates check constraint "project_auth_settings_password_protection_check"
postgres-1       | 2026-10-02 05:26:24.379 UTC [915] DETAIL:  Failing row contains (dcb4d47c-da41-4d9f-a126-7a311eceb399, b7d3b9f0-53e2-4d95-9210-7c66f4f690ce, development, f, 2026-09-26 13:00:00+00, {}, 10, 900, 5, 3600, 60, 3600, t, 11, generic, null, 2000, null, 2000, {}).
postgres-1       | 2026-10-02 05:26:24.379 UTC [915] STATEMENT:  UPDATE project_auth_settings SET password_min_length = 11
postgres-1       | 	         WHERE organization_id = $1 AND project_id = $2 AND environment = 'development'
postgres-1       | 2026-10-02 05:26:24.391 UTC [916] ERROR:  new row for relation "project_auth_settings" violates check constraint "project_auth_settings_password_protection_check"
postgres-1       | 2026-10-02 05:26:24.391 UTC [916] DETAIL:  Failing row contains (dcb4d47c-da41-4d9f-a126-7a311eceb399, b7d3b9f0-53e2-4d95-9210-7c66f4f690ce, development, f, 2026-09-26 13:00:00+00, {}, 10, 900, 5, 3600, 60, 3600, t, 129, generic, null, 2000, null, 2000, {}).
postgres-1       | 2026-10-02 05:26:24.391 UTC [916] STATEMENT:  UPDATE project_auth_settings SET password_min_length = 129
postgres-1       | 	         WHERE organization_id = $1 AND project_id = $2 AND environment = 'development'
postgres-1       | 2026-10-02 05:26:24.402 UTC [917] ERROR:  new row for relation "project_auth_settings" violates check constraint "project_auth_settings_password_protection_check"
postgres-1       | 2026-10-02 05:26:24.402 UTC [917] DETAIL:  Failing row contains (dcb4d47c-da41-4d9f-a126-7a311eceb399, b7d3b9f0-53e2-4d95-9210-7c66f4f690ce, development, f, 2026-09-26 13:00:00+00, {}, 10, 900, 5, 3600, 60, 3600, t, 14, loud, null, 2000, null, 2000, {}).
postgres-1       | 2026-10-02 05:26:24.402 UTC [917] STATEMENT:  UPDATE project_auth_settings SET leaked_password_notice = 'loud'
postgres-1       | 	         WHERE organization_id = $1 AND project_id = $2 AND environment = 'development'
postgres-1       | 2026-10-02 05:26:26.227 UTC [323] LOG:  checkpoint starting: immediate force wait
postgres-1       | 2026-10-02 05:26:26.228 UTC [323] LOG:  checkpoint complete: wrote 161 buffers (1.0%); 0 WAL file(s) added, 0 removed, 0 recycled; write=0.002 s, sync=0.001 s, total=0.002 s; sync files=132, longest=0.001 s, average=0.000 s; distance=5161 kB, estimate=23680 kB; lsn=0/498EB80, redo lsn=0/498EB28
postgres-1       | 2026-10-02 05:26:30.988 UTC [323] LOG:  checkpoint starting: immediate force wait
postgres-1       | 2026-10-02 05:26:30.989 UTC [323] LOG:  checkpoint complete: wrote 66 buffers (0.4%); 0 WAL file(s) added, 0 removed, 0 recycled; write=0.001 s, sync=0.001 s, total=0.002 s; sync files=60, longest=0.001 s, average=0.000 s; distance=4577 kB, estimate=21770 kB; lsn=0/4E07210, redo lsn=0/4E071B8
postgres-1       | 2026-10-02 05:26:31.096 UTC [899] ERROR:  new row for relation "user_console_settings" violates check constraint "user_console_settings_language_check"
postgres-1       | 2026-10-02 05:26:31.096 UTC [899] DETAIL:  Failing row contains (8e37a57f-1b67-404d-86d8-6d0b878d1029, es, de-CH, browser, overview, system, 2026-10-02 05:26:31.09605+00, 2026-10-02 05:26:31.09605+00).
postgres-1       | 2026-10-02 05:26:31.096 UTC [899] STATEMENT:  INSERT INTO user_console_settings (user_id, language) VALUES ($1, $2)
postgres-1       | 2026-10-02 05:26:31.105 UTC [964] ERROR:  new row for relation "user_console_settings" violates check constraint "user_console_settings_format_locale_check"
postgres-1       | 2026-10-02 05:26:31.105 UTC [964] DETAIL:  Failing row contains (8e37a57f-1b67-404d-86d8-6d0b878d1029, browser, de-AT, browser, overview, system, 2026-10-02 05:26:31.103504+00, 2026-10-02 05:26:31.103504+00).
postgres-1       | 2026-10-02 05:26:31.105 UTC [964] STATEMENT:  INSERT INTO user_console_settings (user_id, format_locale) VALUES ($1, $2)
postgres-1       | 2026-10-02 05:26:31.114 UTC [965] ERROR:  new row for relation "user_console_settings" violates check constraint "user_console_settings_theme_check"
postgres-1       | 2026-10-02 05:26:31.114 UTC [965] DETAIL:  Failing row contains (8e37a57f-1b67-404d-86d8-6d0b878d1029, browser, de-CH, browser, overview, sepia, 2026-10-02 05:26:31.112948+00, 2026-10-02 05:26:31.112948+00).
postgres-1       | 2026-10-02 05:26:31.114 UTC [965] STATEMENT:  INSERT INTO user_console_settings (user_id, theme) VALUES ($1, $2)
postgres-1       | 2026-10-02 05:26:31.123 UTC [966] ERROR:  new row for relation "user_console_settings" violates check constraint "user_console_settings_time_zone_check"
postgres-1       | 2026-10-02 05:26:31.123 UTC [966] DETAIL:  Failing row contains (8e37a57f-1b67-404d-86d8-6d0b878d1029, browser, de-CH, kein zonenname mit leerzeichen, overview, system, 2026-10-02 05:26:31.121682+00, 2026-10-02 05:26:31.121682+00).
postgres-1       | 2026-10-02 05:26:31.123 UTC [966] STATEMENT:  INSERT INTO user_console_settings (user_id, time_zone) VALUES ($1, $2)
postgres-1       | 2026-10-02 05:26:31.132 UTC [967] ERROR:  new row for relation "user_console_settings" violates check constraint "user_console_settings_start_view_check"
postgres-1       | 2026-10-02 05:26:31.132 UTC [967] DETAIL:  Failing row contains (8e37a57f-1b67-404d-86d8-6d0b878d1029, browser, de-CH, browser, Nicht Erlaubt, system, 2026-10-02 05:26:31.131218+00, 2026-10-02 05:26:31.131218+00).
postgres-1       | 2026-10-02 05:26:31.132 UTC [967] STATEMENT:  INSERT INTO user_console_settings (user_id, start_view) VALUES ($1, $2)
postgres-1       | 2026-10-02 05:26:31.143 UTC [918] ERROR:  permission denied for table users
postgres-1       | 2026-10-02 05:26:31.143 UTC [918] STATEMENT:  UPDATE users SET status = 'disabled' WHERE id = $1
postgres-1       | 2026-10-02 05:26:43.742 UTC [1016] ERROR:  relation "plaene_b7b2890c_8b56_4b38_937b_506c1697979d.gibt_es_nicht" does not exist at character 73
postgres-1       | 2026-10-02 05:26:43.742 UTC [1016] STATEMENT:  EXPLAIN (FORMAT JSON, COSTS ON, VERBOSE OFF, SUMMARY ON) SELECT id FROM "plaene_b7b2890c_8b56_4b38_937b_506c1697979d".gibt_es_nicht
postgres-1       | 2026-10-02 05:26:43.768 UTC [968] ERROR:  division by zero
postgres-1       | 2026-10-02 05:26:43.768 UTC [968] STATEMENT:  SELECT 1 / 0
postgres-1       | 2026-10-02 05:26:43.775 UTC [1036] ERROR:  division by zero
postgres-1       | 2026-10-02 05:26:43.775 UTC [1036] STATEMENT:  SELECT 1 / 0
postgres-1       | 2026-10-02 05:26:43.781 UTC [1037] ERROR:  division by zero
postgres-1       | 2026-10-02 05:26:43.781 UTC [1037] STATEMENT:  SELECT 1 / 0
postgres-1       | 2026-10-02 05:26:43.787 UTC [1038] ERROR:  division by zero
postgres-1       | 2026-10-02 05:26:43.787 UTC [1038] STATEMENT:  SELECT 1 / 0
postgres-1       | 2026-10-02 05:26:43.794 UTC [1039] ERROR:  division by zero
postgres-1       | 2026-10-02 05:26:43.794 UTC [1039] STATEMENT:  SELECT 1 / 0
postgres-1       | 2026-10-02 05:26:43.801 UTC [1040] ERROR:  division by zero
postgres-1       | 2026-10-02 05:26:43.801 UTC [1040] STATEMENT:  SELECT 1 / 0
postgres-1       | 2026-10-02 05:26:43.808 UTC [1041] ERROR:  division by zero
postgres-1       | 2026-10-02 05:26:43.808 UTC [1041] STATEMENT:  SELECT 1 / 0
postgres-1       | 2026-10-02 05:26:43.814 UTC [1042] ERROR:  division by zero
postgres-1       | 2026-10-02 05:26:43.814 UTC [1042] STATEMENT:  SELECT 1 / 0
postgres-1       | 2026-10-02 05:26:43.820 UTC [1043] ERROR:  division by zero
postgres-1       | 2026-10-02 05:26:43.820 UTC [1043] STATEMENT:  SELECT 1 / 0
postgres-1       | 2026-10-02 05:26:43.827 UTC [1044] ERROR:  division by zero
postgres-1       | 2026-10-02 05:26:43.827 UTC [1044] STATEMENT:  SELECT 1 / 0
postgres-1       | 2026-10-02 05:26:44.833 UTC [1056] ERROR:  permission denied for table pg_user_mapping
postgres-1       | 2026-10-02 05:26:44.833 UTC [1056] STATEMENT:  SELECT umoptions FROM pg_catalog.pg_user_mapping
postgres-1       | 2026-10-02 05:26:44.862 UTC [1045] WARNING:  "wal_level" is insufficient to publish logical changes
postgres-1       | 2026-10-02 05:26:44.862 UTC [1045] HINT:  Set "wal_level" to "logical" before creating subscriptions.
postgres-1       | 2026-10-02 05:26:44.872 UTC [1058] ERROR:  permission denied for table pg_subscription
postgres-1       | 2026-10-02 05:26:44.872 UTC [1058] STATEMENT:  SELECT subconninfo FROM pg_catalog.pg_subscription
postgres-1       | 2026-10-02 05:26:45.130 UTC [783] ERROR:  permission denied for table project_storage_s3_access_keys
postgres-1       | 2026-10-02 05:26:45.130 UTC [783] STATEMENT:  DELETE FROM project_storage_s3_access_keys WHERE id = $1
postgres-1       | 2026-10-02 05:26:45.132 UTC [785] ERROR:  permission denied for table project_storage_s3_access_keys
postgres-1       | 2026-10-02 05:26:45.132 UTC [785] STATEMENT:  UPDATE project_storage_s3_access_keys SET name = 'anders' WHERE id = $1
postgres-1       | 2026-10-02 05:26:45.135 UTC [1045] ERROR:  project storage S3 access keys are immutable except for one-way revocation
postgres-1       | 2026-10-02 05:26:45.135 UTC [1045] CONTEXT:  PL/pgSQL function qkern_reject_project_storage_s3_access_key_mutation() line 14 at RAISE
postgres-1       | 2026-10-02 05:26:45.135 UTC [1045] STATEMENT:  UPDATE project_storage_s3_access_keys SET revoked_at = now() + interval '1 hour' WHERE id = $1
postgres-1       | 2026-10-02 05:26:45.193 UTC [1061] ERROR:  project storage S3 access keys are immutable except for one-way revocation
postgres-1       | 2026-10-02 05:26:45.193 UTC [1061] CONTEXT:  PL/pgSQL function qkern_reject_project_storage_s3_access_key_mutation() line 14 at RAISE
postgres-1       | 2026-10-02 05:26:45.193 UTC [1061] STATEMENT:  UPDATE project_storage_s3_access_keys SET secret_ciphertext = $2 WHERE id = $1
postgres-1       | 2026-10-02 05:26:46.016 UTC [969] ERROR:  new row for relation "project_auth_settings" violates check constraint "project_auth_settings_hook_claims_check"
postgres-1       | 2026-10-02 05:26:46.016 UTC [969] DETAIL:  Failing row contains (7c84e4cc-3122-4711-9503-d4788e97fe63, c7845a1c-e976-451d-a127-66dddffb59a3, development, f, 2026-10-02 05:26:45.913+00, {}, 10, 900, 5, 3600, 60, 3600, f, 12, named, null, 2000, hook-claims-8970d2cf, 2000, {role}).
postgres-1       | 2026-10-02 05:26:46.016 UTC [969] STATEMENT:  UPDATE project_auth_settings SET access_token_hook_function = $1, access_token_hook_claims = ARRAY['role']::text[] WHERE organization_id = '7c84e4cc-3122-4711-9503-d4788e97fe63' AND project_id = 'c7845a1c-e976-451d-a127-66dddffb59a3'
postgres-1       | 	      AND environment = 'development'
postgres-1       | 2026-10-02 05:26:46.028 UTC [1063] ERROR:  new row for relation "project_auth_settings" violates check constraint "project_auth_settings_hook_timeout_check"
postgres-1       | 2026-10-02 05:26:46.028 UTC [1063] DETAIL:  Failing row contains (7c84e4cc-3122-4711-9503-d4788e97fe63, c7845a1c-e976-451d-a127-66dddffb59a3, development, f, 2026-10-02 05:26:45.913+00, {}, 10, 900, 5, 3600, 60, 3600, f, 12, named, null, 0, null, 2000, {}).
postgres-1       | 2026-10-02 05:26:46.028 UTC [1063] STATEMENT:  UPDATE project_auth_settings SET sign_in_hook_timeout_ms = 0 WHERE organization_id = '7c84e4cc-3122-4711-9503-d4788e97fe63' AND project_id = 'c7845a1c-e976-451d-a127-66dddffb59a3'
postgres-1       | 	      AND environment = 'development'
postgres-1       | 2026-10-02 05:26:46.039 UTC [1064] ERROR:  new row for relation "project_auth_settings" violates check constraint "project_auth_settings_hook_function_check"
postgres-1       | 2026-10-02 05:26:46.039 UTC [1064] DETAIL:  Failing row contains (7c84e4cc-3122-4711-9503-d4788e97fe63, c7845a1c-e976-451d-a127-66dddffb59a3, development, f, 2026-10-02 05:26:45.913+00, {}, 10, 900, 5, 3600, 60, 3600, f, 12, named, Nope!, 2000, null, 2000, {}).
postgres-1       | 2026-10-02 05:26:46.039 UTC [1064] STATEMENT:  UPDATE project_auth_settings SET sign_in_hook_function = 'Nope!' WHERE organization_id = '7c84e4cc-3122-4711-9503-d4788e97fe63' AND project_id = 'c7845a1c-e976-451d-a127-66dddffb59a3'
postgres-1       | 	      AND environment = 'development'
postgres-1       | 2026-10-02 05:26:46.051 UTC [1065] ERROR:  new row for relation "project_auth_settings" violates check constraint "project_auth_settings_hook_claims_check"
postgres-1       | 2026-10-02 05:26:46.051 UTC [1065] DETAIL:  Failing row contains (7c84e4cc-3122-4711-9503-d4788e97fe63, c7845a1c-e976-451d-a127-66dddffb59a3, development, f, 2026-10-02 05:26:45.913+00, {}, 10, 900, 5, 3600, 60, 3600, f, 12, named, null, 2000, null, 2000, {tenant}).
postgres-1       | 2026-10-02 05:26:46.051 UTC [1065] STATEMENT:  UPDATE project_auth_settings SET access_token_hook_function = NULL, access_token_hook_claims = ARRAY['tenant']::text[] WHERE organization_id = '7c84e4cc-3122-4711-9503-d4788e97fe63' AND project_id = 'c7845a1c-e976-451d-a127-66dddffb59a3'
postgres-1       | 	      AND environment = 'development'
postgres-1       | 2026-10-02 05:26:46.237 UTC [1066] ERROR:  permission denied for table project_auth_passkeys
postgres-1       | 2026-10-02 05:26:46.237 UTC [1066] STATEMENT:  UPDATE project_auth_passkeys SET public_key = $1
postgres-1       | 	        WHERE organization_id = $2 AND project_id = $3
postgres-1       | 2026-10-02 05:26:46.529 UTC [1076] ERROR:  new row for relation "project_auth_third_party_providers" violates check constraint "project_auth_third_party_providers_role_check"
postgres-1       | 2026-10-02 05:26:46.529 UTC [1076] DETAIL:  Failing row contains (cb80d3f7-cc91-44bb-a23e-eab23cdb835c, c829b37f-1b8f-42f7-9f63-7995016c19c5, da6db5e4-b1ec-418b-969e-63a12d629157, development, direkt, https://direkt.example.com, https://aussteller-2-80.example.com/.well-known/jwks.json, {qkern-app-2-80}, sub, null, service_role, 2026-10-02 05:26:46.528347+00).
postgres-1       | 2026-10-02 05:26:46.529 UTC [1076] STATEMENT:  INSERT INTO project_auth_third_party_providers
postgres-1       | 	        (id, organization_id, project_id, environment, name, issuer, jwks_uri, audiences, default_role)
postgres-1       | 	        VALUES ($1,$2,$3,$4,'direkt','https://direkt.example.com',$5,ARRAY[$6]::text[],'service_role')
postgres-1       | 2026-10-02 05:26:46.554 UTC [1077] ERROR:  permission denied for table project_auth_third_party_providers
postgres-1       | 2026-10-02 05:26:46.554 UTC [1077] STATEMENT:  UPDATE project_auth_third_party_providers SET jwks_uri = $1 WHERE issuer = $2
postgres-1       | 2026-10-02 05:26:48.238 UTC [1089] ERROR:  new row violates row-level security policy for table "notizen"
postgres-1       | 2026-10-02 05:26:48.238 UTC [1089] STATEMENT:  INSERT INTO "graphqlw_83520d7a_394e_4188_ab13_8bbe639d3898"."notizen" ("besitzer", "inhalt", "menge")
postgres-1       | 	         VALUES ($1, $2, $3)
postgres-1       | 	         
postgres-1       | 	         RETURNING "id", "besitzer", "inhalt", "menge"
postgres-1       | 2026-10-02 05:26:48.254 UTC [1089] ERROR:  new row violates row-level security policy for table "notizen"
postgres-1       | 2026-10-02 05:26:48.254 UTC [1089] STATEMENT:  UPDATE "graphqlw_83520d7a_394e_4188_ab13_8bbe639d3898"."notizen" SET "besitzer" = $1
postgres-1       | 	       WHERE "menge" = $2 RETURNING "id", "besitzer", "inhalt", "menge"
postgres-1       | 2026-10-02 05:26:48.470 UTC [1099] ERROR:  new row violates row-level security policy (USING expression) for table "kunden"
postgres-1       | 2026-10-02 05:26:48.470 UTC [1099] STATEMENT:  INSERT INTO "gqlupsert_30fb83d8_00ad_42e8_b680_3c61463c8856"."kunden" ("besitzer", "email", "name", "punkte")
postgres-1       | 	         VALUES ($1, $2, $3, $4)
postgres-1       | 	         ON CONFLICT ("email")
postgres-1       | 	         DO UPDATE SET "besitzer" = EXCLUDED."besitzer", "name" = EXCLUDED."name", "punkte" = EXCLUDED."punkte"
postgres-1       | 	         RETURNING "id", "besitzer", "email", "name", "punkte", "slug"
postgres-1       | 2026-10-02 05:26:48.478 UTC [1099] ERROR:  new row violates row-level security policy (USING expression) for table "kunden"
postgres-1       | 2026-10-02 05:26:48.478 UTC [1099] STATEMENT:  INSERT INTO "gqlupsert_30fb83d8_00ad_42e8_b680_3c61463c8856"."kunden" ("besitzer", "email", "name", "punkte")
postgres-1       | 	         VALUES ($1, $2, $3, $4)
postgres-1       | 	         ON CONFLICT ("email")
postgres-1       | 	         DO UPDATE SET "besitzer" = EXCLUDED."besitzer", "name" = EXCLUDED."name", "punkte" = EXCLUDED."punkte"
postgres-1       | 	         RETURNING "id", "besitzer", "email", "name", "punkte", "slug"
postgres-1       | 2026-10-02 05:26:48.498 UTC [1099] ERROR:  new row violates row-level security policy (USING expression) for table "kunden"
postgres-1       | 2026-10-02 05:26:48.498 UTC [1099] STATEMENT:  INSERT INTO "gqlupsert_30fb83d8_00ad_42e8_b680_3c61463c8856"."kunden" ("besitzer", "email", "name", "punkte")
postgres-1       | 	         VALUES ($1, $2, $3, $4)
postgres-1       | 	         ON CONFLICT ("email")
postgres-1       | 	         DO UPDATE SET "besitzer" = EXCLUDED."besitzer", "name" = EXCLUDED."name", "punkte" = EXCLUDED."punkte"
postgres-1       | 	         RETURNING "id", "besitzer", "email", "name", "punkte", "slug"
postgres-1       | 2026-10-02 05:26:48.684 UTC [1100] ERROR:  new row violates row-level security policy (USING expression) for table "kunden"
postgres-1       | 2026-10-02 05:26:48.684 UTC [1100] STATEMENT:  INSERT INTO "mcpupsert_9a2c887e_ffd9_44ee_87e6_c56a9bd0d3da"."kunden" ("besitzer", "email", "name", "punkte")
postgres-1       | 	         VALUES ($1, $2, $3, $4)
postgres-1       | 	         ON CONFLICT ("email")
postgres-1       | 	         DO UPDATE SET "besitzer" = EXCLUDED."besitzer", "name" = EXCLUDED."name", "punkte" = EXCLUDED."punkte"
postgres-1       | 	         RETURNING "id", "besitzer", "email", "name", "punkte"
postgres-1       | 2026-10-02 05:26:48.739 UTC [1100] ERROR:  new row violates row-level security policy (USING expression) for table "kunden"
postgres-1       | 2026-10-02 05:26:48.739 UTC [1100] STATEMENT:  INSERT INTO "mcpupsert_9a2c887e_ffd9_44ee_87e6_c56a9bd0d3da"."kunden" ("besitzer", "email", "name", "punkte")
postgres-1       | 	         VALUES ($1, $2, $3, $4)
postgres-1       | 	         ON CONFLICT ("email")
postgres-1       | 	         DO UPDATE SET "besitzer" = EXCLUDED."besitzer", "name" = EXCLUDED."name", "punkte" = EXCLUDED."punkte"
postgres-1       | 	         RETURNING "id", "besitzer", "email", "name", "punkte"
postgres-1       | 2026-10-02 05:26:48.919 UTC [1101] ERROR:  permission denied for table project_auth_oauth_clients
postgres-1       | 2026-10-02 05:26:48.919 UTC [1101] STATEMENT:  UPDATE project_auth_oauth_clients SET scopes = ARRAY['data:write']::text[] WHERE id = $1
postgres-1       | 2026-10-02 05:26:48.922 UTC [1078] ERROR:  new row for relation "project_auth_oauth_codes" violates check constraint "project_auth_oauth_codes_pkce_check"
postgres-1       | 2026-10-02 05:26:48.922 UTC [1078] DETAIL:  Failing row contains (a22c4969-f7d3-4264-82f7-5025fb50559b, d92f8f92-3344-4f31-81f3-4873b876d6ea, 7e5cee52-63bb-4ae2-9466-f8640e16eeb1, development, 193d7680-b0f9-4a76-b9a5-8dff9aeafab1, c242fa80-b9cb-4b62-a86f-1714721daa61, https://app.test/oauth/zurueck, {data:read}, direkt-5b69fc29-ce94-44f0-bc03-dd25fe274b73, UXJjaN3EsHFH7BcvP2BVeNcPk29ub_Hzsc1CJM7fAxk, plain, 2026-10-02 05:26:48.920998+00, 2026-10-02 05:27:48.920998+00, null, null).
postgres-1       | 2026-10-02 05:26:48.922 UTC [1078] STATEMENT:  INSERT INTO project_auth_oauth_codes
postgres-1       | 	        (id, organization_id, project_id, environment, client_id, auth_user_id, redirect_uri,
postgres-1       | 	         scopes, code_hash, code_challenge, code_challenge_method, expires_at)
postgres-1       | 	        VALUES ($1,$2,$3,'development',$4,$5,$6,ARRAY['data:read']::text[],$7,$8,'plain',now() + interval '1 minute')
postgres-1       | 2026-10-02 05:26:49.259 UTC [323] LOG:  checkpoint starting: immediate force wait
postgres-1       | 2026-10-02 05:26:49.264 UTC [323] LOG:  checkpoint complete: wrote 361 buffers (2.2%); 0 WAL file(s) added, 0 removed, 2 recycled; write=0.003 s, sync=0.001 s, total=0.005 s; sync files=298, longest=0.001 s, average=0.000 s; distance=26268 kB, estimate=26268 kB; lsn=0/67AE5D8, redo lsn=0/67AE580
postgres-1       | 2026-10-02 05:26:49.311 UTC [1060] ERROR:  permission denied for table project_auth_one_time_tokens
postgres-1       | 2026-10-02 05:26:49.311 UTC [1060] STATEMENT:  DELETE FROM project_auth_one_time_tokens WHERE organization_id = $1
postgres-1       | 2026-10-02 05:26:49.321 UTC [1107] ERROR:  permission denied for table project_auth_oauth_tokens
postgres-1       | 2026-10-02 05:26:49.321 UTC [1107] STATEMENT:  DELETE FROM project_auth_oauth_tokens WHERE organization_id = $1
postgres-1       | 2026-10-02 05:26:49.394 UTC [1108] ERROR:  permission denied for table project_auth_saml_assertions
postgres-1       | 2026-10-02 05:26:49.394 UTC [1108] STATEMENT:  DELETE FROM project_auth_saml_assertions WHERE organization_id = $1
postgres-1       | 2026-10-02 05:26:50.950 UTC [1104] ERROR:  permission denied for table project_auth_oauth_consents
postgres-1       | 2026-10-02 05:26:50.950 UTC [1104] STATEMENT:  DELETE FROM project_auth_oauth_consents WHERE id = $1
postgres-1       | 2026-10-02 05:26:50.951 UTC [1102] ERROR:  project auth oauth consents are immutable except for one-way revocation
postgres-1       | 2026-10-02 05:26:50.951 UTC [1102] CONTEXT:  PL/pgSQL function qkern_reject_project_auth_oauth_consent_mutation() line 8 at RAISE
postgres-1       | 2026-10-02 05:26:50.951 UTC [1102] STATEMENT:  UPDATE project_auth_oauth_consents SET revoked_at = NULL WHERE id = $1
postgres-1       | 2026-10-02 05:26:50.960 UTC [1121] ERROR:  permission denied for table project_auth_oauth_consents
postgres-1       | 2026-10-02 05:26:50.960 UTC [1121] STATEMENT:  UPDATE project_auth_oauth_consents SET scopes = ARRAY['data:write']::text[] WHERE id = $1
postgres-1       | 2026-10-02 05:26:51.039 UTC [1062] ERROR:  update or delete on table "users" violates foreign key constraint "organizations_created_by_fkey" on table "organizations"
postgres-1       | 2026-10-02 05:26:51.039 UTC [1062] DETAIL:  Key (id)=(ecacc5d7-3488-4a39-949b-2554ec45aee9) is still referenced from table "organizations".
postgres-1       | 2026-10-02 05:26:51.039 UTC [1062] STATEMENT:  DELETE FROM users WHERE id = $1
postgres-1       | 2026-10-02 05:26:51.068 UTC [1125] ERROR:  extension "vector" is not available
postgres-1       | 2026-10-02 05:26:51.068 UTC [1125] DETAIL:  Could not open extension control file "/usr/local/share/postgresql/extension/vector.control": No such file or directory.
postgres-1       | 2026-10-02 05:26:51.068 UTC [1125] HINT:  The extension must first be installed on the system where PostgreSQL is running.
postgres-1       | 2026-10-02 05:26:51.068 UTC [1125] STATEMENT:  CREATE EXTENSION vector
postgres-1       | 2026-10-02 05:26:51.100 UTC [1126] ERROR:  array is too long
postgres-1       | 2026-10-02 05:26:51.100 UTC [1126] DETAIL:  A cube cannot have more than 100 dimensions.
postgres-1       | 2026-10-02 05:26:51.100 UTC [1126] STATEMENT:  SELECT cube(array_fill(0::float8, ARRAY[$1::int]))
postgres-1       | 2026-10-02 05:26:51.404 UTC [1127] ERROR:  update or delete on table "users" violates foreign key constraint "organizations_created_by_fkey" on table "organizations"
postgres-1       | 2026-10-02 05:26:51.404 UTC [1127] DETAIL:  Key (id)=(9423c3a7-ac12-4703-b323-bb15d411a2bb) is still referenced from table "organizations".
postgres-1       | 2026-10-02 05:26:51.404 UTC [1127] STATEMENT:  DELETE FROM users WHERE id = $1
postgres-1       | 2026-10-02 05:26:51.741 UTC [1130] ERROR:  new row violates row-level security policy for table "kommentare"
postgres-1       | 2026-10-02 05:26:51.741 UTC [1130] STATEMENT:  INSERT INTO "gqlrel_03e1c3cb_b08f_47cc_9108_599d7b2818b2"."kommentare" ("beitrag_id", "besitzer", "id", "text")
postgres-1       | 	         VALUES ($1, $2, $3, $4)
postgres-1       | 	         
postgres-1       | 	         RETURNING "id", "beitrag_id", "verfasser_id", "text", "besitzer"
postgres-1       | 2026-10-02 05:26:51.855 UTC [1131] ERROR:  permission denied for table verschlossen
postgres-1       | 2026-10-02 05:26:51.855 UTC [1131] STATEMENT:  SELECT inhalt FROM "gqlxs_b_b4571d2a_2edf_464f_9363_acc33fcf1b15".verschlossen
postgres-1       | 2026-10-02 05:26:51.977 UTC [1110] ERROR:  permission denied for table project_function_invocation_output
postgres-1       | 2026-10-02 05:26:51.977 UTC [1110] STATEMENT:  UPDATE project_function_invocation_output SET truncated = true
postgres-1       | 2026-10-02 05:26:51.979 UTC [1110] ERROR:  permission denied for table project_function_invocation_output
postgres-1       | 2026-10-02 05:26:51.979 UTC [1110] STATEMENT:  DELETE FROM project_function_invocation_output
postgres-1       | 2026-10-02 05:26:51.982 UTC [1128] ERROR:  new row for relation "project_function_invocation_output" violates check constraint "project_function_invocation_output_line_count_check"
postgres-1       | 2026-10-02 05:26:51.982 UTC [1128] DETAIL:  Failing row contains (5171a238-b86f-4a82-af9d-ee42536e8b11, ef7c829a-e61d-4805-98a0-33a4a8c8b820, 8f143f54-f744-4fec-9b9d-0f27e4644763, development, 665f6bea-6247-4306-b370-f67521b65a58, e864fc40-58d9-4d4d-ad2c-45e2c27cd4ed, 2026-10-02 05:26:51.98113+00, 501, 501, 0, 0, f, 0, [{"at": "2026-09-29T10:00:00.000Z", "cut": false, "text": "x", "...).
postgres-1       | 2026-10-02 05:26:51.982 UTC [1128] STATEMENT:  INSERT INTO project_function_invocation_output
postgres-1       | 	         (organization_id, project_id, environment, function_id, invocation_id,
postgres-1       | 	          line_count, stdout_lines, stderr_lines, byte_count, truncated, dropped_lines, lines)
postgres-1       | 	       VALUES ($1, $2, 'development', $3, $4, $5, $6, 0, 0, $7, $8, $9::jsonb)
postgres-1       | 2026-10-02 05:26:51.991 UTC [1133] ERROR:  new row for relation "project_function_invocation_output" violates check constraint "project_function_invocation_output_lines_shape"
postgres-1       | 2026-10-02 05:26:51.991 UTC [1133] DETAIL:  Failing row contains (3e34b11d-7f0d-49ad-8d2f-73d816cf3638, ef7c829a-e61d-4805-98a0-33a4a8c8b820, 8f143f54-f744-4fec-9b9d-0f27e4644763, development, 665f6bea-6247-4306-b370-f67521b65a58, e864fc40-58d9-4d4d-ad2c-45e2c27cd4ed, 2026-10-02 05:26:51.989949+00, 2, 2, 0, 0, f, 0, [{"at": "2026-09-29T10:00:00.000Z", "cut": false, "text": "x", "...).
postgres-1       | 2026-10-02 05:26:51.991 UTC [1133] STATEMENT:  INSERT INTO project_function_invocation_output
postgres-1       | 	         (organization_id, project_id, environment, function_id, invocation_id,
postgres-1       | 	          line_count, stdout_lines, stderr_lines, byte_count, truncated, dropped_lines, lines)
postgres-1       | 	       VALUES ($1, $2, 'development', $3, $4, $5, $6, 0, 0, $7, $8, $9::jsonb)
postgres-1       | 2026-10-02 05:26:52.002 UTC [1134] ERROR:  insert or update on table "project_function_invocation_output" violates foreign key constraint "project_function_invocation_o_organization_id_invocation_i_fkey"
postgres-1       | 2026-10-02 05:26:52.002 UTC [1134] DETAIL:  Key (organization_id, invocation_id)=(ef7c829a-e61d-4805-98a0-33a4a8c8b820, 8e2f8549-8dab-4669-bd94-2d6fdbe85d47) is not present in table "project_function_invocations".
postgres-1       | 2026-10-02 05:26:52.002 UTC [1134] STATEMENT:  INSERT INTO project_function_invocation_output
postgres-1       | 	         (organization_id, project_id, environment, function_id, invocation_id,
postgres-1       | 	          line_count, stdout_lines, stderr_lines, byte_count, truncated, dropped_lines, lines)
postgres-1       | 	       VALUES ($1, $2, 'development', $3, $4, $5, $6, 0, 0, $7, $8, $9::jsonb)
postgres-1       | 2026-10-02 05:26:52.012 UTC [1135] ERROR:  duplicate key value violates unique constraint "project_function_invocation_o_organization_id_invocation_id_key"
postgres-1       | 2026-10-02 05:26:52.012 UTC [1135] DETAIL:  Key (organization_id, invocation_id)=(ef7c829a-e61d-4805-98a0-33a4a8c8b820, be77be1c-3833-43a0-b9c2-6da741c626b8) already exists.
postgres-1       | 2026-10-02 05:26:52.012 UTC [1135] STATEMENT:  INSERT INTO project_function_invocation_output
postgres-1       | 	         (organization_id, project_id, environment, function_id, invocation_id,
postgres-1       | 	          line_count, stdout_lines, stderr_lines, byte_count, truncated, dropped_lines, lines)
postgres-1       | 	       VALUES ($1, $2, 'development', $3, $4, $5, $6, 0, 0, $7, $8, $9::jsonb)
postgres-1       | 2026-10-02 05:26:52.138 UTC [1123] ERROR:  duplicate key value violates unique constraint "project_auth_saml_assertion_key"
postgres-1       | 2026-10-02 05:26:52.138 UTC [1123] DETAIL:  Key (organization_id, project_id, environment, provider, assertion_id)=(93ef8f97-c18f-4eca-9719-16871e9d1733, ad087b50-1e6b-4d3d-8b6f-a2645776c0cf, development, federation, _a00f71f50124ee5b70c6176032d0e11b1) already exists.
postgres-1       | 2026-10-02 05:26:52.138 UTC [1123] STATEMENT:  INSERT INTO project_auth_saml_assertions
postgres-1       | 	      (organization_id, project_id, environment, provider, assertion_id, expires_at)
postgres-1       | 	      VALUES ($1, $2, 'development', 'federation', $3, now() + interval '5 minutes')
postgres-1       | 2026-10-02 05:26:52.142 UTC [1122] ERROR:  new row for relation "project_auth_saml_assertions" violates check constraint "project_auth_saml_assertions_assertion_id_check"
postgres-1       | 2026-10-02 05:26:52.142 UTC [1122] DETAIL:  Failing row contains (da6b23d2-49ec-4d1c-bc7b-1111029e44eb, 93ef8f97-c18f-4eca-9719-16871e9d1733, ad087b50-1e6b-4d3d-8b6f-a2645776c0cf, development, federation, 9nope, 2026-10-02 05:26:52.142108+00, 2026-10-02 05:31:52.142108+00).
postgres-1       | 2026-10-02 05:26:52.142 UTC [1122] STATEMENT:  INSERT INTO project_auth_saml_assertions
postgres-1       | 	      (organization_id, project_id, environment, provider, assertion_id, expires_at)
postgres-1       | 	      VALUES ($1, $2, 'development', 'federation', '9nope', now() + interval '5 minutes')
postgres-1       | 2026-10-02 05:26:52.152 UTC [1137] ERROR:  new row for relation "project_auth_saml_assertions" violates check constraint "project_auth_saml_assertions_provider_check"
postgres-1       | 2026-10-02 05:26:52.152 UTC [1137] DETAIL:  Failing row contains (f61d8d1e-5d96-4a27-85ed-686447f4c72c, 93ef8f97-c18f-4eca-9719-16871e9d1733, ad087b50-1e6b-4d3d-8b6f-a2645776c0cf, development, Federation, _abc, 2026-10-02 05:26:52.150645+00, 2026-10-02 05:31:52.150645+00).
postgres-1       | 2026-10-02 05:26:52.152 UTC [1137] STATEMENT:  INSERT INTO project_auth_saml_assertions
postgres-1       | 	      (organization_id, project_id, environment, provider, assertion_id, expires_at)
postgres-1       | 	      VALUES ($1, $2, 'development', 'Federation', '_abc', now() + interval '5 minutes')
postgres-1       | 2026-10-02 05:26:52.162 UTC [1138] ERROR:  new row for relation "project_auth_saml_assertions" violates check constraint "project_auth_saml_assertions_window"
postgres-1       | 2026-10-02 05:26:52.162 UTC [1138] DETAIL:  Failing row contains (d9c54720-3055-4c10-9caa-fde0974bf4f0, 93ef8f97-c18f-4eca-9719-16871e9d1733, ad087b50-1e6b-4d3d-8b6f-a2645776c0cf, development, federation, _window, 2026-10-02 05:26:52.160205+00, 2026-10-02 05:25:52.160205+00).
postgres-1       | 2026-10-02 05:26:52.162 UTC [1138] STATEMENT:  INSERT INTO project_auth_saml_assertions
postgres-1       | 	      (organization_id, project_id, environment, provider, assertion_id, used_at, expires_at)
postgres-1       | 	      VALUES ($1, $2, 'development', 'federation', '_window', now(), now() - interval '1 minute')
postgres-1       | 2026-10-02 05:26:52.172 UTC [1139] ERROR:  new row for relation "project_auth_one_time_tokens" violates check constraint "project_auth_one_time_tokens_purpose_check"
postgres-1       | 2026-10-02 05:26:52.172 UTC [1139] DETAIL:  Failing row contains (ee513405-f3e7-4b6d-aff0-09c2ba65c2c7, 93ef8f97-c18f-4eca-9719-16871e9d1733, ad087b50-1e6b-4d3d-8b6f-a2645776c0cf, development, null, saml_reply, aaaaaaaaaaaaaaaaaaaaaaaaaaaaaaaaaaaaaaaaaaaaaaaaaaaaaaaaaaaaaaaa, {}, 2026-10-02 05:26:52.170049+00, 2026-10-02 05:31:52.170049+00, null).
postgres-1       | 2026-10-02 05:26:52.172 UTC [1139] STATEMENT:  INSERT INTO project_auth_one_time_tokens
postgres-1       | 	      (organization_id, project_id, environment, purpose, token_hash, expires_at)
postgres-1       | 	      VALUES ($1, $2, 'development', 'saml_reply', $3, now() + interval '5 minutes')
postgres-1       | 2026-10-02 05:26:52.182 UTC [1140] ERROR:  permission denied for table project_auth_saml_assertions
postgres-1       | 2026-10-02 05:26:52.182 UTC [1140] STATEMENT:  UPDATE project_auth_saml_assertions SET assertion_id = '_other' WHERE organization_id = $1
postgres-1       | 2026-10-02 05:26:52.244 UTC [1136] ERROR:  project storage upload verifier and identity are immutable
postgres-1       | 2026-10-02 05:26:52.244 UTC [1136] CONTEXT:  PL/pgSQL function qkern_reject_project_storage_upload_mutation() line 15 at RAISE
postgres-1       | 2026-10-02 05:26:52.244 UTC [1136] STATEMENT:  UPDATE project_storage_uploads
postgres-1       | 	      SET parts_declared = true, kind = 'single', provider_upload_id = NULL
postgres-1       | 	      WHERE id = $1
postgres-1       | 2026-10-02 05:26:52.257 UTC [1142] ERROR:  project storage upload verifier and identity are immutable
postgres-1       | 2026-10-02 05:26:52.257 UTC [1142] CONTEXT:  PL/pgSQL function qkern_reject_project_storage_upload_mutation() line 15 at RAISE
postgres-1       | 2026-10-02 05:26:52.257 UTC [1142] STATEMENT:  UPDATE project_storage_uploads SET parts_declared = false
postgres-1       | 	      WHERE id = $1
postgres-1       | 2026-10-02 05:26:52.320 UTC [1143] ERROR:  project storage upload verifier and identity are immutable
postgres-1       | 2026-10-02 05:26:52.320 UTC [1143] CONTEXT:  PL/pgSQL function qkern_reject_project_storage_upload_mutation() line 15 at RAISE
postgres-1       | 2026-10-02 05:26:52.320 UTC [1143] STATEMENT:  UPDATE project_storage_uploads SET checksum_sha256 = NULL WHERE id = $1
postgres-1       | 2026-10-02 05:26:52.341 UTC [1145] ERROR:  new row for relation "project_storage_uploads" violates check constraint "project_storage_uploads_completed_content"
postgres-1       | 2026-10-02 05:26:52.341 UTC [1145] DETAIL:  Failing row contains (b4bf7725-1e2d-4181-81c3-4baf0f592c6d, ccffd1c6-7c32-4551-814f-d9e3818ddca5, fc79e2d5-e6ab-4d6c-9c36-d5e7be976f2e, development, ef0bc194-3879-4edd-98e9-2a0ee6c89d5d, halfway.txt, ccffd1c6-7c32-4551-814f-d9e3818ddca5/fc79e2d5-e6ab-4d6c-9c36-d5e..., 62a6c10d-0456-4a6b-befc-e90d5497e5b7, text/plain, 1, null, CvldCQWNIBZu_1n5j9it12NfPCSuZXIhXijhzuIib70, completed, 2026-10-02 05:26:52.229+00, 2026-10-02 06:26:52.229+00, null, null, multipart, provider-upload-halfway, t).
postgres-1       | 2026-10-02 05:26:52.341 UTC [1145] STATEMENT:  UPDATE project_storage_uploads SET status = 'completed', size_bytes = 1 WHERE id = $1
postgres-1       | 2026-10-02 05:26:52.396 UTC [1155] ERROR:  permission denied for function pg_read_file
postgres-1       | 2026-10-02 05:26:52.396 UTC [1155] STATEMENT:  SELECT pg_read_file('postgresql.conf', 0, 16)
postgres-1       | 2026-10-02 05:26:52.411 UTC [1156] ERROR:  permission denied for function pg_ls_logdir
postgres-1       | 2026-10-02 05:26:52.411 UTC [1156] STATEMENT:  SELECT * FROM pg_ls_logdir()
postgres-1       | 2026-10-02 05:26:52.419 UTC [1157] ERROR:  permission denied to examine "log_directory"
postgres-1       | 2026-10-02 05:26:52.419 UTC [1157] DETAIL:  Only roles with privileges of the "pg_read_all_settings" role may examine this parameter.
postgres-1       | 2026-10-02 05:26:52.419 UTC [1157] STATEMENT:  SHOW log_directory
postgres-1       | 2026-10-02 05:26:52.431 UTC [1151] ERROR:  could not open directory "log": No such file or directory
postgres-1       | 2026-10-02 05:26:52.431 UTC [1151] STATEMENT:  SELECT * FROM pg_ls_logdir()
postgres-1       | 2026-10-02 05:26:52.491 UTC [1162] ERROR:  permission denied for function pg_read_file
postgres-1       | 2026-10-02 05:26:52.491 UTC [1162] STATEMENT:  SELECT pg_read_file('postgresql.conf', 0, 8)
postgres-1       | 2026-10-02 05:26:52.535 UTC [1110] ERROR:  new row for relation "realtime_presence" violates check constraint "realtime_presence_lease_forward"
postgres-1       | 2026-10-02 05:26:52.535 UTC [1110] STATEMENT:  INSERT INTO realtime_presence (organization_id, project_id, environment, channel,
postgres-1       | 	             presence_key, instance_id, state, tracked_at, expires_at)
postgres-1       | 	           VALUES ($1,$2,'development',$3,'qk_presence_2113backwards','instance-a','{}',$4,$5)
postgres-1       | 2026-10-02 05:26:52.536 UTC [1110] ERROR:  permission denied for table realtime_presence
postgres-1       | 2026-10-02 05:26:52.536 UTC [1110] STATEMENT:  UPDATE realtime_presence SET channel='public:hijacked'
postgres-1       | 	          WHERE organization_id=$1 AND channel=$2
postgres-1       | 2026-10-02 05:26:52.546 UTC [1164] ERROR:  permission denied for table realtime_presence
postgres-1       | 2026-10-02 05:26:52.546 UTC [1164] STATEMENT:  UPDATE realtime_presence SET presence_key='qk_presence_2113stolen'
postgres-1       | 	          WHERE organization_id=$1 AND channel=$2
postgres-1       | 2026-10-02 05:26:52.743 UTC [1166] ERROR:  duplicate key value violates unique constraint "billing_invoice_lines_invoice_id_line_key_key"
postgres-1       | 2026-10-02 05:26:52.743 UTC [1166] STATEMENT:  INSERT INTO billing_invoice_lines
postgres-1       | 	               (organization_id, invoice_id, line_key, label, metric, quantity,
postgres-1       | 	                unit_price_micros, per_units, amount_micros)
postgres-1       | 	             VALUES ($1,$2,'charge:support-retainer','Betreuung noch einmal',NULL,1,5000000,1,5000000)
postgres-1       | 2026-10-02 05:26:52.753 UTC [1159] ERROR:  update or delete on table "organizations" violates foreign key constraint "billing_rate_cards_organization_id_fkey" on table "billing_rate_cards"
postgres-1       | 2026-10-02 05:26:52.753 UTC [1159] DETAIL:  Key (id)=(34ce7f61-4f72-472b-8a78-747ae7b158a7) is still referenced from table "billing_rate_cards".
postgres-1       | 2026-10-02 05:26:52.753 UTC [1159] STATEMENT:  DELETE FROM organizations WHERE id IN ($1,$2)
postgres-1       | 2026-10-02 05:26:52.764 UTC [1167] ERROR:  update or delete on table "users" violates foreign key constraint "organizations_created_by_fkey" on table "organizations"
postgres-1       | 2026-10-02 05:26:52.764 UTC [1167] DETAIL:  Key (id)=(dedec999-fe4b-44fc-aba5-9c8f8d072dc2) is still referenced from table "organizations".
postgres-1       | 2026-10-02 05:26:52.764 UTC [1167] STATEMENT:  DELETE FROM users WHERE id = $1
postgres-1       | 2026-10-02 05:26:52.868 UTC [1165] ERROR:  permission denied for table project_queue_message_traces
postgres-1       | 2026-10-02 05:26:52.868 UTC [1165] STATEMENT:  UPDATE project_queue_message_traces SET station='completed'
postgres-1       | 	            WHERE organization_id=$1 AND message_id=$2
postgres-1       | 2026-10-02 05:26:52.869 UTC [1168] ERROR:  a project queue trace station is append-only
postgres-1       | 2026-10-02 05:26:52.869 UTC [1168] CONTEXT:  PL/pgSQL function qkern_reject_project_queue_trace_update() line 3 at RAISE
postgres-1       | 2026-10-02 05:26:52.869 UTC [1168] STATEMENT:  UPDATE project_queue_message_traces SET station='completed'
postgres-1       | 	          WHERE organization_id=$1 AND message_id=$2
postgres-1       | 2026-10-02 05:26:53.476 UTC [1169] ERROR:  new row for relation "project_queue_message_traces" violates check constraint "project_queue_message_traces_span_shape"
postgres-1       | 2026-10-02 05:26:53.476 UTC [1169] DETAIL:  Failing row contains (890e7a90-8160-414d-90e6-6c3ea8644d57, a28fa296-e063-4615-84ca-de11b1d024af, 001f4f8e-223b-4e0a-8e3c-079802b5743a, development, 7e53727c-4c64-4204-8c67-373f30432a45, 552c484e-ee05-42b9-bbcd-5c1a52b9fafb, 60, enqueued, 0, null, null, null, null, null, 2026-10-02 05:26:53.441+00, 2026-10-03 05:26:53.441+00, 0000000000000000).
postgres-1       | 2026-10-02 05:26:53.476 UTC [1169] STATEMENT:  INSERT INTO project_queue_message_traces
postgres-1       | 	         (organization_id,project_id,environment,queue_id,message_id,sequence,station,attempt,
postgres-1       | 	          span_id,occurred_at,expires_at)
postgres-1       | 	       SELECT organization_id,project_id,environment,queue_id,message_id,60,'enqueued',0,
postgres-1       | 	              repeat('0',16),occurred_at,expires_at
postgres-1       | 	         FROM project_queue_message_traces
postgres-1       | 	        WHERE organization_id=$1 AND message_id=$2 AND sequence=1
postgres-1       | 2026-10-02 05:26:53.490 UTC [1170] ERROR:  duplicate key value violates unique constraint "project_queue_message_traces_span_key"
postgres-1       | 2026-10-02 05:26:53.490 UTC [1170] DETAIL:  Key (organization_id, project_id, environment, message_id, span_id)=(a28fa296-e063-4615-84ca-de11b1d024af, 001f4f8e-223b-4e0a-8e3c-079802b5743a, development, 552c484e-ee05-42b9-bbcd-5c1a52b9fafb, ef5b6eded660c55f) already exists.
postgres-1       | 2026-10-02 05:26:53.490 UTC [1170] STATEMENT:  INSERT INTO project_queue_message_traces
postgres-1       | 	         (organization_id,project_id,environment,queue_id,message_id,sequence,station,attempt,
postgres-1       | 	          span_id,occurred_at,expires_at)
postgres-1       | 	       SELECT organization_id,project_id,environment,queue_id,message_id,61,'enqueued',0,
postgres-1       | 	              span_id,occurred_at,expires_at
postgres-1       | 	         FROM project_queue_message_traces
postgres-1       | 	        WHERE organization_id=$1 AND message_id=$2 AND sequence=1
postgres-1       | 2026-10-02 05:26:53.683 UTC [1171] ERROR:  webhook delivery content is immutable
postgres-1       | 2026-10-02 05:26:53.683 UTC [1171] CONTEXT:  PL/pgSQL function qkern_validate_project_webhook_delivery_update() line 10 at RAISE
postgres-1       | 2026-10-02 05:26:53.683 UTC [1171] STATEMENT:  UPDATE project_webhook_deliveries SET trace_id=$3
postgres-1       | 	        WHERE organization_id=$1 AND id=$2
postgres-1       | 2026-10-02 05:26:53.694 UTC [1172] ERROR:  webhook delivery content is immutable
postgres-1       | 2026-10-02 05:26:53.694 UTC [1172] CONTEXT:  PL/pgSQL function qkern_validate_project_webhook_delivery_update() line 10 at RAISE
postgres-1       | 2026-10-02 05:26:53.694 UTC [1172] STATEMENT:  UPDATE project_webhook_deliveries SET parent_span_id=NULL
postgres-1       | 	        WHERE organization_id=$1 AND id=$2
postgres-1       | 2026-10-02 05:26:53.704 UTC [1173] ERROR:  new row for relation "project_webhook_deliveries" violates check constraint "project_webhook_deliveries_trace_anchor"
postgres-1       | 2026-10-02 05:26:53.704 UTC [1173] DETAIL:  Failing row contains (4a7e147f-5243-441b-9c7d-278b93eb8a67, a28fa296-e063-4615-84ca-de11b1d024af, 001f4f8e-223b-4e0a-8e3c-079802b5743a, development, 4e7e3564-2a4f-4efc-9cef-148bc0e92f02, order.created, {}, 2026-10-02 05:26:53.702346+00, pending, 0, 2026-10-02 05:26:53.702346+00, null, null, null, null, 2026-10-02 05:26:53.702346+00, null, null, null, 00f067aa0ba902b7).
postgres-1       | 2026-10-02 05:26:53.704 UTC [1173] STATEMENT:  INSERT INTO project_webhook_deliveries
postgres-1       | 	         (id, organization_id, project_id, environment, webhook_id, event_type, payload,
postgres-1       | 	          occurred_at, status, attempt_count, available_at, created_at, parent_span_id)
postgres-1       | 	       VALUES (gen_random_uuid(),$1,$2,'development',$3,'order.created','{}',now(),
postgres-1       | 	               'pending',0,now(),now(),$4)
certification-1  |  [32m✓[39m tests/postgres.integration.test.ts [2m([22m[2m75 tests[22m[2m)[22m[33m 44253[2mms[22m[39m
certification-1  |      [33m[2m✓[22m[39m finds the suspected missing index, the unused index, the bloat and the missing sample in real statistics (2.40) [33m 11671[2mms[22m[39m
certification-1  |      [33m[2m✓[22m[39m (2.52) refuses a usable session without the second factor when the project requires it [33m 394[2mms[22m[39m
certification-1  |      [33m[2m✓[22m[39m (2.56) refuses the login attempt that crosses the limit and lets the next window through [33m 874[2mms[22m[39m
certification-1  |      [33m[2m✓[22m[39m (2.60) refuses a known leaked password at sign-up when the project requires it [33m 403[2mms[22m[39m
certification-1  |      [33m[2m✓[22m[39m (2.67) shows what a query costs in the console without showing the query [33m 1239[2mms[22m[39m
certification-1  |      [33m[2m✓[22m[39m (2.53) delivers a table change through the running bridge process [33m 4627[2mms[22m[39m
certification-1  |      [33m[2m✓[22m[39m (2.64) forwards through the running collector process and continues after a restart [33m 4591[2mms[22m[39m
certification-1  |      [33m[2m✓[22m[39m (2.69) explains a real query plan without executing the query [33m 7839[2mms[22m[39m
certification-1  |      [33m[2m✓[22m[39m (2.70) reports the state of the real database from counters that really move [33m 1069[2mms[22m[39m
certification-1  |      [33m[2m✓[22m[39m (2.77) calls the auth hooks of a real sign-in and refuses one that wants a reserved claim [33m 854[2mms[22m[39m
certification-1  |      [33m[2m✓[22m[39m (2.85) does not forward the same audit row again after a restart when the database sets the microseconds [33m 1359[2mms[22m[39m
certification-1  |      [33m[2m✓[22m[39m (2.82) issues an OAuth code with PKCE, redeems it once, reads with the token under row security and refuses replay, a wrong verifier, a foreign return target and an ungranted scope [33m 357[2mms[22m[39m
certification-1  |      [33m[2m✓[22m[39m (2.103) opens exactly the tools each new scope names against the real database, keeps the tenant boundary, reaches no worker lease operation through queues:write and throws for a tool name without an entry [33m 325[2mms[22m[39m
certification-1  |      [33m[2m✓[22m[39m (2.116) gives storage:write one deleting tool and no upload, runs it as the consenting user under the write policy of the bucket, keeps a foreign object in an owner bucket and gives the operator role only to the local bearer [33m 326[2mms[22m[39m
certification-1  |      [33m[2m✓[22m[39m (2.117) runs the free query under row level security as the consenting user, gives each user exactly their own rows, keeps a table without row level security unreachable over OAuth and answers the schema list with the readable surface only [33m 414[2mms[22m[39m
certification-1  |      [33m[2m✓[22m[39m (2.122) cuts a trace at its own expiry and never at the outcome of its message, keeps it when the message is already pruned, never shorter than the queue retention, and stops at sixty-four stations [33m 547[2mms[22m[39m
certification-1  | 
certification-1  | [2m Test Files [22m [1m[32m31 passed[39m[22m[90m (31)[39m
certification-1  | [2m      Tests [22m [1m[32m254 passed[39m[22m[90m (254)[39m
certification-1  | [2m   Start at [22m 05:25:51
certification-1  | [2m   Duration [22m 62.17s[2m (transform 62.45s, setup 0ms, import 98.54s, tests 201.64s, environment 25ms)[22m
certification-1  | 
[Kcertification-1 exited with code 0
 Compose Stopping Aborting on container exit...
 Container qkern-slice-s3clients-certification-1 Stopping 
 Container qkern-slice-s3clients-certification-1 Stopped 
 Container qkern-slice-s3clients-vault-1 Stopping 
 Container qkern-slice-s3clients-postgres-1 Stopping 
postgres-1       | 2026-10-02 05:26:55.079 UTC [1] LOG:  received fast shutdown request
postgres-1       | 2026-10-02 05:26:55.079 UTC [1] LOG:  aborting any active transactions
vault-1          | ==> Vault shutdown triggered
postgres-1       | 2026-10-02 05:26:55.086 UTC [1] LOG:  background worker "logical replication launcher" (PID 328) exited with exit code 1
postgres-1       | 2026-10-02 05:26:55.086 UTC [323] LOG:  shutting down
postgres-1       | 2026-10-02 05:26:55.087 UTC [323] LOG:  checkpoint starting: shutdown immediate
vault-1          | 2026-10-02T05:26:55.086Z [INFO]  core: marked as sealed
vault-1          | 2026-10-02T05:26:55.088Z [INFO]  core: pre-seal teardown starting
vault-1          | 2026-10-02T05:26:55.090Z [INFO]  rollback: stopping rollback manager
vault-1          | 2026-10-02T05:26:55.092Z [INFO]  core: pre-seal teardown complete
vault-1          | 2026-10-02T05:26:55.092Z [INFO]  core: stopping cluster listeners
vault-1          | 2026-10-02T05:26:55.092Z [INFO]  core.cluster-listener: forwarding rpc listeners stopped
postgres-1       | 2026-10-02 05:26:55.094 UTC [323] LOG:  checkpoint complete: wrote 393 buffers (2.4%); 0 WAL file(s) added, 0 removed, 0 recycled; write=0.007 s, sync=0.001 s, total=0.008 s; sync files=314, longest=0.001 s, average=0.000 s; distance=1967 kB, estimate=23838 kB; lsn=0/699A570, redo lsn=0/699A570
postgres-1       | 2026-10-02 05:26:55.114 UTC [1] LOG:  database system is shut down
vault-1          | 2026-10-02T05:26:55.545Z [INFO]  core.cluster-listener: rpc listeners successfully shut down
vault-1          | 2026-10-02T05:26:55.545Z [INFO]  core: cluster listeners successfully shut down
vault-1          | 2026-10-02T05:26:55.546Z [INFO]  core: vault is sealed
 Container qkern-slice-s3clients-postgres-1 Stopped 
[Kpostgres-1 exited with code 0
 Container qkern-slice-s3clients-vault-1 Stopped 
[Kvault-1 exited with code 0
 Container qkern-slice-s3clients-certification-1 Stopping 
 Container qkern-slice-s3clients-certification-1 Stopped 
 Container qkern-slice-s3clients-certification-1 Removing 
 Container qkern-slice-s3clients-certification-1 Removed 
 Container qkern-slice-s3clients-vault-1 Stopping 
 Container qkern-slice-s3clients-postgres-1 Stopping 
 Container qkern-slice-s3clients-vault-1 Stopped 
 Container qkern-slice-s3clients-vault-1 Removing 
 Container qkern-slice-s3clients-postgres-1 Stopped 
 Container qkern-slice-s3clients-postgres-1 Removing 
 Container qkern-slice-s3clients-vault-1 Removed 
 Container qkern-slice-s3clients-postgres-1 Removed 
 Network qkern-slice-s3clients_default Removing 
 Network qkern-slice-s3clients_default Removed 
EXIT=0
