 Network qkern-slice-tracesearch_default Creating 
 Network qkern-slice-tracesearch_default Created 
 Container qkern-slice-tracesearch-postgres-1 Creating 
 Container qkern-slice-tracesearch-vault-1 Creating 
 Container qkern-slice-tracesearch-vault-1 Created 
 Container qkern-slice-tracesearch-postgres-1 Created 
 Container qkern-slice-tracesearch-certification-1 Creating 
 Container qkern-slice-tracesearch-certification-1 Created 
Attaching to certification-1, postgres-1, vault-1
 Container qkern-slice-tracesearch-vault-1 Starting 
 Container qkern-slice-tracesearch-postgres-1 Starting 
 Container qkern-slice-tracesearch-vault-1 Started 
 Container qkern-slice-tracesearch-postgres-1 Started 
 Container qkern-slice-tracesearch-postgres-1 Waiting 
 Container qkern-slice-tracesearch-vault-1 Waiting 
postgres-1  | The files belonging to this database system will be owned by user "postgres".
postgres-1  | This user must also own the server process.
postgres-1  | 
postgres-1  | The database cluster will be initialized with locale "en_US.utf8".
postgres-1  | The default database encoding has accordingly been set to "UTF8".
postgres-1  | The default text search configuration will be set to "english".
postgres-1  | 
postgres-1  | Data page checksums are disabled.
postgres-1  | 
postgres-1  | fixing permissions on existing directory /var/lib/postgresql/data ... ok
postgres-1  | creating subdirectories ... ok
postgres-1  | selecting dynamic shared memory implementation ... posix
postgres-1  | selecting default "max_connections" ... 100
postgres-1  | selecting default "shared_buffers" ... 128MB
postgres-1  | selecting default time zone ... UTC
postgres-1  | creating configuration files ... ok
postgres-1  | running bootstrap script ... ok
postgres-1  | sh: locale: not found
postgres-1  | 2026-10-02 16:41:07.506 UTC [36] WARNING:  no usable system locales were found
postgres-1  | performing post-bootstrap initialization ... ok
postgres-1  | syncing data to disk ... ok
postgres-1  | 
postgres-1  | 
postgres-1  | Success. You can now start the database server using:
postgres-1  | 
postgres-1  |     pg_ctl -D /var/lib/postgresql/data -l logfile start
postgres-1  | 
postgres-1  | initdb: warning: enabling "trust" authentication for local connections
postgres-1  | initdb: hint: You can change this by editing pg_hba.conf or using the option -A, or --auth-local and --auth-host, the next time you run initdb.
postgres-1  | waiting for server to start....2026-10-02 16:41:08.228 UTC [42] LOG:  starting PostgreSQL 17.10 on x86_64-pc-linux-musl, compiled by gcc (Alpine 15.2.0) 15.2.0, 64-bit
postgres-1  | 2026-10-02 16:41:08.232 UTC [42] LOG:  listening on Unix socket "/var/run/postgresql/.s.PGSQL.5432"
postgres-1  | 2026-10-02 16:41:08.236 UTC [45] LOG:  database system was shut down at 2026-10-02 16:41:08 UTC
postgres-1  | 2026-10-02 16:41:08.243 UTC [42] LOG:  database system is ready to accept connections
postgres-1  |  done
postgres-1  | server started
postgres-1  | CREATE DATABASE
postgres-1  | 
postgres-1  | 
postgres-1  | /usr/local/bin/docker-entrypoint.sh: running /docker-entrypoint-initdb.d/000-certification-init.sh
postgres-1  | certification-init: applying 0001_control_plane.sql
postgres-1  | CREATE EXTENSION
postgres-1  | CREATE TYPE
postgres-1  | CREATE TYPE
postgres-1  | CREATE TABLE
postgres-1  | CREATE TABLE
postgres-1  | CREATE TABLE
postgres-1  | CREATE TABLE
postgres-1  | CREATE INDEX
postgres-1  | CREATE TABLE
postgres-1  | CREATE TABLE
postgres-1  | CREATE INDEX
postgres-1  | CREATE TABLE
postgres-1  | CREATE INDEX
postgres-1  | CREATE TABLE
postgres-1  | CREATE TABLE
postgres-1  | CREATE INDEX
postgres-1  | ALTER TABLE
postgres-1  | ALTER TABLE
postgres-1  | ALTER TABLE
postgres-1  | ALTER TABLE
postgres-1  | ALTER TABLE
postgres-1  | CREATE POLICY
postgres-1  | CREATE POLICY
postgres-1  | CREATE POLICY
postgres-1  | CREATE POLICY
postgres-1  | CREATE POLICY
postgres-1  | certification-init: applying 0002_repository_hardening.sql
postgres-1  | BEGIN
postgres-1  | CREATE FUNCTION
postgres-1  | ALTER TABLE
postgres-1  | ALTER TABLE
postgres-1  | ALTER TABLE
postgres-1  | ALTER TABLE
postgres-1  | ALTER TABLE
postgres-1  | ALTER TABLE
postgres-1  | UPDATE 0
postgres-1  | ALTER TABLE
postgres-1  | CREATE INDEX
postgres-1  | CREATE INDEX
postgres-1  | CREATE FUNCTION
postgres-1  | CREATE TRIGGER
postgres-1  | CREATE TRIGGER
postgres-1  | CREATE TRIGGER
postgres-1  | CREATE FUNCTION
postgres-1  | CREATE FUNCTION
postgres-1  | CREATE TRIGGER
postgres-1  | CREATE TRIGGER
postgres-1  | ALTER TABLE
postgres-1  | ALTER TABLE
postgres-1  | ALTER TABLE
postgres-1  | ALTER TABLE
postgres-1  | ALTER TABLE
postgres-1  | ALTER TABLE
postgres-1  | ALTER TABLE
postgres-1  | ALTER TABLE
postgres-1  | ALTER TABLE
postgres-1  | ALTER TABLE
postgres-1  | ALTER TABLE
postgres-1  | ALTER TABLE
postgres-1  | ALTER TABLE
postgres-1  | ALTER TABLE
postgres-1  | ALTER TABLE
postgres-1  | ALTER TABLE
postgres-1  | DROP POLICY
postgres-1  | DROP POLICY
postgres-1  | DROP POLICY
postgres-1  | DROP POLICY
postgres-1  | DROP POLICY
postgres-1  | CREATE POLICY
postgres-1  | CREATE POLICY
postgres-1  | CREATE POLICY
postgres-1  | CREATE POLICY
postgres-1  | CREATE POLICY
postgres-1  | CREATE POLICY
postgres-1  | CREATE POLICY
postgres-1  | CREATE POLICY
postgres-1  | CREATE POLICY
postgres-1  | CREATE POLICY
postgres-1  | CREATE POLICY
postgres-1  | CREATE POLICY
postgres-1  | CREATE POLICY
postgres-1  | CREATE POLICY
postgres-1  | CREATE POLICY
postgres-1  | CREATE POLICY
postgres-1  | CREATE POLICY
postgres-1  | CREATE POLICY
postgres-1  | CREATE POLICY
postgres-1  | CREATE POLICY
postgres-1  | CREATE POLICY
postgres-1  | CREATE POLICY
postgres-1  | CREATE POLICY
postgres-1  | CREATE POLICY
postgres-1  | DO
postgres-1  | REVOKE
postgres-1  | GRANT
postgres-1  | GRANT
postgres-1  | GRANT
postgres-1  | GRANT
postgres-1  | GRANT
postgres-1  | GRANT
postgres-1  | GRANT
postgres-1  | GRANT
postgres-1  | GRANT
postgres-1  | GRANT
postgres-1  | GRANT
postgres-1  | GRANT
postgres-1  | GRANT
postgres-1  | COMMIT
postgres-1  | certification-init: applying 0003_auth_and_memberships.sql
postgres-1  | BEGIN
postgres-1  | ALTER TABLE
postgres-1  | ALTER TABLE
postgres-1  | UPDATE 0
postgres-1  | ALTER TABLE
postgres-1  | CREATE INDEX
postgres-1  | CREATE TRIGGER
postgres-1  | CREATE TABLE
postgres-1  | CREATE INDEX
postgres-1  | CREATE INDEX
postgres-1  | CREATE FUNCTION
postgres-1  | DO
postgres-1  | REVOKE
postgres-1  | REVOKE
postgres-1  | GRANT
postgres-1  | GRANT
postgres-1  | GRANT
postgres-1  | GRANT
postgres-1  | COMMIT
postgres-1  | certification-init: applying 0004_artifact_and_workspace_integrity.sql
postgres-1  | BEGIN
postgres-1  | ALTER TABLE
postgres-1  | CREATE INDEX
postgres-1  | ALTER TABLE
postgres-1  | ALTER TABLE
postgres-1  | ALTER TABLE
postgres-1  | CREATE FUNCTION
postgres-1  | CREATE TRIGGER
postgres-1  | CREATE FUNCTION
postgres-1  | CREATE TRIGGER
postgres-1  | REVOKE
postgres-1  | GRANT
postgres-1  | REVOKE
postgres-1  | GRANT
postgres-1  | GRANT
postgres-1  | GRANT
postgres-1  | COMMIT
postgres-1  | certification-init: applying 0005_migration_apply_queue.sql
postgres-1  | BEGIN
postgres-1  | CREATE TYPE
postgres-1  | CREATE TYPE
postgres-1  | CREATE TABLE
postgres-1  | CREATE INDEX
postgres-1  | CREATE INDEX
postgres-1  | CREATE TABLE
postgres-1  | CREATE INDEX
postgres-1  | CREATE TRIGGER
postgres-1  | CREATE TRIGGER
postgres-1  | CREATE FUNCTION
postgres-1  | CREATE TRIGGER
postgres-1  | CREATE FUNCTION
postgres-1  | CREATE TRIGGER
postgres-1  | ALTER TABLE
postgres-1  | ALTER TABLE
postgres-1  | ALTER TABLE
postgres-1  | ALTER TABLE
postgres-1  | CREATE POLICY
postgres-1  | CREATE POLICY
postgres-1  | CREATE POLICY
postgres-1  | CREATE POLICY
postgres-1  | CREATE POLICY
postgres-1  | CREATE POLICY
postgres-1  | REVOKE
postgres-1  | REVOKE
postgres-1  | REVOKE
postgres-1  | GRANT
postgres-1  | GRANT
postgres-1  | GRANT
postgres-1  | GRANT
postgres-1  | GRANT
postgres-1  | GRANT
postgres-1  | GRANT
postgres-1  | GRANT
postgres-1  | GRANT
postgres-1  | COMMIT
postgres-1  | certification-init: applying 0006_worker_runtime_boundary.sql
postgres-1  | BEGIN
postgres-1  | DO
postgres-1  | ALTER TABLE
postgres-1  | ALTER TABLE
postgres-1  | UPDATE 0
postgres-1  | ALTER TABLE
postgres-1  | REVOKE
postgres-1  | REVOKE
postgres-1  | REVOKE
postgres-1  | GRANT
postgres-1  | REVOKE
postgres-1  | REVOKE
postgres-1  | GRANT
postgres-1  | GRANT
postgres-1  | GRANT
postgres-1  | GRANT
postgres-1  | GRANT
postgres-1  | GRANT
postgres-1  | GRANT
postgres-1  | GRANT
postgres-1  | GRANT
postgres-1  | GRANT
postgres-1  | GRANT
postgres-1  | COMMIT
postgres-1  | certification-init: applying 0007_migration_claim_sequence.sql
postgres-1  | BEGIN
postgres-1  | ALTER TABLE
postgres-1  | REVOKE
postgres-1  | GRANT
postgres-1  | COMMIT
postgres-1  | certification-init: applying 0008_migration_reconciliation_quarantine.sql
postgres-1  | ALTER TYPE
postgres-1  | BEGIN
postgres-1  | ALTER TABLE
postgres-1  | REVOKE
postgres-1  | GRANT
postgres-1  | COMMIT
postgres-1  | certification-init: applying 0009_migration_review_commands.sql
postgres-1  | BEGIN
postgres-1  | CREATE TYPE
postgres-1  | ALTER TABLE
postgres-1  | CREATE TABLE
postgres-1  | CREATE INDEX
postgres-1  | CREATE INDEX
postgres-1  | CREATE TRIGGER
postgres-1  | ALTER TABLE
postgres-1  | ALTER TABLE
postgres-1  | CREATE POLICY
postgres-1  | CREATE POLICY
postgres-1  | CREATE POLICY
postgres-1  | REVOKE
postgres-1  | GRANT
postgres-1  | GRANT
postgres-1  | GRANT
postgres-1  | GRANT
postgres-1  | REVOKE
postgres-1  | GRANT
postgres-1  | COMMIT
postgres-1  | certification-init: applying 0010_migration_incident_escalations.sql
postgres-1  | BEGIN
postgres-1  | CREATE TYPE
postgres-1  | CREATE TYPE
postgres-1  | CREATE TABLE
postgres-1  | CREATE INDEX
postgres-1  | CREATE INDEX
postgres-1  | CREATE TRIGGER
postgres-1  | CREATE FUNCTION
postgres-1  | CREATE TRIGGER
postgres-1  | ALTER TABLE
postgres-1  | ALTER TABLE
postgres-1  | CREATE POLICY
postgres-1  | CREATE POLICY
postgres-1  | CREATE POLICY
postgres-1  | REVOKE
postgres-1  | REVOKE
postgres-1  | GRANT
postgres-1  | GRANT
postgres-1  | GRANT
postgres-1  | GRANT
postgres-1  | GRANT
postgres-1  | COMMIT
postgres-1  | certification-init: applying 0011_migration_incident_outbox.sql
postgres-1  | BEGIN
postgres-1  | CREATE TABLE
postgres-1  | CREATE INDEX
postgres-1  | CREATE TRIGGER
postgres-1  | INSERT 0 0
postgres-1  | ALTER TABLE
postgres-1  | ALTER TABLE
postgres-1  | CREATE POLICY
postgres-1  | CREATE POLICY
postgres-1  | CREATE POLICY
postgres-1  | REVOKE
postgres-1  | GRANT
postgres-1  | GRANT
postgres-1  | GRANT
postgres-1  | COMMIT
postgres-1  | certification-init: applying 0012_migration_incident_dead_letters.sql
postgres-1  | ALTER TYPE
postgres-1  | BEGIN
postgres-1  | ALTER TABLE
postgres-1  | CREATE INDEX
postgres-1  | CREATE TYPE
postgres-1  | CREATE TABLE
postgres-1  | CREATE INDEX
postgres-1  | CREATE INDEX
postgres-1  | CREATE TRIGGER
postgres-1  | CREATE FUNCTION
postgres-1  | CREATE TRIGGER
postgres-1  | ALTER TABLE
postgres-1  | ALTER TABLE
postgres-1  | CREATE POLICY
postgres-1  | CREATE POLICY
postgres-1  | CREATE POLICY
postgres-1  | REVOKE
postgres-1  | REVOKE
postgres-1  | GRANT
postgres-1  | GRANT
postgres-1  | GRANT
postgres-1  | GRANT
postgres-1  | GRANT
postgres-1  | COMMIT
postgres-1  | certification-init: applying 0013_migration_incident_delivery_health.sql
postgres-1  | BEGIN
postgres-1  | CREATE FUNCTION
postgres-1  | REVOKE
postgres-1  | GRANT
postgres-1  | COMMIT
postgres-1  | certification-init: applying 0014_migration_incident_delivery_visibility.sql
postgres-1  | BEGIN
postgres-1  | REVOKE
postgres-1  | DROP FUNCTION
postgres-1  | CREATE FUNCTION
postgres-1  | CREATE FUNCTION
postgres-1  | REVOKE
postgres-1  | REVOKE
postgres-1  | GRANT
postgres-1  | GRANT
postgres-1  | COMMIT
postgres-1  | certification-init: applying 0015_migration_incident_delivery_failure_classification.sql
postgres-1  | BEGIN
postgres-1  | ALTER TABLE
postgres-1  | REVOKE
postgres-1  | DROP FUNCTION
postgres-1  | CREATE FUNCTION
postgres-1  | REVOKE
postgres-1  | GRANT
postgres-1  | COMMIT
postgres-1  | certification-init: applying 0016_migration_incident_delivery_recovery_binding.sql
postgres-1  | BEGIN
postgres-1  | ALTER TABLE
postgres-1  | LOCK TABLE
postgres-1  | UPDATE 0
postgres-1  | UPDATE 0
postgres-1  | ALTER TABLE
postgres-1  | CREATE FUNCTION
postgres-1  | REVOKE
postgres-1  | GRANT
postgres-1  | COMMIT
postgres-1  | certification-init: applying 0017_migration_incident_verified_resolution.sql
postgres-1  | ALTER TYPE
postgres-1  | BEGIN
postgres-1  | CREATE TYPE
postgres-1  | CREATE TYPE
postgres-1  | CREATE TYPE
postgres-1  | ALTER TABLE
postgres-1  | CREATE TABLE
postgres-1  | CREATE INDEX
postgres-1  | CREATE INDEX
postgres-1  | CREATE TRIGGER
postgres-1  | CREATE FUNCTION
postgres-1  | CREATE FUNCTION
postgres-1  | CREATE FUNCTION
postgres-1  | CREATE TRIGGER
postgres-1  | ALTER TABLE
postgres-1  | ALTER TABLE
postgres-1  | CREATE POLICY
postgres-1  | CREATE POLICY
postgres-1  | CREATE POLICY
postgres-1  | REVOKE
postgres-1  | REVOKE
postgres-1  | GRANT
postgres-1  | GRANT
postgres-1  | GRANT
postgres-1  | GRANT
postgres-1  | GRANT
postgres-1  | COMMIT
postgres-1  | certification-init: applying 0018_migration_incident_delivery_recovery_generation.sql
postgres-1  | BEGIN
postgres-1  | ALTER TABLE
postgres-1  | LOCK TABLE
postgres-1  | UPDATE 0
postgres-1  | UPDATE 0
postgres-1  | ALTER TABLE
postgres-1  | ALTER TABLE
postgres-1  | CREATE FUNCTION
postgres-1  | REVOKE
postgres-1  | GRANT
postgres-1  | COMMIT
postgres-1  | certification-init: applying 0019_migration_apply_delivery_resilience.sql
postgres-1  | BEGIN
postgres-1  | ALTER TABLE
postgres-1  | CREATE INDEX
postgres-1  | CREATE TYPE
postgres-1  | CREATE TABLE
postgres-1  | CREATE INDEX
postgres-1  | CREATE INDEX
postgres-1  | CREATE TRIGGER
postgres-1  | CREATE FUNCTION
postgres-1  | CREATE TRIGGER
postgres-1  | ALTER TABLE
postgres-1  | ALTER TABLE
postgres-1  | CREATE POLICY
postgres-1  | CREATE POLICY
postgres-1  | CREATE POLICY
postgres-1  | CREATE FUNCTION
postgres-1  | CREATE FUNCTION
postgres-1  | REVOKE
postgres-1  | REVOKE
postgres-1  | REVOKE
postgres-1  | REVOKE
postgres-1  | REVOKE
postgres-1  | GRANT
postgres-1  | GRANT
postgres-1  | GRANT
postgres-1  | GRANT
postgres-1  | GRANT
postgres-1  | GRANT
postgres-1  | GRANT
postgres-1  | COMMIT
postgres-1  | certification-init: applying 0020_project_database_provisioning.sql
postgres-1  | BEGIN
postgres-1  | DO
postgres-1  | CREATE TYPE
postgres-1  | CREATE TABLE
postgres-1  | CREATE TABLE
postgres-1  | ALTER TABLE
postgres-1  | CREATE INDEX
postgres-1  | CREATE TRIGGER
postgres-1  | ALTER TABLE
postgres-1  | ALTER TABLE
postgres-1  | ALTER TABLE
postgres-1  | ALTER TABLE
postgres-1  | CREATE POLICY
postgres-1  | CREATE POLICY
postgres-1  | CREATE FUNCTION
postgres-1  | CREATE FUNCTION
postgres-1  | REVOKE
postgres-1  | REVOKE
postgres-1  | REVOKE
postgres-1  | REVOKE
postgres-1  | REVOKE
postgres-1  | GRANT
postgres-1  | GRANT
postgres-1  | GRANT
postgres-1  | GRANT
postgres-1  | GRANT
postgres-1  | GRANT
postgres-1  | GRANT
postgres-1  | GRANT
postgres-1  | GRANT
postgres-1  | GRANT
postgres-1  | GRANT
postgres-1  | GRANT
postgres-1  | GRANT
postgres-1  | GRANT
postgres-1  | GRANT
postgres-1  | COMMIT
postgres-1  | certification-init: applying 0021_project_database_provisioning_health.sql
postgres-1  | BEGIN
postgres-1  | CREATE TABLE
postgres-1  | CREATE INDEX
postgres-1  | ALTER TABLE
postgres-1  | ALTER TABLE
postgres-1  | CREATE POLICY
postgres-1  | CREATE FUNCTION
postgres-1  | REVOKE
postgres-1  | REVOKE
postgres-1  | GRANT
postgres-1  | GRANT
postgres-1  | GRANT
postgres-1  | COMMIT
postgres-1  | certification-init: applying 0022_project_automation_policies.sql
postgres-1  | BEGIN
postgres-1  | CREATE TABLE
postgres-1  | ALTER TABLE
postgres-1  | UPDATE 0
postgres-1  | ALTER TABLE
postgres-1  | ALTER TABLE
postgres-1  | ALTER TABLE
postgres-1  | CREATE POLICY
postgres-1  | CREATE POLICY
postgres-1  | CREATE POLICY
postgres-1  | REVOKE
postgres-1  | GRANT
postgres-1  | GRANT
postgres-1  | COMMIT
postgres-1  | certification-init: applying 0023_project_api_keys.sql
postgres-1  | BEGIN
postgres-1  | CREATE TABLE
postgres-1  | CREATE INDEX
postgres-1  | CREATE INDEX
postgres-1  | CREATE FUNCTION
postgres-1  | CREATE TRIGGER
postgres-1  | ALTER TABLE
postgres-1  | CREATE POLICY
postgres-1  | CREATE POLICY
postgres-1  | CREATE POLICY
postgres-1  | CREATE FUNCTION
postgres-1  | REVOKE
postgres-1  | REVOKE
postgres-1  | REVOKE
postgres-1  | GRANT
postgres-1  | GRANT
postgres-1  | GRANT
postgres-1  | GRANT
postgres-1  | COMMIT
postgres-1  | certification-init: applying 0024_project_auth.sql
postgres-1  | BEGIN
postgres-1  | CREATE TABLE
postgres-1  | CREATE INDEX
postgres-1  | CREATE TABLE
postgres-1  | CREATE INDEX
postgres-1  | CREATE INDEX
postgres-1  | CREATE TABLE
postgres-1  | CREATE INDEX
postgres-1  | CREATE TABLE
postgres-1  | CREATE TABLE
postgres-1  | CREATE FUNCTION
postgres-1  | CREATE TRIGGER
postgres-1  | CREATE TRIGGER
postgres-1  | CREATE TRIGGER
postgres-1  | CREATE TRIGGER
postgres-1  | CREATE TRIGGER
postgres-1  | REVOKE
postgres-1  | REVOKE
postgres-1  | GRANT
postgres-1  | GRANT
postgres-1  | GRANT
postgres-1  | GRANT
postgres-1  | GRANT
postgres-1  | GRANT
postgres-1  | GRANT
postgres-1  | GRANT
postgres-1  | GRANT
postgres-1  | COMMIT
postgres-1  | certification-init: applying 0025_project_storage.sql
postgres-1  | BEGIN
postgres-1  | CREATE TABLE
postgres-1  | CREATE INDEX
postgres-1  | CREATE TABLE
postgres-1  | CREATE INDEX
postgres-1  | CREATE INDEX
postgres-1  | CREATE INDEX
postgres-1  | CREATE TABLE
postgres-1  | CREATE INDEX
postgres-1  | CREATE INDEX
postgres-1  | CREATE FUNCTION
postgres-1  | CREATE FUNCTION
postgres-1  | CREATE FUNCTION
postgres-1  | CREATE TRIGGER
postgres-1  | CREATE TRIGGER
postgres-1  | CREATE TRIGGER
postgres-1  | ALTER TABLE
postgres-1  | ALTER TABLE
postgres-1  | ALTER TABLE
postgres-1  | CREATE POLICY
postgres-1  | CREATE POLICY
postgres-1  | CREATE POLICY
postgres-1  | CREATE POLICY
postgres-1  | CREATE POLICY
postgres-1  | CREATE POLICY
postgres-1  | CREATE POLICY
postgres-1  | CREATE POLICY
postgres-1  | CREATE POLICY
postgres-1  | CREATE POLICY
postgres-1  | REVOKE
postgres-1  | REVOKE
postgres-1  | REVOKE
postgres-1  | REVOKE
postgres-1  | GRANT
postgres-1  | GRANT
postgres-1  | GRANT
postgres-1  | GRANT
postgres-1  | GRANT
postgres-1  | GRANT
postgres-1  | GRANT
postgres-1  | GRANT
postgres-1  | GRANT
postgres-1  | COMMIT
postgres-1  | certification-init: applying 0026_project_queues.sql
postgres-1  | BEGIN
postgres-1  | CREATE TABLE
postgres-1  | CREATE INDEX
postgres-1  | CREATE TABLE
postgres-1  | CREATE INDEX
postgres-1  | CREATE INDEX
postgres-1  | CREATE INDEX
postgres-1  | CREATE INDEX
postgres-1  | CREATE INDEX
postgres-1  | CREATE FUNCTION
postgres-1  | CREATE FUNCTION
postgres-1  | CREATE FUNCTION
postgres-1  | CREATE TRIGGER
postgres-1  | CREATE TRIGGER
postgres-1  | CREATE TRIGGER
postgres-1  | ALTER TABLE
postgres-1  | ALTER TABLE
postgres-1  | CREATE POLICY
postgres-1  | CREATE POLICY
postgres-1  | CREATE POLICY
postgres-1  | CREATE POLICY
postgres-1  | CREATE POLICY
postgres-1  | CREATE POLICY
postgres-1  | REVOKE
postgres-1  | REVOKE
postgres-1  | REVOKE
postgres-1  | REVOKE
postgres-1  | GRANT
postgres-1  | GRANT
postgres-1  | GRANT
postgres-1  | GRANT
postgres-1  | GRANT
postgres-1  | GRANT
postgres-1  | COMMIT
postgres-1  | certification-init: applying 0027_project_queue_dead_letter_replay.sql
postgres-1  | BEGIN
postgres-1  | ALTER TABLE
postgres-1  | CREATE INDEX
postgres-1  | CREATE INDEX
postgres-1  | CREATE FUNCTION
postgres-1  | CREATE TRIGGER
postgres-1  | REVOKE
postgres-1  | GRANT
postgres-1  | COMMIT
postgres-1  | certification-init: applying 0028_usage_metering.sql
postgres-1  | BEGIN
postgres-1  | CREATE TABLE
postgres-1  | CREATE TABLE
postgres-1  | CREATE TABLE
postgres-1  | CREATE INDEX
postgres-1  | CREATE INDEX
postgres-1  | CREATE FUNCTION
postgres-1  | CREATE FUNCTION
postgres-1  | CREATE FUNCTION
postgres-1  | CREATE TRIGGER
postgres-1  | CREATE TRIGGER
postgres-1  | CREATE TRIGGER
postgres-1  | ALTER TABLE
postgres-1  | ALTER TABLE
postgres-1  | ALTER TABLE
postgres-1  | CREATE POLICY
postgres-1  | CREATE POLICY
postgres-1  | CREATE POLICY
postgres-1  | CREATE POLICY
postgres-1  | CREATE POLICY
postgres-1  | CREATE POLICY
postgres-1  | CREATE POLICY
postgres-1  | CREATE POLICY
postgres-1  | REVOKE
postgres-1  | REVOKE
postgres-1  | REVOKE
postgres-1  | REVOKE
postgres-1  | GRANT
postgres-1  | GRANT
postgres-1  | GRANT
postgres-1  | GRANT
postgres-1  | GRANT
postgres-1  | GRANT
postgres-1  | GRANT
postgres-1  | GRANT
postgres-1  | COMMIT
postgres-1  | certification-init: applying 0029_project_queue_definition_row_lock.sql
postgres-1  | GRANT
postgres-1  | CREATE POLICY
postgres-1  | certification-init: applying 0030_realtime_event_log.sql
postgres-1  | CREATE TABLE
postgres-1  | CREATE TABLE
postgres-1  | CREATE INDEX
postgres-1  | CREATE INDEX
postgres-1  | CREATE FUNCTION
postgres-1  | CREATE TRIGGER
postgres-1  | ALTER TABLE
postgres-1  | ALTER TABLE
postgres-1  | CREATE POLICY
postgres-1  | CREATE POLICY
postgres-1  | CREATE POLICY
postgres-1  | CREATE POLICY
postgres-1  | CREATE POLICY
postgres-1  | CREATE POLICY
postgres-1  | REVOKE
postgres-1  | REVOKE
postgres-1  | GRANT
postgres-1  | GRANT
postgres-1  | GRANT
postgres-1  | GRANT
postgres-1  | certification-init: applying 0031_project_cron.sql
postgres-1  | CREATE TABLE
postgres-1  | CREATE INDEX
postgres-1  | CREATE FUNCTION
postgres-1  | CREATE TRIGGER
postgres-1  | ALTER TABLE
postgres-1  | CREATE POLICY
postgres-1  | CREATE POLICY
postgres-1  | CREATE POLICY
postgres-1  | CREATE POLICY
postgres-1  | REVOKE
postgres-1  | REVOKE
postgres-1  | GRANT
postgres-1  | GRANT
postgres-1  | GRANT
postgres-1  | certification-init: applying 0032_project_webhooks.sql
postgres-1  | CREATE TABLE
postgres-1  | CREATE TABLE
postgres-1  | CREATE INDEX
postgres-1  | CREATE INDEX
postgres-1  | CREATE FUNCTION
postgres-1  | CREATE TRIGGER
postgres-1  | ALTER TABLE
postgres-1  | ALTER TABLE
postgres-1  | CREATE POLICY
postgres-1  | CREATE POLICY
postgres-1  | CREATE POLICY
postgres-1  | CREATE POLICY
postgres-1  | CREATE POLICY
postgres-1  | CREATE POLICY
postgres-1  | CREATE POLICY
postgres-1  | REVOKE
postgres-1  | REVOKE
postgres-1  | GRANT
postgres-1  | GRANT
postgres-1  | CREATE POLICY
postgres-1  | GRANT
postgres-1  | GRANT
postgres-1  | GRANT
postgres-1  | certification-init: applying 0033_project_functions.sql
postgres-1  | CREATE TABLE
postgres-1  | CREATE INDEX
postgres-1  | CREATE FUNCTION
postgres-1  | CREATE TRIGGER
postgres-1  | ALTER TABLE
postgres-1  | CREATE POLICY
postgres-1  | CREATE POLICY
postgres-1  | CREATE POLICY
postgres-1  | CREATE POLICY
postgres-1  | REVOKE
postgres-1  | REVOKE
postgres-1  | GRANT
postgres-1  | GRANT
postgres-1  | GRANT
postgres-1  | certification-init: applying 0034_project_functions_registry.sql
postgres-1  | ALTER TABLE
postgres-1  | ALTER TABLE
postgres-1  | certification-init: applying 0035_project_function_slots.sql
postgres-1  | CREATE TABLE
postgres-1  | CREATE INDEX
postgres-1  | CREATE FUNCTION
postgres-1  | CREATE TRIGGER
postgres-1  | ALTER TABLE
postgres-1  | CREATE POLICY
postgres-1  | CREATE POLICY
postgres-1  | CREATE POLICY
postgres-1  | REVOKE
postgres-1  | REVOKE
postgres-1  | GRANT
postgres-1  | GRANT
postgres-1  | certification-init: applying 0036_provisioner_heartbeat_upsert_grant.sql
postgres-1  | BEGIN
postgres-1  | GRANT
postgres-1  | COMMIT
postgres-1  | certification-init: applying 0037_provisioner_binding_returning_grant.sql
postgres-1  | BEGIN
postgres-1  | GRANT
postgres-1  | COMMIT
postgres-1  | certification-init: applying 0038_runtime_outbox_arbiter_grant.sql
postgres-1  | BEGIN
postgres-1  | GRANT
postgres-1  | COMMIT
postgres-1  | certification-init: applying 0039_billing_rate_cards.sql
postgres-1  | BEGIN
postgres-1  | CREATE TABLE
postgres-1  | CREATE INDEX
postgres-1  | ALTER TABLE
postgres-1  | ALTER TABLE
postgres-1  | CREATE POLICY
postgres-1  | CREATE POLICY
postgres-1  | REVOKE
postgres-1  | GRANT
postgres-1  | GRANT
postgres-1  | COMMIT
postgres-1  | certification-init: applying 0040_billing_invoices.sql
postgres-1  | BEGIN
postgres-1  | CREATE TABLE
postgres-1  | CREATE TABLE
postgres-1  | ALTER TABLE
postgres-1  | ALTER TABLE
postgres-1  | ALTER TABLE
postgres-1  | ALTER TABLE
postgres-1  | CREATE POLICY
postgres-1  | CREATE POLICY
postgres-1  | CREATE POLICY
postgres-1  | CREATE POLICY
postgres-1  | REVOKE
postgres-1  | GRANT
postgres-1  | GRANT
postgres-1  | GRANT
postgres-1  | GRANT
postgres-1  | GRANT
postgres-1  | COMMIT
postgres-1  | certification-init: applying 0041_project_storage_multipart.sql
postgres-1  | BEGIN
postgres-1  | ALTER TABLE
postgres-1  | ALTER TABLE
postgres-1  | COMMIT
postgres-1  | certification-init: applying 0042_project_function_deployments.sql
postgres-1  | BEGIN
postgres-1  | CREATE TABLE
postgres-1  | CREATE INDEX
postgres-1  | ALTER TABLE
postgres-1  | ALTER TABLE
postgres-1  | CREATE POLICY
postgres-1  | CREATE POLICY
postgres-1  | CREATE FUNCTION
postgres-1  | CREATE FUNCTION
postgres-1  | REVOKE
postgres-1  | REVOKE
postgres-1  | GRANT
postgres-1  | GRANT
postgres-1  | COMMIT
postgres-1  | certification-init: applying 0043_project_storage_upload_id_check_fix.sql
postgres-1  | ALTER TABLE
postgres-1  | ALTER TABLE
postgres-1  | certification-init: applying 0044_billing_invoice_numbers.sql
postgres-1  | BEGIN
postgres-1  | CREATE TABLE
postgres-1  | ALTER TABLE
postgres-1  | ALTER TABLE
postgres-1  | CREATE POLICY
postgres-1  | CREATE POLICY
postgres-1  | CREATE POLICY
postgres-1  | ALTER TABLE
postgres-1  | ALTER TABLE
postgres-1  | UPDATE 0
postgres-1  | ALTER TABLE
postgres-1  | ALTER TABLE
postgres-1  | UPDATE 0
postgres-1  | INSERT 0 0
postgres-1  | ALTER TABLE
postgres-1  | CREATE INDEX
postgres-1  | GRANT
postgres-1  | GRANT
postgres-1  | GRANT
postgres-1  | COMMIT
postgres-1  | certification-init: applying 0045_project_function_invocations.sql
postgres-1  | BEGIN
postgres-1  | CREATE TABLE
postgres-1  | CREATE INDEX
postgres-1  | ALTER TABLE
postgres-1  | ALTER TABLE
postgres-1  | CREATE POLICY
postgres-1  | CREATE POLICY
postgres-1  | REVOKE
postgres-1  | GRANT
postgres-1  | GRANT
postgres-1  | COMMIT
postgres-1  | certification-init: applying 0046_project_auth_audit.sql
postgres-1  | BEGIN
postgres-1  | GRANT
postgres-1  | GRANT
postgres-1  | GRANT
postgres-1  | GRANT
postgres-1  | CREATE POLICY
postgres-1  | COMMIT
postgres-1  | certification-init: applying 0047_audit_chain_order.sql
postgres-1  | BEGIN
postgres-1  | CREATE FUNCTION
postgres-1  | COMMIT
postgres-1  | certification-init: applying 0048_project_auth_mfa_enforcement.sql
postgres-1  | BEGIN
postgres-1  | CREATE TABLE
postgres-1  | ALTER TABLE
postgres-1  | ALTER TABLE
postgres-1  | CREATE FUNCTION
postgres-1  | CREATE TRIGGER
postgres-1  | REVOKE
postgres-1  | REVOKE
postgres-1  | GRANT
postgres-1  | GRANT
postgres-1  | GRANT
postgres-1  | COMMIT
postgres-1  | certification-init: applying 0049_project_database_webhooks.sql
postgres-1  | CREATE TABLE
postgres-1  | CREATE INDEX
postgres-1  | ALTER TABLE
postgres-1  | CREATE POLICY
postgres-1  | CREATE POLICY
postgres-1  | CREATE POLICY
postgres-1  | REVOKE
postgres-1  | GRANT
postgres-1  | certification-init: applying 0050_project_database_webhook_cursors.sql
postgres-1  | CREATE TABLE
postgres-1  | ALTER TABLE
postgres-1  | CREATE POLICY
postgres-1  | CREATE POLICY
postgres-1  | CREATE POLICY
postgres-1  | REVOKE
postgres-1  | GRANT
postgres-1  | certification-init: applying 0051_project_auth_return_targets.sql
postgres-1  | BEGIN
postgres-1  | ALTER TABLE
postgres-1  | ALTER TABLE
postgres-1  | REVOKE
postgres-1  | GRANT
postgres-1  | COMMIT
postgres-1  | certification-init: applying 0052_project_auth_rate_limits.sql
postgres-1  | BEGIN
postgres-1  | ALTER TABLE
postgres-1  | ALTER TABLE
postgres-1  | CREATE TABLE
postgres-1  | CREATE INDEX
postgres-1  | REVOKE
postgres-1  | GRANT
postgres-1  | REVOKE
postgres-1  | GRANT
postgres-1  | COMMIT
postgres-1  | certification-init: applying 0053_project_auth_password_protection.sql
postgres-1  | BEGIN
postgres-1  | ALTER TABLE
postgres-1  | ALTER TABLE
postgres-1  | REVOKE
postgres-1  | GRANT
postgres-1  | COMMIT
postgres-1  | certification-init: applying 0054_project_log_drains.sql
postgres-1  | BEGIN
postgres-1  | CREATE FUNCTION
postgres-1  | REVOKE
postgres-1  | GRANT
postgres-1  | CREATE TABLE
postgres-1  | CREATE INDEX
postgres-1  | ALTER TABLE
postgres-1  | CREATE POLICY
postgres-1  | CREATE POLICY
postgres-1  | CREATE POLICY
postgres-1  | REVOKE
postgres-1  | GRANT
postgres-1  | COMMIT
postgres-1  | certification-init: applying 0055_user_console_settings.sql
postgres-1  | BEGIN
postgres-1  | CREATE TABLE
postgres-1  | CREATE TRIGGER
postgres-1  | REVOKE
postgres-1  | GRANT
postgres-1  | COMMIT
postgres-1  | certification-init: applying 0056_project_log_drain_cursors.sql
postgres-1  | BEGIN
postgres-1  | CREATE TABLE
postgres-1  | ALTER TABLE
postgres-1  | CREATE POLICY
postgres-1  | CREATE POLICY
postgres-1  | CREATE POLICY
postgres-1  | REVOKE
postgres-1  | GRANT
postgres-1  | COMMIT
postgres-1  | certification-init: applying 0057_project_dashboard_webhooks.sql
postgres-1  | BEGIN
postgres-1  | CREATE FUNCTION
postgres-1  | REVOKE
postgres-1  | GRANT
postgres-1  | CREATE TABLE
postgres-1  | CREATE INDEX
postgres-1  | ALTER TABLE
postgres-1  | CREATE POLICY
postgres-1  | CREATE POLICY
postgres-1  | CREATE POLICY
postgres-1  | REVOKE
postgres-1  | GRANT
postgres-1  | CREATE TABLE
postgres-1  | ALTER TABLE
postgres-1  | CREATE POLICY
postgres-1  | CREATE POLICY
postgres-1  | CREATE POLICY
postgres-1  | REVOKE
postgres-1  | GRANT
postgres-1  | COMMIT
postgres-1  | certification-init: applying 0058_project_auth_hooks.sql
postgres-1  | BEGIN
postgres-1  | ALTER TABLE
postgres-1  | ALTER TABLE
postgres-1  | ALTER TABLE
postgres-1  | ALTER TABLE
postgres-1  | REVOKE
postgres-1  | GRANT
postgres-1  | COMMIT
postgres-1  | certification-init: applying 0059_project_storage_s3_access_keys.sql
postgres-1  | BEGIN
postgres-1  | CREATE TABLE
postgres-1  | CREATE INDEX
postgres-1  | CREATE INDEX
postgres-1  | CREATE TABLE
postgres-1  | CREATE INDEX
postgres-1  | CREATE FUNCTION
postgres-1  | CREATE TRIGGER
postgres-1  | ALTER TABLE
postgres-1  | ALTER TABLE
postgres-1  | CREATE POLICY
postgres-1  | CREATE POLICY
postgres-1  | CREATE POLICY
postgres-1  | CREATE POLICY
postgres-1  | CREATE POLICY
postgres-1  | CREATE POLICY
postgres-1  | REVOKE
postgres-1  | REVOKE
postgres-1  | REVOKE
postgres-1  | GRANT
postgres-1  | GRANT
postgres-1  | GRANT
postgres-1  | GRANT
postgres-1  | COMMIT
postgres-1  | certification-init: applying 0060_project_auth_passkeys.sql
postgres-1  | BEGIN
postgres-1  | CREATE TABLE
postgres-1  | CREATE INDEX
postgres-1  | ALTER TABLE
postgres-1  | ALTER TABLE
postgres-1  | CREATE TRIGGER
postgres-1  | REVOKE
postgres-1  | GRANT
postgres-1  | GRANT
postgres-1  | COMMIT
postgres-1  | certification-init: applying 0061_project_auth_third_party_providers.sql
postgres-1  | BEGIN
postgres-1  | CREATE TABLE
postgres-1  | ALTER TABLE
postgres-1  | ALTER TABLE
postgres-1  | ALTER TABLE
postgres-1  | ALTER TABLE
postgres-1  | ALTER TABLE
postgres-1  | REVOKE
postgres-1  | GRANT
postgres-1  | COMMIT
postgres-1  | certification-init: applying 0062_project_auth_oauth_server.sql
postgres-1  | BEGIN
postgres-1  | CREATE TABLE
postgres-1  | ALTER TABLE
postgres-1  | ALTER TABLE
postgres-1  | ALTER TABLE
postgres-1  | REVOKE
postgres-1  | GRANT
postgres-1  | CREATE TABLE
postgres-1  | ALTER TABLE
postgres-1  | ALTER TABLE
postgres-1  | ALTER TABLE
postgres-1  | CREATE TRIGGER
postgres-1  | REVOKE
postgres-1  | GRANT
postgres-1  | GRANT
postgres-1  | CREATE TABLE
postgres-1  | ALTER TABLE
postgres-1  | ALTER TABLE
postgres-1  | REVOKE
postgres-1  | GRANT
postgres-1  | COMMIT
postgres-1  | certification-init: applying 0063_project_auth_expiry_retention.sql
postgres-1  | BEGIN
postgres-1  | CREATE INDEX
postgres-1  | CREATE INDEX
postgres-1  | CREATE INDEX
postgres-1  | GRANT
postgres-1  | GRANT
postgres-1  | GRANT
postgres-1  | COMMIT
postgres-1  | certification-init: applying 0064_project_auth_oauth_consents.sql
postgres-1  | BEGIN
postgres-1  | CREATE TABLE
postgres-1  | ALTER TABLE
postgres-1  | ALTER TABLE
postgres-1  | CREATE INDEX
postgres-1  | CREATE INDEX
postgres-1  | CREATE TRIGGER
postgres-1  | CREATE FUNCTION
postgres-1  | CREATE TRIGGER
postgres-1  | REVOKE
postgres-1  | REVOKE
postgres-1  | GRANT
postgres-1  | GRANT
postgres-1  | GRANT
postgres-1  | ALTER TABLE
postgres-1  | ALTER TABLE
postgres-1  | COMMIT
postgres-1  | certification-init: applying 0065_project_storage_s3_access_key_secrets.sql
postgres-1  | BEGIN
postgres-1  | ALTER TABLE
postgres-1  | CREATE FUNCTION
postgres-1  | CREATE FUNCTION
postgres-1  | REVOKE
postgres-1  | GRANT
postgres-1  | COMMIT
postgres-1  | certification-init: applying 0066_project_cron_time_zone.sql
postgres-1  | ALTER TABLE
postgres-1  | certification-init: applying 0069_project_function_invocation_output.sql
postgres-1  | BEGIN
postgres-1  | CREATE TABLE
postgres-1  | CREATE INDEX
postgres-1  | ALTER TABLE
postgres-1  | ALTER TABLE
postgres-1  | CREATE POLICY
postgres-1  | CREATE POLICY
postgres-1  | REVOKE
postgres-1  | GRANT
postgres-1  | GRANT
postgres-1  | COMMIT
postgres-1  | certification-init: applying 0070_project_auth_saml.sql
postgres-1  | BEGIN
postgres-1  | CREATE TABLE
postgres-1  | CREATE INDEX
postgres-1  | ALTER TABLE
postgres-1  | ALTER TABLE
postgres-1  | ALTER TABLE
postgres-1  | ALTER TABLE
postgres-1  | CREATE TRIGGER
postgres-1  | REVOKE
postgres-1  | GRANT
postgres-1  | COMMIT
postgres-1  | certification-init: applying 0071_project_storage_s3_multipart.sql
postgres-1  | BEGIN
postgres-1  | ALTER TABLE
postgres-1  | ALTER TABLE
postgres-1  | ALTER TABLE
postgres-1  | ALTER TABLE
postgres-1  | ALTER TABLE
postgres-1  | ALTER TABLE
postgres-1  | ALTER TABLE
postgres-1  | ALTER TABLE
postgres-1  | CREATE TABLE
postgres-1  | CREATE INDEX
postgres-1  | CREATE FUNCTION
postgres-1  | GRANT
postgres-1  | REVOKE
postgres-1  | ALTER TABLE
postgres-1  | CREATE POLICY
postgres-1  | CREATE POLICY
postgres-1  | CREATE POLICY
postgres-1  | CREATE POLICY
postgres-1  | GRANT
postgres-1  | GRANT
postgres-1  | COMMIT
postgres-1  | certification-init: applying 0073_project_auth_oauth_tool_scopes.sql
postgres-1  | BEGIN
postgres-1  | ALTER TABLE
postgres-1  | ALTER TABLE
postgres-1  | ALTER TABLE
postgres-1  | ALTER TABLE
postgres-1  | ALTER TABLE
postgres-1  | ALTER TABLE
postgres-1  | ALTER TABLE
postgres-1  | ALTER TABLE
postgres-1  | COMMIT
postgres-1  | certification-init: applying 0075_log_drain_function_output_source.sql
postgres-1  | BEGIN
postgres-1  | CREATE FUNCTION
postgres-1  | REVOKE
postgres-1  | GRANT
postgres-1  | COMMIT
postgres-1  | certification-init: applying 0077_realtime_presence.sql
postgres-1  | BEGIN
postgres-1  | CREATE TABLE
postgres-1  | CREATE INDEX
postgres-1  | CREATE INDEX
postgres-1  | ALTER TABLE
postgres-1  | CREATE POLICY
postgres-1  | CREATE POLICY
postgres-1  | CREATE POLICY
postgres-1  | CREATE POLICY
postgres-1  | REVOKE
postgres-1  | GRANT
postgres-1  | GRANT
postgres-1  | COMMIT
postgres-1  | certification-init: applying 0078_project_auth_oauth_storage_write_scope.sql
postgres-1  | BEGIN
postgres-1  | ALTER TABLE
postgres-1  | ALTER TABLE
postgres-1  | ALTER TABLE
postgres-1  | ALTER TABLE
postgres-1  | ALTER TABLE
postgres-1  | ALTER TABLE
postgres-1  | ALTER TABLE
postgres-1  | ALTER TABLE
postgres-1  | COMMIT
postgres-1  | certification-init: applying 0080_billing_invoice_positions.sql
postgres-1  | BEGIN
postgres-1  | ALTER TABLE
postgres-1  | UPDATE 0
postgres-1  | ALTER TABLE
postgres-1  | ALTER TABLE
postgres-1  | ALTER TABLE
postgres-1  | ALTER TABLE
postgres-1  | GRANT
postgres-1  | CREATE TABLE
postgres-1  | CREATE INDEX
postgres-1  | ALTER TABLE
postgres-1  | ALTER TABLE
postgres-1  | CREATE POLICY
postgres-1  | CREATE POLICY
postgres-1  | REVOKE
postgres-1  | GRANT
postgres-1  | GRANT
postgres-1  | GRANT
postgres-1  | COMMIT
postgres-1  | certification-init: applying 0081_project_queue_message_traces.sql
postgres-1  | BEGIN
postgres-1  | CREATE TABLE
postgres-1  | CREATE INDEX
postgres-1  | CREATE INDEX
postgres-1  | CREATE FUNCTION
postgres-1  | CREATE TRIGGER
postgres-1  | ALTER TABLE
postgres-1  | ALTER TABLE
postgres-1  | CREATE POLICY
postgres-1  | CREATE POLICY
postgres-1  | CREATE POLICY
postgres-1  | REVOKE
postgres-1  | REVOKE
postgres-1  | GRANT
postgres-1  | GRANT
postgres-1  | COMMIT
postgres-1  | certification-init: applying 0082_trace_spans_and_outbound_anchor.sql
postgres-1  | BEGIN
postgres-1  | ALTER TABLE
postgres-1  | ALTER TABLE
postgres-1  | ALTER TABLE
postgres-1  | ALTER TABLE
postgres-1  | ALTER TABLE
postgres-1  | CREATE FUNCTION
postgres-1  | REVOKE
postgres-1  | COMMIT
postgres-1  | certification-init: applying 0083_project_database_backups.sql
postgres-1  | BEGIN
postgres-1  | CREATE TABLE
postgres-1  | CREATE INDEX
postgres-1  | CREATE INDEX
postgres-1  | CREATE INDEX
postgres-1  | CREATE TRIGGER
postgres-1  | ALTER TABLE
postgres-1  | ALTER TABLE
postgres-1  | CREATE POLICY
postgres-1  | REVOKE
postgres-1  | GRANT
postgres-1  | GRANT
postgres-1  | COMMIT
postgres-1  | certification-init: applying 0085_project_queue_trace_search.sql
postgres-1  | BEGIN
postgres-1  | CREATE INDEX
postgres-1  | COMMIT
postgres-1  | certification-init: applied 78 migrations
postgres-1  | CREATE EXTENSION
postgres-1  | CREATE ROLE
postgres-1  | CREATE ROLE
postgres-1  | CREATE ROLE
postgres-1  | CREATE ROLE
postgres-1  | CREATE ROLE
postgres-1  | GRANT ROLE
postgres-1  | GRANT ROLE
postgres-1  | GRANT ROLE
postgres-1  | GRANT ROLE
postgres-1  | 2026-10-02 16:41:12.783 UTC [330] WARNING:  role "qkern_app" has not been granted membership in role "qkern_auth" by role "qkern"
postgres-1  | WARNING:  role "qkern_app" has not been granted membership in role "qkern_auth" by role "qkern"
postgres-1  | REVOKE ROLE
postgres-1  | 2026-10-02 16:41:12.783 UTC [330] WARNING:  role "qkern_app" has not been granted membership in role "qkern_worker" by role "qkern"
postgres-1  | WARNING:  role "qkern_app" has not been granted membership in role "qkern_worker" by role "qkern"
postgres-1  | REVOKE ROLE
postgres-1  | 2026-10-02 16:41:12.783 UTC [330] WARNING:  role "qkern_app" has not been granted membership in role "qkern_provisioner" by role "qkern"
postgres-1  | REVOKE ROLE
postgres-1  | 2026-10-02 16:41:12.784 UTC [330] WARNING:  role "qkern_auth_app" has not been granted membership in role "qkern_runtime" by role "qkern"
postgres-1  | WARNING:  role "qkern_app" has not been granted membership in role "qkern_provisioner" by role "qkern"
postgres-1  | REVOKE ROLE
postgres-1  | WARNING:  role "qkern_auth_app" has not been granted membership in role "qkern_runtime" by role "qkern"
postgres-1  | 2026-10-02 16:41:12.784 UTC [330] WARNING:  role "qkern_auth_app" has not been granted membership in role "qkern_worker" by role "qkern"
postgres-1  | REVOKE ROLE
postgres-1  | WARNING:  role "qkern_auth_app" has not been granted membership in role "qkern_worker" by role "qkern"
postgres-1  | 2026-10-02 16:41:12.784 UTC [330] WARNING:  role "qkern_auth_app" has not been granted membership in role "qkern_provisioner" by role "qkern"
postgres-1  | REVOKE ROLE
postgres-1  | WARNING:  role "qkern_auth_app" has not been granted membership in role "qkern_provisioner" by role "qkern"
postgres-1  | 2026-10-02 16:41:12.784 UTC [330] WARNING:  role "qkern_worker_app" has not been granted membership in role "qkern_runtime" by role "qkern"
postgres-1  | 2026-10-02 16:41:12.784 UTC [330] WARNING:  role "qkern_worker_app" has not been granted membership in role "qkern_auth" by role "qkern"
postgres-1  | 2026-10-02 16:41:12.784 UTC [330] WARNING:  role "qkern_worker_app" has not been granted membership in role "qkern_provisioner" by role "qkern"
postgres-1  | WARNING:  role "qkern_worker_app" has not been granted membership in role "qkern_runtime" by role "qkern"
postgres-1  | WARNING:  role "qkern_worker_app" has not been granted membership in role "qkern_auth" by role "qkern"
postgres-1  | WARNING:  role "qkern_worker_app" has not been granted membership in role "qkern_provisioner" by role "qkern"
postgres-1  | REVOKE ROLE
postgres-1  | 2026-10-02 16:41:12.785 UTC [330] WARNING:  role "qkern_provisioner_app" has not been granted membership in role "qkern_runtime" by role "qkern"
postgres-1  | WARNING:  role "qkern_provisioner_app" has not been granted membership in role "qkern_runtime" by role "qkern"
postgres-1  | WARNING:  role "qkern_provisioner_app" has not been granted membership in role "qkern_auth" by role "qkern"
postgres-1  | WARNING:  role "qkern_provisioner_app" has not been granted membership in role "qkern_worker" by role "qkern"
postgres-1  | 2026-10-02 16:41:12.785 UTC [330] WARNING:  role "qkern_provisioner_app" has not been granted membership in role "qkern_auth" by role "qkern"
postgres-1  | 2026-10-02 16:41:12.785 UTC [330] WARNING:  role "qkern_provisioner_app" has not been granted membership in role "qkern_worker" by role "qkern"
postgres-1  | REVOKE ROLE
postgres-1  | 2026-10-02 16:41:12.785 UTC [330] WARNING:  role "qkern_project_api_app" has not been granted membership in role "qkern_runtime" by role "qkern"
postgres-1  | 2026-10-02 16:41:12.785 UTC [330] WARNING:  role "qkern_project_api_app" has not been granted membership in role "qkern_auth" by role "qkern"
postgres-1  | 2026-10-02 16:41:12.785 UTC [330] WARNING:  role "qkern_project_api_app" has not been granted membership in role "qkern_worker" by role "qkern"
postgres-1  | 2026-10-02 16:41:12.785 UTC [330] WARNING:  role "qkern_project_api_app" has not been granted membership in role "qkern_provisioner" by role "qkern"
postgres-1  | REVOKE ROLE
postgres-1  | WARNING:  role "qkern_project_api_app" has not been granted membership in role "qkern_runtime" by role "qkern"
postgres-1  | WARNING:  role "qkern_project_api_app" has not been granted membership in role "qkern_auth" by role "qkern"
postgres-1  | WARNING:  role "qkern_project_api_app" has not been granted membership in role "qkern_worker" by role "qkern"
postgres-1  | WARNING:  role "qkern_project_api_app" has not been granted membership in role "qkern_provisioner" by role "qkern"
postgres-1  | ALTER ROLE
postgres-1  | ALTER ROLE
postgres-1  | ALTER ROLE
postgres-1  | ALTER ROLE
postgres-1  | ALTER ROLE
postgres-1  | ALTER ROLE
postgres-1  | ALTER ROLE
postgres-1  | ALTER ROLE
postgres-1  | ALTER ROLE
postgres-1  | ALTER ROLE
postgres-1  | ALTER ROLE
postgres-1  | ALTER ROLE
postgres-1  | ALTER ROLE
postgres-1  | ALTER ROLE
postgres-1  | ALTER ROLE
postgres-1  | project-database: kein Passwort gesetzt, lokale Projektdatenbank wird nicht angelegt
postgres-1  | 
postgres-1  | waiting for server to shut down....2026-10-02 16:41:12.806 UTC [42] LOG:  received fast shutdown request
postgres-1  | 2026-10-02 16:41:12.806 UTC [42] LOG:  aborting any active transactions
postgres-1  | 2026-10-02 16:41:12.809 UTC [42] LOG:  background worker "logical replication launcher" (PID 48) exited with exit code 1
postgres-1  | 2026-10-02 16:41:12.810 UTC [43] LOG:  shutting down
postgres-1  | 2026-10-02 16:41:12.810 UTC [43] LOG:  checkpoint starting: shutdown immediate
postgres-1  | 2026-10-02 16:41:12.838 UTC [43] LOG:  checkpoint complete: wrote 1290 buffers (7.9%); 0 WAL file(s) added, 0 removed, 0 recycled; write=0.026 s, sync=0.002 s, total=0.028 s; sync files=781, longest=0.001 s, average=0.001 s; distance=8991 kB, estimate=8991 kB; lsn=0/1DB9DD0, redo lsn=0/1DB9DD0
postgres-1  | 2026-10-02 16:41:12.853 UTC [42] LOG:  database system is shut down
postgres-1  |  done
postgres-1  | server stopped
postgres-1  | 
postgres-1  | PostgreSQL init process complete; ready for start up.
postgres-1  | 
postgres-1  | 2026-10-02 16:41:12.939 UTC [1] LOG:  starting PostgreSQL 17.10 on x86_64-pc-linux-musl, compiled by gcc (Alpine 15.2.0) 15.2.0, 64-bit
postgres-1  | 2026-10-02 16:41:12.940 UTC [1] LOG:  listening on IPv4 address "0.0.0.0", port 5432
postgres-1  | 2026-10-02 16:41:12.940 UTC [1] LOG:  listening on IPv6 address "::", port 5432
postgres-1  | 2026-10-02 16:41:12.976 UTC [1] LOG:  listening on Unix socket "/var/run/postgresql/.s.PGSQL.5432"
postgres-1  | 2026-10-02 16:41:12.979 UTC [344] LOG:  database system was shut down at 2026-10-02 16:41:12 UTC
postgres-1  | 2026-10-02 16:41:12.990 UTC [1] LOG:  database system is ready to accept connections
vault-1     | ==> Vault server configuration:
vault-1     | 
vault-1     | Administrative Namespace: 
vault-1     |              Api Address: http://0.0.0.0:8200
vault-1     |                      Cgo: disabled
vault-1     |          Cluster Address: https://0.0.0.0:8201
vault-1     |    Environment Variables: GOTRACEBACK, HOME, HOSTNAME, NAME, PATH, PWD, SHLVL, VAULT_DEV_LISTEN_ADDRESS, VAULT_DEV_ROOT_TOKEN_ID, VERSION
vault-1     |               Go Version: go1.23.3
vault-1     |               Listener 1: tcp (addr: "0.0.0.0:8200", cluster address: "0.0.0.0:8201", disable_request_limiter: "false", max_request_duration: "1m30s", max_request_size: "33554432", tls: "disabled")
vault-1     |                Log Level: 
vault-1     |                    Mlock: supported: true, enabled: false
vault-1     |            Recovery Mode: false
vault-1     |                  Storage: inmem
vault-1     |                  Version: Vault v1.18.3, built 2024-12-16T14:00:53Z
vault-1     |              Version Sha: 7ae4eca5403bf574f142cd8f987b8d83bafcd1de
vault-1     | 
vault-1     | ==> Vault server started! Log data will stream in below:
vault-1     | 
vault-1     | 2026-10-02T16:41:13.008Z [INFO]  proxy environment: http_proxy="" https_proxy="" no_proxy=""
vault-1     | 2026-10-02T16:41:13.009Z [INFO]  incrementing seal generation: generation=1
vault-1     | 2026-10-02T16:41:13.009Z [WARN]  no `api_addr` value specified in config or in VAULT_API_ADDR; falling back to detection if possible, but this value should be manually set
vault-1     | 2026-10-02T16:41:13.009Z [INFO]  core: Initializing version history cache for core
vault-1     | 2026-10-02T16:41:13.009Z [INFO]  events: Starting event system
vault-1     | 2026-10-02T16:41:13.010Z [INFO]  core: security barrier not initialized
vault-1     | 2026-10-02T16:41:13.010Z [INFO]  core: security barrier initialized: stored=1 shares=1 threshold=1
vault-1     | 2026-10-02T16:41:13.011Z [INFO]  core: post-unseal setup starting
vault-1     | 2026-10-02T16:41:13.015Z [INFO]  core: loaded wrapping token key
vault-1     | 2026-10-02T16:41:13.015Z [INFO]  core: successfully setup plugin runtime catalog
vault-1     | 2026-10-02T16:41:13.015Z [INFO]  core: successfully setup plugin catalog: plugin-directory=""
vault-1     | 2026-10-02T16:41:13.016Z [INFO]  core: no mounts; adding default mount table
vault-1     | 2026-10-02T16:41:13.028Z [INFO]  core: successfully mounted: type=cubbyhole version="v1.18.3+builtin.vault" path=cubbyhole/ namespace="ID: root. Path: "
vault-1     | 2026-10-02T16:41:13.032Z [INFO]  core: successfully mounted: type=system version="v1.18.3+builtin.vault" path=sys/ namespace="ID: root. Path: "
vault-1     | 2026-10-02T16:41:13.032Z [INFO]  core: successfully mounted: type=identity version="v1.18.3+builtin.vault" path=identity/ namespace="ID: root. Path: "
vault-1     | 2026-10-02T16:41:13.041Z [INFO]  core: successfully mounted: type=token version="v1.18.3+builtin.vault" path=token/ namespace="ID: root. Path: "
vault-1     | 2026-10-02T16:41:13.041Z [INFO]  rollback: Starting the rollback manager with 256 workers
vault-1     | 2026-10-02T16:41:13.041Z [INFO]  rollback: starting rollback manager
vault-1     | 2026-10-02T16:41:13.042Z [INFO]  core: restoring leases
vault-1     | 2026-10-02T16:41:13.043Z [INFO]  expiration: lease restore complete
vault-1     | 2026-10-02T16:41:13.043Z [INFO]  identity: entities restored
vault-1     | 2026-10-02T16:41:13.044Z [INFO]  identity: groups restored
vault-1     | 2026-10-02T16:41:13.044Z [INFO]  core: Recorded vault version: vault version=1.18.3 upgrade time="2026-10-02 16:41:13.044121135 +0000 UTC" build date=2024-12-16T14:00:53Z
vault-1     | 2026-10-02T16:41:13.044Z [INFO]  core: post-unseal setup complete
vault-1     | 2026-10-02T16:41:13.045Z [INFO]  core: root token generated
vault-1     | 2026-10-02T16:41:13.045Z [INFO]  core: pre-seal teardown starting
vault-1     | 2026-10-02T16:41:13.045Z [INFO]  rollback: stopping rollback manager
vault-1     | 2026-10-02T16:41:13.045Z [INFO]  core: pre-seal teardown complete
vault-1     | 2026-10-02T16:41:13.045Z [INFO]  core.cluster-listener.tcp: starting listener: listener_address=0.0.0.0:8201
vault-1     | 2026-10-02T16:41:13.045Z [INFO]  core.cluster-listener: serving cluster requests: cluster_listen_address=[::]:8201
vault-1     | 2026-10-02T16:41:13.045Z [INFO]  core: post-unseal setup starting
vault-1     | 2026-10-02T16:41:13.046Z [INFO]  core: loaded wrapping token key
vault-1     | 2026-10-02T16:41:13.046Z [INFO]  core: successfully setup plugin runtime catalog
vault-1     | 2026-10-02T16:41:13.046Z [INFO]  core: successfully setup plugin catalog: plugin-directory=""
vault-1     | 2026-10-02T16:41:13.048Z [INFO]  core: successfully mounted: type=system version="v1.18.3+builtin.vault" path=sys/ namespace="ID: root. Path: "
vault-1     | 2026-10-02T16:41:13.048Z [INFO]  core: successfully mounted: type=identity version="v1.18.3+builtin.vault" path=identity/ namespace="ID: root. Path: "
vault-1     | 2026-10-02T16:41:13.048Z [INFO]  core: successfully mounted: type=cubbyhole version="v1.18.3+builtin.vault" path=cubbyhole/ namespace="ID: root. Path: "
vault-1     | 2026-10-02T16:41:13.049Z [INFO]  core: successfully mounted: type=token version="v1.18.3+builtin.vault" path=token/ namespace="ID: root. Path: "
vault-1     | 2026-10-02T16:41:13.049Z [INFO]  rollback: Starting the rollback manager with 256 workers
vault-1     | 2026-10-02T16:41:13.049Z [INFO]  rollback: starting rollback manager
vault-1     | 2026-10-02T16:41:13.049Z [INFO]  core: restoring leases
vault-1     | 2026-10-02T16:41:13.050Z [INFO]  identity: entities restored
vault-1     | 2026-10-02T16:41:13.050Z [INFO]  identity: groups restored
vault-1     | 2026-10-02T16:41:13.050Z [INFO]  expiration: lease restore complete
vault-1     | 2026-10-02T16:41:13.050Z [INFO]  core: post-unseal setup complete
vault-1     | 2026-10-02T16:41:13.050Z [INFO]  core: vault is unsealed
vault-1     | 2026-10-02T16:41:13.051Z [INFO]  expiration: revoked lease: lease_id=auth/token/root/h98e154200aed8e9059cf29f41e6d64f5f88f1ad046934dda55c8ab708d379182
vault-1     | 2026-10-02T16:41:13.058Z [INFO]  core: successful mount: namespace="" path=secret/ type=kv version="v0.20.0+builtin"
vault-1     | WARNING! dev mode is enabled! In this mode, Vault runs entirely in-memory
vault-1     | and starts unsealed with a single unseal key. The root token is already
vault-1     | authenticated to the CLI, so you can immediately begin using Vault.
vault-1     | 
vault-1     | You may need to set the following environment variables:
vault-1     | 
vault-1     |     $ export VAULT_ADDR='http://0.0.0.0:8200'
vault-1     | 
vault-1     | The unseal key and root token are displayed below in case you want to
vault-1     | seal/unseal the Vault or re-authenticate.
vault-1     | 
vault-1     | Unseal Key: W8aM9wzINn7Q0lOBFawhvvYNqat3ZXpHqtNpMU9qbS8=
vault-1     | Root Token: qkern-certification-root-token
vault-1     | 
vault-1     | Development mode should NOT be used in production installations!
vault-1     | 
 Container qkern-slice-tracesearch-vault-1 Healthy 
 Container qkern-slice-tracesearch-postgres-1 Healthy 
 Container qkern-slice-tracesearch-certification-1 Starting 
 Container qkern-slice-tracesearch-certification-1 Started 
certification-1  | vault-seed: one signing secret written
certification-1  | 
certification-1  | added 240 packages, and audited 241 packages in 29s
certification-1  | 
certification-1  | 61 packages are looking for funding
certification-1  |   run `npm fund` for details
certification-1  | 
certification-1  | 10 vulnerabilities (6 moderate, 3 high, 1 critical)
certification-1  | 
certification-1  | To address issues that do not require attention, run:
certification-1  |   npm audit fix
certification-1  | 
certification-1  | To address all issues, run:
certification-1  |   npm audit fix --force
certification-1  | 
certification-1  | Run `npm audit` for details.
certification-1  | npm notice
certification-1  | npm notice New major version of npm available! 11.17.0 -> 12.2.0
certification-1  | npm notice Changelog: https://github.com/npm/cli/releases/tag/v12.2.0
certification-1  | npm notice To update run: npm install -g npm@12.2.0
certification-1  | npm notice
certification-1  | 
certification-1  | > qkern-platform@2.73.0 test:postgres
certification-1  | > vitest run tests/postgres.integration.test.ts tests/postgres-incident-recovery.integration.test.ts tests/generated-data-postgres.integration.test.ts tests/project-auth-postgres.integration.test.ts tests/project-storage-postgres.integration.test.ts tests/project-queues-postgres.integration.test.ts tests/usage-metering-postgres.integration.test.ts tests/realtime-postgres.integration.test.ts tests/realtime-change-feed-postgres.integration.test.ts tests/realtime-change-chain-postgres.integration.test.ts tests/realtime-change-soak-postgres.integration.test.ts tests/project-queues-multi-instance.integration.test.ts tests/compute-cron-postgres.integration.test.ts tests/compute-webhook-postgres.integration.test.ts tests/compute-webhook-chain.integration.test.ts tests/compute-definitions-postgres.integration.test.ts tests/compute-functions-postgres.integration.test.ts tests/usage-emitters-postgres.integration.test.ts tests/migration-process-postgres.integration.test.ts tests/realtime-process-postgres.integration.test.ts tests/provisioning-port-postgres.integration.test.ts tests/migration-enqueue-postgres.integration.test.ts tests/sql-privilege-clause-contract.integration.test.ts tests/queue-connection-pressure-postgres.integration.test.ts tests/usage-billing-postgres.integration.test.ts tests/billing-invoice-postgres.integration.test.ts tests/data-plane-query-postgres.integration.test.ts tests/data-plane-triggers-postgres.integration.test.ts tests/data-plane-functions-postgres.integration.test.ts tests/data-plane-catalog-postgres.integration.test.ts tests/data-plane-catalog-wide-postgres.integration.test.ts
certification-1  | 
certification-1  | 
certification-1  | [1m[30m[46m RUN [49m[39m[22m [36mv4.1.10 [39m[90m/workspace/qkern[39m
certification-1  | 
postgres-1       | 2026-10-02 16:41:55.940 UTC [559] ERROR:  permission denied for table project_database_provisioning_jobs
postgres-1       | 2026-10-02 16:41:55.940 UTC [559] STATEMENT:  SELECT 1 FROM project_database_provisioning_jobs LIMIT 1
postgres-1       | 2026-10-02 16:41:55.961 UTC [559] ERROR:  permission denied for table project_database_bindings
postgres-1       | 2026-10-02 16:41:55.961 UTC [559] STATEMENT:  SELECT 1 FROM project_database_bindings LIMIT 1
certification-1  |  [32m✓[39m tests/provisioning-port-postgres.integration.test.ts [2m([22m[2m6 tests[22m[2m)[22m[33m 1318[2mms[22m[39m
certification-1  |      [33m[2m✓[22m[39m (2.88) hands the web runtime the order of its own tenant and never a field of the binding [33m 653[2mms[22m[39m
postgres-1       | 2026-10-02 16:41:56.460 UTC [534] ERROR:  new row violates row-level security policy for table "items"
postgres-1       | 2026-10-02 16:41:56.460 UTC [534] CONTEXT:  SQL function "add_item" statement 1
postgres-1       | 2026-10-02 16:41:56.460 UTC [534] STATEMENT:  SELECT "generated_4b69ec37_97d1_4fe3_b9d2_25da34ef45b4"."add_item"("item_name" => $1::text, "item_owner" => $2::text) AS result
postgres-1       | 2026-10-02 16:41:56.504 UTC [529] ERROR:  new row for relation "migration_incident_delivery_commands" violates check constraint "migration_incident_delivery_commands_expected_failure_code"
postgres-1       | 2026-10-02 16:41:56.504 UTC [529] DETAIL:  Failing row contains (ebc8e3f7-068b-4624-b255-af39bc52e92d, ad059414-9a4a-49fe-bfe3-e6b986723cba, fe99919a-54bb-43c4-9a5f-f13a1f3e739e, constraint-test, destination_recovered, pending, null, 2026-10-02 16:41:56.503712+00, 2026-10-02 16:41:56.503712+00, null, null).
postgres-1       | 2026-10-02 16:41:56.504 UTC [529] STATEMENT:  INSERT INTO migration_incident_delivery_commands
postgres-1       | 	           (organization_id, migration_incident_id, requested_by, reason_code,
postgres-1       | 	            expected_failure_code, expected_retry_cycle)
postgres-1       | 	         VALUES ($1, $2, 'constraint-test', 'destination_recovered', NULL, NULL)
postgres-1       | 2026-10-02 16:41:56.555 UTC [571] ERROR:  new row for relation "migration_incident_delivery_commands" violates check constraint "migration_incident_delivery_commands_expected_retry_cycle"
postgres-1       | 2026-10-02 16:41:56.555 UTC [571] DETAIL:  Failing row contains (a76cddd9-9b2f-4fd6-bcee-0b92a5747757, ad059414-9a4a-49fe-bfe3-e6b986723cba, fe99919a-54bb-43c4-9a5f-f13a1f3e739e, constraint-test, destination_recovered, pending, null, 2026-10-02 16:41:56.551571+00, 2026-10-02 16:41:56.551571+00, PUBLISH_FAILED, null).
postgres-1       | 2026-10-02 16:41:56.555 UTC [571] STATEMENT:  INSERT INTO migration_incident_delivery_commands
postgres-1       | 	           (organization_id, migration_incident_id, requested_by, reason_code,
postgres-1       | 	            expected_failure_code, expected_retry_cycle)
postgres-1       | 	         VALUES ($1, $2, 'constraint-test', 'destination_recovered', 'PUBLISH_FAILED', NULL)
certification-1  |  [32m✓[39m tests/generated-data-postgres.integration.test.ts [2m([22m[2m9 tests[22m[2m)[22m[33m 1633[2mms[22m[39m
certification-1  |      [33m[2m✓[22m[39m enforces RLS across insert, list, update and delete [33m 506[2mms[22m[39m
postgres-1       | 2026-10-02 16:41:56.879 UTC [523] ERROR:  webhook delivery content is immutable
postgres-1       | 2026-10-02 16:41:56.879 UTC [523] CONTEXT:  PL/pgSQL function qkern_validate_project_webhook_delivery_update() line 10 at RAISE
postgres-1       | 2026-10-02 16:41:56.879 UTC [523] STATEMENT:  UPDATE project_webhook_deliveries SET payload='{"tampered":true}'::jsonb WHERE id=$1
postgres-1       | 2026-10-02 16:41:57.213 UTC [584] ERROR:  a settled webhook delivery is final
postgres-1       | 2026-10-02 16:41:57.213 UTC [584] CONTEXT:  PL/pgSQL function qkern_validate_project_webhook_delivery_update() line 16 at RAISE
postgres-1       | 2026-10-02 16:41:57.213 UTC [584] STATEMENT:  UPDATE project_webhook_deliveries SET status='pending' WHERE id=$1
postgres-1       | 2026-10-02 16:41:57.250 UTC [592] ERROR:  permission denied for table project_cron_definitions
postgres-1       | 2026-10-02 16:41:57.250 UTC [592] STATEMENT:  UPDATE project_cron_definitions SET time_zone='UTC' WHERE id=$1
postgres-1       | 2026-10-02 16:41:57.329 UTC [580] ERROR:  duplicate key value violates unique constraint "project_cron_definitions_name_key"
postgres-1       | 2026-10-02 16:41:57.329 UTC [580] STATEMENT:  INSERT INTO project_cron_definitions
postgres-1       | 	           (organization_id, project_id, environment, name, expression, queue, payload, enabled,
postgres-1       | 	            time_zone)
postgres-1       | 	         VALUES ($1,$2,$3,$4,$5,$6,$7,$8,$9)
postgres-1       | 	         RETURNING id, organization_id, project_id, environment, name, expression, queue,
postgres-1       | 	  payload, enabled, time_zone, last_dispatched_at, created_at
postgres-1       | 2026-10-02 16:41:57.350 UTC [596] ERROR:  relation "change_feed" already exists
postgres-1       | 2026-10-02 16:41:57.350 UTC [596] STATEMENT:  -- Run once after 0002_qkern_migration_fence.sql as the trusted project database
postgres-1       | 	-- provisioner. Provides trigger-based change capture for Realtime.
postgres-1       | 	--
postgres-1       | 	-- ## Warum Trigger und nicht logische Replikation
postgres-1       | 	--
postgres-1       | 	-- Logische Replikation sieht jede Aenderung ohne Schemaeingriff, verlangt aber
postgres-1       | 	-- eine Rolle mit Replikationsrecht und einen Slot. Beides steht im direkten
postgres-1       | 	-- Widerspruch zu diesem Schema: 0001 prueft fuer jede beteiligte Rolle
postgres-1       | 	-- ausdruecklich rolreplication = false. Ein hängender Konsument laesst den Slot
postgres-1       | 	-- ausserdem unbegrenzt WAL halten, bis die Platte voll ist -- ein
postgres-1       | 	-- Betriebsrisiko, das der Kunde traegt und QKERN nicht begrenzen kann.
postgres-1       | 	--
postgres-1       | 	-- Trigger sind begrenzbar: der Feed hat Groessengrenzen und Aufbewahrung, und
postgres-1       | 	-- das Anschalten je Tabelle ist eine Schemaaenderung, die den vorhandenen
postgres-1       | 	-- Change-Set- und Approval-Weg durchlaeuft.
postgres-1       | 	--
postgres-1       | 	-- ## Warum keine Zeilenwerte gespeichert werden
postgres-1       | 	--
postgres-1       | 	-- Der Feed haelt ausschliesslich die Primaerschluesselwerte. Die eigentlichen
postgres-1       | 	-- Zeilenwerte werden je Abonnent frisch gelesen, und zwar mit dessen Claims.
postgres-1       | 	-- Row Level Security autorisiert und erzeugt die Nutzlast damit in einem
postgres-1       | 	-- Schritt. Wuerden die Werte hier liegen, muesste eine zweite, unabhaengige
postgres-1       | 	-- Sichtbarkeitspruefung sie korrekt filtern -- eine Kopie der RLS-Logik
postgres-1       | 	-- ausserhalb der Datenbank und damit eine dauerhafte Fehlerquelle.
postgres-1       | 	
postgres-1       | 	BEGIN;
postgres-1       | 	
postgres-1       | 	CREATE TABLE qkern_internal.change_feed (
postgres-1       | 	  position bigint GENERATED ALWAYS AS IDENTITY PRIMARY KEY,
postgres-1       | 	  schema_name text NOT NULL CHECK (schema_name ~ '^[a-z_][a-z0-9_]{0,62}$'),
postgres-1       | 	  table_name text NOT NULL CHECK (table_name ~ '^[a-z_][a-z0-9_]{0,62}$'),
postgres-1       | 	  operation text NOT NULL CHECK (operation IN ('insert', 'update', 'delete')),
postgres-1       | 	  -- Nur Primaerschluesselwerte. Die Grenze verhindert, dass ein zusammengesetzter
postgres-1       | 	  -- Schluessel den Feed aufblaeht.
postgres-1       | 	  row_key jsonb NOT NULL CHECK (octet_length(row_key::text) <= 4096),
postgres-1       | 	  committed_at timestamptz NOT NULL DEFAULT now()
postgres-1       | 	);
postgres-1       | 	
postgres-1       | 	CREATE INDEX change_feed_retention_idx ON qkern_internal.change_feed (committed_at);
postgres-1       | 	
postgres-1       | 	ALTER TABLE qkern_internal.change_feed OWNER TO qkern_ledger_owner;
postgres-1       | 	
postgres-1       | 	-- SECURITY DEFINER: Der Schreiber einer Zeile besitzt keine Rechte auf dem
postgres-1       | 	-- Feed und soll sie auch nicht bekommen. Der Trigger schreibt stellvertretend.
postgres-1       | 	-- search_path wird fest gesetzt, damit kein Aufrufer die aufgeloesten Objekte
postgres-1       | 	-- umlenken kann.
postgres-1       | 	CREATE OR REPLACE FUNCTION qkern_internal.capture_change()
postgres-1       | 	RETURNS trigger
postgres-1       | 	LANGUAGE plpgsql
postgres-1       | 	SECURITY DEFINER
postgres-1       | 	SET search_path = qkern_internal, pg_catalog
postgres-1       | 	AS $$
postgres-1       | 	DECLARE
postgres-1       | 	  key_columns text[];
postgres-1       | 	  source record;
postgres-1       | 	  key jsonb;
postgres-1       | 	BEGIN
postgres-1       | 	  SELECT array_agg(attribute.attname ORDER BY attribute.attnum)
postgres-1       | 	    INTO key_columns
postgres-1       | 	    FROM pg_index index
postgres-1       | 	    JOIN pg_attribute attribute
postgres-1       | 	      ON attribute.attrelid = index.indrelid AND attribute.attnum = ANY (index.indkey)
postgres-1       | 	   WHERE index.indrelid = TG_RELID AND index.indisprimary;
postgres-1       | 	
postgres-1       | 	  IF key_columns IS NULL THEN
postgres-1       | 	    RAISE EXCEPTION 'change capture requires a primary key on %.%', TG_TABLE_SCHEMA, TG_TABLE_NAME
postgres-1       | 	      USING ERRCODE = '55000';
postgres-1       | 	  END IF;
postgres-1       | 	
postgres-1       | 	  source := CASE WHEN TG_OP = 'DELETE' THEN OLD ELSE NEW END;
postgres-1       | 	  SELECT jsonb_object_agg(entry.key, entry.value)
postgres-1       | 	    INTO key
postgres-1       | 	    FROM jsonb_each(to_jsonb(source)) AS entry
postgres-1       | 	   WHERE entry.key = ANY (key_columns);
postgres-1       | 	
postgres-1       | 	  INSERT INTO qkern_internal.change_feed (schema_name, table_name, operation, row_key)
postgres-1       | 	  VALUES (TG_TABLE_SCHEMA, TG_TABLE_NAME, lower(TG_OP), key);
postgres-1       | 	
postgres-1       | 	  RETURN NULL;
postgres-1       | 	END;
postgres-1       | 	$$;
postgres-1       | 	
postgres-1       | 	ALTER FUNCTION qkern_internal.capture_change() OWNER TO qkern_ledger_owner;
postgres-1       | 	
postgres-1       | 	REVOKE ALL ON qkern_internal.change_feed FROM PUBLIC;
postgres-1       | 	REVOKE ALL ON FUNCTION qkern_internal.capture_change() FROM PUBLIC;
postgres-1       | 	
postgres-1       | 	-- Die Laufzeitrolle liest den Feed und raeumt ihn auf. Sie darf ihn niemals
postgres-1       | 	-- schreiben: ein erfundenes Aenderungsereignis wuerde einen Lesevorgang mit
postgres-1       | 	-- fremden Claims ausloesen.
postgres-1       | 	GRANT USAGE ON SCHEMA qkern_internal TO qkern_project_api_app;
postgres-1       | 	GRANT SELECT, DELETE ON qkern_internal.change_feed TO qkern_project_api_app;
postgres-1       | 	
postgres-1       | 	COMMIT;
postgres-1       | 	
postgres-1       | 2026-10-02 16:41:57.385 UTC [597] ERROR:  permission denied for table project_cron_definitions
postgres-1       | 2026-10-02 16:41:57.385 UTC [597] STATEMENT:  UPDATE project_cron_definitions SET expression='*/1 * * * *' WHERE id=$1
postgres-1       | 2026-10-02 16:41:57.435 UTC [599] ERROR:  permission denied for table project_functions
postgres-1       | 2026-10-02 16:41:57.435 UTC [599] STATEMENT:  UPDATE project_functions SET image=$2 WHERE id=$1
postgres-1       | 2026-10-02 16:41:57.485 UTC [601] ERROR:  permission denied for table project_webhooks
postgres-1       | 2026-10-02 16:41:57.485 UTC [601] STATEMENT:  UPDATE project_webhooks SET url='https://elsewhere.example.com/hooks' WHERE id=$1
postgres-1       | 2026-10-02 16:41:57.557 UTC [603] ERROR:  permission denied for table project_functions
postgres-1       | 2026-10-02 16:41:57.557 UTC [603] STATEMENT:  UPDATE project_functions SET memory_mib=2048 WHERE id=$1
postgres-1       | 2026-10-02 16:41:57.576 UTC [579] ERROR:  new row for relation "project_functions" violates check constraint "project_functions_image_check"
postgres-1       | 2026-10-02 16:41:57.576 UTC [579] DETAIL:  Failing row contains (04b2f779-09e3-40c5-bd19-689cedc24e89, 06295508-4927-4803-be88-f1759da611de, 3fa0d2b4-0b32-4e26-b53f-95d932d67125, development, tagged-0174bcea, nodejs24, registry.example.com/qkern/probe:latest, handler.mjs, 30000, 128, 1, {}, {}, t, 2026-10-02 16:41:57.560777+00).
postgres-1       | 2026-10-02 16:41:57.576 UTC [579] STATEMENT:  INSERT INTO project_functions
postgres-1       | 	         (organization_id, project_id, environment, name, runtime, image, entrypoint)
postgres-1       | 	       VALUES ($1,$2,'development',$3,'nodejs24','registry.example.com/qkern/probe:latest','handler.mjs')
postgres-1       | 2026-10-02 16:41:57.595 UTC [577] ERROR:  migration incident resolution requires worker-verified ledger evidence
postgres-1       | 2026-10-02 16:41:57.595 UTC [577] CONTEXT:  PL/pgSQL function qkern_validate_migration_incident_acknowledgement() line 49 at RAISE
postgres-1       | 2026-10-02 16:41:57.595 UTC [577] STATEMENT:  UPDATE migration_incidents
postgres-1       | 	       SET status = 'resolved',
postgres-1       | 	           resolution_code = 'target_ledger_match'::qkern_migration_incident_resolution_code
postgres-1       | 	       WHERE organization_id = $1 AND migration_job_id = $2
postgres-1       | 	         AND status IN ('open', 'acknowledged')
postgres-1       | 	       RETURNING 
postgres-1       | 	  id, organization_id, migration_job_id, project_id, environment, change_set_id,
postgres-1       | 	  kind, severity, status, detected_review_cycle, detected_reconciliation_attempt,
postgres-1       | 	  acknowledged_by, acknowledgement_code, acknowledged_at,
postgres-1       | 	  resolved_by, resolution_code, resolved_at, created_at, updated_at
postgres-1       | 2026-10-02 16:41:57.605 UTC [583] ERROR:  duplicate key value violates unique constraint "project_functions_name_key"
postgres-1       | 2026-10-02 16:41:57.605 UTC [583] STATEMENT:  INSERT INTO project_functions
postgres-1       | 	           (organization_id, project_id, environment, name, runtime, image, entrypoint,
postgres-1       | 	            timeout_ms, memory_mib, max_concurrency, egress_origins, secret_refs, enabled)
postgres-1       | 	         VALUES ($1,$2,$3,$4,'nodejs24',$5,$6,$7,$8,$9,$10,$11,$12)
postgres-1       | 	         RETURNING id, organization_id, project_id, environment, name, runtime, image,
postgres-1       | 	  entrypoint, timeout_ms, memory_mib, max_concurrency, egress_origins, secret_refs, enabled,
postgres-1       | 	  created_at
postgres-1       | 2026-10-02 16:41:57.736 UTC [342] LOG:  checkpoint starting: immediate force wait
postgres-1       | 2026-10-02 16:41:58.020 UTC [342] LOG:  checkpoint complete: wrote 1552 buffers (9.5%); 0 WAL file(s) added, 0 removed, 1 recycled; write=0.232 s, sync=0.002 s, total=0.285 s; sync files=538, longest=0.001 s, average=0.001 s; distance=11797 kB, estimate=11797 kB; lsn=0/29622D0, redo lsn=0/293F460
certification-1  |  [32m✓[39m tests/postgres-incident-recovery.integration.test.ts [2m([22m[2m6 tests[22m[2m)[22m[33m 3607[2mms[22m[39m
certification-1  |      [33m[2m✓[22m[39m rejects an old command when the same failure code returns in a later generation [33m 500[2mms[22m[39m
postgres-1       | 2026-10-02 16:41:58.158 UTC [618] ERROR:  permission denied for table project_functions
postgres-1       | 2026-10-02 16:41:58.158 UTC [618] STATEMENT:  UPDATE project_functions SET image=$1 WHERE id=$2
certification-1  |  [32m✓[39m tests/compute-webhook-postgres.integration.test.ts [2m([22m[2m10 tests[22m[2m)[22m[33m 3335[2mms[22m[39m
certification-1  |      [33m[2m✓[22m[39m persists a delivery and hands it to exactly one of many claimants [33m 483[2mms[22m[39m
certification-1  |      [33m[2m✓[22m[39m dead-letters once the attempt limit of the definition is reached [33m 312[2mms[22m[39m
certification-1  |      [33m[2m✓[22m[39m keeps a settled delivery final [33m 337[2mms[22m[39m
certification-1  |      [33m[2m✓[22m[39m hides deliveries of a different organization [33m 401[2mms[22m[39m
certification-1  |  [32m✓[39m tests/compute-definitions-postgres.integration.test.ts [2m([22m[2m10 tests[22m[2m)[22m[33m 2463[2mms[22m[39m
certification-1  |      [33m[2m✓[22m[39m stores the time zone of a cron definition, defaults it to UTC and keeps it immutable [32m 300[2mms[22m[39m
certification-1  |      [33m[2m✓[22m[39m deploys images only through the door that writes their history [33m 323[2mms[22m[39m
certification-1  | [90mstdout[2m | tests/sql-privilege-clause-contract.integration.test.ts[2m > [22m[2mSQL privilege clause contract[2m > [22m[2mfinds statements to check
certification-1  | [22m[39mprivilege clause contract: 150 Anweisungen, 14 Spaltenlisten nicht auswertbar, 1055 Platzhalter offen
certification-1  | 
postgres-1       | 2026-10-02 16:41:58.851 UTC [585] ERROR:  project storage object identity is immutable
postgres-1       | 2026-10-02 16:41:58.851 UTC [585] CONTEXT:  PL/pgSQL function qkern_reject_project_storage_object_mutation() line 12 at RAISE
postgres-1       | 2026-10-02 16:41:58.851 UTC [585] STATEMENT:  UPDATE project_storage_objects SET deleted_at=coalesce(deleted_at,$5)
postgres-1       | 	        WHERE organization_id=$1 AND project_id=$2 AND environment=$3 AND id=$4
postgres-1       | 	        RETURNING id,organization_id,project_id,environment,bucket_id,object_key,owner_subject,
postgres-1       | 	  provider_key,size_bytes,content_type,checksum_sha256,etag,status,created_at,delete_after,deleted_at
postgres-1       | 2026-10-02 16:41:59.307 UTC [653] ERROR:  permission denied for table project_auth_users
postgres-1       | 2026-10-02 16:41:59.307 UTC [653] STATEMENT:  SELECT id FROM project_auth_users LIMIT 1
certification-1  |  [32m✓[39m tests/project-storage-postgres.integration.test.ts [2m([22m[2m8 tests[22m[2m)[22m[33m 4069[2mms[22m[39m
certification-1  |      [33m[2m✓[22m[39m persists an exact verified upload and moves quota from reserved to used [33m 771[2mms[22m[39m
certification-1  |      [33m[2m✓[22m[39m serializes concurrent quota reservations without overbooking [33m 344[2mms[22m[39m
certification-1  |      [33m[2m✓[22m[39m commits concurrent completion replays exactly once [33m 422[2mms[22m[39m
postgres-1       | 2026-10-02 16:41:59.649 UTC [637] ERROR:  cron progress must not move backwards
postgres-1       | 2026-10-02 16:41:59.649 UTC [637] CONTEXT:  PL/pgSQL function qkern_validate_project_cron_update() line 10 at RAISE
postgres-1       | 2026-10-02 16:41:59.649 UTC [637] STATEMENT:  UPDATE project_cron_definitions
postgres-1       | 	            SET last_dispatched_at=$3, updated_at=now()
certification-1  |      [33m[2m✓[22m[39m cleans the provider object when expiry wins a slow completion [33m 307[2mms[22m[39m
certification-1  |      [33m[2m✓[22m[39m releases used quota once when delete and lifecycle expiration race [33m 925[2mms[22m[39m
certification-1  |      [33m[2m✓[22m[39m (2.51) lists objects with their scanner verdict without exposing a provider key [33m 568[2mms[22m[39m
postgres-1       | 	          WHERE organization_id=$1 AND id=$2
postgres-1       | 2026-10-02 16:41:59.756 UTC [640] ERROR:  cron progress must not move backwards
postgres-1       | 2026-10-02 16:41:59.756 UTC [640] CONTEXT:  PL/pgSQL function qkern_validate_project_cron_update() line 10 at RAISE
postgres-1       | 2026-10-02 16:41:59.756 UTC [640] STATEMENT:  UPDATE project_cron_definitions
postgres-1       | 	            SET last_dispatched_at=$3, updated_at=now()
postgres-1       | 	          WHERE organization_id=$1 AND id=$2
postgres-1       | 2026-10-02 16:41:59.789 UTC [656] ERROR:  relation "change_feed" already exists
postgres-1       | 2026-10-02 16:41:59.789 UTC [656] STATEMENT:  -- Run once after 0002_qkern_migration_fence.sql as the trusted project database
postgres-1       | 	-- provisioner. Provides trigger-based change capture for Realtime.
postgres-1       | 	--
postgres-1       | 	-- ## Warum Trigger und nicht logische Replikation
postgres-1       | 	--
postgres-1       | 	-- Logische Replikation sieht jede Aenderung ohne Schemaeingriff, verlangt aber
postgres-1       | 	-- eine Rolle mit Replikationsrecht und einen Slot. Beides steht im direkten
postgres-1       | 	-- Widerspruch zu diesem Schema: 0001 prueft fuer jede beteiligte Rolle
postgres-1       | 	-- ausdruecklich rolreplication = false. Ein hängender Konsument laesst den Slot
postgres-1       | 	-- ausserdem unbegrenzt WAL halten, bis die Platte voll ist -- ein
postgres-1       | 	-- Betriebsrisiko, das der Kunde traegt und QKERN nicht begrenzen kann.
postgres-1       | 	--
postgres-1       | 	-- Trigger sind begrenzbar: der Feed hat Groessengrenzen und Aufbewahrung, und
postgres-1       | 	-- das Anschalten je Tabelle ist eine Schemaaenderung, die den vorhandenen
postgres-1       | 	-- Change-Set- und Approval-Weg durchlaeuft.
postgres-1       | 	--
postgres-1       | 	-- ## Warum keine Zeilenwerte gespeichert werden
postgres-1       | 	--
postgres-1       | 	-- Der Feed haelt ausschliesslich die Primaerschluesselwerte. Die eigentlichen
postgres-1       | 	-- Zeilenwerte werden je Abonnent frisch gelesen, und zwar mit dessen Claims.
postgres-1       | 	-- Row Level Security autorisiert und erzeugt die Nutzlast damit in einem
postgres-1       | 	-- Schritt. Wuerden die Werte hier liegen, muesste eine zweite, unabhaengige
postgres-1       | 	-- Sichtbarkeitspruefung sie korrekt filtern -- eine Kopie der RLS-Logik
postgres-1       | 	-- ausserhalb der Datenbank und damit eine dauerhafte Fehlerquelle.
postgres-1       | 	
postgres-1       | 	BEGIN;
postgres-1       | 	
postgres-1       | 	CREATE TABLE qkern_internal.change_feed (
postgres-1       | 	  position bigint GENERATED ALWAYS AS IDENTITY PRIMARY KEY,
postgres-1       | 	  schema_name text NOT NULL CHECK (schema_name ~ '^[a-z_][a-z0-9_]{0,62}$'),
postgres-1       | 	  table_name text NOT NULL CHECK (table_name ~ '^[a-z_][a-z0-9_]{0,62}$'),
postgres-1       | 	  operation text NOT NULL CHECK (operation IN ('insert', 'update', 'delete')),
postgres-1       | 	  -- Nur Primaerschluesselwerte. Die Grenze verhindert, dass ein zusammengesetzter
postgres-1       | 	  -- Schluessel den Feed aufblaeht.
postgres-1       | 	  row_key jsonb NOT NULL CHECK (octet_length(row_key::text) <= 4096),
postgres-1       | 	  committed_at timestamptz NOT NULL DEFAULT now()
postgres-1       | 	);
postgres-1       | 	
postgres-1       | 	CREATE INDEX change_feed_retention_idx ON qkern_internal.change_feed (committed_at);
postgres-1       | 	
postgres-1       | 	ALTER TABLE qkern_internal.change_feed OWNER TO qkern_ledger_owner;
postgres-1       | 	
postgres-1       | 	-- SECURITY DEFINER: Der Schreiber einer Zeile besitzt keine Rechte auf dem
postgres-1       | 	-- Feed und soll sie auch nicht bekommen. Der Trigger schreibt stellvertretend.
postgres-1       | 	-- search_path wird fest gesetzt, damit kein Aufrufer die aufgeloesten Objekte
postgres-1       | 	-- umlenken kann.
postgres-1       | 	CREATE OR REPLACE FUNCTION qkern_internal.capture_change()
postgres-1       | 	RETURNS trigger
postgres-1       | 	LANGUAGE plpgsql
postgres-1       | 	SECURITY DEFINER
postgres-1       | 	SET search_path = qkern_internal, pg_catalog
postgres-1       | 	AS $$
postgres-1       | 	DECLARE
postgres-1       | 	  key_columns text[];
postgres-1       | 	  source record;
postgres-1       | 	  key jsonb;
postgres-1       | 	BEGIN
postgres-1       | 	  SELECT array_agg(attribute.attname ORDER BY attribute.attnum)
postgres-1       | 	    INTO key_columns
postgres-1       | 	    FROM pg_index index
postgres-1       | 	    JOIN pg_attribute attribute
postgres-1       | 	      ON attribute.attrelid = index.indrelid AND attribute.attnum = ANY (index.indkey)
postgres-1       | 	   WHERE index.indrelid = TG_RELID AND index.indisprimary;
postgres-1       | 	
postgres-1       | 	  IF key_columns IS NULL THEN
postgres-1       | 	    RAISE EXCEPTION 'change capture requires a primary key on %.%', TG_TABLE_SCHEMA, TG_TABLE_NAME
postgres-1       | 	      USING ERRCODE = '55000';
postgres-1       | 	  END IF;
postgres-1       | 	
postgres-1       | 	  source := CASE WHEN TG_OP = 'DELETE' THEN OLD ELSE NEW END;
postgres-1       | 	  SELECT jsonb_object_agg(entry.key, entry.value)
postgres-1       | 	    INTO key
postgres-1       | 	    FROM jsonb_each(to_jsonb(source)) AS entry
postgres-1       | 	   WHERE entry.key = ANY (key_columns);
postgres-1       | 	
postgres-1       | 	  INSERT INTO qkern_internal.change_feed (schema_name, table_name, operation, row_key)
postgres-1       | 	  VALUES (TG_TABLE_SCHEMA, TG_TABLE_NAME, lower(TG_OP), key);
postgres-1       | 	
postgres-1       | 	  RETURN NULL;
postgres-1       | 	END;
postgres-1       | 	$$;
postgres-1       | 	
postgres-1       | 	ALTER FUNCTION qkern_internal.capture_change() OWNER TO qkern_ledger_owner;
postgres-1       | 	
postgres-1       | 	REVOKE ALL ON qkern_internal.change_feed FROM PUBLIC;
postgres-1       | 	REVOKE ALL ON FUNCTION qkern_internal.capture_change() FROM PUBLIC;
postgres-1       | 	
postgres-1       | 	-- Die Laufzeitrolle liest den Feed und raeumt ihn auf. Sie darf ihn niemals
postgres-1       | 	-- schreiben: ein erfundenes Aenderungsereignis wuerde einen Lesevorgang mit
postgres-1       | 	-- fremden Claims ausloesen.
postgres-1       | 	GRANT USAGE ON SCHEMA qkern_internal TO qkern_project_api_app;
postgres-1       | 	GRANT SELECT, DELETE ON qkern_internal.change_feed TO qkern_project_api_app;
postgres-1       | 	
postgres-1       | 	COMMIT;
postgres-1       | 	
postgres-1       | 2026-10-02 16:42:00.013 UTC [659] ERROR:  change capture requires a primary key on public.cdc_keyless_78d5bcd9c124
postgres-1       | 2026-10-02 16:42:00.013 UTC [659] CONTEXT:  PL/pgSQL function capture_change() line 15 at RAISE
postgres-1       | 2026-10-02 16:42:00.013 UTC [659] STATEMENT:  INSERT INTO public.cdc_keyless_78d5bcd9c124 (label) VALUES ('orphan')
postgres-1       | 2026-10-02 16:42:00.186 UTC [640] ERROR:  cron progress must not move backwards
postgres-1       | 2026-10-02 16:42:00.186 UTC [640] CONTEXT:  PL/pgSQL function qkern_validate_project_cron_update() line 10 at RAISE
postgres-1       | 2026-10-02 16:42:00.186 UTC [640] STATEMENT:  UPDATE project_cron_definitions
postgres-1       | 	            SET last_dispatched_at=$3, updated_at=now()
postgres-1       | 	          WHERE organization_id=$1 AND id=$2
postgres-1       | 2026-10-02 16:42:00.242 UTC [643] ERROR:  new row violates row-level security policy "audit_logs_project_auth_insert" for table "audit_logs"
postgres-1       | 2026-10-02 16:42:00.242 UTC [643] STATEMENT:  INSERT INTO audit_logs
postgres-1       | 	         (organization_id, project_id, environment, actor_type, actor_ref, action, resource_ref,
postgres-1       | 	          status, redacted_metadata, previous_hash, entry_hash)
postgres-1       | 	       VALUES ($1, $2, $3, $4, $5, $6, $7, $8, $9::jsonb, NULL, repeat('0', 64))
postgres-1       | 	       RETURNING id, organization_id, project_id, environment, actor_type, actor_ref, action, resource_ref,
postgres-1       | 	                 status, redacted_metadata, previous_hash, entry_hash, created_at
certification-1  |  [32m✓[39m tests/project-queues-postgres.integration.test.ts [2m([22m[2m9 tests[22m[2m)[22m[33m 3814[2mms[22m[39m
certification-1  |      [33m[2m✓[22m[39m exports every queue of the scope with live counters, empty ones included [33m 307[2mms[22m[39m
certification-1  |      [33m[2m✓[22m[39m claims each ready row at most once across concurrent workers [33m 477[2mms[22m[39m
certification-1  |      [33m[2m✓[22m[39m persists one audited replay binding for concurrent dead-letter requests [33m 536[2mms[22m[39m
certification-1  |      [33m[2m✓[22m[39m consumes an enqueued message and calls the function [33m 337[2mms[22m[39m
certification-1  |      [33m[2m✓[22m[39m keeps a foreign queue untouched [33m 848[2mms[22m[39m
postgres-1       | 2026-10-02 16:42:00.477 UTC [666] ERROR:  permission denied for table change_feed
postgres-1       | 2026-10-02 16:42:00.477 UTC [666] STATEMENT:  INSERT INTO qkern_internal.change_feed (schema_name, table_name, operation, row_key)
postgres-1       | 	       VALUES ('public', 'forged', 'insert', '{"id":"forged"}'::jsonb)
certification-1  |  [32m✓[39m tests/project-auth-postgres.integration.test.ts [2m([22m[2m4 tests[22m[2m)[22m[33m 1912[2mms[22m[39m
certification-1  |      [33m[2m✓[22m[39m persists app users only through the auth role and keeps runtime access closed [33m 368[2mms[22m[39m
certification-1  |      [33m[2m✓[22m[39m lists active sessions and revokes one family or all of one user in PostgreSQL (2.34) [33m 458[2mms[22m[39m
postgres-1       | 2026-10-02 16:42:00.659 UTC [639] ERROR:  cron progress must not move backwards
postgres-1       | 2026-10-02 16:42:00.659 UTC [639] CONTEXT:  PL/pgSQL function qkern_validate_project_cron_update() line 10 at RAISE
postgres-1       | 2026-10-02 16:42:00.659 UTC [639] STATEMENT:  UPDATE project_cron_definitions
postgres-1       | 	            SET last_dispatched_at=$3, updated_at=now()
postgres-1       | 	          WHERE organization_id=$1 AND id=$2
postgres-1       | 2026-10-02 16:42:00.771 UTC [638] ERROR:  cron progress must not move backwards
postgres-1       | 2026-10-02 16:42:00.771 UTC [638] CONTEXT:  PL/pgSQL function qkern_validate_project_cron_update() line 10 at RAISE
postgres-1       | 2026-10-02 16:42:00.771 UTC [638] STATEMENT:  UPDATE project_cron_definitions
postgres-1       | 	            SET last_dispatched_at=$3, updated_at=now()
postgres-1       | 	          WHERE organization_id=$1 AND id=$2
certification-1  |  [32m✓[39m tests/compute-webhook-chain.integration.test.ts [2m([22m[2m6 tests[22m[2m)[22m[33m 2269[2mms[22m[39m
certification-1  |      [33m[2m✓[22m[39m treats a receiver that does not echo the delivery id as a failure [33m 557[2mms[22m[39m
certification-1  |      [33m[2m✓[22m[39m dead-letters after the attempt limit of the definition [33m 786[2mms[22m[39m
certification-1  |  [32m✓[39m tests/realtime-change-feed-postgres.integration.test.ts [2m([22m[2m6 tests[22m[2m)[22m[33m 1309[2mms[22m[39m
certification-1  |      [33m[2m✓[22m[39m never lets the runtime role write the feed [33m 384[2mms[22m[39m
postgres-1       | 2026-10-02 16:42:00.923 UTC [526] ERROR:  cron progress must not move backwards
postgres-1       | 2026-10-02 16:42:00.923 UTC [526] CONTEXT:  PL/pgSQL function qkern_validate_project_cron_update() line 10 at RAISE
postgres-1       | 2026-10-02 16:42:00.923 UTC [526] STATEMENT:  UPDATE project_cron_definitions SET last_dispatched_at=$2 WHERE id=$1
postgres-1       | 2026-10-02 16:42:01.190 UTC [689] ERROR:  cron identity is immutable
certification-1  |  [32m✓[39m tests/migration-enqueue-postgres.integration.test.ts [2m([22m[2m3 tests[22m[2m)[22m[33m 574[2mms[22m[39m
postgres-1       | 2026-10-02 16:42:01.190 UTC [689] CONTEXT:  PL/pgSQL function qkern_validate_project_cron_update() line 6 at RAISE
postgres-1       | 2026-10-02 16:42:01.190 UTC [689] STATEMENT:  UPDATE project_cron_definitions SET project_id=$2 WHERE id=$1
postgres-1       | 2026-10-02 16:42:01.307 UTC [692] ERROR:  permission denied for table migration_outbox
postgres-1       | 2026-10-02 16:42:01.307 UTC [692] STATEMENT:  SELECT status FROM migration_outbox
postgres-1       | 2026-10-02 16:42:01.315 UTC [692] ERROR:  permission denied for table migration_outbox
postgres-1       | 2026-10-02 16:42:01.315 UTC [692] STATEMENT:  SELECT lease_owner FROM migration_outbox
postgres-1       | 2026-10-02 16:42:01.320 UTC [692] ERROR:  permission denied for table migration_outbox
postgres-1       | 2026-10-02 16:42:01.320 UTC [692] STATEMENT:  SELECT lease_token FROM migration_outbox
postgres-1       | 2026-10-02 16:42:01.323 UTC [692] ERROR:  permission denied for table migration_outbox
postgres-1       | 2026-10-02 16:42:01.323 UTC [692] STATEMENT:  SELECT lease_expires_at FROM migration_outbox
postgres-1       | 2026-10-02 16:42:01.326 UTC [692] ERROR:  permission denied for table migration_outbox
postgres-1       | 2026-10-02 16:42:01.326 UTC [692] STATEMENT:  SELECT failure_count FROM migration_outbox
postgres-1       | 2026-10-02 16:42:01.335 UTC [692] ERROR:  permission denied for table migration_outbox
postgres-1       | 2026-10-02 16:42:01.335 UTC [692] STATEMENT:  SELECT available_at FROM migration_outbox
postgres-1       | 2026-10-02 16:42:02.093 UTC [704] WARNING:  "wal_level" is insufficient to publish logical changes
postgres-1       | 2026-10-02 16:42:02.093 UTC [704] HINT:  Set "wal_level" to "logical" before creating subscriptions.
postgres-1       | 2026-10-02 16:42:03.055 UTC [575] ERROR:  realtime events are append-only
postgres-1       | 2026-10-02 16:42:03.055 UTC [575] CONTEXT:  PL/pgSQL function qkern_reject_realtime_event_update() line 3 at RAISE
postgres-1       | 2026-10-02 16:42:03.055 UTC [575] STATEMENT:  UPDATE realtime_events SET event='tampered'
postgres-1       | 	        WHERE organization_id=$1 AND channel=$2
postgres-1       | 2026-10-02 16:42:04.148 UTC [611] ERROR:  function slots are immutable
postgres-1       | 2026-10-02 16:42:04.148 UTC [611] CONTEXT:  PL/pgSQL function qkern_reject_project_function_slot_update() line 3 at RAISE
postgres-1       | 2026-10-02 16:42:04.148 UTC [611] STATEMENT:  UPDATE project_function_slots SET expires_at = now() + interval '1 hour'
postgres-1       | 	        WHERE organization_id=$1 AND function_id=$2
certification-1  |  [32m✓[39m tests/sql-privilege-clause-contract.integration.test.ts [2m([22m[2m2 tests[22m[2m)[22m[33m 6046[2mms[22m[39m
certification-1  |      [33m[2m✓[22m[39m grants every write role the read right its clauses require [33m 5474[2mms[22m[39m
certification-1  |  [32m✓[39m tests/compute-functions-postgres.integration.test.ts [2m([22m[2m13 tests[22m[2m)[22m[33m 7880[2mms[22m[39m
certification-1  |      [33m[2m✓[22m[39m creates, lists and pauses a function through the unprivileged runtime role [33m 466[2mms[22m[39m
certification-1  |      [33m[2m✓[22m[39m stops a second instance once the shared limit is reached [33m 1325[2mms[22m[39m
certification-1  |      [33m[2m✓[22m[39m hands the place on once the first instance is done [33m 2427[2mms[22m[39m
certification-1  |      [33m[2m✓[22m[39m reclaims the place of an instance that never came back [33m 1188[2mms[22m[39m
certification-1  |      [33m[2m✓[22m[39m counts the places of one definition only [33m 1295[2mms[22m[39m
certification-1  |  [32m✓[39m tests/data-plane-catalog-wide-postgres.integration.test.ts [2m([22m[2m4 tests[22m[2m)[22m[33m 3400[2mms[22m[39m
certification-1  |      [33m[2m✓[22m[39m lists available extensions with the installed ones first and their version [33m 875[2mms[22m[39m
certification-1  |      [33m[2m✓[22m[39m lists publications with owner, operations and their tables [33m 659[2mms[22m[39m
certification-1  |  [32m✓[39m tests/usage-emitters-postgres.integration.test.ts [2m([22m[2m20 tests[22m[2m)[22m[33m 5912[2mms[22m[39m
certification-1  |      [33m[2m✓[22m[39m counts a real enqueue in the durable ledger [33m 750[2mms[22m[39m
certification-1  |      [33m[2m✓[22m[39m counts every simultaneous enqueue across queues exactly once [33m 1143[2mms[22m[39m
certification-1  |        [33m[2m✓[22m[39m counts the rows a real read actually returned [33m 538[2mms[22m[39m
certification-1  |      [33m[2m✓[22m[39m pages through every event exactly once [33m 357[2mms[22m[39m
postgres-1       | 2026-10-02 16:42:04.909 UTC [753] ERROR:  permission denied for table billing_rate_cards
postgres-1       | 2026-10-02 16:42:04.909 UTC [753] STATEMENT:  UPDATE billing_rate_cards SET unit_price_micros = 1 WHERE organization_id = $1
postgres-1       | 2026-10-02 16:42:04.929 UTC [753] ERROR:  permission denied for table billing_rate_cards
postgres-1       | 2026-10-02 16:42:04.929 UTC [753] STATEMENT:  DELETE FROM billing_rate_cards WHERE organization_id = $1
certification-1  |  [32m✓[39m tests/usage-billing-postgres.integration.test.ts [2m([22m[2m4 tests[22m[2m)[22m[33m 1253[2mms[22m[39m
certification-1  |      [33m[2m✓[22m[39m projects real usage against the effective rate card [33m 658[2mms[22m[39m
certification-1  |  [32m✓[39m tests/data-plane-functions-postgres.integration.test.ts [2m([22m[2m1 test[22m[2m)[22m[33m 518[2mms[22m[39m
certification-1  |  [32m✓[39m tests/realtime-postgres.integration.test.ts [2m([22m[2m9 tests[22m[2m)[22m[33m 8452[2mms[22m[39m
certification-1  |      [33m[2m✓[22m[39m delivers a broadcast to a subscriber on a second instance through PostgreSQL [33m 787[2mms[22m[39m
certification-1  |      [33m[2m✓[22m[39m assigns one global sequence per channel across instances [33m 1560[2mms[22m[39m
certification-1  |      [33m[2m✓[22m[39m keeps events after a restart of every instance [33m 772[2mms[22m[39m
certification-1  |      [33m[2m✓[22m[39m merges the presence of two instances and keeps it across a restart of the one that wrote it [33m 991[2mms[22m[39m
certification-1  |      [33m[2m✓[22m[39m lets the presence of a connection that vanished without a goodbye expire, reports the leave and removes the row a grace later [33m 1071[2mms[22m[39m
certification-1  |      [33m[2m✓[22m[39m refuses to change a stored event [33m 806[2mms[22m[39m
certification-1  |      [33m[2m✓[22m[39m removes what is old and keeps what is not [33m 962[2mms[22m[39m
certification-1  |  [32m✓[39m tests/data-plane-triggers-postgres.integration.test.ts [2m([22m[2m1 test[22m[2m)[22m[33m 768[2mms[22m[39m
certification-1  |  [32m✓[39m tests/queue-connection-pressure-postgres.integration.test.ts [2m([22m[2m1 test[22m[2m)[22m[33m 878[2mms[22m[39m
certification-1  |      [33m[2m✓[22m[39m names an exhausted pool instead of calling it a queue conflict [33m 542[2mms[22m[39m
certification-1  |  [32m✓[39m tests/usage-metering-postgres.integration.test.ts [2m([22m[2m4 tests[22m[2m)[22m[33m 797[2mms[22m[39m
certification-1  |      [33m[2m✓[22m[39m serializes concurrent hard-quota decisions and persists verifier-only events [33m 383[2mms[22m[39m
certification-1  |  [32m✓[39m tests/data-plane-catalog-postgres.integration.test.ts [2m([22m[2m3 tests[22m[2m)[22m[33m 1415[2mms[22m[39m
certification-1  | [90mstderr[2m | tests/realtime-change-soak-postgres.integration.test.ts[2m > [22m[2mRealtime change soak PostgreSQL certification[2m > [22m[2mdelivers every change of a sustained writer without loss, gap or stall
certification-1  | [22m[39msoak: 120 Aenderungen, p50 4153 ms, p95 5766 ms, max 5819 ms
certification-1  | 
certification-1  |  [31m❯[39m tests/realtime-change-soak-postgres.integration.test.ts [2m([22m[2m1 test[22m[2m | [22m[31m1 failed[39m[2m)[22m[33m 9939[2mms[22m[39m
certification-1  | [31m     [31m×[31m delivers every change of a sustained writer without loss, gap or stall[39m[33m 9187[2mms[22m[39m
certification-1  |  [32m✓[39m tests/data-plane-query-postgres.integration.test.ts [2m([22m[2m2 tests[22m[2m)[22m[33m 670[2mms[22m[39m
postgres-1       | 2026-10-02 16:42:08.986 UTC [342] LOG:  checkpoint starting: immediate force wait
postgres-1       | 2026-10-02 16:42:09.076 UTC [342] LOG:  checkpoint complete: wrote 478 buffers (2.9%); 0 WAL file(s) added, 0 removed, 0 recycled; write=0.082 s, sync=0.004 s, total=0.091 s; sync files=287, longest=0.001 s, average=0.001 s; distance=2107 kB, estimate=10828 kB; lsn=0/2B56030, redo lsn=0/2B4E0E0
certification-1  |  [32m✓[39m tests/migration-process-postgres.integration.test.ts [2m([22m[2m3 tests[22m[2m)[22m[33m 14597[2mms[22m[39m
certification-1  |      [33m[2m✓[22m[39m applies a queued statement to the real project database [33m 5424[2mms[22m[39m
certification-1  |      [33m[2m✓[22m[39m keeps a tampered statement out of the project database [33m 5344[2mms[22m[39m
certification-1  |      [33m[2m✓[22m[39m names the violated boundary condition without describing the database [33m 2689[2mms[22m[39m
certification-1  |  [32m✓[39m tests/realtime-change-chain-postgres.integration.test.ts [2m([22m[2m7 tests[22m[2m)[22m[33m 14903[2mms[22m[39m
certification-1  |      [33m[2m✓[22m[39m keeps order and delivers each change exactly once under a burst [33m 1250[2mms[22m[39m
certification-1  |      [33m[2m✓[22m[39m keeps every subscriber's subset correct with many subscribers at once [33m 12541[2mms[22m[39m
certification-1  |  [32m✓[39m tests/realtime-process-postgres.integration.test.ts [2m([22m[2m3 tests[22m[2m)[22m[33m 16329[2mms[22m[39m
certification-1  |      [33m[2m✓[22m[39m serves a real client from the shipped process [33m 9084[2mms[22m[39m
certification-1  |      [33m[2m✓[22m[39m refuses production with an ephemeral log and names the condition [33m 3395[2mms[22m[39m
certification-1  |      [33m[2m✓[22m[39m serves a client on a public bind after the explicit opt-in [33m 3283[2mms[22m[39m
certification-1  |  [32m✓[39m tests/billing-invoice-postgres.integration.test.ts [2m([22m[2m6 tests[22m[2m)[22m[33m 17966[2mms[22m[39m
certification-1  |      [33m[2m✓[22m[39m issues the closed month's invoice from the shipped process [33m 3366[2mms[22m[39m
certification-1  |      [33m[2m✓[22m[39m leaves the issued invoice untouched on a second run [33m 4646[2mms[22m[39m
certification-1  |      [33m[2m✓[22m[39m refuses an open period at its configuration boundary [33m 2252[2mms[22m[39m
certification-1  |      [33m[2m✓[22m[39m issues exactly one invoice when two runs race for the same period [33m 2069[2mms[22m[39m
certification-1  |      [33m[2m✓[22m[39m numbers invoices gaplessly per organization and stamps the due date [33m 5103[2mms[22m[39m
postgres-1       | 2026-10-02 16:42:14.513 UTC [866] ERROR:  permission denied for table users
postgres-1       | 2026-10-02 16:42:14.513 UTC [866] STATEMENT:  SELECT id FROM users LIMIT 1
postgres-1       | 2026-10-02 16:42:14.601 UTC [872] ERROR:  permission denied for table projects
postgres-1       | 2026-10-02 16:42:14.601 UTC [872] STATEMENT:  SELECT id FROM projects LIMIT 1
certification-1  |  [32m✓[39m tests/compute-cron-postgres.integration.test.ts [2m([22m[2m12 tests[22m[2m)[22m[33m 20448[2mms[22m[39m
certification-1  |      [33m[2m✓[22m[39m dispatches a due occurrence into the queue and advances the progress [33m 541[2mms[22m[39m
certification-1  |      [33m[2m✓[22m[39m dispatches a list-range-weekday expression through the real progress [33m 343[2mms[22m[39m
certification-1  |      [33m[2m✓[22m[39m dispatches a weekday-name expression and an @ shortcut through the real progress [33m 338[2mms[22m[39m
certification-1  |      [33m[2m✓[22m[39m dispatches a zoned schedule through the real progress across the missing hour [33m 620[2mms[22m[39m
certification-1  |      [33m[2m✓[22m[39m dispatches L, # and W schedules through the real progress [33m 1647[2mms[22m[39m
certification-1  |      [33m[2m✓[22m[39m produces exactly one message when two schedulers fire the same occurrence [33m 2092[2mms[22m[39m
certification-1  |      [33m[2m✓[22m[39m dispatches from the shipped process [33m 8620[2mms[22m[39m
certification-1  |      [33m[2m✓[22m[39m reports ready while the cron loop is doing its rounds [33m 3207[2mms[22m[39m
certification-1  |      [33m[2m✓[22m[39m stops reporting ready when every definition fails [33m 2199[2mms[22m[39m
certification-1  |  [32m✓[39m tests/project-queues-multi-instance.integration.test.ts [2m([22m[2m6 tests[22m[2m)[22m[33m 22570[2mms[22m[39m
certification-1  |      [33m[2m✓[22m[39m claims every message exactly once across six competing instances [33m 10587[2mms[22m[39m
certification-1  |      [33m[2m✓[22m[39m gives a message to exactly one instance when many claim at the same moment [33m 470[2mms[22m[39m
certification-1  |      [33m[2m✓[22m[39m fences a vanished worker: the lease survives, the stale token does not [33m 6518[2mms[22m[39m
certification-1  |      [33m[2m✓[22m[39m keeps retry authority on the server when instances fail concurrently [33m 1248[2mms[22m[39m
certification-1  |      [33m[2m✓[22m[39m enforces the capacity limit even when instances enqueue at the same time [33m 3010[2mms[22m[39m
certification-1  |      [33m[2m✓[22m[39m deduplicates the same key across instances, not just within one [33m 456[2mms[22m[39m
postgres-1       | 2026-10-02 16:42:19.193 UTC [845] ERROR:  new row for relation "project_queue_messages" violates check constraint "project_queue_messages_dedupe_pair"
postgres-1       | 2026-10-02 16:42:19.193 UTC [845] DETAIL:  Failing row contains (9eae10a8-d8de-414b-aad9-2cf332fcd5f6, 105ab244-8416-420d-8aa3-fa42aef30db1, a8f86132-8a45-48c5-8744-4a37c787fced, development, e6947552-4713-46c0-a12a-a37389f8ecb2, {}, available, probe, ffffffffffffffffffffffffffffffffffffffffffffffffffffffffffffffff, null, 0, 2026-10-02 16:42:19.182645+00, null, null, 0, null, null, 2026-10-02 16:42:19.182645+00, null, null, null).
postgres-1       | 2026-10-02 16:42:19.193 UTC [845] STATEMENT:  INSERT INTO project_queue_messages
postgres-1       | 	        (organization_id,project_id,environment,queue_id,payload,owner_subject,dedupe_key_hash)
postgres-1       | 	        VALUES ($1,$2,'development',$3,'{}'::jsonb,'probe',$4)
postgres-1       | 2026-10-02 16:42:19.495 UTC [914] FATAL:  database "absent_1375e054_a28a_4b33_9821_9f4253c3b78a" does not exist
postgres-1       | 2026-10-02 16:42:21.217 UTC [342] LOG:  checkpoint starting: immediate force wait
postgres-1       | 2026-10-02 16:42:21.228 UTC [342] LOG:  checkpoint complete: wrote 302 buffers (1.8%); 0 WAL file(s) added, 0 removed, 2 recycled; write=0.010 s, sync=0.001 s, total=0.011 s; sync files=206, longest=0.001 s, average=0.001 s; distance=25700 kB, estimate=25700 kB; lsn=0/4467258, redo lsn=0/4467200
postgres-1       | 2026-10-02 16:42:27.296 UTC [879] ERROR:  new row for relation "project_auth_settings" violates check constraint "project_auth_settings_rate_limits_check"
postgres-1       | 2026-10-02 16:42:27.296 UTC [879] DETAIL:  Failing row contains (10c7db1c-588d-467b-a315-96e86f519e6d, 79582b81-b3cd-48b5-abb3-b423971cf431, development, f, 2026-09-26 12:00:00+00, {}, 0, 900, 5, 3600, 2, 900, f, 12, named, null, 2000, null, 2000, {}).
postgres-1       | 2026-10-02 16:42:27.296 UTC [879] STATEMENT:  UPDATE project_auth_settings SET sign_in_max = 0
postgres-1       | 	       WHERE organization_id = $1 AND project_id = $2 AND environment = 'development'
postgres-1       | 2026-10-02 16:42:28.804 UTC [952] ERROR:  new row for relation "project_auth_settings" violates check constraint "project_auth_settings_password_protection_check"
postgres-1       | 2026-10-02 16:42:28.804 UTC [952] DETAIL:  Failing row contains (435a0ca0-1466-43b1-9139-26ca42f20b61, 5e92fc6e-9e9a-48d2-b011-a3799baa8931, development, f, 2026-09-26 13:00:00+00, {}, 10, 900, 5, 3600, 60, 3600, t, 11, generic, null, 2000, null, 2000, {}).
postgres-1       | 2026-10-02 16:42:28.804 UTC [952] STATEMENT:  UPDATE project_auth_settings SET password_min_length = 11
postgres-1       | 	         WHERE organization_id = $1 AND project_id = $2 AND environment = 'development'
postgres-1       | 2026-10-02 16:42:28.847 UTC [956] ERROR:  new row for relation "project_auth_settings" violates check constraint "project_auth_settings_password_protection_check"
postgres-1       | 2026-10-02 16:42:28.847 UTC [956] DETAIL:  Failing row contains (435a0ca0-1466-43b1-9139-26ca42f20b61, 5e92fc6e-9e9a-48d2-b011-a3799baa8931, development, f, 2026-09-26 13:00:00+00, {}, 10, 900, 5, 3600, 60, 3600, t, 129, generic, null, 2000, null, 2000, {}).
postgres-1       | 2026-10-02 16:42:28.847 UTC [956] STATEMENT:  UPDATE project_auth_settings SET password_min_length = 129
postgres-1       | 	         WHERE organization_id = $1 AND project_id = $2 AND environment = 'development'
postgres-1       | 2026-10-02 16:42:28.906 UTC [957] ERROR:  new row for relation "project_auth_settings" violates check constraint "project_auth_settings_password_protection_check"
postgres-1       | 2026-10-02 16:42:28.906 UTC [957] DETAIL:  Failing row contains (435a0ca0-1466-43b1-9139-26ca42f20b61, 5e92fc6e-9e9a-48d2-b011-a3799baa8931, development, f, 2026-09-26 13:00:00+00, {}, 10, 900, 5, 3600, 60, 3600, t, 14, loud, null, 2000, null, 2000, {}).
postgres-1       | 2026-10-02 16:42:28.906 UTC [957] STATEMENT:  UPDATE project_auth_settings SET leaked_password_notice = 'loud'
postgres-1       | 	         WHERE organization_id = $1 AND project_id = $2 AND environment = 'development'
postgres-1       | 2026-10-02 16:42:32.815 UTC [342] LOG:  checkpoint starting: immediate force wait
postgres-1       | 2026-10-02 16:42:32.829 UTC [342] LOG:  checkpoint complete: wrote 170 buffers (1.0%); 0 WAL file(s) added, 0 removed, 0 recycled; write=0.012 s, sync=0.001 s, total=0.014 s; sync files=135, longest=0.001 s, average=0.001 s; distance=5190 kB, estimate=23649 kB; lsn=0/4978B60, redo lsn=0/4978B08
postgres-1       | 2026-10-02 16:42:40.780 UTC [342] LOG:  checkpoint starting: immediate force wait
postgres-1       | 2026-10-02 16:42:40.787 UTC [342] LOG:  checkpoint complete: wrote 64 buffers (0.4%); 0 WAL file(s) added, 0 removed, 0 recycled; write=0.006 s, sync=0.001 s, total=0.007 s; sync files=59, longest=0.001 s, average=0.001 s; distance=4577 kB, estimate=21742 kB; lsn=0/4DF1110, redo lsn=0/4DF10B8
postgres-1       | 2026-10-02 16:42:41.452 UTC [912] ERROR:  new row for relation "user_console_settings" violates check constraint "user_console_settings_language_check"
postgres-1       | 2026-10-02 16:42:41.452 UTC [912] DETAIL:  Failing row contains (719c6b1a-fc2d-4f7b-a70a-9b6bb27e7cba, es, de-CH, browser, overview, system, 2026-10-02 16:42:41.452547+00, 2026-10-02 16:42:41.452547+00).
postgres-1       | 2026-10-02 16:42:41.452 UTC [912] STATEMENT:  INSERT INTO user_console_settings (user_id, language) VALUES ($1, $2)
postgres-1       | 2026-10-02 16:42:41.508 UTC [1032] ERROR:  new row for relation "user_console_settings" violates check constraint "user_console_settings_format_locale_check"
postgres-1       | 2026-10-02 16:42:41.508 UTC [1032] DETAIL:  Failing row contains (719c6b1a-fc2d-4f7b-a70a-9b6bb27e7cba, browser, de-AT, browser, overview, system, 2026-10-02 16:42:41.505975+00, 2026-10-02 16:42:41.505975+00).
postgres-1       | 2026-10-02 16:42:41.508 UTC [1032] STATEMENT:  INSERT INTO user_console_settings (user_id, format_locale) VALUES ($1, $2)
postgres-1       | 2026-10-02 16:42:41.580 UTC [1033] ERROR:  new row for relation "user_console_settings" violates check constraint "user_console_settings_theme_check"
postgres-1       | 2026-10-02 16:42:41.580 UTC [1033] DETAIL:  Failing row contains (719c6b1a-fc2d-4f7b-a70a-9b6bb27e7cba, browser, de-CH, browser, overview, sepia, 2026-10-02 16:42:41.562192+00, 2026-10-02 16:42:41.562192+00).
postgres-1       | 2026-10-02 16:42:41.580 UTC [1033] STATEMENT:  INSERT INTO user_console_settings (user_id, theme) VALUES ($1, $2)
postgres-1       | 2026-10-02 16:42:41.626 UTC [1034] ERROR:  new row for relation "user_console_settings" violates check constraint "user_console_settings_time_zone_check"
postgres-1       | 2026-10-02 16:42:41.626 UTC [1034] DETAIL:  Failing row contains (719c6b1a-fc2d-4f7b-a70a-9b6bb27e7cba, browser, de-CH, kein zonenname mit leerzeichen, overview, system, 2026-10-02 16:42:41.612882+00, 2026-10-02 16:42:41.612882+00).
postgres-1       | 2026-10-02 16:42:41.626 UTC [1034] STATEMENT:  INSERT INTO user_console_settings (user_id, time_zone) VALUES ($1, $2)
postgres-1       | 2026-10-02 16:42:41.674 UTC [1035] ERROR:  new row for relation "user_console_settings" violates check constraint "user_console_settings_start_view_check"
postgres-1       | 2026-10-02 16:42:41.674 UTC [1035] DETAIL:  Failing row contains (719c6b1a-fc2d-4f7b-a70a-9b6bb27e7cba, browser, de-CH, browser, Nicht Erlaubt, system, 2026-10-02 16:42:41.66634+00, 2026-10-02 16:42:41.66634+00).
postgres-1       | 2026-10-02 16:42:41.674 UTC [1035] STATEMENT:  INSERT INTO user_console_settings (user_id, start_view) VALUES ($1, $2)
postgres-1       | 2026-10-02 16:42:41.726 UTC [958] ERROR:  permission denied for table users
postgres-1       | 2026-10-02 16:42:41.726 UTC [958] STATEMENT:  UPDATE users SET status = 'disabled' WHERE id = $1
postgres-1       | 2026-10-02 16:42:59.692 UTC [1102] ERROR:  relation "plaene_728927bd_70bd_4206_ba5d_e421e4107732.gibt_es_nicht" does not exist at character 73
postgres-1       | 2026-10-02 16:42:59.692 UTC [1102] STATEMENT:  EXPLAIN (FORMAT JSON, COSTS ON, VERBOSE OFF, SUMMARY ON) SELECT id FROM "plaene_728927bd_70bd_4206_ba5d_e421e4107732".gibt_es_nicht
postgres-1       | 2026-10-02 16:42:59.745 UTC [1036] ERROR:  division by zero
postgres-1       | 2026-10-02 16:42:59.745 UTC [1036] STATEMENT:  SELECT 1 / 0
postgres-1       | 2026-10-02 16:42:59.757 UTC [1123] ERROR:  division by zero
postgres-1       | 2026-10-02 16:42:59.757 UTC [1123] STATEMENT:  SELECT 1 / 0
postgres-1       | 2026-10-02 16:42:59.770 UTC [1124] ERROR:  division by zero
postgres-1       | 2026-10-02 16:42:59.770 UTC [1124] STATEMENT:  SELECT 1 / 0
postgres-1       | 2026-10-02 16:42:59.785 UTC [1125] ERROR:  division by zero
postgres-1       | 2026-10-02 16:42:59.785 UTC [1125] STATEMENT:  SELECT 1 / 0
postgres-1       | 2026-10-02 16:42:59.800 UTC [1126] ERROR:  division by zero
postgres-1       | 2026-10-02 16:42:59.800 UTC [1126] STATEMENT:  SELECT 1 / 0
postgres-1       | 2026-10-02 16:42:59.817 UTC [1127] ERROR:  division by zero
postgres-1       | 2026-10-02 16:42:59.817 UTC [1127] STATEMENT:  SELECT 1 / 0
postgres-1       | 2026-10-02 16:42:59.835 UTC [1128] ERROR:  division by zero
postgres-1       | 2026-10-02 16:42:59.835 UTC [1128] STATEMENT:  SELECT 1 / 0
postgres-1       | 2026-10-02 16:42:59.854 UTC [1129] ERROR:  division by zero
postgres-1       | 2026-10-02 16:42:59.854 UTC [1129] STATEMENT:  SELECT 1 / 0
postgres-1       | 2026-10-02 16:42:59.873 UTC [1130] ERROR:  division by zero
postgres-1       | 2026-10-02 16:42:59.873 UTC [1130] STATEMENT:  SELECT 1 / 0
postgres-1       | 2026-10-02 16:42:59.902 UTC [1131] ERROR:  division by zero
postgres-1       | 2026-10-02 16:42:59.902 UTC [1131] STATEMENT:  SELECT 1 / 0
postgres-1       | 2026-10-02 16:43:02.853 UTC [1151] ERROR:  permission denied for table pg_user_mapping
postgres-1       | 2026-10-02 16:43:02.853 UTC [1151] STATEMENT:  SELECT umoptions FROM pg_catalog.pg_user_mapping
postgres-1       | 2026-10-02 16:43:02.972 UTC [1132] WARNING:  "wal_level" is insufficient to publish logical changes
postgres-1       | 2026-10-02 16:43:02.972 UTC [1132] HINT:  Set "wal_level" to "logical" before creating subscriptions.
postgres-1       | 2026-10-02 16:43:03.001 UTC [1153] ERROR:  permission denied for table pg_subscription
postgres-1       | 2026-10-02 16:43:03.001 UTC [1153] STATEMENT:  SELECT subconninfo FROM pg_catalog.pg_subscription
postgres-1       | 2026-10-02 16:43:04.088 UTC [880] ERROR:  permission denied for table project_storage_s3_access_keys
postgres-1       | 2026-10-02 16:43:04.088 UTC [880] STATEMENT:  DELETE FROM project_storage_s3_access_keys WHERE id = $1
postgres-1       | 2026-10-02 16:43:04.092 UTC [878] ERROR:  permission denied for table project_storage_s3_access_keys
postgres-1       | 2026-10-02 16:43:04.092 UTC [878] STATEMENT:  UPDATE project_storage_s3_access_keys SET name = 'anders' WHERE id = $1
postgres-1       | 2026-10-02 16:43:04.096 UTC [1132] ERROR:  project storage S3 access keys are immutable except for one-way revocation
postgres-1       | 2026-10-02 16:43:04.096 UTC [1132] CONTEXT:  PL/pgSQL function qkern_reject_project_storage_s3_access_key_mutation() line 14 at RAISE
postgres-1       | 2026-10-02 16:43:04.096 UTC [1132] STATEMENT:  UPDATE project_storage_s3_access_keys SET revoked_at = now() + interval '1 hour' WHERE id = $1
postgres-1       | 2026-10-02 16:43:04.208 UTC [1156] ERROR:  project storage S3 access keys are immutable except for one-way revocation
postgres-1       | 2026-10-02 16:43:04.208 UTC [1156] CONTEXT:  PL/pgSQL function qkern_reject_project_storage_s3_access_key_mutation() line 14 at RAISE
postgres-1       | 2026-10-02 16:43:04.208 UTC [1156] STATEMENT:  UPDATE project_storage_s3_access_keys SET secret_ciphertext = $2 WHERE id = $1
postgres-1       | 2026-10-02 16:43:06.882 UTC [1037] ERROR:  new row for relation "project_auth_settings" violates check constraint "project_auth_settings_hook_claims_check"
postgres-1       | 2026-10-02 16:43:06.882 UTC [1037] DETAIL:  Failing row contains (06ae55f6-a177-42ba-adfb-083d745afd3a, 0f8cdc59-b29a-4223-88f1-341a8db8dec1, development, f, 2026-10-02 16:43:06.504+00, {}, 10, 900, 5, 3600, 60, 3600, f, 12, named, null, 2000, hook-claims-7be554c9, 2000, {role}).
postgres-1       | 2026-10-02 16:43:06.882 UTC [1037] STATEMENT:  UPDATE project_auth_settings SET access_token_hook_function = $1, access_token_hook_claims = ARRAY['role']::text[] WHERE organization_id = '06ae55f6-a177-42ba-adfb-083d745afd3a' AND project_id = '0f8cdc59-b29a-4223-88f1-341a8db8dec1'
postgres-1       | 	      AND environment = 'development'
postgres-1       | 2026-10-02 16:43:06.963 UTC [1173] ERROR:  new row for relation "project_auth_settings" violates check constraint "project_auth_settings_hook_timeout_check"
postgres-1       | 2026-10-02 16:43:06.963 UTC [1173] DETAIL:  Failing row contains (06ae55f6-a177-42ba-adfb-083d745afd3a, 0f8cdc59-b29a-4223-88f1-341a8db8dec1, development, f, 2026-10-02 16:43:06.504+00, {}, 10, 900, 5, 3600, 60, 3600, f, 12, named, null, 0, null, 2000, {}).
postgres-1       | 2026-10-02 16:43:06.963 UTC [1173] STATEMENT:  UPDATE project_auth_settings SET sign_in_hook_timeout_ms = 0 WHERE organization_id = '06ae55f6-a177-42ba-adfb-083d745afd3a' AND project_id = '0f8cdc59-b29a-4223-88f1-341a8db8dec1'
postgres-1       | 	      AND environment = 'development'
postgres-1       | 2026-10-02 16:43:07.003 UTC [1177] ERROR:  new row for relation "project_auth_settings" violates check constraint "project_auth_settings_hook_function_check"
postgres-1       | 2026-10-02 16:43:07.003 UTC [1177] DETAIL:  Failing row contains (06ae55f6-a177-42ba-adfb-083d745afd3a, 0f8cdc59-b29a-4223-88f1-341a8db8dec1, development, f, 2026-10-02 16:43:06.504+00, {}, 10, 900, 5, 3600, 60, 3600, f, 12, named, Nope!, 2000, null, 2000, {}).
postgres-1       | 2026-10-02 16:43:07.003 UTC [1177] STATEMENT:  UPDATE project_auth_settings SET sign_in_hook_function = 'Nope!' WHERE organization_id = '06ae55f6-a177-42ba-adfb-083d745afd3a' AND project_id = '0f8cdc59-b29a-4223-88f1-341a8db8dec1'
postgres-1       | 	      AND environment = 'development'
postgres-1       | 2026-10-02 16:43:07.058 UTC [1178] ERROR:  new row for relation "project_auth_settings" violates check constraint "project_auth_settings_hook_claims_check"
postgres-1       | 2026-10-02 16:43:07.058 UTC [1178] DETAIL:  Failing row contains (06ae55f6-a177-42ba-adfb-083d745afd3a, 0f8cdc59-b29a-4223-88f1-341a8db8dec1, development, f, 2026-10-02 16:43:06.504+00, {}, 10, 900, 5, 3600, 60, 3600, f, 12, named, null, 2000, null, 2000, {tenant}).
postgres-1       | 2026-10-02 16:43:07.058 UTC [1178] STATEMENT:  UPDATE project_auth_settings SET access_token_hook_function = NULL, access_token_hook_claims = ARRAY['tenant']::text[] WHERE organization_id = '06ae55f6-a177-42ba-adfb-083d745afd3a' AND project_id = '0f8cdc59-b29a-4223-88f1-341a8db8dec1'
postgres-1       | 	      AND environment = 'development'
postgres-1       | 2026-10-02 16:43:07.534 UTC [1179] ERROR:  permission denied for table project_auth_passkeys
postgres-1       | 2026-10-02 16:43:07.534 UTC [1179] STATEMENT:  UPDATE project_auth_passkeys SET public_key = $1
postgres-1       | 	        WHERE organization_id = $2 AND project_id = $3
postgres-1       | 2026-10-02 16:43:08.267 UTC [1180] ERROR:  new row for relation "project_auth_third_party_providers" violates check constraint "project_auth_third_party_providers_role_check"
postgres-1       | 2026-10-02 16:43:08.267 UTC [1180] DETAIL:  Failing row contains (85ce39d9-ddc1-4e27-bdd8-d10767a634e7, 2a92d3d8-88b4-43b2-94a8-09c328fdcb8d, 338f221d-39f4-44ad-a35b-a9e755fe3a07, development, direkt, https://direkt.example.com, https://aussteller-2-80.example.com/.well-known/jwks.json, {qkern-app-2-80}, sub, null, service_role, 2026-10-02 16:43:08.263261+00).
postgres-1       | 2026-10-02 16:43:08.267 UTC [1180] STATEMENT:  INSERT INTO project_auth_third_party_providers
postgres-1       | 	        (id, organization_id, project_id, environment, name, issuer, jwks_uri, audiences, default_role)
postgres-1       | 	        VALUES ($1,$2,$3,$4,'direkt','https://direkt.example.com',$5,ARRAY[$6]::text[],'service_role')
postgres-1       | 2026-10-02 16:43:08.366 UTC [1181] ERROR:  permission denied for table project_auth_third_party_providers
postgres-1       | 2026-10-02 16:43:08.366 UTC [1181] STATEMENT:  UPDATE project_auth_third_party_providers SET jwks_uri = $1 WHERE issuer = $2
postgres-1       | 2026-10-02 16:43:14.007 UTC [1222] ERROR:  new row violates row-level security policy for table "notizen"
postgres-1       | 2026-10-02 16:43:14.007 UTC [1222] STATEMENT:  INSERT INTO "graphqlw_0a605e4c_869c_4f06_9b0f_19a1d9d915e6"."notizen" ("besitzer", "inhalt", "menge")
postgres-1       | 	         VALUES ($1, $2, $3)
postgres-1       | 	         
postgres-1       | 	         RETURNING "id", "besitzer", "inhalt", "menge"
postgres-1       | 2026-10-02 16:43:14.045 UTC [1222] ERROR:  new row violates row-level security policy for table "notizen"
postgres-1       | 2026-10-02 16:43:14.045 UTC [1222] STATEMENT:  UPDATE "graphqlw_0a605e4c_869c_4f06_9b0f_19a1d9d915e6"."notizen" SET "besitzer" = $1
postgres-1       | 	       WHERE "menge" = $2 RETURNING "id", "besitzer", "inhalt", "menge"
postgres-1       | 2026-10-02 16:43:14.687 UTC [1223] ERROR:  new row violates row-level security policy (USING expression) for table "kunden"
postgres-1       | 2026-10-02 16:43:14.687 UTC [1223] STATEMENT:  INSERT INTO "gqlupsert_2a336112_8139_4ab3_a833_a0e1fea946a0"."kunden" ("besitzer", "email", "name", "punkte")
postgres-1       | 	         VALUES ($1, $2, $3, $4)
postgres-1       | 	         ON CONFLICT ("email")
postgres-1       | 	         DO UPDATE SET "besitzer" = EXCLUDED."besitzer", "name" = EXCLUDED."name", "punkte" = EXCLUDED."punkte"
postgres-1       | 	         RETURNING "id", "besitzer", "email", "name", "punkte", "slug"
postgres-1       | 2026-10-02 16:43:14.715 UTC [1223] ERROR:  new row violates row-level security policy (USING expression) for table "kunden"
postgres-1       | 2026-10-02 16:43:14.715 UTC [1223] STATEMENT:  INSERT INTO "gqlupsert_2a336112_8139_4ab3_a833_a0e1fea946a0"."kunden" ("besitzer", "email", "name", "punkte")
postgres-1       | 	         VALUES ($1, $2, $3, $4)
postgres-1       | 	         ON CONFLICT ("email")
postgres-1       | 	         DO UPDATE SET "besitzer" = EXCLUDED."besitzer", "name" = EXCLUDED."name", "punkte" = EXCLUDED."punkte"
postgres-1       | 	         RETURNING "id", "besitzer", "email", "name", "punkte", "slug"
postgres-1       | 2026-10-02 16:43:14.803 UTC [1223] ERROR:  new row violates row-level security policy (USING expression) for table "kunden"
postgres-1       | 2026-10-02 16:43:14.803 UTC [1223] STATEMENT:  INSERT INTO "gqlupsert_2a336112_8139_4ab3_a833_a0e1fea946a0"."kunden" ("besitzer", "email", "name", "punkte")
postgres-1       | 	         VALUES ($1, $2, $3, $4)
postgres-1       | 	         ON CONFLICT ("email")
postgres-1       | 	         DO UPDATE SET "besitzer" = EXCLUDED."besitzer", "name" = EXCLUDED."name", "punkte" = EXCLUDED."punkte"
postgres-1       | 	         RETURNING "id", "besitzer", "email", "name", "punkte", "slug"
postgres-1       | 2026-10-02 16:43:15.315 UTC [1224] ERROR:  new row violates row-level security policy (USING expression) for table "kunden"
postgres-1       | 2026-10-02 16:43:15.315 UTC [1224] STATEMENT:  INSERT INTO "mcpupsert_48f18d50_a90a_4e85_9a15_256d9a269c66"."kunden" ("besitzer", "email", "name", "punkte")
postgres-1       | 	         VALUES ($1, $2, $3, $4)
postgres-1       | 	         ON CONFLICT ("email")
postgres-1       | 	         DO UPDATE SET "besitzer" = EXCLUDED."besitzer", "name" = EXCLUDED."name", "punkte" = EXCLUDED."punkte"
postgres-1       | 	         RETURNING "id", "besitzer", "email", "name", "punkte"
postgres-1       | 2026-10-02 16:43:15.444 UTC [1224] ERROR:  new row violates row-level security policy (USING expression) for table "kunden"
postgres-1       | 2026-10-02 16:43:15.444 UTC [1224] STATEMENT:  INSERT INTO "mcpupsert_48f18d50_a90a_4e85_9a15_256d9a269c66"."kunden" ("besitzer", "email", "name", "punkte")
postgres-1       | 	         VALUES ($1, $2, $3, $4)
postgres-1       | 	         ON CONFLICT ("email")
postgres-1       | 	         DO UPDATE SET "besitzer" = EXCLUDED."besitzer", "name" = EXCLUDED."name", "punkte" = EXCLUDED."punkte"
postgres-1       | 	         RETURNING "id", "besitzer", "email", "name", "punkte"
postgres-1       | 2026-10-02 16:43:15.878 UTC [1234] ERROR:  permission denied for table project_auth_oauth_clients
postgres-1       | 2026-10-02 16:43:15.878 UTC [1234] STATEMENT:  UPDATE project_auth_oauth_clients SET scopes = ARRAY['data:write']::text[] WHERE id = $1
postgres-1       | 2026-10-02 16:43:15.881 UTC [1182] ERROR:  new row for relation "project_auth_oauth_codes" violates check constraint "project_auth_oauth_codes_pkce_check"
postgres-1       | 2026-10-02 16:43:15.881 UTC [1182] DETAIL:  Failing row contains (4a8f71ed-73f1-4a7d-8000-23e799a675ef, 1595dde2-bbeb-4953-b930-c201c7be58b4, 3d7c7203-3f96-40d7-8f72-70b4399ec8d5, development, 09b09d42-e835-40e7-bc3b-67947368c5d2, b425adcd-9b59-4f3f-bb79-59937b26de7b, https://app.test/oauth/zurueck, {data:read}, direkt-b554e852-7cb5-45f3-991b-c0e700d2de3c, DJCcssNyM65Azzfz_nXLsnp-BDxB0Au-bf4XmsEUfkA, plain, 2026-10-02 16:43:15.879419+00, 2026-10-02 16:44:15.879419+00, null, null).
postgres-1       | 2026-10-02 16:43:15.881 UTC [1182] STATEMENT:  INSERT INTO project_auth_oauth_codes
postgres-1       | 	        (id, organization_id, project_id, environment, client_id, auth_user_id, redirect_uri,
postgres-1       | 	         scopes, code_hash, code_challenge, code_challenge_method, expires_at)
postgres-1       | 	        VALUES ($1,$2,$3,'development',$4,$5,$6,ARRAY['data:read']::text[],$7,$8,'plain',now() + interval '1 minute')
postgres-1       | 2026-10-02 16:43:17.099 UTC [342] LOG:  checkpoint starting: immediate force wait
postgres-1       | 2026-10-02 16:43:17.139 UTC [342] LOG:  checkpoint complete: wrote 543 buffers (3.3%); 0 WAL file(s) added, 0 removed, 2 recycled; write=0.038 s, sync=0.002 s, total=0.041 s; sync files=330, longest=0.001 s, average=0.001 s; distance=26429 kB, estimate=26429 kB; lsn=0/67C0850, redo lsn=0/67C07F8
postgres-1       | 2026-10-02 16:43:17.238 UTC [1155] ERROR:  permission denied for table project_auth_one_time_tokens
postgres-1       | 2026-10-02 16:43:17.238 UTC [1155] STATEMENT:  DELETE FROM project_auth_one_time_tokens WHERE organization_id = $1
postgres-1       | 2026-10-02 16:43:17.265 UTC [1240] ERROR:  permission denied for table project_auth_oauth_tokens
postgres-1       | 2026-10-02 16:43:17.265 UTC [1240] STATEMENT:  DELETE FROM project_auth_oauth_tokens WHERE organization_id = $1
postgres-1       | 2026-10-02 16:43:17.440 UTC [1241] ERROR:  permission denied for table project_auth_saml_assertions
postgres-1       | 2026-10-02 16:43:17.440 UTC [1241] STATEMENT:  DELETE FROM project_auth_saml_assertions WHERE organization_id = $1
postgres-1       | 2026-10-02 16:43:22.205 UTC [1237] ERROR:  permission denied for table project_auth_oauth_consents
postgres-1       | 2026-10-02 16:43:22.205 UTC [1237] STATEMENT:  DELETE FROM project_auth_oauth_consents WHERE id = $1
postgres-1       | 2026-10-02 16:43:22.212 UTC [1235] ERROR:  project auth oauth consents are immutable except for one-way revocation
postgres-1       | 2026-10-02 16:43:22.212 UTC [1235] CONTEXT:  PL/pgSQL function qkern_reject_project_auth_oauth_consent_mutation() line 8 at RAISE
postgres-1       | 2026-10-02 16:43:22.212 UTC [1235] STATEMENT:  UPDATE project_auth_oauth_consents SET revoked_at = NULL WHERE id = $1
postgres-1       | 2026-10-02 16:43:22.251 UTC [1273] ERROR:  permission denied for table project_auth_oauth_consents
postgres-1       | 2026-10-02 16:43:22.251 UTC [1273] STATEMENT:  UPDATE project_auth_oauth_consents SET scopes = ARRAY['data:write']::text[] WHERE id = $1
postgres-1       | 2026-10-02 16:43:22.569 UTC [1157] ERROR:  update or delete on table "users" violates foreign key constraint "organizations_created_by_fkey" on table "organizations"
postgres-1       | 2026-10-02 16:43:22.569 UTC [1157] DETAIL:  Key (id)=(5c0e6387-86db-4ec9-97f5-bde8bf47efad) is still referenced from table "organizations".
postgres-1       | 2026-10-02 16:43:22.569 UTC [1157] STATEMENT:  DELETE FROM users WHERE id = $1
postgres-1       | 2026-10-02 16:43:22.645 UTC [1277] ERROR:  extension "vector" is not available
postgres-1       | 2026-10-02 16:43:22.645 UTC [1277] DETAIL:  Could not open extension control file "/usr/local/share/postgresql/extension/vector.control": No such file or directory.
postgres-1       | 2026-10-02 16:43:22.645 UTC [1277] HINT:  The extension must first be installed on the system where PostgreSQL is running.
postgres-1       | 2026-10-02 16:43:22.645 UTC [1277] STATEMENT:  CREATE EXTENSION vector
postgres-1       | 2026-10-02 16:43:22.747 UTC [1278] ERROR:  array is too long
postgres-1       | 2026-10-02 16:43:22.747 UTC [1278] DETAIL:  A cube cannot have more than 100 dimensions.
postgres-1       | 2026-10-02 16:43:22.747 UTC [1278] STATEMENT:  SELECT cube(array_fill(0::float8, ARRAY[$1::int]))
postgres-1       | 2026-10-02 16:43:23.560 UTC [1279] ERROR:  update or delete on table "users" violates foreign key constraint "organizations_created_by_fkey" on table "organizations"
postgres-1       | 2026-10-02 16:43:23.560 UTC [1279] DETAIL:  Key (id)=(6fb6497c-7d91-4710-9a7b-edd6b42be59a) is still referenced from table "organizations".
postgres-1       | 2026-10-02 16:43:23.560 UTC [1279] STATEMENT:  DELETE FROM users WHERE id = $1
postgres-1       | 2026-10-02 16:43:24.487 UTC [1282] ERROR:  new row violates row-level security policy for table "kommentare"
postgres-1       | 2026-10-02 16:43:24.487 UTC [1282] STATEMENT:  INSERT INTO "gqlrel_5bcd8bd3_5c94_43e3_9715_8da2b9783ab4"."kommentare" ("beitrag_id", "besitzer", "id", "text")
postgres-1       | 	         VALUES ($1, $2, $3, $4)
postgres-1       | 	         
postgres-1       | 	         RETURNING "id", "beitrag_id", "verfasser_id", "text", "besitzer"
postgres-1       | 2026-10-02 16:43:24.789 UTC [1292] ERROR:  permission denied for table verschlossen
postgres-1       | 2026-10-02 16:43:24.789 UTC [1292] STATEMENT:  SELECT inhalt FROM "gqlxs_b_27a18088_e7c2_4b31_b190_a773eeea4906".verschlossen
postgres-1       | 2026-10-02 16:43:25.063 UTC [1253] ERROR:  permission denied for table project_function_invocation_output
postgres-1       | 2026-10-02 16:43:25.063 UTC [1253] STATEMENT:  UPDATE project_function_invocation_output SET truncated = true
postgres-1       | 2026-10-02 16:43:25.067 UTC [1253] ERROR:  permission denied for table project_function_invocation_output
postgres-1       | 2026-10-02 16:43:25.067 UTC [1253] STATEMENT:  DELETE FROM project_function_invocation_output
postgres-1       | 2026-10-02 16:43:25.075 UTC [1280] ERROR:  new row for relation "project_function_invocation_output" violates check constraint "project_function_invocation_output_line_count_check"
postgres-1       | 2026-10-02 16:43:25.075 UTC [1280] DETAIL:  Failing row contains (961dbc6f-9799-4105-bf8e-71a0c2328a5c, 71dc47f2-9efe-4d09-a8d4-6920112bbcdc, 53dfa91d-e663-443c-a4b3-cc4edcedf531, development, f6db7707-d2af-472a-8a7f-ff0571687484, 45d82cba-5328-427a-8ae0-47417576cac8, 2026-10-02 16:43:25.071494+00, 501, 501, 0, 0, f, 0, [{"at": "2026-09-29T10:00:00.000Z", "cut": false, "text": "x", "...).
postgres-1       | 2026-10-02 16:43:25.075 UTC [1280] STATEMENT:  INSERT INTO project_function_invocation_output
postgres-1       | 	         (organization_id, project_id, environment, function_id, invocation_id,
postgres-1       | 	          line_count, stdout_lines, stderr_lines, byte_count, truncated, dropped_lines, lines)
postgres-1       | 	       VALUES ($1, $2, 'development', $3, $4, $5, $6, 0, 0, $7, $8, $9::jsonb)
postgres-1       | 2026-10-02 16:43:25.094 UTC [1294] ERROR:  new row for relation "project_function_invocation_output" violates check constraint "project_function_invocation_output_lines_shape"
postgres-1       | 2026-10-02 16:43:25.094 UTC [1294] DETAIL:  Failing row contains (52848f72-4e0a-4b6b-8435-284ad4e93861, 71dc47f2-9efe-4d09-a8d4-6920112bbcdc, 53dfa91d-e663-443c-a4b3-cc4edcedf531, development, f6db7707-d2af-472a-8a7f-ff0571687484, 45d82cba-5328-427a-8ae0-47417576cac8, 2026-10-02 16:43:25.089598+00, 2, 2, 0, 0, f, 0, [{"at": "2026-09-29T10:00:00.000Z", "cut": false, "text": "x", "...).
postgres-1       | 2026-10-02 16:43:25.094 UTC [1294] STATEMENT:  INSERT INTO project_function_invocation_output
postgres-1       | 	         (organization_id, project_id, environment, function_id, invocation_id,
postgres-1       | 	          line_count, stdout_lines, stderr_lines, byte_count, truncated, dropped_lines, lines)
postgres-1       | 	       VALUES ($1, $2, 'development', $3, $4, $5, $6, 0, 0, $7, $8, $9::jsonb)
postgres-1       | 2026-10-02 16:43:25.119 UTC [1295] ERROR:  insert or update on table "project_function_invocation_output" violates foreign key constraint "project_function_invocation_o_organization_id_invocation_i_fkey"
postgres-1       | 2026-10-02 16:43:25.119 UTC [1295] DETAIL:  Key (organization_id, invocation_id)=(71dc47f2-9efe-4d09-a8d4-6920112bbcdc, 6e19e935-7505-468b-92c6-02c5c6dff127) is not present in table "project_function_invocations".
postgres-1       | 2026-10-02 16:43:25.119 UTC [1295] STATEMENT:  INSERT INTO project_function_invocation_output
postgres-1       | 	         (organization_id, project_id, environment, function_id, invocation_id,
postgres-1       | 	          line_count, stdout_lines, stderr_lines, byte_count, truncated, dropped_lines, lines)
postgres-1       | 	       VALUES ($1, $2, 'development', $3, $4, $5, $6, 0, 0, $7, $8, $9::jsonb)
postgres-1       | 2026-10-02 16:43:25.140 UTC [1296] ERROR:  duplicate key value violates unique constraint "project_function_invocation_o_organization_id_invocation_id_key"
postgres-1       | 2026-10-02 16:43:25.140 UTC [1296] DETAIL:  Key (organization_id, invocation_id)=(71dc47f2-9efe-4d09-a8d4-6920112bbcdc, 584785d3-0c36-428d-9b1a-b68ccb9ecab8) already exists.
postgres-1       | 2026-10-02 16:43:25.140 UTC [1296] STATEMENT:  INSERT INTO project_function_invocation_output
postgres-1       | 	         (organization_id, project_id, environment, function_id, invocation_id,
postgres-1       | 	          line_count, stdout_lines, stderr_lines, byte_count, truncated, dropped_lines, lines)
postgres-1       | 	       VALUES ($1, $2, 'development', $3, $4, $5, $6, 0, 0, $7, $8, $9::jsonb)
postgres-1       | 2026-10-02 16:43:25.411 UTC [1274] ERROR:  duplicate key value violates unique constraint "project_auth_saml_assertion_key"
postgres-1       | 2026-10-02 16:43:25.411 UTC [1274] DETAIL:  Key (organization_id, project_id, environment, provider, assertion_id)=(0344f52b-fdc2-45ce-8461-9869fa20d15a, be62e24e-b9ad-4b93-82d2-2ea8b2ce4b97, development, federation, _a29c2ad27f2ad574a73780b3b218e6e36) already exists.
postgres-1       | 2026-10-02 16:43:25.411 UTC [1274] STATEMENT:  INSERT INTO project_auth_saml_assertions
postgres-1       | 	      (organization_id, project_id, environment, provider, assertion_id, expires_at)
postgres-1       | 	      VALUES ($1, $2, 'development', 'federation', $3, now() + interval '5 minutes')
postgres-1       | 2026-10-02 16:43:25.420 UTC [1275] ERROR:  new row for relation "project_auth_saml_assertions" violates check constraint "project_auth_saml_assertions_assertion_id_check"
postgres-1       | 2026-10-02 16:43:25.420 UTC [1275] DETAIL:  Failing row contains (d2f790c8-b6ec-4c41-b5ce-3252041a0e84, 0344f52b-fdc2-45ce-8461-9869fa20d15a, be62e24e-b9ad-4b93-82d2-2ea8b2ce4b97, development, federation, 9nope, 2026-10-02 16:43:25.419645+00, 2026-10-02 16:48:25.419645+00).
postgres-1       | 2026-10-02 16:43:25.420 UTC [1275] STATEMENT:  INSERT INTO project_auth_saml_assertions
postgres-1       | 	      (organization_id, project_id, environment, provider, assertion_id, expires_at)
postgres-1       | 	      VALUES ($1, $2, 'development', 'federation', '9nope', now() + interval '5 minutes')
postgres-1       | 2026-10-02 16:43:25.441 UTC [1298] ERROR:  new row for relation "project_auth_saml_assertions" violates check constraint "project_auth_saml_assertions_provider_check"
postgres-1       | 2026-10-02 16:43:25.441 UTC [1298] DETAIL:  Failing row contains (bcee3f93-e5f3-4758-be5f-691559e1f704, 0344f52b-fdc2-45ce-8461-9869fa20d15a, be62e24e-b9ad-4b93-82d2-2ea8b2ce4b97, development, Federation, _abc, 2026-10-02 16:43:25.435657+00, 2026-10-02 16:48:25.435657+00).
postgres-1       | 2026-10-02 16:43:25.441 UTC [1298] STATEMENT:  INSERT INTO project_auth_saml_assertions
postgres-1       | 	      (organization_id, project_id, environment, provider, assertion_id, expires_at)
postgres-1       | 	      VALUES ($1, $2, 'development', 'Federation', '_abc', now() + interval '5 minutes')
postgres-1       | 2026-10-02 16:43:25.464 UTC [1299] ERROR:  new row for relation "project_auth_saml_assertions" violates check constraint "project_auth_saml_assertions_window"
postgres-1       | 2026-10-02 16:43:25.464 UTC [1299] DETAIL:  Failing row contains (2b1daca4-185c-4765-99b1-452a2f462af0, 0344f52b-fdc2-45ce-8461-9869fa20d15a, be62e24e-b9ad-4b93-82d2-2ea8b2ce4b97, development, federation, _window, 2026-10-02 16:43:25.458378+00, 2026-10-02 16:42:25.458378+00).
postgres-1       | 2026-10-02 16:43:25.464 UTC [1299] STATEMENT:  INSERT INTO project_auth_saml_assertions
postgres-1       | 	      (organization_id, project_id, environment, provider, assertion_id, used_at, expires_at)
postgres-1       | 	      VALUES ($1, $2, 'development', 'federation', '_window', now(), now() - interval '1 minute')
postgres-1       | 2026-10-02 16:43:25.493 UTC [1300] ERROR:  new row for relation "project_auth_one_time_tokens" violates check constraint "project_auth_one_time_tokens_purpose_check"
postgres-1       | 2026-10-02 16:43:25.493 UTC [1300] DETAIL:  Failing row contains (af33f480-f538-4f69-8c26-825027e9e31d, 0344f52b-fdc2-45ce-8461-9869fa20d15a, be62e24e-b9ad-4b93-82d2-2ea8b2ce4b97, development, null, saml_reply, aaaaaaaaaaaaaaaaaaaaaaaaaaaaaaaaaaaaaaaaaaaaaaaaaaaaaaaaaaaaaaaa, {}, 2026-10-02 16:43:25.485846+00, 2026-10-02 16:48:25.485846+00, null).
postgres-1       | 2026-10-02 16:43:25.493 UTC [1300] STATEMENT:  INSERT INTO project_auth_one_time_tokens
postgres-1       | 	      (organization_id, project_id, environment, purpose, token_hash, expires_at)
postgres-1       | 	      VALUES ($1, $2, 'development', 'saml_reply', $3, now() + interval '5 minutes')
postgres-1       | 2026-10-02 16:43:25.524 UTC [1301] ERROR:  permission denied for table project_auth_saml_assertions
postgres-1       | 2026-10-02 16:43:25.524 UTC [1301] STATEMENT:  UPDATE project_auth_saml_assertions SET assertion_id = '_other' WHERE organization_id = $1
postgres-1       | 2026-10-02 16:43:25.658 UTC [1297] ERROR:  project storage upload verifier and identity are immutable
postgres-1       | 2026-10-02 16:43:25.658 UTC [1297] CONTEXT:  PL/pgSQL function qkern_reject_project_storage_upload_mutation() line 15 at RAISE
postgres-1       | 2026-10-02 16:43:25.658 UTC [1297] STATEMENT:  UPDATE project_storage_uploads
postgres-1       | 	      SET parts_declared = true, kind = 'single', provider_upload_id = NULL
postgres-1       | 	      WHERE id = $1
postgres-1       | 2026-10-02 16:43:25.682 UTC [1303] ERROR:  project storage upload verifier and identity are immutable
postgres-1       | 2026-10-02 16:43:25.682 UTC [1303] CONTEXT:  PL/pgSQL function qkern_reject_project_storage_upload_mutation() line 15 at RAISE
postgres-1       | 2026-10-02 16:43:25.682 UTC [1303] STATEMENT:  UPDATE project_storage_uploads SET parts_declared = false
postgres-1       | 	      WHERE id = $1
postgres-1       | 2026-10-02 16:43:25.810 UTC [1304] ERROR:  project storage upload verifier and identity are immutable
postgres-1       | 2026-10-02 16:43:25.810 UTC [1304] CONTEXT:  PL/pgSQL function qkern_reject_project_storage_upload_mutation() line 15 at RAISE
postgres-1       | 2026-10-02 16:43:25.810 UTC [1304] STATEMENT:  UPDATE project_storage_uploads SET checksum_sha256 = NULL WHERE id = $1
postgres-1       | 2026-10-02 16:43:25.877 UTC [1305] ERROR:  new row for relation "project_storage_uploads" violates check constraint "project_storage_uploads_completed_content"
postgres-1       | 2026-10-02 16:43:25.877 UTC [1305] DETAIL:  Failing row contains (e7c7a8ee-aff0-4066-b0a6-1ee0a5c244f9, 81c044f8-3162-4298-919b-9affa1eb5781, 0483a3cd-3b3d-4e69-bce6-2e6805c6f463, development, d2a94bdb-622f-4f78-9b9d-e9bd1b53acc7, halfway.txt, 81c044f8-3162-4298-919b-9affa1eb5781/0483a3cd-3b3d-4e69-bce6-2e6..., bffd2f89-287a-4a38-911f-a71d761f68c2, text/plain, 1, null, 0taDHDFnRQ_UlMJlleBg2wpGbIe1_Jxay_UhTWWzD1Q, completed, 2026-10-02 16:43:25.63+00, 2026-10-02 17:43:25.63+00, null, null, multipart, provider-upload-halfway, t).
postgres-1       | 2026-10-02 16:43:25.877 UTC [1305] STATEMENT:  UPDATE project_storage_uploads SET status = 'completed', size_bytes = 1 WHERE id = $1
postgres-1       | 2026-10-02 16:43:26.022 UTC [1307] ERROR:  permission denied for function pg_read_file
postgres-1       | 2026-10-02 16:43:26.022 UTC [1307] STATEMENT:  SELECT pg_read_file('postgresql.conf', 0, 16)
postgres-1       | 2026-10-02 16:43:26.037 UTC [1308] ERROR:  permission denied for function pg_ls_logdir
postgres-1       | 2026-10-02 16:43:26.037 UTC [1308] STATEMENT:  SELECT * FROM pg_ls_logdir()
postgres-1       | 2026-10-02 16:43:26.054 UTC [1309] ERROR:  permission denied to examine "log_directory"
postgres-1       | 2026-10-02 16:43:26.054 UTC [1309] DETAIL:  Only roles with privileges of the "pg_read_all_settings" role may examine this parameter.
postgres-1       | 2026-10-02 16:43:26.054 UTC [1309] STATEMENT:  SHOW log_directory
postgres-1       | 2026-10-02 16:43:26.084 UTC [1306] ERROR:  could not open directory "log": No such file or directory
postgres-1       | 2026-10-02 16:43:26.084 UTC [1306] STATEMENT:  SELECT * FROM pg_ls_logdir()
postgres-1       | 2026-10-02 16:43:26.302 UTC [1314] ERROR:  permission denied for function pg_read_file
postgres-1       | 2026-10-02 16:43:26.302 UTC [1314] STATEMENT:  SELECT pg_read_file('postgresql.conf', 0, 8)
postgres-1       | 2026-10-02 16:43:26.507 UTC [1253] ERROR:  new row for relation "realtime_presence" violates check constraint "realtime_presence_lease_forward"
postgres-1       | 2026-10-02 16:43:26.507 UTC [1253] STATEMENT:  INSERT INTO realtime_presence (organization_id, project_id, environment, channel,
postgres-1       | 	             presence_key, instance_id, state, tracked_at, expires_at)
postgres-1       | 	           VALUES ($1,$2,'development',$3,'qk_presence_2113backwards','instance-a','{}',$4,$5)
postgres-1       | 2026-10-02 16:43:26.510 UTC [1253] ERROR:  permission denied for table realtime_presence
postgres-1       | 2026-10-02 16:43:26.510 UTC [1253] STATEMENT:  UPDATE realtime_presence SET channel='public:hijacked'
postgres-1       | 	          WHERE organization_id=$1 AND channel=$2
postgres-1       | 2026-10-02 16:43:26.550 UTC [1322] ERROR:  permission denied for table realtime_presence
postgres-1       | 2026-10-02 16:43:26.550 UTC [1322] STATEMENT:  UPDATE realtime_presence SET presence_key='qk_presence_2113stolen'
postgres-1       | 	          WHERE organization_id=$1 AND channel=$2
postgres-1       | 2026-10-02 16:43:27.340 UTC [1327] ERROR:  duplicate key value violates unique constraint "billing_invoice_lines_invoice_id_line_key_key"
postgres-1       | 2026-10-02 16:43:27.340 UTC [1327] STATEMENT:  INSERT INTO billing_invoice_lines
postgres-1       | 	               (organization_id, invoice_id, line_key, label, metric, quantity,
postgres-1       | 	                unit_price_micros, per_units, amount_micros)
postgres-1       | 	             VALUES ($1,$2,'charge:support-retainer','Betreuung noch einmal',NULL,1,5000000,1,5000000)
postgres-1       | 2026-10-02 16:43:27.353 UTC [1311] ERROR:  update or delete on table "organizations" violates foreign key constraint "billing_rate_cards_organization_id_fkey" on table "billing_rate_cards"
postgres-1       | 2026-10-02 16:43:27.353 UTC [1311] DETAIL:  Key (id)=(da8b4914-000e-4c61-b258-657d9947bfc7) is still referenced from table "billing_rate_cards".
postgres-1       | 2026-10-02 16:43:27.353 UTC [1311] STATEMENT:  DELETE FROM organizations WHERE id IN ($1,$2)
postgres-1       | 2026-10-02 16:43:27.379 UTC [1328] ERROR:  update or delete on table "users" violates foreign key constraint "organizations_created_by_fkey" on table "organizations"
postgres-1       | 2026-10-02 16:43:27.379 UTC [1328] DETAIL:  Key (id)=(9904a8b7-e3df-4d54-90e8-88554bd19a51) is still referenced from table "organizations".
postgres-1       | 2026-10-02 16:43:27.379 UTC [1328] STATEMENT:  DELETE FROM users WHERE id = $1
postgres-1       | 2026-10-02 16:43:27.584 UTC [1323] ERROR:  permission denied for table project_queue_message_traces
postgres-1       | 2026-10-02 16:43:27.584 UTC [1323] STATEMENT:  UPDATE project_queue_message_traces SET station='completed'
postgres-1       | 	            WHERE organization_id=$1 AND message_id=$2
postgres-1       | 2026-10-02 16:43:27.587 UTC [1329] ERROR:  a project queue trace station is append-only
postgres-1       | 2026-10-02 16:43:27.587 UTC [1329] CONTEXT:  PL/pgSQL function qkern_reject_project_queue_trace_update() line 3 at RAISE
postgres-1       | 2026-10-02 16:43:27.587 UTC [1329] STATEMENT:  UPDATE project_queue_message_traces SET station='completed'
postgres-1       | 	          WHERE organization_id=$1 AND message_id=$2
postgres-1       | 2026-10-02 16:43:29.538 UTC [1330] ERROR:  new row for relation "project_queue_message_traces" violates check constraint "project_queue_message_traces_span_shape"
postgres-1       | 2026-10-02 16:43:29.538 UTC [1330] DETAIL:  Failing row contains (09b05b7e-c710-47eb-b8fc-c702e77f1dd3, 147352de-8e04-4a71-8fa1-08f6cfd02997, 067300ac-1137-4af5-a852-fb60b516f583, development, f2d72932-e6db-41de-b464-0f972f9a9307, 7aa86e5a-264a-458e-ae94-5aadb95787b5, 60, enqueued, 0, null, null, null, null, null, 2026-10-02 16:43:29.428+00, 2026-10-03 16:43:29.428+00, 0000000000000000).
postgres-1       | 2026-10-02 16:43:29.538 UTC [1330] STATEMENT:  INSERT INTO project_queue_message_traces
postgres-1       | 	         (organization_id,project_id,environment,queue_id,message_id,sequence,station,attempt,
postgres-1       | 	          span_id,occurred_at,expires_at)
postgres-1       | 	       SELECT organization_id,project_id,environment,queue_id,message_id,60,'enqueued',0,
postgres-1       | 	              repeat('0',16),occurred_at,expires_at
postgres-1       | 	         FROM project_queue_message_traces
postgres-1       | 	        WHERE organization_id=$1 AND message_id=$2 AND sequence=1
postgres-1       | 2026-10-02 16:43:29.591 UTC [1341] ERROR:  duplicate key value violates unique constraint "project_queue_message_traces_span_key"
postgres-1       | 2026-10-02 16:43:29.591 UTC [1341] DETAIL:  Key (organization_id, project_id, environment, message_id, span_id)=(147352de-8e04-4a71-8fa1-08f6cfd02997, 067300ac-1137-4af5-a852-fb60b516f583, development, 7aa86e5a-264a-458e-ae94-5aadb95787b5, 8c21b448dd010c92) already exists.
postgres-1       | 2026-10-02 16:43:29.591 UTC [1341] STATEMENT:  INSERT INTO project_queue_message_traces
postgres-1       | 	         (organization_id,project_id,environment,queue_id,message_id,sequence,station,attempt,
postgres-1       | 	          span_id,occurred_at,expires_at)
postgres-1       | 	       SELECT organization_id,project_id,environment,queue_id,message_id,61,'enqueued',0,
postgres-1       | 	              span_id,occurred_at,expires_at
postgres-1       | 	         FROM project_queue_message_traces
postgres-1       | 	        WHERE organization_id=$1 AND message_id=$2 AND sequence=1
postgres-1       | 2026-10-02 16:43:30.221 UTC [1342] ERROR:  webhook delivery content is immutable
postgres-1       | 2026-10-02 16:43:30.221 UTC [1342] CONTEXT:  PL/pgSQL function qkern_validate_project_webhook_delivery_update() line 10 at RAISE
postgres-1       | 2026-10-02 16:43:30.221 UTC [1342] STATEMENT:  UPDATE project_webhook_deliveries SET trace_id=$3
postgres-1       | 	        WHERE organization_id=$1 AND id=$2
postgres-1       | 2026-10-02 16:43:30.244 UTC [1343] ERROR:  webhook delivery content is immutable
postgres-1       | 2026-10-02 16:43:30.244 UTC [1343] CONTEXT:  PL/pgSQL function qkern_validate_project_webhook_delivery_update() line 10 at RAISE
postgres-1       | 2026-10-02 16:43:30.244 UTC [1343] STATEMENT:  UPDATE project_webhook_deliveries SET parent_span_id=NULL
postgres-1       | 	        WHERE organization_id=$1 AND id=$2
postgres-1       | 2026-10-02 16:43:30.264 UTC [1344] ERROR:  new row for relation "project_webhook_deliveries" violates check constraint "project_webhook_deliveries_trace_anchor"
postgres-1       | 2026-10-02 16:43:30.264 UTC [1344] DETAIL:  Failing row contains (182d5f74-3d32-4afb-b199-3869ade57e2a, 147352de-8e04-4a71-8fa1-08f6cfd02997, 067300ac-1137-4af5-a852-fb60b516f583, development, 56c20da5-a90f-4d72-a65d-9c19588ad4cc, order.created, {}, 2026-10-02 16:43:30.258415+00, pending, 0, 2026-10-02 16:43:30.258415+00, null, null, null, null, 2026-10-02 16:43:30.258415+00, null, null, null, 00f067aa0ba902b7).
postgres-1       | 2026-10-02 16:43:30.264 UTC [1344] STATEMENT:  INSERT INTO project_webhook_deliveries
postgres-1       | 	         (id, organization_id, project_id, environment, webhook_id, event_type, payload,
postgres-1       | 	          occurred_at, status, attempt_count, available_at, created_at, parent_span_id)
postgres-1       | 	       VALUES (gen_random_uuid(),$1,$2,'development',$3,'order.created','{}',now(),
postgres-1       | 	               'pending',0,now(),now(),$4)
certification-1  |  [32m✓[39m tests/postgres.integration.test.ts [2m([22m[2m76 tests[22m[2m)[22m[33m 76607[2mms[22m[39m
certification-1  |      [33m[2m✓[22m[39m finds the suspected missing index, the unused index, the bloat and the missing sample in real statistics (2.40) [33m 2768[2mms[22m[39m
certification-1  |      [33m[2m✓[22m[39m reads composite, self-referencing and cross-schema foreign keys through the project read role (2.41) [33m 463[2mms[22m[39m
certification-1  |      [33m[2m✓[22m[39m (2.42) reconstructs the cron log from the real dedupe verifier of an enqueued occurrence [33m 310[2mms[22m[39m
certification-1  |      [33m[2m✓[22m[39m (2.43) enqueues a dedupe key into a queue without a dedupe window against the real pair constraint [33m 525[2mms[22m[39m
certification-1  |      [33m[2m✓[22m[39m (2.45) aggregates usage events written through the real service into the right hourly buckets [33m 334[2mms[22m[39m
certification-1  |      [33m[2m✓[22m[39m (2.49) applies a console change set through the approval path and leaves the table as described [33m 1147[2mms[22m[39m
certification-1  |      [33m[2m✓[22m[39m (2.52) refuses a usable session without the second factor when the project requires it [33m 1330[2mms[22m[39m
certification-1  |      [33m[2m✓[22m[39m (2.54) refuses a return target outside the allowed list of the project [33m 1314[2mms[22m[39m
certification-1  |      [33m[2m✓[22m[39m (2.56) refuses the login attempt that crosses the limit and lets the next window through [33m 3365[2mms[22m[39m
certification-1  |      [33m[2m✓[22m[39m (2.60) refuses a known leaked password at sign-up when the project requires it [33m 1863[2mms[22m[39m
certification-1  |      [33m[2m✓[22m[39m (2.62) tells for a real table what a signed-in user may read and write [33m 639[2mms[22m[39m
certification-1  |      [33m[2m✓[22m[39m (2.61) runs every prepared template against a real catalog without writing [33m 766[2mms[22m[39m
certification-1  |      [33m[2m✓[22m[39m (2.67) shows what a query costs in the console without showing the query [33m 1323[2mms[22m[39m
certification-1  |      [33m[2m✓[22m[39m (2.50) turns a real table change into a signed webhook delivery [33m 513[2mms[22m[39m
certification-1  |      [33m[2m✓[22m[39m (2.63) forwards only the fields the console already shows [33m 378[2mms[22m[39m
certification-1  |      [33m[2m✓[22m[39m (2.53) delivers a table change through the running bridge process [33m 7488[2mms[22m[39m
certification-1  |      [33m[2m✓[22m[39m (2.108) forwards the real container output of a real invocation as one entry per line, keeps a two kibibyte line, and reads no more invocations per run than its own limit allows [33m 387[2mms[22m[39m
certification-1  |      [33m[2m✓[22m[39m (2.66) stores the console settings of a user and gives them back unchanged [33m 337[2mms[22m[39m
certification-1  |      [33m[2m✓[22m[39m (2.65) searches across the sources that have routes and says what it cannot reach [33m 317[2mms[22m[39m
certification-1  |      [33m[2m✓[22m[39m (2.64) forwards through the running collector process and continues after a restart [33m 8429[2mms[22m[39m
certification-1  |      [33m[2m✓[22m[39m (2.68) reads what this environment runs on from the real server and the real control plane [33m 769[2mms[22m[39m
certification-1  |      [33m[2m✓[22m[39m (2.69) explains a real query plan without executing the query [33m 8454[2mms[22m[39m
certification-1  |      [33m[2m✓[22m[39m (2.70) reports the state of the real database from counters that really move [33m 3086[2mms[22m[39m
certification-1  |      [33m[2m✓[22m[39m (2.74) reads a real replication slot with its backlog and carries no connection secret out [33m 396[2mms[22m[39m
certification-1  |      [33m[2m✓[22m[39m (2.75) turns a real project event into a signed dashboard webhook delivery [33m 641[2mms[22m[39m
certification-1  |      [33m[2m✓[22m[39m (2.77) calls the auth hooks of a real sign-in and refuses one that wants a reserved claim [33m 2890[2mms[22m[39m
certification-1  |      [33m[2m✓[22m[39m (2.79) registers a real passkey, signs in with a real signature and refuses replay, wrong origin and a counter that runs backwards [33m 611[2mms[22m[39m
certification-1  |      [33m[2m✓[22m[39m (2.81) counts change sets, approvals and apply jobs per fixed environment under RLS [33m 316[2mms[22m[39m
certification-1  |      [33m[2m✓[22m[39m (2.80) accepts a real foreign token through the Data API under row security and refuses the four forgeries [33m 571[2mms[22m[39m
certification-1  |      [33m[2m✓[22m[39m (2.85) does not forward the same audit row again after a restart when the database sets the microseconds [33m 4536[2mms[22m[39m
certification-1  |      [33m[2m✓[22m[39m (2.83) answers a real GraphQL query under row security and refuses depth, a table without RLS and an alias trick [33m 377[2mms[22m[39m
certification-1  |      [33m[2m✓[22m[39m (2.97) writes through GraphQL exactly the rows the policy allows, rolls the whole request back on one rejected row and refuses a table without RLS, a missing filter and an exceeded limit [33m 706[2mms[22m[39m
certification-1  |      [33m[2m✓[22m[39m (2.105) upserts through both surfaces over a unique key the catalogue really holds, refuses a key it does not, and never changes a row the caller could not have updated [33m 647[2mms[22m[39m
certification-1  |      [33m[2m✓[22m[39m (2.115) upserts over MCP and over the TypeScript SDK on the same service path, calls an unknown conflict key by its name instead of an outage, and lets neither surface change a row its caller could not have updated [33m 537[2mms[22m[39m
certification-1  |      [33m[2m✓[22m[39m (2.82) issues an OAuth code with PKCE, redeems it once, reads with the token under row security and refuses replay, a wrong verifier, a foreign return target and an ungranted scope [33m 856[2mms[22m[39m
certification-1  |      [33m[2m✓[22m[39m (2.86) reads the realtime channels, keeps a counter past retention, counts the change feed backlog against the stored position and shows the neighbour nothing [33m 828[2mms[22m[39m
certification-1  |      [33m[2m✓[22m[39m (2.91) turns a real OAuth token into an MCP session with exactly the tools its scopes open, writes a row through it, and refuses an ungranted, an expired and a revoked token with the same answer [33m 830[2mms[22m[39m
certification-1  |      [33m[2m✓[22m[39m (2.103) opens exactly the tools each new scope names against the real database, keeps the tenant boundary, reaches no worker lease operation through queues:write and throws for a tool name without an entry [33m 962[2mms[22m[39m
certification-1  |      [33m[2m✓[22m[39m (2.116) gives storage:write one deleting tool and no upload, runs it as the consenting user under the write policy of the bucket, keeps a foreign object in an owner bucket and gives the operator role only to the local bearer [33m 1295[2mms[22m[39m
certification-1  |      [33m[2m✓[22m[39m (2.117) runs the free query under row level security as the consenting user, gives each user exactly their own rows, keeps a table without row level security unreachable over OAuth and answers the schema list with the readable surface only [33m 1240[2mms[22m[39m
certification-1  |      [33m[2m✓[22m[39m (2.92) records a consent as one row, issues a token on it, revokes exactly that consent so the token stops working while the row stays, and refuses a scope nobody consented to [33m 787[2mms[22m[39m
certification-1  |      [33m[2m✓[22m[39m (2.93) proves what the vector page claims: this server offers no vector type, CREATE EXTENSION vector fails, cube stops at its hard dimension limit, and a bucket written under row security has no place for an embedding [33m 502[2mms[22m[39m
certification-1  |      [33m[2m✓[22m[39m (2.94) revokes exactly one issued OAuth token so that token stops working while its consent, its neighbour token and the right to a new one all stay [33m 488[2mms[22m[39m
certification-1  |      [33m[2m✓[22m[39m (2.95) embeds neighbour rows over real foreign keys and shows exactly what the policy of the embedded table allows, refuses an unknown relation, a neighbour without row security and one embed too many [33m 368[2mms[22m[39m
certification-1  |      [33m[2m✓[22m[39m (2.111) carries the neighbours of the rows a GraphQL mutation wrote under the policy of the neighbour table and in the transaction of the mutation, reads a second level only towards one, and writes through no relation [33m 642[2mms[22m[39m
certification-1  |      [33m[2m✓[22m[39m (2.112) embeds a neighbour table of another schema only through the same door as a base table, lets its own policy decide the rows, and refuses it without row security, without the privilege and in a system schema [33m 397[2mms[22m[39m
certification-1  |      [33m[2m✓[22m[39m (2.99) turns a really signed SAML assertion into a session in the real database, bars the same assertion the second time at the unique constraint of 0070, and keeps that bar inside its own environment and provider [33m 449[2mms[22m[39m
certification-1  |      [33m[2m✓[22m[39m (2.101) books an S3 multipart upload part by part against the real quota, replaces a part without booking it twice, and lets no completed reservation stand without the checksum of the whole file [33m 320[2mms[22m[39m
certification-1  |      [33m[2m✓[22m[39m (2.113) keeps a presence entry only as long as its lease, lets the runtime role write one but not move it to another channel, and shows it to no other organization [33m 589[2mms[22m[39m
certification-1  |      [33m[2m✓[22m[39m (2.119) gives every invoice position a label and a stable key, bills a flat charge without a quantity, lets a second run of the same month write nothing and burn no number, and shows no invoice, position or charge of one tenant to another [33m 432[2mms[22m[39m
certification-1  |      [33m[2m✓[22m[39m (2.122) cuts a trace at its own expiry and never at the outcome of its message, keeps it when the message is already pruned, never shorter than the queue retention, and stops at sixty-four stations [33m 1783[2mms[22m[39m
certification-1  |      [33m[2m✓[22m[39m (2.124) hands a worker a traceparent that continues the trace of its message, generates one span per station in the database, invents no trace id where none came in, chains a replay to the dead letter instead of to the caller, and keeps the anchor of an outgoing delivery immutable [33m 874[2mms[22m[39m
certification-1  | 
certification-1  | [31m⎯⎯⎯⎯⎯⎯⎯[39m[1m[41m Failed Tests 1 [49m[22m[31m⎯⎯⎯⎯⎯⎯⎯[39m
certification-1  | 
certification-1  | [41m[1m FAIL [22m[49m tests/realtime-change-soak-postgres.integration.test.ts[2m > [22mRealtime change soak PostgreSQL certification[2m > [22mdelivers every change of a sustained writer without loss, gap or stall
certification-1  | [31m[1mAssertionError[22m: expected 5766 to be less than 5000[39m
certification-1  | [36m [2m❯[22m tests/realtime-change-soak-postgres.integration.test.ts:[2m304:17[22m[39m
certification-1  |     [90m302|[39m       [33m+[39m [32m`p95 [39m[36m${[39mp95[36m}[39m[32m ms, max [39m[36m${[39mworst[36m}[39m[32m ms`[39m[33m,[39m
certification-1  |     [90m303|[39m     )[33m;[39m
certification-1  |     [90m304|[39m     [34mexpect[39m(p95)[33m.[39m[34mtoBeLessThan[39m([34m5_000[39m)[33m;[39m
certification-1  |     [90m   |[39m                 [31m^[39m
certification-1  |     [90m305|[39m     [34mexpect[39m(worst)[33m.[39m[34mtoBeLessThan[39m([34m15_000[39m)[33m;[39m
certification-1  |     [90m306|[39m
certification-1  | 
certification-1  | [31m[2m⎯⎯⎯⎯⎯⎯⎯⎯⎯⎯⎯⎯⎯⎯⎯⎯⎯⎯⎯⎯⎯⎯⎯⎯[1/1]⎯[22m[39m
certification-1  | 
certification-1  | 
certification-1  | [2m Test Files [22m [1m[31m1 failed[39m[22m[2m | [22m[1m[32m30 passed[39m[22m[90m (31)[39m
certification-1  | [2m      Tests [22m [1m[31m1 failed[39m[22m[2m | [22m[1m[32m254 passed[39m[22m[90m (255)[39m
certification-1  | [2m   Start at [22m 16:41:51
certification-1  | [2m   Duration [22m 99.39s[2m (transform 64.57s, setup 0ms, import 108.48s, tests 257.65s, environment 29ms)[22m
certification-1  | 
[Kcertification-1 exited with code 1
 Compose Stopping Aborting on container exit...
 Container qkern-slice-tracesearch-certification-1 Stopping 
 Container qkern-slice-tracesearch-certification-1 Stopped 
 Container qkern-slice-tracesearch-vault-1 Stopping 
 Container qkern-slice-tracesearch-postgres-1 Stopping 
vault-1          | ==> Vault shutdown triggered
postgres-1       | 2026-10-02 16:43:35.043 UTC [1] LOG:  received fast shutdown request
postgres-1       | 2026-10-02 16:43:35.043 UTC [1] LOG:  aborting any active transactions
vault-1          | 2026-10-02T16:43:35.042Z [INFO]  core: marked as sealed
vault-1          | 2026-10-02T16:43:35.043Z [INFO]  core: pre-seal teardown starting
vault-1          | 2026-10-02T16:43:35.045Z [INFO]  rollback: stopping rollback manager
vault-1          | 2026-10-02T16:43:35.047Z [INFO]  core: pre-seal teardown complete
vault-1          | 2026-10-02T16:43:35.047Z [INFO]  core: stopping cluster listeners
vault-1          | 2026-10-02T16:43:35.047Z [INFO]  core.cluster-listener: forwarding rpc listeners stopped
postgres-1       | 2026-10-02 16:43:35.056 UTC [1] LOG:  background worker "logical replication launcher" (PID 347) exited with exit code 1
postgres-1       | 2026-10-02 16:43:35.061 UTC [342] LOG:  shutting down
postgres-1       | 2026-10-02 16:43:35.062 UTC [342] LOG:  checkpoint starting: shutdown immediate
postgres-1       | 2026-10-02 16:43:35.093 UTC [342] LOG:  checkpoint complete: wrote 421 buffers (2.6%); 0 WAL file(s) added, 0 removed, 0 recycled; write=0.027 s, sync=0.003 s, total=0.032 s; sync files=324, longest=0.001 s, average=0.001 s; distance=2075 kB, estimate=23994 kB; lsn=0/69C7638, redo lsn=0/69C7638
postgres-1       | 2026-10-02 16:43:35.181 UTC [1] LOG:  database system is shut down
vault-1          | 2026-10-02T16:43:35.236Z [INFO]  core.cluster-listener: rpc listeners successfully shut down
vault-1          | 2026-10-02T16:43:35.237Z [INFO]  core: cluster listeners successfully shut down
vault-1          | 2026-10-02T16:43:35.239Z [INFO]  core: vault is sealed
 Container qkern-slice-tracesearch-postgres-1 Stopped 
 Container qkern-slice-tracesearch-vault-1 Stopped 
[Kpostgres-1 exited with code 0
[Kvault-1 exited with code 0

 Container qkern-slice-tracesearch-certification-1 Stopping 
 Container qkern-slice-tracesearch-certification-1 Stopped 
 Container qkern-slice-tracesearch-certification-1 Removing 
 Container qkern-slice-tracesearch-certification-1 Removed 
 Container qkern-slice-tracesearch-vault-1 Stopping 
 Container qkern-slice-tracesearch-postgres-1 Stopping 
 Container qkern-slice-tracesearch-vault-1 Stopped 
 Container qkern-slice-tracesearch-vault-1 Removing 
 Container qkern-slice-tracesearch-postgres-1 Stopped 
 Container qkern-slice-tracesearch-postgres-1 Removing 
 Container qkern-slice-tracesearch-vault-1 Removed 
 Container qkern-slice-tracesearch-postgres-1 Removed 
 Network qkern-slice-tracesearch_default Removing 
 Network qkern-slice-tracesearch_default Removed 
EXIT=1
