
> qkern-platform@2.72.0 test:postgres:docker
> node scripts/postgres-certification.mjs

 Network qkern-v023-certification_default Creating 
 Network qkern-v023-certification_default Created 
 Container qkern-v023-certification-postgres-1 Creating 
 Container qkern-v023-certification-vault-1 Creating 
 Container qkern-v023-certification-postgres-1 Created 
 Container qkern-v023-certification-vault-1 Created 
 Container qkern-v023-certification-certification-1 Creating 
 Container qkern-v023-certification-certification-1 Created 
Attaching to certification-1, postgres-1, vault-1
 Container qkern-v023-certification-vault-1 Starting 
 Container qkern-v023-certification-postgres-1 Starting 
 Container qkern-v023-certification-postgres-1 Started 
 Container qkern-v023-certification-vault-1 Started 
 Container qkern-v023-certification-postgres-1 Waiting 
 Container qkern-v023-certification-vault-1 Waiting 
postgres-1  | The files belonging to this database system will be owned by user "postgres".
postgres-1  | This user must also own the server process.
postgres-1  | 
postgres-1  | The database cluster will be initialized with locale "en_US.utf8".
postgres-1  | The default database encoding has accordingly been set to "UTF8".
postgres-1  | The default text search configuration will be set to "english".
postgres-1  | 
postgres-1  | Data page checksums are disabled.
postgres-1  | 
postgres-1  | fixing permissions on existing directory /var/lib/postgresql/data ... ok
postgres-1  | creating subdirectories ... ok
postgres-1  | selecting dynamic shared memory implementation ... posix
postgres-1  | selecting default "max_connections" ... 100
postgres-1  | selecting default "shared_buffers" ... 128MB
postgres-1  | selecting default time zone ... UTC
postgres-1  | creating configuration files ... ok
postgres-1  | running bootstrap script ... ok
postgres-1  | sh: locale: not found
postgres-1  | 2026-10-01 21:58:45.129 UTC [37] WARNING:  no usable system locales were found
postgres-1  | performing post-bootstrap initialization ... ok
postgres-1  | syncing data to disk ... ok
postgres-1  | 
postgres-1  | 
postgres-1  | Success. You can now start the database server using:
postgres-1  | 
postgres-1  |     pg_ctl -D /var/lib/postgresql/data -l logfile start
postgres-1  | 
postgres-1  | initdb: warning: enabling "trust" authentication for local connections
postgres-1  | initdb: hint: You can change this by editing pg_hba.conf or using the option -A, or --auth-local and --auth-host, the next time you run initdb.
postgres-1  | waiting for server to start....2026-10-01 21:58:45.578 UTC [43] LOG:  starting PostgreSQL 17.10 on x86_64-pc-linux-musl, compiled by gcc (Alpine 15.2.0) 15.2.0, 64-bit
postgres-1  | 2026-10-01 21:58:45.582 UTC [43] LOG:  listening on Unix socket "/var/run/postgresql/.s.PGSQL.5432"
postgres-1  | 2026-10-01 21:58:45.584 UTC [46] LOG:  database system was shut down at 2026-10-01 21:58:45 UTC
postgres-1  | 2026-10-01 21:58:45.590 UTC [43] LOG:  database system is ready to accept connections
postgres-1  |  done
postgres-1  | server started
postgres-1  | CREATE DATABASE
postgres-1  | 
postgres-1  | 
postgres-1  | /usr/local/bin/docker-entrypoint.sh: running /docker-entrypoint-initdb.d/000-certification-init.sh
postgres-1  | certification-init: applying 0001_control_plane.sql
postgres-1  | CREATE EXTENSION
postgres-1  | CREATE TYPE
postgres-1  | CREATE TYPE
postgres-1  | CREATE TABLE
postgres-1  | CREATE TABLE
postgres-1  | CREATE TABLE
postgres-1  | CREATE TABLE
postgres-1  | CREATE INDEX
postgres-1  | CREATE TABLE
postgres-1  | CREATE TABLE
postgres-1  | CREATE INDEX
postgres-1  | CREATE TABLE
postgres-1  | CREATE INDEX
postgres-1  | CREATE TABLE
postgres-1  | CREATE TABLE
postgres-1  | CREATE INDEX
postgres-1  | ALTER TABLE
postgres-1  | ALTER TABLE
postgres-1  | ALTER TABLE
postgres-1  | ALTER TABLE
postgres-1  | ALTER TABLE
postgres-1  | CREATE POLICY
postgres-1  | CREATE POLICY
postgres-1  | CREATE POLICY
postgres-1  | CREATE POLICY
postgres-1  | CREATE POLICY
postgres-1  | certification-init: applying 0002_repository_hardening.sql
postgres-1  | BEGIN
postgres-1  | CREATE FUNCTION
postgres-1  | ALTER TABLE
postgres-1  | ALTER TABLE
postgres-1  | ALTER TABLE
postgres-1  | ALTER TABLE
postgres-1  | ALTER TABLE
postgres-1  | ALTER TABLE
postgres-1  | UPDATE 0
postgres-1  | ALTER TABLE
postgres-1  | CREATE INDEX
postgres-1  | CREATE INDEX
postgres-1  | CREATE FUNCTION
postgres-1  | CREATE TRIGGER
postgres-1  | CREATE TRIGGER
postgres-1  | CREATE TRIGGER
postgres-1  | CREATE FUNCTION
postgres-1  | CREATE FUNCTION
postgres-1  | CREATE TRIGGER
postgres-1  | CREATE TRIGGER
postgres-1  | ALTER TABLE
postgres-1  | ALTER TABLE
postgres-1  | ALTER TABLE
postgres-1  | ALTER TABLE
postgres-1  | ALTER TABLE
postgres-1  | ALTER TABLE
postgres-1  | ALTER TABLE
postgres-1  | ALTER TABLE
postgres-1  | ALTER TABLE
postgres-1  | ALTER TABLE
postgres-1  | ALTER TABLE
postgres-1  | ALTER TABLE
postgres-1  | ALTER TABLE
postgres-1  | ALTER TABLE
postgres-1  | ALTER TABLE
postgres-1  | ALTER TABLE
postgres-1  | DROP POLICY
postgres-1  | DROP POLICY
postgres-1  | DROP POLICY
postgres-1  | DROP POLICY
postgres-1  | DROP POLICY
postgres-1  | CREATE POLICY
postgres-1  | CREATE POLICY
postgres-1  | CREATE POLICY
postgres-1  | CREATE POLICY
postgres-1  | CREATE POLICY
postgres-1  | CREATE POLICY
postgres-1  | CREATE POLICY
postgres-1  | CREATE POLICY
postgres-1  | CREATE POLICY
postgres-1  | CREATE POLICY
postgres-1  | CREATE POLICY
postgres-1  | CREATE POLICY
postgres-1  | CREATE POLICY
postgres-1  | CREATE POLICY
postgres-1  | CREATE POLICY
postgres-1  | CREATE POLICY
postgres-1  | CREATE POLICY
postgres-1  | CREATE POLICY
postgres-1  | CREATE POLICY
postgres-1  | CREATE POLICY
postgres-1  | CREATE POLICY
postgres-1  | CREATE POLICY
postgres-1  | CREATE POLICY
postgres-1  | CREATE POLICY
postgres-1  | DO
postgres-1  | REVOKE
postgres-1  | GRANT
postgres-1  | GRANT
postgres-1  | GRANT
postgres-1  | GRANT
postgres-1  | GRANT
postgres-1  | GRANT
postgres-1  | GRANT
postgres-1  | GRANT
postgres-1  | GRANT
postgres-1  | GRANT
postgres-1  | GRANT
postgres-1  | GRANT
postgres-1  | GRANT
postgres-1  | COMMIT
postgres-1  | certification-init: applying 0003_auth_and_memberships.sql
postgres-1  | BEGIN
postgres-1  | ALTER TABLE
postgres-1  | ALTER TABLE
postgres-1  | UPDATE 0
postgres-1  | ALTER TABLE
postgres-1  | CREATE INDEX
postgres-1  | CREATE TRIGGER
postgres-1  | CREATE TABLE
postgres-1  | CREATE INDEX
postgres-1  | CREATE INDEX
postgres-1  | CREATE FUNCTION
postgres-1  | DO
postgres-1  | REVOKE
postgres-1  | REVOKE
postgres-1  | GRANT
postgres-1  | GRANT
postgres-1  | GRANT
postgres-1  | GRANT
postgres-1  | COMMIT
postgres-1  | certification-init: applying 0004_artifact_and_workspace_integrity.sql
postgres-1  | BEGIN
postgres-1  | ALTER TABLE
postgres-1  | CREATE INDEX
postgres-1  | ALTER TABLE
postgres-1  | ALTER TABLE
postgres-1  | ALTER TABLE
postgres-1  | CREATE FUNCTION
postgres-1  | CREATE TRIGGER
postgres-1  | CREATE FUNCTION
postgres-1  | CREATE TRIGGER
postgres-1  | REVOKE
postgres-1  | GRANT
postgres-1  | REVOKE
postgres-1  | GRANT
postgres-1  | GRANT
postgres-1  | GRANT
postgres-1  | COMMIT
postgres-1  | certification-init: applying 0005_migration_apply_queue.sql
postgres-1  | BEGIN
postgres-1  | CREATE TYPE
postgres-1  | CREATE TYPE
postgres-1  | CREATE TABLE
postgres-1  | CREATE INDEX
postgres-1  | CREATE INDEX
postgres-1  | CREATE TABLE
postgres-1  | CREATE INDEX
postgres-1  | CREATE TRIGGER
postgres-1  | CREATE TRIGGER
postgres-1  | CREATE FUNCTION
postgres-1  | CREATE TRIGGER
postgres-1  | CREATE FUNCTION
postgres-1  | CREATE TRIGGER
postgres-1  | ALTER TABLE
postgres-1  | ALTER TABLE
postgres-1  | ALTER TABLE
postgres-1  | ALTER TABLE
postgres-1  | CREATE POLICY
postgres-1  | CREATE POLICY
postgres-1  | CREATE POLICY
postgres-1  | CREATE POLICY
postgres-1  | CREATE POLICY
postgres-1  | CREATE POLICY
postgres-1  | REVOKE
postgres-1  | REVOKE
postgres-1  | REVOKE
postgres-1  | GRANT
postgres-1  | GRANT
postgres-1  | GRANT
postgres-1  | GRANT
postgres-1  | GRANT
postgres-1  | GRANT
postgres-1  | GRANT
postgres-1  | GRANT
postgres-1  | GRANT
postgres-1  | COMMIT
postgres-1  | certification-init: applying 0006_worker_runtime_boundary.sql
postgres-1  | BEGIN
postgres-1  | DO
postgres-1  | ALTER TABLE
postgres-1  | ALTER TABLE
postgres-1  | UPDATE 0
postgres-1  | ALTER TABLE
postgres-1  | REVOKE
postgres-1  | REVOKE
postgres-1  | REVOKE
postgres-1  | GRANT
postgres-1  | REVOKE
postgres-1  | REVOKE
postgres-1  | GRANT
postgres-1  | GRANT
postgres-1  | GRANT
postgres-1  | GRANT
postgres-1  | GRANT
postgres-1  | GRANT
postgres-1  | GRANT
postgres-1  | GRANT
postgres-1  | GRANT
postgres-1  | GRANT
postgres-1  | GRANT
postgres-1  | COMMIT
postgres-1  | certification-init: applying 0007_migration_claim_sequence.sql
postgres-1  | BEGIN
postgres-1  | ALTER TABLE
postgres-1  | REVOKE
postgres-1  | GRANT
postgres-1  | COMMIT
postgres-1  | certification-init: applying 0008_migration_reconciliation_quarantine.sql
postgres-1  | ALTER TYPE
postgres-1  | BEGIN
postgres-1  | ALTER TABLE
postgres-1  | REVOKE
postgres-1  | GRANT
postgres-1  | COMMIT
postgres-1  | certification-init: applying 0009_migration_review_commands.sql
postgres-1  | BEGIN
postgres-1  | CREATE TYPE
postgres-1  | ALTER TABLE
postgres-1  | CREATE TABLE
postgres-1  | CREATE INDEX
postgres-1  | CREATE INDEX
postgres-1  | CREATE TRIGGER
postgres-1  | ALTER TABLE
postgres-1  | ALTER TABLE
postgres-1  | CREATE POLICY
postgres-1  | CREATE POLICY
postgres-1  | CREATE POLICY
postgres-1  | REVOKE
postgres-1  | GRANT
postgres-1  | GRANT
postgres-1  | GRANT
postgres-1  | GRANT
postgres-1  | REVOKE
postgres-1  | GRANT
postgres-1  | COMMIT
postgres-1  | certification-init: applying 0010_migration_incident_escalations.sql
postgres-1  | BEGIN
postgres-1  | CREATE TYPE
postgres-1  | CREATE TYPE
postgres-1  | CREATE TABLE
postgres-1  | CREATE INDEX
postgres-1  | CREATE INDEX
postgres-1  | CREATE TRIGGER
postgres-1  | CREATE FUNCTION
postgres-1  | CREATE TRIGGER
postgres-1  | ALTER TABLE
postgres-1  | ALTER TABLE
postgres-1  | CREATE POLICY
postgres-1  | CREATE POLICY
postgres-1  | CREATE POLICY
postgres-1  | REVOKE
postgres-1  | REVOKE
postgres-1  | GRANT
postgres-1  | GRANT
postgres-1  | GRANT
postgres-1  | GRANT
postgres-1  | GRANT
postgres-1  | COMMIT
postgres-1  | certification-init: applying 0011_migration_incident_outbox.sql
postgres-1  | BEGIN
postgres-1  | CREATE TABLE
postgres-1  | CREATE INDEX
postgres-1  | CREATE TRIGGER
postgres-1  | INSERT 0 0
postgres-1  | ALTER TABLE
postgres-1  | ALTER TABLE
postgres-1  | CREATE POLICY
postgres-1  | CREATE POLICY
postgres-1  | CREATE POLICY
postgres-1  | REVOKE
postgres-1  | GRANT
postgres-1  | GRANT
postgres-1  | GRANT
postgres-1  | COMMIT
postgres-1  | certification-init: applying 0012_migration_incident_dead_letters.sql
postgres-1  | ALTER TYPE
postgres-1  | BEGIN
postgres-1  | ALTER TABLE
postgres-1  | CREATE INDEX
postgres-1  | CREATE TYPE
postgres-1  | CREATE TABLE
postgres-1  | CREATE INDEX
postgres-1  | CREATE INDEX
postgres-1  | CREATE TRIGGER
postgres-1  | CREATE FUNCTION
postgres-1  | CREATE TRIGGER
postgres-1  | ALTER TABLE
postgres-1  | ALTER TABLE
postgres-1  | CREATE POLICY
postgres-1  | CREATE POLICY
postgres-1  | CREATE POLICY
postgres-1  | REVOKE
postgres-1  | REVOKE
postgres-1  | GRANT
postgres-1  | GRANT
postgres-1  | GRANT
postgres-1  | GRANT
postgres-1  | GRANT
postgres-1  | COMMIT
postgres-1  | certification-init: applying 0013_migration_incident_delivery_health.sql
postgres-1  | BEGIN
postgres-1  | CREATE FUNCTION
postgres-1  | REVOKE
postgres-1  | GRANT
postgres-1  | COMMIT
postgres-1  | certification-init: applying 0014_migration_incident_delivery_visibility.sql
postgres-1  | BEGIN
postgres-1  | REVOKE
postgres-1  | DROP FUNCTION
postgres-1  | CREATE FUNCTION
postgres-1  | CREATE FUNCTION
postgres-1  | REVOKE
postgres-1  | REVOKE
postgres-1  | GRANT
postgres-1  | GRANT
postgres-1  | COMMIT
postgres-1  | certification-init: applying 0015_migration_incident_delivery_failure_classification.sql
postgres-1  | BEGIN
postgres-1  | ALTER TABLE
postgres-1  | REVOKE
postgres-1  | DROP FUNCTION
postgres-1  | CREATE FUNCTION
postgres-1  | REVOKE
postgres-1  | GRANT
postgres-1  | COMMIT
postgres-1  | certification-init: applying 0016_migration_incident_delivery_recovery_binding.sql
postgres-1  | BEGIN
postgres-1  | ALTER TABLE
postgres-1  | LOCK TABLE
postgres-1  | UPDATE 0
postgres-1  | UPDATE 0
postgres-1  | ALTER TABLE
postgres-1  | CREATE FUNCTION
postgres-1  | REVOKE
postgres-1  | GRANT
postgres-1  | COMMIT
postgres-1  | certification-init: applying 0017_migration_incident_verified_resolution.sql
postgres-1  | ALTER TYPE
postgres-1  | BEGIN
postgres-1  | CREATE TYPE
postgres-1  | CREATE TYPE
postgres-1  | CREATE TYPE
postgres-1  | ALTER TABLE
postgres-1  | CREATE TABLE
postgres-1  | CREATE INDEX
postgres-1  | CREATE INDEX
postgres-1  | CREATE TRIGGER
postgres-1  | CREATE FUNCTION
postgres-1  | CREATE FUNCTION
postgres-1  | CREATE FUNCTION
postgres-1  | CREATE TRIGGER
postgres-1  | ALTER TABLE
postgres-1  | ALTER TABLE
postgres-1  | CREATE POLICY
postgres-1  | CREATE POLICY
postgres-1  | CREATE POLICY
postgres-1  | REVOKE
postgres-1  | REVOKE
postgres-1  | GRANT
postgres-1  | GRANT
postgres-1  | GRANT
postgres-1  | GRANT
postgres-1  | GRANT
postgres-1  | COMMIT
postgres-1  | certification-init: applying 0018_migration_incident_delivery_recovery_generation.sql
postgres-1  | BEGIN
postgres-1  | ALTER TABLE
postgres-1  | LOCK TABLE
postgres-1  | UPDATE 0
postgres-1  | UPDATE 0
postgres-1  | ALTER TABLE
postgres-1  | ALTER TABLE
postgres-1  | CREATE FUNCTION
postgres-1  | REVOKE
postgres-1  | GRANT
postgres-1  | COMMIT
postgres-1  | certification-init: applying 0019_migration_apply_delivery_resilience.sql
postgres-1  | BEGIN
postgres-1  | ALTER TABLE
postgres-1  | CREATE INDEX
postgres-1  | CREATE TYPE
postgres-1  | CREATE TABLE
postgres-1  | CREATE INDEX
postgres-1  | CREATE INDEX
postgres-1  | CREATE TRIGGER
postgres-1  | CREATE FUNCTION
postgres-1  | CREATE TRIGGER
postgres-1  | ALTER TABLE
postgres-1  | ALTER TABLE
postgres-1  | CREATE POLICY
postgres-1  | CREATE POLICY
postgres-1  | CREATE POLICY
postgres-1  | CREATE FUNCTION
postgres-1  | CREATE FUNCTION
postgres-1  | REVOKE
postgres-1  | REVOKE
postgres-1  | REVOKE
postgres-1  | REVOKE
postgres-1  | REVOKE
postgres-1  | GRANT
postgres-1  | GRANT
postgres-1  | GRANT
postgres-1  | GRANT
postgres-1  | GRANT
postgres-1  | GRANT
postgres-1  | GRANT
postgres-1  | COMMIT
postgres-1  | certification-init: applying 0020_project_database_provisioning.sql
postgres-1  | BEGIN
postgres-1  | DO
postgres-1  | CREATE TYPE
postgres-1  | CREATE TABLE
postgres-1  | CREATE TABLE
postgres-1  | ALTER TABLE
postgres-1  | CREATE INDEX
postgres-1  | CREATE TRIGGER
postgres-1  | ALTER TABLE
postgres-1  | ALTER TABLE
postgres-1  | ALTER TABLE
postgres-1  | ALTER TABLE
postgres-1  | CREATE POLICY
postgres-1  | CREATE POLICY
postgres-1  | CREATE FUNCTION
postgres-1  | CREATE FUNCTION
postgres-1  | REVOKE
postgres-1  | REVOKE
postgres-1  | REVOKE
postgres-1  | REVOKE
postgres-1  | REVOKE
postgres-1  | GRANT
postgres-1  | GRANT
postgres-1  | GRANT
postgres-1  | GRANT
postgres-1  | GRANT
postgres-1  | GRANT
postgres-1  | GRANT
postgres-1  | GRANT
postgres-1  | GRANT
postgres-1  | GRANT
postgres-1  | GRANT
postgres-1  | GRANT
postgres-1  | GRANT
postgres-1  | GRANT
postgres-1  | GRANT
postgres-1  | COMMIT
postgres-1  | certification-init: applying 0021_project_database_provisioning_health.sql
postgres-1  | BEGIN
postgres-1  | CREATE TABLE
postgres-1  | CREATE INDEX
postgres-1  | ALTER TABLE
postgres-1  | ALTER TABLE
postgres-1  | CREATE POLICY
postgres-1  | CREATE FUNCTION
postgres-1  | REVOKE
postgres-1  | REVOKE
postgres-1  | GRANT
postgres-1  | GRANT
postgres-1  | GRANT
postgres-1  | COMMIT
postgres-1  | certification-init: applying 0022_project_automation_policies.sql
postgres-1  | BEGIN
postgres-1  | CREATE TABLE
postgres-1  | ALTER TABLE
postgres-1  | UPDATE 0
postgres-1  | ALTER TABLE
postgres-1  | ALTER TABLE
postgres-1  | ALTER TABLE
postgres-1  | CREATE POLICY
postgres-1  | CREATE POLICY
postgres-1  | CREATE POLICY
postgres-1  | REVOKE
postgres-1  | GRANT
postgres-1  | GRANT
postgres-1  | COMMIT
postgres-1  | certification-init: applying 0023_project_api_keys.sql
postgres-1  | BEGIN
postgres-1  | CREATE TABLE
postgres-1  | CREATE INDEX
postgres-1  | CREATE INDEX
postgres-1  | CREATE FUNCTION
postgres-1  | CREATE TRIGGER
postgres-1  | ALTER TABLE
postgres-1  | CREATE POLICY
postgres-1  | CREATE POLICY
postgres-1  | CREATE POLICY
postgres-1  | CREATE FUNCTION
postgres-1  | REVOKE
postgres-1  | REVOKE
postgres-1  | REVOKE
postgres-1  | GRANT
postgres-1  | GRANT
postgres-1  | GRANT
postgres-1  | GRANT
postgres-1  | COMMIT
postgres-1  | certification-init: applying 0024_project_auth.sql
postgres-1  | BEGIN
postgres-1  | CREATE TABLE
postgres-1  | CREATE INDEX
postgres-1  | CREATE TABLE
postgres-1  | CREATE INDEX
postgres-1  | CREATE INDEX
postgres-1  | CREATE TABLE
postgres-1  | CREATE INDEX
postgres-1  | CREATE TABLE
postgres-1  | CREATE TABLE
postgres-1  | CREATE FUNCTION
postgres-1  | CREATE TRIGGER
postgres-1  | CREATE TRIGGER
postgres-1  | CREATE TRIGGER
postgres-1  | CREATE TRIGGER
postgres-1  | CREATE TRIGGER
postgres-1  | REVOKE
postgres-1  | REVOKE
postgres-1  | GRANT
postgres-1  | GRANT
postgres-1  | GRANT
postgres-1  | GRANT
postgres-1  | GRANT
postgres-1  | GRANT
postgres-1  | GRANT
postgres-1  | GRANT
postgres-1  | GRANT
postgres-1  | COMMIT
postgres-1  | certification-init: applying 0025_project_storage.sql
postgres-1  | BEGIN
postgres-1  | CREATE TABLE
postgres-1  | CREATE INDEX
postgres-1  | CREATE TABLE
postgres-1  | CREATE INDEX
postgres-1  | CREATE INDEX
postgres-1  | CREATE INDEX
postgres-1  | CREATE TABLE
postgres-1  | CREATE INDEX
postgres-1  | CREATE INDEX
postgres-1  | CREATE FUNCTION
postgres-1  | CREATE FUNCTION
postgres-1  | CREATE FUNCTION
postgres-1  | CREATE TRIGGER
postgres-1  | CREATE TRIGGER
postgres-1  | CREATE TRIGGER
postgres-1  | ALTER TABLE
postgres-1  | ALTER TABLE
postgres-1  | ALTER TABLE
postgres-1  | CREATE POLICY
postgres-1  | CREATE POLICY
postgres-1  | CREATE POLICY
postgres-1  | CREATE POLICY
postgres-1  | CREATE POLICY
postgres-1  | CREATE POLICY
postgres-1  | CREATE POLICY
postgres-1  | CREATE POLICY
postgres-1  | CREATE POLICY
postgres-1  | CREATE POLICY
postgres-1  | REVOKE
postgres-1  | REVOKE
postgres-1  | REVOKE
postgres-1  | REVOKE
postgres-1  | GRANT
postgres-1  | GRANT
postgres-1  | GRANT
postgres-1  | GRANT
postgres-1  | GRANT
postgres-1  | GRANT
postgres-1  | GRANT
postgres-1  | GRANT
postgres-1  | GRANT
postgres-1  | COMMIT
postgres-1  | certification-init: applying 0026_project_queues.sql
postgres-1  | BEGIN
postgres-1  | CREATE TABLE
postgres-1  | CREATE INDEX
postgres-1  | CREATE TABLE
postgres-1  | CREATE INDEX
postgres-1  | CREATE INDEX
postgres-1  | CREATE INDEX
postgres-1  | CREATE INDEX
postgres-1  | CREATE INDEX
postgres-1  | CREATE FUNCTION
postgres-1  | CREATE FUNCTION
postgres-1  | CREATE FUNCTION
postgres-1  | CREATE TRIGGER
postgres-1  | CREATE TRIGGER
postgres-1  | CREATE TRIGGER
postgres-1  | ALTER TABLE
postgres-1  | ALTER TABLE
postgres-1  | CREATE POLICY
postgres-1  | CREATE POLICY
postgres-1  | CREATE POLICY
postgres-1  | CREATE POLICY
postgres-1  | CREATE POLICY
postgres-1  | CREATE POLICY
postgres-1  | REVOKE
postgres-1  | REVOKE
postgres-1  | REVOKE
postgres-1  | REVOKE
postgres-1  | GRANT
postgres-1  | GRANT
postgres-1  | GRANT
postgres-1  | GRANT
postgres-1  | GRANT
postgres-1  | GRANT
postgres-1  | COMMIT
postgres-1  | certification-init: applying 0027_project_queue_dead_letter_replay.sql
postgres-1  | BEGIN
postgres-1  | ALTER TABLE
postgres-1  | CREATE INDEX
postgres-1  | CREATE INDEX
postgres-1  | CREATE FUNCTION
postgres-1  | CREATE TRIGGER
postgres-1  | REVOKE
postgres-1  | GRANT
postgres-1  | COMMIT
postgres-1  | certification-init: applying 0028_usage_metering.sql
postgres-1  | BEGIN
postgres-1  | CREATE TABLE
postgres-1  | CREATE TABLE
postgres-1  | CREATE TABLE
postgres-1  | CREATE INDEX
postgres-1  | CREATE INDEX
postgres-1  | CREATE FUNCTION
postgres-1  | CREATE FUNCTION
postgres-1  | CREATE FUNCTION
postgres-1  | CREATE TRIGGER
postgres-1  | CREATE TRIGGER
postgres-1  | CREATE TRIGGER
postgres-1  | ALTER TABLE
postgres-1  | ALTER TABLE
postgres-1  | ALTER TABLE
postgres-1  | CREATE POLICY
postgres-1  | CREATE POLICY
postgres-1  | CREATE POLICY
postgres-1  | CREATE POLICY
postgres-1  | CREATE POLICY
postgres-1  | CREATE POLICY
postgres-1  | CREATE POLICY
postgres-1  | CREATE POLICY
postgres-1  | REVOKE
postgres-1  | REVOKE
postgres-1  | REVOKE
postgres-1  | REVOKE
postgres-1  | GRANT
postgres-1  | GRANT
postgres-1  | GRANT
postgres-1  | GRANT
postgres-1  | GRANT
postgres-1  | GRANT
postgres-1  | GRANT
postgres-1  | GRANT
postgres-1  | COMMIT
postgres-1  | certification-init: applying 0029_project_queue_definition_row_lock.sql
postgres-1  | GRANT
postgres-1  | CREATE POLICY
postgres-1  | certification-init: applying 0030_realtime_event_log.sql
postgres-1  | CREATE TABLE
postgres-1  | CREATE TABLE
postgres-1  | CREATE INDEX
postgres-1  | CREATE INDEX
postgres-1  | CREATE FUNCTION
postgres-1  | CREATE TRIGGER
postgres-1  | ALTER TABLE
postgres-1  | ALTER TABLE
postgres-1  | CREATE POLICY
postgres-1  | CREATE POLICY
postgres-1  | CREATE POLICY
postgres-1  | CREATE POLICY
postgres-1  | CREATE POLICY
postgres-1  | CREATE POLICY
postgres-1  | REVOKE
postgres-1  | REVOKE
postgres-1  | GRANT
postgres-1  | GRANT
postgres-1  | GRANT
postgres-1  | GRANT
postgres-1  | certification-init: applying 0031_project_cron.sql
postgres-1  | CREATE TABLE
postgres-1  | CREATE INDEX
postgres-1  | CREATE FUNCTION
postgres-1  | CREATE TRIGGER
postgres-1  | ALTER TABLE
postgres-1  | CREATE POLICY
postgres-1  | CREATE POLICY
postgres-1  | CREATE POLICY
postgres-1  | CREATE POLICY
postgres-1  | REVOKE
postgres-1  | REVOKE
postgres-1  | GRANT
postgres-1  | GRANT
postgres-1  | GRANT
postgres-1  | certification-init: applying 0032_project_webhooks.sql
postgres-1  | CREATE TABLE
postgres-1  | CREATE TABLE
postgres-1  | CREATE INDEX
postgres-1  | CREATE INDEX
postgres-1  | CREATE FUNCTION
postgres-1  | CREATE TRIGGER
postgres-1  | ALTER TABLE
postgres-1  | ALTER TABLE
postgres-1  | CREATE POLICY
postgres-1  | CREATE POLICY
postgres-1  | CREATE POLICY
postgres-1  | CREATE POLICY
postgres-1  | CREATE POLICY
postgres-1  | CREATE POLICY
postgres-1  | CREATE POLICY
postgres-1  | REVOKE
postgres-1  | REVOKE
postgres-1  | GRANT
postgres-1  | GRANT
postgres-1  | CREATE POLICY
postgres-1  | GRANT
postgres-1  | GRANT
postgres-1  | GRANT
postgres-1  | certification-init: applying 0033_project_functions.sql
postgres-1  | CREATE TABLE
postgres-1  | CREATE INDEX
postgres-1  | CREATE FUNCTION
postgres-1  | CREATE TRIGGER
postgres-1  | ALTER TABLE
postgres-1  | CREATE POLICY
postgres-1  | CREATE POLICY
postgres-1  | CREATE POLICY
postgres-1  | CREATE POLICY
postgres-1  | REVOKE
postgres-1  | REVOKE
postgres-1  | GRANT
postgres-1  | GRANT
postgres-1  | GRANT
postgres-1  | certification-init: applying 0034_project_functions_registry.sql
postgres-1  | ALTER TABLE
postgres-1  | ALTER TABLE
postgres-1  | certification-init: applying 0035_project_function_slots.sql
postgres-1  | CREATE TABLE
postgres-1  | CREATE INDEX
postgres-1  | CREATE FUNCTION
postgres-1  | CREATE TRIGGER
postgres-1  | ALTER TABLE
postgres-1  | CREATE POLICY
postgres-1  | CREATE POLICY
postgres-1  | CREATE POLICY
postgres-1  | REVOKE
postgres-1  | REVOKE
postgres-1  | GRANT
postgres-1  | GRANT
postgres-1  | certification-init: applying 0036_provisioner_heartbeat_upsert_grant.sql
postgres-1  | BEGIN
postgres-1  | GRANT
postgres-1  | COMMIT
postgres-1  | certification-init: applying 0037_provisioner_binding_returning_grant.sql
postgres-1  | BEGIN
postgres-1  | GRANT
postgres-1  | COMMIT
postgres-1  | certification-init: applying 0038_runtime_outbox_arbiter_grant.sql
postgres-1  | BEGIN
postgres-1  | GRANT
postgres-1  | COMMIT
postgres-1  | certification-init: applying 0039_billing_rate_cards.sql
postgres-1  | BEGIN
postgres-1  | CREATE TABLE
postgres-1  | CREATE INDEX
postgres-1  | ALTER TABLE
postgres-1  | ALTER TABLE
postgres-1  | CREATE POLICY
postgres-1  | CREATE POLICY
postgres-1  | REVOKE
postgres-1  | GRANT
postgres-1  | GRANT
postgres-1  | COMMIT
postgres-1  | certification-init: applying 0040_billing_invoices.sql
postgres-1  | BEGIN
postgres-1  | CREATE TABLE
postgres-1  | CREATE TABLE
postgres-1  | ALTER TABLE
postgres-1  | ALTER TABLE
postgres-1  | ALTER TABLE
postgres-1  | ALTER TABLE
postgres-1  | CREATE POLICY
postgres-1  | CREATE POLICY
postgres-1  | CREATE POLICY
postgres-1  | CREATE POLICY
postgres-1  | REVOKE
postgres-1  | GRANT
postgres-1  | GRANT
postgres-1  | GRANT
postgres-1  | GRANT
postgres-1  | GRANT
postgres-1  | COMMIT
postgres-1  | certification-init: applying 0041_project_storage_multipart.sql
postgres-1  | BEGIN
postgres-1  | ALTER TABLE
postgres-1  | ALTER TABLE
postgres-1  | COMMIT
postgres-1  | certification-init: applying 0042_project_function_deployments.sql
postgres-1  | BEGIN
postgres-1  | CREATE TABLE
postgres-1  | CREATE INDEX
postgres-1  | ALTER TABLE
postgres-1  | ALTER TABLE
postgres-1  | CREATE POLICY
postgres-1  | CREATE POLICY
postgres-1  | CREATE FUNCTION
postgres-1  | CREATE FUNCTION
postgres-1  | REVOKE
postgres-1  | REVOKE
postgres-1  | GRANT
postgres-1  | GRANT
postgres-1  | COMMIT
postgres-1  | certification-init: applying 0043_project_storage_upload_id_check_fix.sql
postgres-1  | ALTER TABLE
postgres-1  | ALTER TABLE
postgres-1  | certification-init: applying 0044_billing_invoice_numbers.sql
postgres-1  | BEGIN
postgres-1  | CREATE TABLE
postgres-1  | ALTER TABLE
postgres-1  | ALTER TABLE
postgres-1  | CREATE POLICY
postgres-1  | CREATE POLICY
postgres-1  | CREATE POLICY
postgres-1  | ALTER TABLE
postgres-1  | ALTER TABLE
postgres-1  | UPDATE 0
postgres-1  | ALTER TABLE
postgres-1  | ALTER TABLE
postgres-1  | UPDATE 0
postgres-1  | INSERT 0 0
postgres-1  | ALTER TABLE
postgres-1  | CREATE INDEX
postgres-1  | GRANT
postgres-1  | GRANT
postgres-1  | GRANT
postgres-1  | COMMIT
postgres-1  | certification-init: applying 0045_project_function_invocations.sql
postgres-1  | BEGIN
postgres-1  | CREATE TABLE
postgres-1  | CREATE INDEX
postgres-1  | ALTER TABLE
postgres-1  | ALTER TABLE
postgres-1  | CREATE POLICY
postgres-1  | CREATE POLICY
postgres-1  | REVOKE
postgres-1  | GRANT
postgres-1  | GRANT
postgres-1  | COMMIT
postgres-1  | certification-init: applying 0046_project_auth_audit.sql
postgres-1  | BEGIN
postgres-1  | GRANT
postgres-1  | GRANT
postgres-1  | GRANT
postgres-1  | GRANT
postgres-1  | CREATE POLICY
postgres-1  | COMMIT
postgres-1  | certification-init: applying 0047_audit_chain_order.sql
postgres-1  | BEGIN
postgres-1  | CREATE FUNCTION
postgres-1  | COMMIT
postgres-1  | certification-init: applying 0048_project_auth_mfa_enforcement.sql
postgres-1  | BEGIN
postgres-1  | CREATE TABLE
postgres-1  | ALTER TABLE
postgres-1  | ALTER TABLE
postgres-1  | CREATE FUNCTION
postgres-1  | CREATE TRIGGER
postgres-1  | REVOKE
postgres-1  | REVOKE
postgres-1  | GRANT
postgres-1  | GRANT
postgres-1  | GRANT
postgres-1  | COMMIT
postgres-1  | certification-init: applying 0049_project_database_webhooks.sql
vault-1     | ==> Vault server configuration:
vault-1     | 
vault-1     | Administrative Namespace: 
vault-1     |              Api Address: http://0.0.0.0:8200
vault-1     |                      Cgo: disabled
vault-1     |          Cluster Address: https://0.0.0.0:8201
vault-1     |    Environment Variables: GOTRACEBACK, HOME, HOSTNAME, NAME, PATH, PWD, SHLVL, VAULT_DEV_LISTEN_ADDRESS, VAULT_DEV_ROOT_TOKEN_ID, VERSION
vault-1     |               Go Version: go1.23.3
vault-1     |               Listener 1: tcp (addr: "0.0.0.0:8200", cluster address: "0.0.0.0:8201", disable_request_limiter: "false", max_request_duration: "1m30s", max_request_size: "33554432", tls: "disabled")
vault-1     |                Log Level: 
vault-1     |                    Mlock: supported: true, enabled: false
vault-1     |            Recovery Mode: false
vault-1     |                  Storage: inmem
vault-1     |                  Version: Vault v1.18.3, built 2024-12-16T14:00:53Z
vault-1     |              Version Sha: 7ae4eca5403bf574f142cd8f987b8d83bafcd1de
vault-1     | 
postgres-1  | CREATE TABLE
postgres-1  | CREATE INDEX
postgres-1  | ALTER TABLE
postgres-1  | CREATE POLICY
postgres-1  | CREATE POLICY
postgres-1  | CREATE POLICY
postgres-1  | REVOKE
postgres-1  | GRANT
postgres-1  | certification-init: applying 0050_project_database_webhook_cursors.sql
postgres-1  | CREATE TABLE
postgres-1  | ALTER TABLE
postgres-1  | CREATE POLICY
postgres-1  | CREATE POLICY
postgres-1  | CREATE POLICY
postgres-1  | REVOKE
postgres-1  | GRANT
vault-1     | ==> Vault server started! Log data will stream in below:
vault-1     | 
vault-1     | 2026-10-01T21:58:47.321Z [INFO]  proxy environment: http_proxy="" https_proxy="" no_proxy=""
vault-1     | 2026-10-01T21:58:47.322Z [INFO]  incrementing seal generation: generation=1
vault-1     | 2026-10-01T21:58:47.322Z [WARN]  no `api_addr` value specified in config or in VAULT_API_ADDR; falling back to detection if possible, but this value should be manually set
vault-1     | 2026-10-01T21:58:47.322Z [INFO]  core: Initializing version history cache for core
vault-1     | 2026-10-01T21:58:47.322Z [INFO]  events: Starting event system
vault-1     | 2026-10-01T21:58:47.323Z [INFO]  core: security barrier not initialized
vault-1     | 2026-10-01T21:58:47.323Z [INFO]  core: security barrier initialized: stored=1 shares=1 threshold=1
vault-1     | 2026-10-01T21:58:47.323Z [INFO]  core: post-unseal setup starting
vault-1     | 2026-10-01T21:58:47.329Z [INFO]  core: loaded wrapping token key
vault-1     | 2026-10-01T21:58:47.329Z [INFO]  core: successfully setup plugin runtime catalog
vault-1     | 2026-10-01T21:58:47.329Z [INFO]  core: successfully setup plugin catalog: plugin-directory=""
vault-1     | 2026-10-01T21:58:47.329Z [INFO]  core: no mounts; adding default mount table
vault-1     | 2026-10-01T21:58:47.331Z [INFO]  core: successfully mounted: type=cubbyhole version="v1.18.3+builtin.vault" path=cubbyhole/ namespace="ID: root. Path: "
vault-1     | 2026-10-01T21:58:47.331Z [INFO]  core: successfully mounted: type=system version="v1.18.3+builtin.vault" path=sys/ namespace="ID: root. Path: "
vault-1     | 2026-10-01T21:58:47.331Z [INFO]  core: successfully mounted: type=identity version="v1.18.3+builtin.vault" path=identity/ namespace="ID: root. Path: "
vault-1     | 2026-10-01T21:58:47.333Z [INFO]  core: successfully mounted: type=token version="v1.18.3+builtin.vault" path=token/ namespace="ID: root. Path: "
vault-1     | 2026-10-01T21:58:47.333Z [INFO]  rollback: Starting the rollback manager with 256 workers
vault-1     | 2026-10-01T21:58:47.333Z [INFO]  rollback: starting rollback manager
vault-1     | 2026-10-01T21:58:47.335Z [INFO]  core: restoring leases
vault-1     | 2026-10-01T21:58:47.336Z [INFO]  expiration: lease restore complete
vault-1     | 2026-10-01T21:58:47.337Z [INFO]  identity: entities restored
vault-1     | 2026-10-01T21:58:47.337Z [INFO]  identity: groups restored
vault-1     | 2026-10-01T21:58:47.338Z [INFO]  core: Recorded vault version: vault version=1.18.3 upgrade time="2026-10-01 21:58:47.337948976 +0000 UTC" build date=2024-12-16T14:00:53Z
vault-1     | 2026-10-01T21:58:47.338Z [INFO]  core: post-unseal setup complete
vault-1     | 2026-10-01T21:58:47.338Z [INFO]  core: root token generated
vault-1     | 2026-10-01T21:58:47.338Z [INFO]  core: pre-seal teardown starting
vault-1     | 2026-10-01T21:58:47.338Z [INFO]  rollback: stopping rollback manager
vault-1     | 2026-10-01T21:58:47.338Z [INFO]  core: pre-seal teardown complete
vault-1     | 2026-10-01T21:58:47.339Z [INFO]  core.cluster-listener.tcp: starting listener: listener_address=0.0.0.0:8201
vault-1     | 2026-10-01T21:58:47.339Z [INFO]  core.cluster-listener: serving cluster requests: cluster_listen_address=[::]:8201
vault-1     | 2026-10-01T21:58:47.339Z [INFO]  core: post-unseal setup starting
vault-1     | 2026-10-01T21:58:47.339Z [INFO]  core: loaded wrapping token key
vault-1     | 2026-10-01T21:58:47.339Z [INFO]  core: successfully setup plugin runtime catalog
vault-1     | 2026-10-01T21:58:47.339Z [INFO]  core: successfully setup plugin catalog: plugin-directory=""
vault-1     | 2026-10-01T21:58:47.341Z [INFO]  core: successfully mounted: type=system version="v1.18.3+builtin.vault" path=sys/ namespace="ID: root. Path: "
vault-1     | 2026-10-01T21:58:47.341Z [INFO]  core: successfully mounted: type=identity version="v1.18.3+builtin.vault" path=identity/ namespace="ID: root. Path: "
vault-1     | 2026-10-01T21:58:47.341Z [INFO]  core: successfully mounted: type=cubbyhole version="v1.18.3+builtin.vault" path=cubbyhole/ namespace="ID: root. Path: "
vault-1     | 2026-10-01T21:58:47.343Z [INFO]  core: successfully mounted: type=token version="v1.18.3+builtin.vault" path=token/ namespace="ID: root. Path: "
vault-1     | 2026-10-01T21:58:47.343Z [INFO]  rollback: Starting the rollback manager with 256 workers
vault-1     | 2026-10-01T21:58:47.343Z [INFO]  rollback: starting rollback manager
vault-1     | 2026-10-01T21:58:47.343Z [INFO]  core: restoring leases
vault-1     | 2026-10-01T21:58:47.344Z [INFO]  expiration: lease restore complete
vault-1     | 2026-10-01T21:58:47.345Z [INFO]  identity: entities restored
vault-1     | 2026-10-01T21:58:47.345Z [INFO]  identity: groups restored
vault-1     | 2026-10-01T21:58:47.345Z [INFO]  core: post-unseal setup complete
vault-1     | 2026-10-01T21:58:47.346Z [INFO]  core: vault is unsealed
vault-1     | 2026-10-01T21:58:47.350Z [INFO]  expiration: revoked lease: lease_id=auth/token/root/h62819fb0a2768a3cb3c6f154dc0c6afbb43359ca7c4c3bdd006214bd0e71cc5c
vault-1     | 2026-10-01T21:58:47.354Z [INFO]  core: successful mount: namespace="" path=secret/ type=kv version="v0.20.0+builtin"
postgres-1  | certification-init: applying 0051_project_auth_return_targets.sql
postgres-1  | BEGIN
postgres-1  | ALTER TABLE
postgres-1  | ALTER TABLE
postgres-1  | REVOKE
postgres-1  | GRANT
postgres-1  | COMMIT
postgres-1  | certification-init: applying 0052_project_auth_rate_limits.sql
postgres-1  | BEGIN
postgres-1  | ALTER TABLE
postgres-1  | ALTER TABLE
postgres-1  | CREATE TABLE
postgres-1  | CREATE INDEX
postgres-1  | REVOKE
postgres-1  | GRANT
postgres-1  | REVOKE
postgres-1  | GRANT
postgres-1  | COMMIT
postgres-1  | certification-init: applying 0053_project_auth_password_protection.sql
postgres-1  | BEGIN
postgres-1  | ALTER TABLE
postgres-1  | ALTER TABLE
postgres-1  | REVOKE
postgres-1  | GRANT
postgres-1  | COMMIT
postgres-1  | certification-init: applying 0054_project_log_drains.sql
postgres-1  | BEGIN
postgres-1  | CREATE FUNCTION
postgres-1  | REVOKE
postgres-1  | GRANT
postgres-1  | CREATE TABLE
postgres-1  | CREATE INDEX
postgres-1  | ALTER TABLE
postgres-1  | CREATE POLICY
postgres-1  | CREATE POLICY
postgres-1  | CREATE POLICY
postgres-1  | REVOKE
postgres-1  | GRANT
postgres-1  | COMMIT
postgres-1  | certification-init: applying 0055_user_console_settings.sql
postgres-1  | BEGIN
postgres-1  | CREATE TABLE
postgres-1  | CREATE TRIGGER
postgres-1  | REVOKE
postgres-1  | GRANT
postgres-1  | COMMIT
vault-1     | WARNING! dev mode is enabled! In this mode, Vault runs entirely in-memory
vault-1     | and starts unsealed with a single unseal key. The root token is already
vault-1     | authenticated to the CLI, so you can immediately begin using Vault.
vault-1     | 
vault-1     | You may need to set the following environment variables:
vault-1     | 
vault-1     |     $ export VAULT_ADDR='http://0.0.0.0:8200'
vault-1     | 
vault-1     | The unseal key and root token are displayed below in case you want to
vault-1     | seal/unseal the Vault or re-authenticate.
vault-1     | 
vault-1     | Unseal Key: mzofoe/xaCXHJiVNnNFsMOei0SJcxTafq5gq3htXeXw=
vault-1     | Root Token: qkern-certification-root-token
vault-1     | 
vault-1     | Development mode should NOT be used in production installations!
vault-1     | 
postgres-1  | certification-init: applying 0056_project_log_drain_cursors.sql
postgres-1  | BEGIN
postgres-1  | CREATE TABLE
postgres-1  | ALTER TABLE
postgres-1  | CREATE POLICY
postgres-1  | CREATE POLICY
postgres-1  | CREATE POLICY
postgres-1  | REVOKE
postgres-1  | GRANT
postgres-1  | COMMIT
postgres-1  | certification-init: applying 0057_project_dashboard_webhooks.sql
postgres-1  | BEGIN
postgres-1  | CREATE FUNCTION
postgres-1  | REVOKE
postgres-1  | GRANT
postgres-1  | CREATE TABLE
postgres-1  | CREATE INDEX
postgres-1  | ALTER TABLE
postgres-1  | CREATE POLICY
postgres-1  | CREATE POLICY
postgres-1  | CREATE POLICY
postgres-1  | REVOKE
postgres-1  | GRANT
postgres-1  | CREATE TABLE
postgres-1  | ALTER TABLE
postgres-1  | CREATE POLICY
postgres-1  | CREATE POLICY
postgres-1  | CREATE POLICY
postgres-1  | REVOKE
postgres-1  | GRANT
postgres-1  | COMMIT
postgres-1  | certification-init: applying 0058_project_auth_hooks.sql
postgres-1  | BEGIN
postgres-1  | ALTER TABLE
postgres-1  | ALTER TABLE
postgres-1  | ALTER TABLE
postgres-1  | ALTER TABLE
postgres-1  | REVOKE
postgres-1  | GRANT
postgres-1  | COMMIT
postgres-1  | certification-init: applying 0059_project_storage_s3_access_keys.sql
postgres-1  | BEGIN
postgres-1  | CREATE TABLE
postgres-1  | CREATE INDEX
postgres-1  | CREATE INDEX
postgres-1  | CREATE TABLE
postgres-1  | CREATE INDEX
postgres-1  | CREATE FUNCTION
postgres-1  | CREATE TRIGGER
postgres-1  | ALTER TABLE
postgres-1  | ALTER TABLE
postgres-1  | CREATE POLICY
postgres-1  | CREATE POLICY
postgres-1  | CREATE POLICY
postgres-1  | CREATE POLICY
postgres-1  | CREATE POLICY
postgres-1  | CREATE POLICY
postgres-1  | REVOKE
postgres-1  | REVOKE
postgres-1  | REVOKE
postgres-1  | GRANT
postgres-1  | GRANT
postgres-1  | GRANT
postgres-1  | GRANT
postgres-1  | COMMIT
postgres-1  | certification-init: applying 0060_project_auth_passkeys.sql
postgres-1  | BEGIN
postgres-1  | CREATE TABLE
postgres-1  | CREATE INDEX
postgres-1  | ALTER TABLE
postgres-1  | ALTER TABLE
postgres-1  | CREATE TRIGGER
postgres-1  | REVOKE
postgres-1  | GRANT
postgres-1  | GRANT
postgres-1  | COMMIT
postgres-1  | certification-init: applying 0061_project_auth_third_party_providers.sql
postgres-1  | BEGIN
postgres-1  | CREATE TABLE
postgres-1  | ALTER TABLE
postgres-1  | ALTER TABLE
postgres-1  | ALTER TABLE
postgres-1  | ALTER TABLE
postgres-1  | ALTER TABLE
postgres-1  | REVOKE
postgres-1  | GRANT
postgres-1  | COMMIT
postgres-1  | certification-init: applying 0062_project_auth_oauth_server.sql
postgres-1  | BEGIN
postgres-1  | CREATE TABLE
postgres-1  | ALTER TABLE
postgres-1  | ALTER TABLE
postgres-1  | ALTER TABLE
postgres-1  | REVOKE
postgres-1  | GRANT
postgres-1  | CREATE TABLE
postgres-1  | ALTER TABLE
postgres-1  | ALTER TABLE
postgres-1  | ALTER TABLE
postgres-1  | CREATE TRIGGER
postgres-1  | REVOKE
postgres-1  | GRANT
postgres-1  | GRANT
postgres-1  | CREATE TABLE
postgres-1  | ALTER TABLE
postgres-1  | ALTER TABLE
postgres-1  | REVOKE
postgres-1  | GRANT
postgres-1  | COMMIT
postgres-1  | certification-init: applying 0063_project_auth_expiry_retention.sql
postgres-1  | BEGIN
postgres-1  | CREATE INDEX
postgres-1  | CREATE INDEX
postgres-1  | CREATE INDEX
postgres-1  | GRANT
postgres-1  | GRANT
postgres-1  | GRANT
postgres-1  | COMMIT
postgres-1  | certification-init: applying 0064_project_auth_oauth_consents.sql
postgres-1  | BEGIN
postgres-1  | CREATE TABLE
postgres-1  | ALTER TABLE
postgres-1  | ALTER TABLE
postgres-1  | CREATE INDEX
postgres-1  | CREATE INDEX
postgres-1  | CREATE TRIGGER
postgres-1  | CREATE FUNCTION
postgres-1  | CREATE TRIGGER
postgres-1  | REVOKE
postgres-1  | REVOKE
postgres-1  | GRANT
postgres-1  | GRANT
postgres-1  | GRANT
postgres-1  | ALTER TABLE
postgres-1  | ALTER TABLE
postgres-1  | COMMIT
postgres-1  | certification-init: applying 0065_project_storage_s3_access_key_secrets.sql
postgres-1  | BEGIN
postgres-1  | ALTER TABLE
postgres-1  | CREATE FUNCTION
postgres-1  | CREATE FUNCTION
postgres-1  | REVOKE
postgres-1  | GRANT
postgres-1  | COMMIT
postgres-1  | certification-init: applying 0066_project_cron_time_zone.sql
postgres-1  | ALTER TABLE
postgres-1  | certification-init: applying 0069_project_function_invocation_output.sql
postgres-1  | BEGIN
postgres-1  | CREATE TABLE
postgres-1  | CREATE INDEX
postgres-1  | ALTER TABLE
postgres-1  | ALTER TABLE
postgres-1  | CREATE POLICY
postgres-1  | CREATE POLICY
postgres-1  | REVOKE
postgres-1  | GRANT
postgres-1  | GRANT
postgres-1  | COMMIT
postgres-1  | certification-init: applying 0070_project_auth_saml.sql
postgres-1  | BEGIN
postgres-1  | CREATE TABLE
postgres-1  | CREATE INDEX
postgres-1  | ALTER TABLE
postgres-1  | ALTER TABLE
postgres-1  | ALTER TABLE
postgres-1  | ALTER TABLE
postgres-1  | CREATE TRIGGER
postgres-1  | REVOKE
postgres-1  | GRANT
postgres-1  | COMMIT
postgres-1  | certification-init: applying 0071_project_storage_s3_multipart.sql
postgres-1  | BEGIN
postgres-1  | ALTER TABLE
postgres-1  | ALTER TABLE
postgres-1  | ALTER TABLE
postgres-1  | ALTER TABLE
postgres-1  | ALTER TABLE
postgres-1  | ALTER TABLE
postgres-1  | ALTER TABLE
postgres-1  | ALTER TABLE
postgres-1  | CREATE TABLE
postgres-1  | CREATE INDEX
postgres-1  | CREATE FUNCTION
postgres-1  | GRANT
postgres-1  | REVOKE
postgres-1  | ALTER TABLE
postgres-1  | CREATE POLICY
postgres-1  | CREATE POLICY
postgres-1  | CREATE POLICY
postgres-1  | CREATE POLICY
postgres-1  | GRANT
postgres-1  | GRANT
postgres-1  | COMMIT
postgres-1  | certification-init: applying 0073_project_auth_oauth_tool_scopes.sql
postgres-1  | BEGIN
postgres-1  | ALTER TABLE
postgres-1  | ALTER TABLE
postgres-1  | ALTER TABLE
postgres-1  | ALTER TABLE
postgres-1  | ALTER TABLE
postgres-1  | ALTER TABLE
postgres-1  | ALTER TABLE
postgres-1  | ALTER TABLE
postgres-1  | COMMIT
postgres-1  | certification-init: applying 0075_log_drain_function_output_source.sql
postgres-1  | BEGIN
postgres-1  | CREATE FUNCTION
postgres-1  | REVOKE
postgres-1  | GRANT
postgres-1  | COMMIT
postgres-1  | certification-init: applying 0077_realtime_presence.sql
postgres-1  | BEGIN
postgres-1  | CREATE TABLE
postgres-1  | CREATE INDEX
postgres-1  | CREATE INDEX
postgres-1  | ALTER TABLE
postgres-1  | CREATE POLICY
postgres-1  | CREATE POLICY
postgres-1  | CREATE POLICY
postgres-1  | CREATE POLICY
postgres-1  | REVOKE
postgres-1  | GRANT
postgres-1  | GRANT
postgres-1  | COMMIT
postgres-1  | certification-init: applying 0078_project_auth_oauth_storage_write_scope.sql
postgres-1  | BEGIN
postgres-1  | ALTER TABLE
postgres-1  | ALTER TABLE
postgres-1  | ALTER TABLE
postgres-1  | ALTER TABLE
postgres-1  | ALTER TABLE
postgres-1  | ALTER TABLE
postgres-1  | ALTER TABLE
postgres-1  | ALTER TABLE
postgres-1  | COMMIT
postgres-1  | certification-init: applying 0080_billing_invoice_positions.sql
postgres-1  | BEGIN
postgres-1  | ALTER TABLE
postgres-1  | UPDATE 0
postgres-1  | ALTER TABLE
postgres-1  | ALTER TABLE
postgres-1  | ALTER TABLE
postgres-1  | ALTER TABLE
postgres-1  | GRANT
postgres-1  | CREATE TABLE
postgres-1  | CREATE INDEX
postgres-1  | ALTER TABLE
postgres-1  | ALTER TABLE
postgres-1  | CREATE POLICY
postgres-1  | CREATE POLICY
postgres-1  | REVOKE
postgres-1  | GRANT
postgres-1  | GRANT
postgres-1  | GRANT
postgres-1  | COMMIT
postgres-1  | certification-init: applying 0081_project_queue_message_traces.sql
postgres-1  | BEGIN
postgres-1  | CREATE TABLE
postgres-1  | CREATE INDEX
postgres-1  | CREATE INDEX
postgres-1  | CREATE FUNCTION
postgres-1  | CREATE TRIGGER
postgres-1  | ALTER TABLE
postgres-1  | ALTER TABLE
postgres-1  | CREATE POLICY
postgres-1  | CREATE POLICY
postgres-1  | CREATE POLICY
postgres-1  | REVOKE
postgres-1  | REVOKE
postgres-1  | GRANT
postgres-1  | GRANT
postgres-1  | COMMIT
postgres-1  | certification-init: applying 0082_trace_spans_and_outbound_anchor.sql
postgres-1  | BEGIN
postgres-1  | ALTER TABLE
postgres-1  | ALTER TABLE
postgres-1  | ALTER TABLE
postgres-1  | ALTER TABLE
postgres-1  | ALTER TABLE
postgres-1  | CREATE FUNCTION
postgres-1  | REVOKE
postgres-1  | COMMIT
postgres-1  | certification-init: applying 0083_project_database_backups.sql
postgres-1  | BEGIN
postgres-1  | CREATE TABLE
postgres-1  | CREATE INDEX
postgres-1  | CREATE INDEX
postgres-1  | CREATE INDEX
postgres-1  | CREATE TRIGGER
postgres-1  | ALTER TABLE
postgres-1  | ALTER TABLE
postgres-1  | CREATE POLICY
postgres-1  | REVOKE
postgres-1  | GRANT
postgres-1  | GRANT
postgres-1  | COMMIT
postgres-1  | certification-init: applied 77 migrations
postgres-1  | CREATE EXTENSION
postgres-1  | CREATE ROLE
postgres-1  | CREATE ROLE
postgres-1  | CREATE ROLE
postgres-1  | CREATE ROLE
postgres-1  | CREATE ROLE
postgres-1  | GRANT ROLE
postgres-1  | GRANT ROLE
postgres-1  | GRANT ROLE
postgres-1  | GRANT ROLE
postgres-1  | 2026-10-01 21:58:48.081 UTC [319] WARNING:  role "qkern_app" has not been granted membership in role "qkern_auth" by role "qkern"
postgres-1  | REVOKE ROLE
postgres-1  | WARNING:  role "qkern_app" has not been granted membership in role "qkern_auth" by role "qkern"
postgres-1  | WARNING:  role "qkern_app" has not been granted membership in role "qkern_worker" by role "qkern"
postgres-1  | 2026-10-01 21:58:48.082 UTC [319] WARNING:  role "qkern_app" has not been granted membership in role "qkern_worker" by role "qkern"
postgres-1  | REVOKE ROLE
postgres-1  | 2026-10-01 21:58:48.082 UTC [319] WARNING:  role "qkern_app" has not been granted membership in role "qkern_provisioner" by role "qkern"
postgres-1  | REVOKE ROLE
postgres-1  | WARNING:  role "qkern_app" has not been granted membership in role "qkern_provisioner" by role "qkern"
postgres-1  | 2026-10-01 21:58:48.082 UTC [319] WARNING:  role "qkern_auth_app" has not been granted membership in role "qkern_runtime" by role "qkern"
postgres-1  | WARNING:  role "qkern_auth_app" has not been granted membership in role "qkern_runtime" by role "qkern"
postgres-1  | REVOKE ROLE
postgres-1  | 2026-10-01 21:58:48.083 UTC [319] WARNING:  role "qkern_auth_app" has not been granted membership in role "qkern_worker" by role "qkern"
postgres-1  | REVOKE ROLE
postgres-1  | WARNING:  role "qkern_auth_app" has not been granted membership in role "qkern_worker" by role "qkern"
postgres-1  | 2026-10-01 21:58:48.083 UTC [319] WARNING:  role "qkern_auth_app" has not been granted membership in role "qkern_provisioner" by role "qkern"
postgres-1  | REVOKE ROLE
postgres-1  | WARNING:  role "qkern_auth_app" has not been granted membership in role "qkern_provisioner" by role "qkern"
postgres-1  | 2026-10-01 21:58:48.083 UTC [319] WARNING:  role "qkern_worker_app" has not been granted membership in role "qkern_runtime" by role "qkern"
postgres-1  | 2026-10-01 21:58:48.083 UTC [319] WARNING:  role "qkern_worker_app" has not been granted membership in role "qkern_auth" by role "qkern"
postgres-1  | 2026-10-01 21:58:48.083 UTC [319] WARNING:  role "qkern_worker_app" has not been granted membership in role "qkern_provisioner" by role "qkern"
postgres-1  | REVOKE ROLE
postgres-1  | 2026-10-01 21:58:48.083 UTC [319] WARNING:  role "qkern_provisioner_app" has not been granted membership in role "qkern_runtime" by role "qkern"
postgres-1  | 2026-10-01 21:58:48.083 UTC [319] WARNING:  role "qkern_provisioner_app" has not been granted membership in role "qkern_auth" by role "qkern"
postgres-1  | 2026-10-01 21:58:48.083 UTC [319] WARNING:  role "qkern_provisioner_app" has not been granted membership in role "qkern_worker" by role "qkern"
postgres-1  | WARNING:  role "qkern_worker_app" has not been granted membership in role "qkern_runtime" by role "qkern"
postgres-1  | WARNING:  role "qkern_worker_app" has not been granted membership in role "qkern_auth" by role "qkern"
postgres-1  | WARNING:  role "qkern_worker_app" has not been granted membership in role "qkern_provisioner" by role "qkern"
postgres-1  | WARNING:  role "qkern_provisioner_app" has not been granted membership in role "qkern_runtime" by role "qkern"
postgres-1  | REVOKE ROLE
postgres-1  | WARNING:  role "qkern_provisioner_app" has not been granted membership in role "qkern_auth" by role "qkern"
postgres-1  | WARNING:  role "qkern_provisioner_app" has not been granted membership in role "qkern_worker" by role "qkern"
postgres-1  | 2026-10-01 21:58:48.084 UTC [319] WARNING:  role "qkern_project_api_app" has not been granted membership in role "qkern_runtime" by role "qkern"
postgres-1  | 2026-10-01 21:58:48.084 UTC [319] WARNING:  role "qkern_project_api_app" has not been granted membership in role "qkern_auth" by role "qkern"
postgres-1  | 2026-10-01 21:58:48.084 UTC [319] WARNING:  role "qkern_project_api_app" has not been granted membership in role "qkern_worker" by role "qkern"
postgres-1  | 2026-10-01 21:58:48.084 UTC [319] WARNING:  role "qkern_project_api_app" has not been granted membership in role "qkern_provisioner" by role "qkern"
postgres-1  | REVOKE ROLE
postgres-1  | WARNING:  role "qkern_project_api_app" has not been granted membership in role "qkern_runtime" by role "qkern"
postgres-1  | WARNING:  role "qkern_project_api_app" has not been granted membership in role "qkern_auth" by role "qkern"
postgres-1  | WARNING:  role "qkern_project_api_app" has not been granted membership in role "qkern_worker" by role "qkern"
postgres-1  | WARNING:  role "qkern_project_api_app" has not been granted membership in role "qkern_provisioner" by role "qkern"
postgres-1  | ALTER ROLE
postgres-1  | ALTER ROLE
postgres-1  | ALTER ROLE
postgres-1  | ALTER ROLE
postgres-1  | ALTER ROLE
postgres-1  | ALTER ROLE
postgres-1  | ALTER ROLE
postgres-1  | ALTER ROLE
postgres-1  | ALTER ROLE
postgres-1  | ALTER ROLE
postgres-1  | ALTER ROLE
postgres-1  | ALTER ROLE
postgres-1  | ALTER ROLE
postgres-1  | ALTER ROLE
postgres-1  | ALTER ROLE
postgres-1  | project-database: kein Passwort gesetzt, lokale Projektdatenbank wird nicht angelegt
postgres-1  | 
postgres-1  | waiting for server to shut down....2026-10-01 21:58:48.095 UTC [43] LOG:  received fast shutdown request
postgres-1  | 2026-10-01 21:58:48.095 UTC [43] LOG:  aborting any active transactions
postgres-1  | 2026-10-01 21:58:48.096 UTC [43] LOG:  background worker "logical replication launcher" (PID 49) exited with exit code 1
postgres-1  | 2026-10-01 21:58:48.097 UTC [44] LOG:  shutting down
postgres-1  | 2026-10-01 21:58:48.097 UTC [44] LOG:  checkpoint starting: shutdown immediate
postgres-1  | 2026-10-01 21:58:48.106 UTC [44] LOG:  checkpoint complete: wrote 1289 buffers (7.9%); 0 WAL file(s) added, 0 removed, 0 recycled; write=0.008 s, sync=0.002 s, total=0.010 s; sync files=780, longest=0.001 s, average=0.000 s; distance=8986 kB, estimate=8986 kB; lsn=0/1DB8978, redo lsn=0/1DB8978
postgres-1  | 2026-10-01 21:58:48.114 UTC [43] LOG:  database system is shut down
postgres-1  |  done
postgres-1  | server stopped
postgres-1  | 
postgres-1  | PostgreSQL init process complete; ready for start up.
postgres-1  | 
postgres-1  | 2026-10-01 21:58:48.213 UTC [1] LOG:  starting PostgreSQL 17.10 on x86_64-pc-linux-musl, compiled by gcc (Alpine 15.2.0) 15.2.0, 64-bit
postgres-1  | 2026-10-01 21:58:48.213 UTC [1] LOG:  listening on IPv4 address "0.0.0.0", port 5432
postgres-1  | 2026-10-01 21:58:48.213 UTC [1] LOG:  listening on IPv6 address "::", port 5432
postgres-1  | 2026-10-01 21:58:48.217 UTC [1] LOG:  listening on Unix socket "/var/run/postgresql/.s.PGSQL.5432"
postgres-1  | 2026-10-01 21:58:48.219 UTC [325] LOG:  database system was shut down at 2026-10-01 21:58:48 UTC
postgres-1  | 2026-10-01 21:58:48.226 UTC [1] LOG:  database system is ready to accept connections
 Container qkern-v023-certification-postgres-1 Healthy 
 Container qkern-v023-certification-vault-1 Healthy 
 Container qkern-v023-certification-certification-1 Starting 
 Container qkern-v023-certification-certification-1 Started 
certification-1  | vault-seed: one signing secret written
certification-1  | 
certification-1  | added 240 packages, and audited 241 packages in 16s
certification-1  | 
certification-1  | 61 packages are looking for funding
certification-1  |   run `npm fund` for details
certification-1  | 
certification-1  | 10 vulnerabilities (6 moderate, 3 high, 1 critical)
certification-1  | 
certification-1  | To address issues that do not require attention, run:
certification-1  |   npm audit fix
certification-1  | 
certification-1  | To address all issues, run:
certification-1  |   npm audit fix --force
certification-1  | 
certification-1  | Run `npm audit` for details.
certification-1  | npm notice
certification-1  | npm notice New major version of npm available! 11.17.0 -> 12.2.0
certification-1  | npm notice Changelog: https://github.com/npm/cli/releases/tag/v12.2.0
certification-1  | npm notice To update run: npm install -g npm@12.2.0
certification-1  | npm notice
certification-1  | 
certification-1  | > qkern-platform@2.72.0 test:postgres
certification-1  | > vitest run tests/postgres.integration.test.ts tests/postgres-incident-recovery.integration.test.ts tests/generated-data-postgres.integration.test.ts tests/project-auth-postgres.integration.test.ts tests/project-storage-postgres.integration.test.ts tests/project-queues-postgres.integration.test.ts tests/usage-metering-postgres.integration.test.ts tests/realtime-postgres.integration.test.ts tests/realtime-change-feed-postgres.integration.test.ts tests/realtime-change-chain-postgres.integration.test.ts tests/realtime-change-soak-postgres.integration.test.ts tests/project-queues-multi-instance.integration.test.ts tests/compute-cron-postgres.integration.test.ts tests/compute-webhook-postgres.integration.test.ts tests/compute-webhook-chain.integration.test.ts tests/compute-definitions-postgres.integration.test.ts tests/compute-functions-postgres.integration.test.ts tests/usage-emitters-postgres.integration.test.ts tests/migration-process-postgres.integration.test.ts tests/realtime-process-postgres.integration.test.ts tests/provisioning-port-postgres.integration.test.ts tests/migration-enqueue-postgres.integration.test.ts tests/sql-privilege-clause-contract.integration.test.ts tests/queue-connection-pressure-postgres.integration.test.ts tests/usage-billing-postgres.integration.test.ts tests/billing-invoice-postgres.integration.test.ts tests/data-plane-query-postgres.integration.test.ts tests/data-plane-triggers-postgres.integration.test.ts tests/data-plane-functions-postgres.integration.test.ts tests/data-plane-catalog-postgres.integration.test.ts tests/data-plane-catalog-wide-postgres.integration.test.ts
certification-1  | 
certification-1  | 
certification-1  | [1m[30m[46m RUN [49m[39m[22m [36mv4.1.10 [39m[90m/workspace/qkern[39m
certification-1  | 
postgres-1       | 2026-10-01 21:59:11.166 UTC [462] ERROR:  permission denied for table project_database_provisioning_jobs
postgres-1       | 2026-10-01 21:59:11.166 UTC [462] STATEMENT:  SELECT 1 FROM project_database_provisioning_jobs LIMIT 1
postgres-1       | 2026-10-01 21:59:11.182 UTC [462] ERROR:  permission denied for table project_database_bindings
postgres-1       | 2026-10-01 21:59:11.182 UTC [462] STATEMENT:  SELECT 1 FROM project_database_bindings LIMIT 1
certification-1  |  [32m✓[39m tests/provisioning-port-postgres.integration.test.ts [2m([22m[2m6 tests[22m[2m)[22m[33m 446[2mms[22m[39m
postgres-1       | 2026-10-01 21:59:11.369 UTC [431] ERROR:  webhook delivery content is immutable
postgres-1       | 2026-10-01 21:59:11.369 UTC [431] CONTEXT:  PL/pgSQL function qkern_validate_project_webhook_delivery_update() line 10 at RAISE
postgres-1       | 2026-10-01 21:59:11.369 UTC [431] STATEMENT:  UPDATE project_webhook_deliveries SET payload='{"tampered":true}'::jsonb WHERE id=$1
postgres-1       | 2026-10-01 21:59:11.487 UTC [473] ERROR:  a settled webhook delivery is final
postgres-1       | 2026-10-01 21:59:11.487 UTC [473] CONTEXT:  PL/pgSQL function qkern_validate_project_webhook_delivery_update() line 16 at RAISE
postgres-1       | 2026-10-01 21:59:11.487 UTC [473] STATEMENT:  UPDATE project_webhook_deliveries SET status='pending' WHERE id=$1
postgres-1       | 2026-10-01 21:59:11.513 UTC [484] ERROR:  relation "change_feed" already exists
postgres-1       | 2026-10-01 21:59:11.513 UTC [484] STATEMENT:  -- Run once after 0002_qkern_migration_fence.sql as the trusted project database
postgres-1       | 	-- provisioner. Provides trigger-based change capture for Realtime.
postgres-1       | 	--
postgres-1       | 	-- ## Warum Trigger und nicht logische Replikation
postgres-1       | 	--
postgres-1       | 	-- Logische Replikation sieht jede Aenderung ohne Schemaeingriff, verlangt aber
postgres-1       | 	-- eine Rolle mit Replikationsrecht und einen Slot. Beides steht im direkten
postgres-1       | 	-- Widerspruch zu diesem Schema: 0001 prueft fuer jede beteiligte Rolle
postgres-1       | 	-- ausdruecklich rolreplication = false. Ein hängender Konsument laesst den Slot
postgres-1       | 	-- ausserdem unbegrenzt WAL halten, bis die Platte voll ist -- ein
postgres-1       | 	-- Betriebsrisiko, das der Kunde traegt und QKERN nicht begrenzen kann.
postgres-1       | 	--
postgres-1       | 	-- Trigger sind begrenzbar: der Feed hat Groessengrenzen und Aufbewahrung, und
postgres-1       | 	-- das Anschalten je Tabelle ist eine Schemaaenderung, die den vorhandenen
postgres-1       | 	-- Change-Set- und Approval-Weg durchlaeuft.
postgres-1       | 	--
postgres-1       | 	-- ## Warum keine Zeilenwerte gespeichert werden
postgres-1       | 	--
postgres-1       | 	-- Der Feed haelt ausschliesslich die Primaerschluesselwerte. Die eigentlichen
postgres-1       | 	-- Zeilenwerte werden je Abonnent frisch gelesen, und zwar mit dessen Claims.
postgres-1       | 	-- Row Level Security autorisiert und erzeugt die Nutzlast damit in einem
postgres-1       | 	-- Schritt. Wuerden die Werte hier liegen, muesste eine zweite, unabhaengige
postgres-1       | 	-- Sichtbarkeitspruefung sie korrekt filtern -- eine Kopie der RLS-Logik
postgres-1       | 	-- ausserhalb der Datenbank und damit eine dauerhafte Fehlerquelle.
postgres-1       | 	
postgres-1       | 	BEGIN;
postgres-1       | 	
postgres-1       | 	CREATE TABLE qkern_internal.change_feed (
postgres-1       | 	  position bigint GENERATED ALWAYS AS IDENTITY PRIMARY KEY,
postgres-1       | 	  schema_name text NOT NULL CHECK (schema_name ~ '^[a-z_][a-z0-9_]{0,62}$'),
postgres-1       | 	  table_name text NOT NULL CHECK (table_name ~ '^[a-z_][a-z0-9_]{0,62}$'),
postgres-1       | 	  operation text NOT NULL CHECK (operation IN ('insert', 'update', 'delete')),
postgres-1       | 	  -- Nur Primaerschluesselwerte. Die Grenze verhindert, dass ein zusammengesetzter
postgres-1       | 	  -- Schluessel den Feed aufblaeht.
postgres-1       | 	  row_key jsonb NOT NULL CHECK (octet_length(row_key::text) <= 4096),
postgres-1       | 	  committed_at timestamptz NOT NULL DEFAULT now()
postgres-1       | 	);
postgres-1       | 	
postgres-1       | 	CREATE INDEX change_feed_retention_idx ON qkern_internal.change_feed (committed_at);
postgres-1       | 	
postgres-1       | 	ALTER TABLE qkern_internal.change_feed OWNER TO qkern_ledger_owner;
postgres-1       | 	
postgres-1       | 	-- SECURITY DEFINER: Der Schreiber einer Zeile besitzt keine Rechte auf dem
postgres-1       | 	-- Feed und soll sie auch nicht bekommen. Der Trigger schreibt stellvertretend.
postgres-1       | 	-- search_path wird fest gesetzt, damit kein Aufrufer die aufgeloesten Objekte
postgres-1       | 	-- umlenken kann.
postgres-1       | 	CREATE OR REPLACE FUNCTION qkern_internal.capture_change()
postgres-1       | 	RETURNS trigger
postgres-1       | 	LANGUAGE plpgsql
postgres-1       | 	SECURITY DEFINER
postgres-1       | 	SET search_path = qkern_internal, pg_catalog
postgres-1       | 	AS $$
postgres-1       | 	DECLARE
postgres-1       | 	  key_columns text[];
postgres-1       | 	  source record;
postgres-1       | 	  key jsonb;
postgres-1       | 	BEGIN
postgres-1       | 	  SELECT array_agg(attribute.attname ORDER BY attribute.attnum)
postgres-1       | 	    INTO key_columns
postgres-1       | 	    FROM pg_index index
postgres-1       | 	    JOIN pg_attribute attribute
postgres-1       | 	      ON attribute.attrelid = index.indrelid AND attribute.attnum = ANY (index.indkey)
postgres-1       | 	   WHERE index.indrelid = TG_RELID AND index.indisprimary;
postgres-1       | 	
postgres-1       | 	  IF key_columns IS NULL THEN
postgres-1       | 	    RAISE EXCEPTION 'change capture requires a primary key on %.%', TG_TABLE_SCHEMA, TG_TABLE_NAME
postgres-1       | 	      USING ERRCODE = '55000';
postgres-1       | 	  END IF;
postgres-1       | 	
postgres-1       | 	  source := CASE WHEN TG_OP = 'DELETE' THEN OLD ELSE NEW END;
postgres-1       | 	  SELECT jsonb_object_agg(entry.key, entry.value)
postgres-1       | 	    INTO key
postgres-1       | 	    FROM jsonb_each(to_jsonb(source)) AS entry
postgres-1       | 	   WHERE entry.key = ANY (key_columns);
postgres-1       | 	
postgres-1       | 	  INSERT INTO qkern_internal.change_feed (schema_name, table_name, operation, row_key)
postgres-1       | 	  VALUES (TG_TABLE_SCHEMA, TG_TABLE_NAME, lower(TG_OP), key);
postgres-1       | 	
postgres-1       | 	  RETURN NULL;
postgres-1       | 	END;
postgres-1       | 	$$;
postgres-1       | 	
postgres-1       | 	ALTER FUNCTION qkern_internal.capture_change() OWNER TO qkern_ledger_owner;
postgres-1       | 	
postgres-1       | 	REVOKE ALL ON qkern_internal.change_feed FROM PUBLIC;
postgres-1       | 	REVOKE ALL ON FUNCTION qkern_internal.capture_change() FROM PUBLIC;
postgres-1       | 	
postgres-1       | 	-- Die Laufzeitrolle liest den Feed und raeumt ihn auf. Sie darf ihn niemals
postgres-1       | 	-- schreiben: ein erfundenes Aenderungsereignis wuerde einen Lesevorgang mit
postgres-1       | 	-- fremden Claims ausloesen.
postgres-1       | 	GRANT USAGE ON SCHEMA qkern_internal TO qkern_project_api_app;
postgres-1       | 	GRANT SELECT, DELETE ON qkern_internal.change_feed TO qkern_project_api_app;
postgres-1       | 	
postgres-1       | 	COMMIT;
postgres-1       | 	
postgres-1       | 2026-10-01 21:59:11.583 UTC [450] ERROR:  new row violates row-level security policy for table "items"
postgres-1       | 2026-10-01 21:59:11.583 UTC [450] CONTEXT:  SQL function "add_item" statement 1
postgres-1       | 2026-10-01 21:59:11.583 UTC [450] STATEMENT:  SELECT "generated_f9786920_f9d1_486b_b652_448355c16471"."add_item"("item_name" => $1::text, "item_owner" => $2::text) AS result
postgres-1       | 2026-10-01 21:59:11.706 UTC [448] ERROR:  new row for relation "migration_incident_delivery_commands" violates check constraint "migration_incident_delivery_commands_expected_failure_code"
postgres-1       | 2026-10-01 21:59:11.706 UTC [448] DETAIL:  Failing row contains (53f46fdd-f4d5-4166-a393-4695585c39ef, de535109-8691-451e-9604-a6bd5197631b, 0206b7c3-e560-4713-89a9-fd73efdc4aff, constraint-test, destination_recovered, pending, null, 2026-10-01 21:59:11.705369+00, 2026-10-01 21:59:11.705369+00, null, null).
postgres-1       | 2026-10-01 21:59:11.706 UTC [448] STATEMENT:  INSERT INTO migration_incident_delivery_commands
postgres-1       | 	           (organization_id, migration_incident_id, requested_by, reason_code,
postgres-1       | 	            expected_failure_code, expected_retry_cycle)
postgres-1       | 	         VALUES ($1, $2, 'constraint-test', 'destination_recovered', NULL, NULL)
postgres-1       | 2026-10-01 21:59:11.714 UTC [505] ERROR:  permission denied for table project_cron_definitions
postgres-1       | 2026-10-01 21:59:11.714 UTC [505] STATEMENT:  UPDATE project_cron_definitions SET time_zone='UTC' WHERE id=$1
postgres-1       | 2026-10-01 21:59:11.725 UTC [507] ERROR:  permission denied for table project_functions
postgres-1       | 2026-10-01 21:59:11.725 UTC [507] STATEMENT:  UPDATE project_functions SET image=$2 WHERE id=$1
postgres-1       | 2026-10-01 21:59:11.738 UTC [474] ERROR:  duplicate key value violates unique constraint "project_cron_definitions_name_key"
postgres-1       | 2026-10-01 21:59:11.738 UTC [474] STATEMENT:  INSERT INTO project_cron_definitions
postgres-1       | 	           (organization_id, project_id, environment, name, expression, queue, payload, enabled,
postgres-1       | 	            time_zone)
postgres-1       | 	         VALUES ($1,$2,$3,$4,$5,$6,$7,$8,$9)
postgres-1       | 	         RETURNING id, organization_id, project_id, environment, name, expression, queue,
postgres-1       | 	  payload, enabled, time_zone, last_dispatched_at, created_at
postgres-1       | 2026-10-01 21:59:11.744 UTC [508] ERROR:  new row for relation "migration_incident_delivery_commands" violates check constraint "migration_incident_delivery_commands_expected_retry_cycle"
postgres-1       | 2026-10-01 21:59:11.744 UTC [508] DETAIL:  Failing row contains (af6de5a2-4866-44f8-8247-cb1e3fc0dbb4, de535109-8691-451e-9604-a6bd5197631b, 0206b7c3-e560-4713-89a9-fd73efdc4aff, constraint-test, destination_recovered, pending, null, 2026-10-01 21:59:11.740005+00, 2026-10-01 21:59:11.740005+00, PUBLISH_FAILED, null).
postgres-1       | 2026-10-01 21:59:11.744 UTC [508] STATEMENT:  INSERT INTO migration_incident_delivery_commands
postgres-1       | 	           (organization_id, migration_incident_id, requested_by, reason_code,
postgres-1       | 	            expected_failure_code, expected_retry_cycle)
postgres-1       | 	         VALUES ($1, $2, 'constraint-test', 'destination_recovered', 'PUBLISH_FAILED', NULL)
postgres-1       | 2026-10-01 21:59:11.777 UTC [512] ERROR:  permission denied for table project_functions
postgres-1       | 2026-10-01 21:59:11.777 UTC [512] STATEMENT:  UPDATE project_functions SET memory_mib=2048 WHERE id=$1
certification-1  |  [32m✓[39m tests/generated-data-postgres.integration.test.ts [2m([22m[2m9 tests[22m[2m)[22m[33m 952[2mms[22m[39m
postgres-1       | 2026-10-01 21:59:11.792 UTC [514] ERROR:  permission denied for table project_cron_definitions
postgres-1       | 2026-10-01 21:59:11.792 UTC [514] STATEMENT:  UPDATE project_cron_definitions SET expression='*/1 * * * *' WHERE id=$1
postgres-1       | 2026-10-01 21:59:11.796 UTC [472] ERROR:  new row for relation "project_functions" violates check constraint "project_functions_image_check"
postgres-1       | 2026-10-01 21:59:11.796 UTC [472] DETAIL:  Failing row contains (86604463-c305-4049-aa83-a1d4ca51ce70, 4403a0e9-48f7-4e42-b95a-69ccd7331c04, 34012232-d7b1-4e66-a23f-e02bbe1cc017, development, tagged-e23e45b3, nodejs24, registry.example.com/qkern/probe:latest, handler.mjs, 30000, 128, 1, {}, {}, t, 2026-10-01 21:59:11.787208+00).
postgres-1       | 2026-10-01 21:59:11.796 UTC [472] STATEMENT:  INSERT INTO project_functions
postgres-1       | 	         (organization_id, project_id, environment, name, runtime, image, entrypoint)
postgres-1       | 	       VALUES ($1,$2,'development',$3,'nodejs24','registry.example.com/qkern/probe:latest','handler.mjs')
certification-1  |  [32m✓[39m tests/compute-webhook-postgres.integration.test.ts [2m([22m[2m10 tests[22m[2m)[22m[33m 1097[2mms[22m[39m
postgres-1       | 2026-10-01 21:59:11.826 UTC [480] ERROR:  duplicate key value violates unique constraint "project_functions_name_key"
postgres-1       | 2026-10-01 21:59:11.826 UTC [480] STATEMENT:  INSERT INTO project_functions
postgres-1       | 	           (organization_id, project_id, environment, name, runtime, image, entrypoint,
postgres-1       | 	            timeout_ms, memory_mib, max_concurrency, egress_origins, secret_refs, enabled)
postgres-1       | 	         VALUES ($1,$2,$3,$4,'nodejs24',$5,$6,$7,$8,$9,$10,$11,$12)
postgres-1       | 	         RETURNING id, organization_id, project_id, environment, name, runtime, image,
postgres-1       | 	  entrypoint, timeout_ms, memory_mib, max_concurrency, egress_origins, secret_refs, enabled,
postgres-1       | 	  created_at
postgres-1       | 2026-10-01 21:59:11.847 UTC [517] ERROR:  permission denied for table project_webhooks
postgres-1       | 2026-10-01 21:59:11.847 UTC [517] STATEMENT:  UPDATE project_webhooks SET url='https://elsewhere.example.com/hooks' WHERE id=$1
postgres-1       | 2026-10-01 21:59:11.880 UTC [468] ERROR:  project storage object identity is immutable
postgres-1       | 2026-10-01 21:59:11.880 UTC [468] CONTEXT:  PL/pgSQL function qkern_reject_project_storage_object_mutation() line 12 at RAISE
postgres-1       | 2026-10-01 21:59:11.880 UTC [468] STATEMENT:  UPDATE project_storage_objects SET deleted_at=coalesce(deleted_at,$5)
postgres-1       | 	        WHERE organization_id=$1 AND project_id=$2 AND environment=$3 AND id=$4
postgres-1       | 	        RETURNING id,organization_id,project_id,environment,bucket_id,object_key,owner_subject,
postgres-1       | 	  provider_key,size_bytes,content_type,checksum_sha256,etag,status,created_at,delete_after,deleted_at
postgres-1       | 2026-10-01 21:59:12.026 UTC [529] ERROR:  permission denied for table project_functions
postgres-1       | 2026-10-01 21:59:12.026 UTC [529] STATEMENT:  UPDATE project_functions SET image=$1 WHERE id=$2
certification-1  |  [32m✓[39m tests/project-storage-postgres.integration.test.ts [2m([22m[2m8 tests[22m[2m)[22m[33m 964[2mms[22m[39m
certification-1  |  [32m✓[39m tests/compute-definitions-postgres.integration.test.ts [2m([22m[2m10 tests[22m[2m)[22m[33m 979[2mms[22m[39m
postgres-1       | 2026-10-01 21:59:12.244 UTC [522] ERROR:  migration incident resolution requires worker-verified ledger evidence
postgres-1       | 2026-10-01 21:59:12.244 UTC [522] CONTEXT:  PL/pgSQL function qkern_validate_migration_incident_acknowledgement() line 49 at RAISE
postgres-1       | 2026-10-01 21:59:12.244 UTC [522] STATEMENT:  UPDATE migration_incidents
postgres-1       | 	       SET status = 'resolved',
postgres-1       | 	           resolution_code = 'target_ledger_match'::qkern_migration_incident_resolution_code
postgres-1       | 	       WHERE organization_id = $1 AND migration_job_id = $2
postgres-1       | 	         AND status IN ('open', 'acknowledged')
postgres-1       | 	       RETURNING 
postgres-1       | 	  id, organization_id, migration_job_id, project_id, environment, change_set_id,
postgres-1       | 	  kind, severity, status, detected_review_cycle, detected_reconciliation_attempt,
postgres-1       | 	  acknowledged_by, acknowledgement_code, acknowledged_at,
postgres-1       | 	  resolved_by, resolution_code, resolved_at, created_at, updated_at
postgres-1       | 2026-10-01 21:59:12.306 UTC [323] LOG:  checkpoint starting: immediate force wait
postgres-1       | 2026-10-01 21:59:12.386 UTC [323] LOG:  checkpoint complete: wrote 1455 buffers (8.9%); 0 WAL file(s) added, 0 removed, 1 recycled; write=0.075 s, sync=0.002 s, total=0.081 s; sync files=552, longest=0.001 s, average=0.001 s; distance=11051 kB, estimate=11051 kB; lsn=0/28B05E8, redo lsn=0/2883670
certification-1  |  [32m✓[39m tests/postgres-incident-recovery.integration.test.ts [2m([22m[2m6 tests[22m[2m)[22m[33m 1713[2mms[22m[39m
postgres-1       | 2026-10-01 21:59:12.492 UTC [558] ERROR:  relation "change_feed" already exists
postgres-1       | 2026-10-01 21:59:12.492 UTC [558] STATEMENT:  -- Run once after 0002_qkern_migration_fence.sql as the trusted project database
postgres-1       | 	-- provisioner. Provides trigger-based change capture for Realtime.
postgres-1       | 	--
postgres-1       | 	-- ## Warum Trigger und nicht logische Replikation
postgres-1       | 	--
postgres-1       | 	-- Logische Replikation sieht jede Aenderung ohne Schemaeingriff, verlangt aber
postgres-1       | 	-- eine Rolle mit Replikationsrecht und einen Slot. Beides steht im direkten
postgres-1       | 	-- Widerspruch zu diesem Schema: 0001 prueft fuer jede beteiligte Rolle
postgres-1       | 	-- ausdruecklich rolreplication = false. Ein hängender Konsument laesst den Slot
postgres-1       | 	-- ausserdem unbegrenzt WAL halten, bis die Platte voll ist -- ein
postgres-1       | 	-- Betriebsrisiko, das der Kunde traegt und QKERN nicht begrenzen kann.
postgres-1       | 	--
postgres-1       | 	-- Trigger sind begrenzbar: der Feed hat Groessengrenzen und Aufbewahrung, und
postgres-1       | 	-- das Anschalten je Tabelle ist eine Schemaaenderung, die den vorhandenen
postgres-1       | 	-- Change-Set- und Approval-Weg durchlaeuft.
postgres-1       | 	--
postgres-1       | 	-- ## Warum keine Zeilenwerte gespeichert werden
postgres-1       | 	--
postgres-1       | 	-- Der Feed haelt ausschliesslich die Primaerschluesselwerte. Die eigentlichen
postgres-1       | 	-- Zeilenwerte werden je Abonnent frisch gelesen, und zwar mit dessen Claims.
postgres-1       | 	-- Row Level Security autorisiert und erzeugt die Nutzlast damit in einem
postgres-1       | 	-- Schritt. Wuerden die Werte hier liegen, muesste eine zweite, unabhaengige
postgres-1       | 	-- Sichtbarkeitspruefung sie korrekt filtern -- eine Kopie der RLS-Logik
postgres-1       | 	-- ausserhalb der Datenbank und damit eine dauerhafte Fehlerquelle.
postgres-1       | 	
postgres-1       | 	BEGIN;
postgres-1       | 	
postgres-1       | 	CREATE TABLE qkern_internal.change_feed (
postgres-1       | 	  position bigint GENERATED ALWAYS AS IDENTITY PRIMARY KEY,
postgres-1       | 	  schema_name text NOT NULL CHECK (schema_name ~ '^[a-z_][a-z0-9_]{0,62}$'),
postgres-1       | 	  table_name text NOT NULL CHECK (table_name ~ '^[a-z_][a-z0-9_]{0,62}$'),
postgres-1       | 	  operation text NOT NULL CHECK (operation IN ('insert', 'update', 'delete')),
postgres-1       | 	  -- Nur Primaerschluesselwerte. Die Grenze verhindert, dass ein zusammengesetzter
postgres-1       | 	  -- Schluessel den Feed aufblaeht.
postgres-1       | 	  row_key jsonb NOT NULL CHECK (octet_length(row_key::text) <= 4096),
postgres-1       | 	  committed_at timestamptz NOT NULL DEFAULT now()
postgres-1       | 	);
postgres-1       | 	
postgres-1       | 	CREATE INDEX change_feed_retention_idx ON qkern_internal.change_feed (committed_at);
postgres-1       | 	
postgres-1       | 	ALTER TABLE qkern_internal.change_feed OWNER TO qkern_ledger_owner;
postgres-1       | 	
postgres-1       | 	-- SECURITY DEFINER: Der Schreiber einer Zeile besitzt keine Rechte auf dem
postgres-1       | 	-- Feed und soll sie auch nicht bekommen. Der Trigger schreibt stellvertretend.
postgres-1       | 	-- search_path wird fest gesetzt, damit kein Aufrufer die aufgeloesten Objekte
postgres-1       | 	-- umlenken kann.
postgres-1       | 	CREATE OR REPLACE FUNCTION qkern_internal.capture_change()
postgres-1       | 	RETURNS trigger
postgres-1       | 	LANGUAGE plpgsql
postgres-1       | 	SECURITY DEFINER
postgres-1       | 	SET search_path = qkern_internal, pg_catalog
postgres-1       | 	AS $$
postgres-1       | 	DECLARE
postgres-1       | 	  key_columns text[];
postgres-1       | 	  source record;
postgres-1       | 	  key jsonb;
postgres-1       | 	BEGIN
postgres-1       | 	  SELECT array_agg(attribute.attname ORDER BY attribute.attnum)
postgres-1       | 	    INTO key_columns
postgres-1       | 	    FROM pg_index index
postgres-1       | 	    JOIN pg_attribute attribute
postgres-1       | 	      ON attribute.attrelid = index.indrelid AND attribute.attnum = ANY (index.indkey)
postgres-1       | 	   WHERE index.indrelid = TG_RELID AND index.indisprimary;
postgres-1       | 	
postgres-1       | 	  IF key_columns IS NULL THEN
postgres-1       | 	    RAISE EXCEPTION 'change capture requires a primary key on %.%', TG_TABLE_SCHEMA, TG_TABLE_NAME
postgres-1       | 	      USING ERRCODE = '55000';
postgres-1       | 	  END IF;
postgres-1       | 	
postgres-1       | 	  source := CASE WHEN TG_OP = 'DELETE' THEN OLD ELSE NEW END;
postgres-1       | 	  SELECT jsonb_object_agg(entry.key, entry.value)
postgres-1       | 	    INTO key
postgres-1       | 	    FROM jsonb_each(to_jsonb(source)) AS entry
postgres-1       | 	   WHERE entry.key = ANY (key_columns);
postgres-1       | 	
postgres-1       | 	  INSERT INTO qkern_internal.change_feed (schema_name, table_name, operation, row_key)
postgres-1       | 	  VALUES (TG_TABLE_SCHEMA, TG_TABLE_NAME, lower(TG_OP), key);
postgres-1       | 	
postgres-1       | 	  RETURN NULL;
postgres-1       | 	END;
postgres-1       | 	$$;
postgres-1       | 	
postgres-1       | 	ALTER FUNCTION qkern_internal.capture_change() OWNER TO qkern_ledger_owner;
postgres-1       | 	
postgres-1       | 	REVOKE ALL ON qkern_internal.change_feed FROM PUBLIC;
postgres-1       | 	REVOKE ALL ON FUNCTION qkern_internal.capture_change() FROM PUBLIC;
postgres-1       | 	
postgres-1       | 	-- Die Laufzeitrolle liest den Feed und raeumt ihn auf. Sie darf ihn niemals
postgres-1       | 	-- schreiben: ein erfundenes Aenderungsereignis wuerde einen Lesevorgang mit
postgres-1       | 	-- fremden Claims ausloesen.
postgres-1       | 	GRANT USAGE ON SCHEMA qkern_internal TO qkern_project_api_app;
postgres-1       | 	GRANT SELECT, DELETE ON qkern_internal.change_feed TO qkern_project_api_app;
postgres-1       | 	
postgres-1       | 	COMMIT;
postgres-1       | 	
postgres-1       | 2026-10-01 21:59:12.589 UTC [567] ERROR:  permission denied for table project_auth_users
postgres-1       | 2026-10-01 21:59:12.589 UTC [567] STATEMENT:  SELECT id FROM project_auth_users LIMIT 1
postgres-1       | 2026-10-01 21:59:12.619 UTC [563] ERROR:  change capture requires a primary key on public.cdc_keyless_39748b8f65a0
postgres-1       | 2026-10-01 21:59:12.619 UTC [563] CONTEXT:  PL/pgSQL function capture_change() line 15 at RAISE
postgres-1       | 2026-10-01 21:59:12.619 UTC [563] STATEMENT:  INSERT INTO public.cdc_keyless_39748b8f65a0 (label) VALUES ('orphan')
certification-1  | [90mstdout[2m | tests/sql-privilege-clause-contract.integration.test.ts[2m > [22m[2mSQL privilege clause contract[2m > [22m[2mfinds statements to check
certification-1  | [22m[39mprivilege clause contract: 150 Anweisungen, 14 Spaltenlisten nicht auswertbar, 1055 Platzhalter offen
certification-1  | 
postgres-1       | 2026-10-01 21:59:12.686 UTC [578] ERROR:  permission denied for table change_feed
postgres-1       | 2026-10-01 21:59:12.686 UTC [578] STATEMENT:  INSERT INTO qkern_internal.change_feed (schema_name, table_name, operation, row_key)
postgres-1       | 	       VALUES ('public', 'forged', 'insert', '{"id":"forged"}'::jsonb)
certification-1  |  [32m✓[39m tests/realtime-change-feed-postgres.integration.test.ts [2m([22m[2m6 tests[22m[2m)[22m[33m 391[2mms[22m[39m
postgres-1       | 2026-10-01 21:59:12.900 UTC [528] ERROR:  function slots are immutable
postgres-1       | 2026-10-01 21:59:12.900 UTC [528] CONTEXT:  PL/pgSQL function qkern_reject_project_function_slot_update() line 3 at RAISE
postgres-1       | 2026-10-01 21:59:12.900 UTC [528] STATEMENT:  UPDATE project_function_slots SET expires_at = now() + interval '1 hour'
postgres-1       | 	        WHERE organization_id=$1 AND function_id=$2
certification-1  |  [32m✓[39m tests/compute-functions-postgres.integration.test.ts [2m([22m[2m13 tests[22m[2m)[22m[33m 1644[2mms[22m[39m
postgres-1       | 2026-10-01 21:59:12.968 UTC [576] ERROR:  cron progress must not move backwards
postgres-1       | 2026-10-01 21:59:12.968 UTC [576] CONTEXT:  PL/pgSQL function qkern_validate_project_cron_update() line 10 at RAISE
postgres-1       | 2026-10-01 21:59:12.968 UTC [576] STATEMENT:  UPDATE project_cron_definitions
postgres-1       | 	            SET last_dispatched_at=$3, updated_at=now()
postgres-1       | 	          WHERE organization_id=$1 AND id=$2
postgres-1       | 2026-10-01 21:59:12.988 UTC [575] ERROR:  cron progress must not move backwards
postgres-1       | 2026-10-01 21:59:12.988 UTC [575] CONTEXT:  PL/pgSQL function qkern_validate_project_cron_update() line 10 at RAISE
postgres-1       | 2026-10-01 21:59:12.988 UTC [575] STATEMENT:  UPDATE project_cron_definitions
postgres-1       | 	            SET last_dispatched_at=$3, updated_at=now()
postgres-1       | 	          WHERE organization_id=$1 AND id=$2
postgres-1       | 2026-10-01 21:59:13.027 UTC [471] ERROR:  realtime events are append-only
postgres-1       | 2026-10-01 21:59:13.027 UTC [471] CONTEXT:  PL/pgSQL function qkern_reject_realtime_event_update() line 3 at RAISE
postgres-1       | 2026-10-01 21:59:13.027 UTC [471] STATEMENT:  UPDATE realtime_events SET event='tampered'
postgres-1       | 	        WHERE organization_id=$1 AND channel=$2
certification-1  |  [32m✓[39m tests/project-queues-postgres.integration.test.ts [2m([22m[2m9 tests[22m[2m)[22m[33m 1734[2mms[22m[39m
postgres-1       | 2026-10-01 21:59:13.110 UTC [554] ERROR:  new row violates row-level security policy "audit_logs_project_auth_insert" for table "audit_logs"
postgres-1       | 2026-10-01 21:59:13.110 UTC [554] STATEMENT:  INSERT INTO audit_logs
postgres-1       | 	         (organization_id, project_id, environment, actor_type, actor_ref, action, resource_ref,
postgres-1       | 	          status, redacted_metadata, previous_hash, entry_hash)
postgres-1       | 	       VALUES ($1, $2, $3, $4, $5, $6, $7, $8, $9::jsonb, NULL, repeat('0', 64))
postgres-1       | 	       RETURNING id, organization_id, project_id, environment, actor_type, actor_ref, action, resource_ref,
postgres-1       | 	                 status, redacted_metadata, previous_hash, entry_hash, created_at
postgres-1       | 2026-10-01 21:59:13.228 UTC [574] ERROR:  cron progress must not move backwards
postgres-1       | 2026-10-01 21:59:13.228 UTC [574] CONTEXT:  PL/pgSQL function qkern_validate_project_cron_update() line 10 at RAISE
postgres-1       | 2026-10-01 21:59:13.228 UTC [574] STATEMENT:  UPDATE project_cron_definitions
postgres-1       | 	            SET last_dispatched_at=$3, updated_at=now()
postgres-1       | 	          WHERE organization_id=$1 AND id=$2
postgres-1       | 2026-10-01 21:59:13.242 UTC [573] ERROR:  cron progress must not move backwards
postgres-1       | 2026-10-01 21:59:13.242 UTC [573] CONTEXT:  PL/pgSQL function qkern_validate_project_cron_update() line 10 at RAISE
postgres-1       | 2026-10-01 21:59:13.242 UTC [573] STATEMENT:  UPDATE project_cron_definitions
postgres-1       | 	            SET last_dispatched_at=$3, updated_at=now()
postgres-1       | 	          WHERE organization_id=$1 AND id=$2
certification-1  |  [32m✓[39m tests/realtime-postgres.integration.test.ts [2m([22m[2m9 tests[22m[2m)[22m[33m 1940[2mms[22m[39m
certification-1  |      [33m[2m✓[22m[39m merges the presence of two instances and keeps it across a restart of the one that wrote it [33m 431[2mms[22m[39m
certification-1  |  [32m✓[39m tests/compute-webhook-chain.integration.test.ts [2m([22m[2m6 tests[22m[2m)[22m[33m 981[2mms[22m[39m
postgres-1       | 2026-10-01 21:59:13.303 UTC [435] ERROR:  cron progress must not move backwards
postgres-1       | 2026-10-01 21:59:13.303 UTC [435] CONTEXT:  PL/pgSQL function qkern_validate_project_cron_update() line 10 at RAISE
postgres-1       | 2026-10-01 21:59:13.303 UTC [435] STATEMENT:  UPDATE project_cron_definitions SET last_dispatched_at=$2 WHERE id=$1
certification-1  |  [32m✓[39m tests/project-auth-postgres.integration.test.ts [2m([22m[2m4 tests[22m[2m)[22m[33m 1114[2mms[22m[39m
postgres-1       | 2026-10-01 21:59:13.347 UTC [612] ERROR:  cron identity is immutable
postgres-1       | 2026-10-01 21:59:13.347 UTC [612] CONTEXT:  PL/pgSQL function qkern_validate_project_cron_update() line 6 at RAISE
postgres-1       | 2026-10-01 21:59:13.347 UTC [612] STATEMENT:  UPDATE project_cron_definitions SET project_id=$2 WHERE id=$1
postgres-1       | 2026-10-01 21:59:13.351 UTC [611] ERROR:  permission denied for table billing_rate_cards
postgres-1       | 2026-10-01 21:59:13.351 UTC [611] STATEMENT:  UPDATE billing_rate_cards SET unit_price_micros = 1 WHERE organization_id = $1
postgres-1       | 2026-10-01 21:59:13.356 UTC [611] ERROR:  permission denied for table billing_rate_cards
postgres-1       | 2026-10-01 21:59:13.356 UTC [611] STATEMENT:  DELETE FROM billing_rate_cards WHERE organization_id = $1
certification-1  |  [32m✓[39m tests/usage-billing-postgres.integration.test.ts [2m([22m[2m4 tests[22m[2m)[22m[33m 369[2mms[22m[39m
postgres-1       | 2026-10-01 21:59:13.392 UTC [613] WARNING:  "wal_level" is insufficient to publish logical changes
postgres-1       | 2026-10-01 21:59:13.392 UTC [613] HINT:  Set "wal_level" to "logical" before creating subscriptions.
postgres-1       | 2026-10-01 21:59:13.397 UTC [610] ERROR:  permission denied for table migration_outbox
postgres-1       | 2026-10-01 21:59:13.397 UTC [610] STATEMENT:  SELECT status FROM migration_outbox
postgres-1       | 2026-10-01 21:59:13.406 UTC [610] ERROR:  permission denied for table migration_outbox
postgres-1       | 2026-10-01 21:59:13.406 UTC [610] STATEMENT:  SELECT lease_owner FROM migration_outbox
postgres-1       | 2026-10-01 21:59:13.410 UTC [610] ERROR:  permission denied for table migration_outbox
postgres-1       | 2026-10-01 21:59:13.410 UTC [610] STATEMENT:  SELECT lease_token FROM migration_outbox
postgres-1       | 2026-10-01 21:59:13.413 UTC [610] ERROR:  permission denied for table migration_outbox
postgres-1       | 2026-10-01 21:59:13.413 UTC [610] STATEMENT:  SELECT lease_expires_at FROM migration_outbox
postgres-1       | 2026-10-01 21:59:13.417 UTC [610] ERROR:  permission denied for table migration_outbox
postgres-1       | 2026-10-01 21:59:13.417 UTC [610] STATEMENT:  SELECT failure_count FROM migration_outbox
certification-1  | [90mstderr[2m | tests/realtime-change-soak-postgres.integration.test.ts[2m > [22m[2mRealtime change soak PostgreSQL certification[2m > [22m[2mdelivers every change of a sustained writer without loss, gap or stall
certification-1  | [22m[39msoak: 120 Aenderungen, p50 675 ms, p95 915 ms, max 941 ms
certification-1  | 
postgres-1       | 2026-10-01 21:59:13.421 UTC [610] ERROR:  permission denied for table migration_outbox
postgres-1       | 2026-10-01 21:59:13.421 UTC [610] STATEMENT:  SELECT available_at FROM migration_outbox
certification-1  |  [32m✓[39m tests/migration-enqueue-postgres.integration.test.ts [2m([22m[2m3 tests[22m[2m)[22m[33m 352[2mms[22m[39m
certification-1  | [90mstderr[2m | tests/realtime-change-soak-postgres.integration.test.ts[2m > [22m[2mRealtime change soak PostgreSQL certification[2m > [22m[2mdelivers every change of a sustained writer without loss, gap or stall
certification-1  | [22m[39msoak: 5 Buchungen fuer 120 Nachrichten
certification-1  | 
certification-1  |  [32m✓[39m tests/realtime-change-soak-postgres.integration.test.ts [2m([22m[2m1 test[22m[2m)[22m[33m 2142[2mms[22m[39m
certification-1  |      [33m[2m✓[22m[39m delivers every change of a sustained writer without loss, gap or stall [33m 1883[2mms[22m[39m
certification-1  |  [32m✓[39m tests/data-plane-catalog-wide-postgres.integration.test.ts [2m([22m[2m4 tests[22m[2m)[22m[33m 360[2mms[22m[39m
certification-1  |  [32m✓[39m tests/data-plane-functions-postgres.integration.test.ts [2m([22m[2m1 test[22m[2m)[22m[32m 200[2mms[22m[39m
certification-1  |  [32m✓[39m tests/usage-metering-postgres.integration.test.ts [2m([22m[2m4 tests[22m[2m)[22m[33m 325[2mms[22m[39m
certification-1  |  [32m✓[39m tests/data-plane-catalog-postgres.integration.test.ts [2m([22m[2m3 tests[22m[2m)[22m[32m 208[2mms[22m[39m
certification-1  |  [32m✓[39m tests/usage-emitters-postgres.integration.test.ts [2m([22m[2m20 tests[22m[2m)[22m[33m 1810[2mms[22m[39m
certification-1  |      [33m[2m✓[22m[39m counts every simultaneous enqueue across queues exactly once [33m 341[2mms[22m[39m
certification-1  |  [32m✓[39m tests/data-plane-triggers-postgres.integration.test.ts [2m([22m[2m1 test[22m[2m)[22m[32m 181[2mms[22m[39m
certification-1  |  [32m✓[39m tests/data-plane-query-postgres.integration.test.ts [2m([22m[2m2 tests[22m[2m)[22m[32m 200[2mms[22m[39m
certification-1  |  [32m✓[39m tests/queue-connection-pressure-postgres.integration.test.ts [2m([22m[2m1 test[22m[2m)[22m[33m 342[2mms[22m[39m
certification-1  |  [32m✓[39m tests/sql-privilege-clause-contract.integration.test.ts [2m([22m[2m2 tests[22m[2m)[22m[33m 2248[2mms[22m[39m
certification-1  |      [33m[2m✓[22m[39m grants every write role the read right its clauses require [33m 1920[2mms[22m[39m
postgres-1       | 2026-10-01 21:59:16.297 UTC [680] FATAL:  terminating connection due to administrator command
postgres-1       | 2026-10-01 21:59:16.398 UTC [323] LOG:  checkpoint starting: immediate force wait
postgres-1       | 2026-10-01 21:59:16.413 UTC [323] LOG:  checkpoint complete: wrote 492 buffers (3.0%); 0 WAL file(s) added, 0 removed, 0 recycled; write=0.013 s, sync=0.001 s, total=0.015 s; sync files=275, longest=0.001 s, average=0.001 s; distance=1859 kB, estimate=10132 kB; lsn=0/2A634A8, redo lsn=0/2A54288
certification-1  |  [32m✓[39m tests/migration-process-postgres.integration.test.ts [2m([22m[2m3 tests[22m[2m)[22m[33m 5766[2mms[22m[39m
certification-1  |      [33m[2m✓[22m[39m applies a queued statement to the real project database [33m 2161[2mms[22m[39m
certification-1  |      [33m[2m✓[22m[39m keeps a tampered statement out of the project database [33m 1535[2mms[22m[39m
certification-1  |      [33m[2m✓[22m[39m names the violated boundary condition without describing the database [33m 1552[2mms[22m[39m
postgres-1       | 2026-10-01 21:59:16.644 UTC [683] ERROR:  permission denied for table users
postgres-1       | 2026-10-01 21:59:16.644 UTC [683] STATEMENT:  SELECT id FROM users LIMIT 1
postgres-1       | 2026-10-01 21:59:16.683 UTC [684] ERROR:  permission denied for table projects
postgres-1       | 2026-10-01 21:59:16.683 UTC [684] STATEMENT:  SELECT id FROM projects LIMIT 1
certification-1  |  [32m✓[39m tests/realtime-change-chain-postgres.integration.test.ts [2m([22m[2m7 tests[22m[2m)[22m[33m 6853[2mms[22m[39m
certification-1  |      [33m[2m✓[22m[39m keeps order and delivers each change exactly once under a burst [33m 512[2mms[22m[39m
certification-1  |      [33m[2m✓[22m[39m keeps every subscriber's subset correct with many subscribers at once [33m 5772[2mms[22m[39m
certification-1  |  [32m✓[39m tests/realtime-process-postgres.integration.test.ts [2m([22m[2m3 tests[22m[2m)[22m[33m 7727[2mms[22m[39m
certification-1  |      [33m[2m✓[22m[39m serves a real client from the shipped process [33m 3514[2mms[22m[39m
certification-1  |      [33m[2m✓[22m[39m refuses production with an ephemeral log and names the condition [33m 2015[2mms[22m[39m
certification-1  |      [33m[2m✓[22m[39m serves a client on a public bind after the explicit opt-in [33m 2065[2mms[22m[39m
certification-1  |  [32m✓[39m tests/billing-invoice-postgres.integration.test.ts [2m([22m[2m6 tests[22m[2m)[22m[33m 8377[2mms[22m[39m
certification-1  |      [33m[2m✓[22m[39m issues the closed month's invoice from the shipped process [33m 1544[2mms[22m[39m
certification-1  |      [33m[2m✓[22m[39m leaves the issued invoice untouched on a second run [33m 1518[2mms[22m[39m
certification-1  |      [33m[2m✓[22m[39m refuses an open period at its configuration boundary [33m 1006[2mms[22m[39m
certification-1  |      [33m[2m✓[22m[39m issues exactly one invoice when two runs race for the same period [33m 1280[2mms[22m[39m
certification-1  |      [33m[2m✓[22m[39m numbers invoices gaplessly per organization and stamps the due date [33m 2806[2mms[22m[39m
certification-1  |  [32m✓[39m tests/compute-cron-postgres.integration.test.ts [2m([22m[2m12 tests[22m[2m)[22m[33m 8979[2mms[22m[39m
certification-1  |      [33m[2m✓[22m[39m dispatches L, # and W schedules through the real progress [33m 808[2mms[22m[39m
certification-1  |      [33m[2m✓[22m[39m produces exactly one message when two schedulers fire the same occurrence [33m 773[2mms[22m[39m
certification-1  |      [33m[2m✓[22m[39m dispatches from the shipped process [33m 3584[2mms[22m[39m
certification-1  |      [33m[2m✓[22m[39m reports ready while the cron loop is doing its rounds [33m 2257[2mms[22m[39m
certification-1  |      [33m[2m✓[22m[39m stops reporting ready when every definition fails [33m 556[2mms[22m[39m
certification-1  |  [32m✓[39m tests/project-queues-multi-instance.integration.test.ts [2m([22m[2m6 tests[22m[2m)[22m[33m 10487[2mms[22m[39m
certification-1  |      [33m[2m✓[22m[39m claims every message exactly once across six competing instances [33m 3273[2mms[22m[39m
certification-1  |      [33m[2m✓[22m[39m fences a vanished worker: the lease survives, the stale token does not [33m 6209[2mms[22m[39m
certification-1  |      [33m[2m✓[22m[39m enforces the capacity limit even when instances enqueue at the same time [33m 413[2mms[22m[39m
postgres-1       | 2026-10-01 21:59:29.064 UTC [682] ERROR:  new row for relation "project_queue_messages" violates check constraint "project_queue_messages_dedupe_pair"
postgres-1       | 2026-10-01 21:59:29.064 UTC [682] DETAIL:  Failing row contains (8875ce27-6208-41bb-bc3f-50277ebc0f63, 05957f92-2aec-49e7-8048-37ea7198ff3f, 9813f797-f0fc-4727-b546-5c733d605540, development, 190c48eb-695d-4a15-849d-8befed62c6f4, {}, available, probe, ffffffffffffffffffffffffffffffffffffffffffffffffffffffffffffffff, null, 0, 2026-10-01 21:59:29.063548+00, null, null, 0, null, null, 2026-10-01 21:59:29.063548+00, null, null, null).
postgres-1       | 2026-10-01 21:59:29.064 UTC [682] STATEMENT:  INSERT INTO project_queue_messages
postgres-1       | 	        (organization_id,project_id,environment,queue_id,payload,owner_subject,dedupe_key_hash)
postgres-1       | 	        VALUES ($1,$2,'development',$3,'{}'::jsonb,'probe',$4)
postgres-1       | 2026-10-01 21:59:29.097 UTC [815] FATAL:  database "absent_038d9984_7921_45bd_88a9_cb6e8487a3aa" does not exist
postgres-1       | 2026-10-01 21:59:29.315 UTC [323] LOG:  checkpoint starting: immediate force wait
postgres-1       | 2026-10-01 21:59:29.320 UTC [323] LOG:  checkpoint complete: wrote 505 buffers (3.1%); 0 WAL file(s) added, 0 removed, 2 recycled; write=0.005 s, sync=0.001 s, total=0.006 s; sync files=213, longest=0.001 s, average=0.000 s; distance=26577 kB, estimate=26577 kB; lsn=0/4448878, redo lsn=0/4448820
postgres-1       | 2026-10-01 21:59:30.502 UTC [686] ERROR:  new row for relation "project_auth_settings" violates check constraint "project_auth_settings_rate_limits_check"
postgres-1       | 2026-10-01 21:59:30.502 UTC [686] DETAIL:  Failing row contains (334f4d6f-0be0-4a5d-8162-dd22d40dc0df, fb50cd07-df38-48a1-9730-a4cf7264e5b0, development, f, 2026-09-26 12:00:00+00, {}, 0, 900, 5, 3600, 2, 900, f, 12, named, null, 2000, null, 2000, {}).
postgres-1       | 2026-10-01 21:59:30.502 UTC [686] STATEMENT:  UPDATE project_auth_settings SET sign_in_max = 0
postgres-1       | 	       WHERE organization_id = $1 AND project_id = $2 AND environment = 'development'
postgres-1       | 2026-10-01 21:59:30.778 UTC [829] ERROR:  new row for relation "project_auth_settings" violates check constraint "project_auth_settings_password_protection_check"
postgres-1       | 2026-10-01 21:59:30.778 UTC [829] DETAIL:  Failing row contains (a81616f3-fe90-41c4-af15-25369fca1c48, 6eec1552-8f33-4aa1-bfb5-999ef99a9197, development, f, 2026-09-26 13:00:00+00, {}, 10, 900, 5, 3600, 60, 3600, t, 11, generic, null, 2000, null, 2000, {}).
postgres-1       | 2026-10-01 21:59:30.778 UTC [829] STATEMENT:  UPDATE project_auth_settings SET password_min_length = 11
postgres-1       | 	         WHERE organization_id = $1 AND project_id = $2 AND environment = 'development'
postgres-1       | 2026-10-01 21:59:30.787 UTC [830] ERROR:  new row for relation "project_auth_settings" violates check constraint "project_auth_settings_password_protection_check"
postgres-1       | 2026-10-01 21:59:30.787 UTC [830] DETAIL:  Failing row contains (a81616f3-fe90-41c4-af15-25369fca1c48, 6eec1552-8f33-4aa1-bfb5-999ef99a9197, development, f, 2026-09-26 13:00:00+00, {}, 10, 900, 5, 3600, 60, 3600, t, 129, generic, null, 2000, null, 2000, {}).
postgres-1       | 2026-10-01 21:59:30.787 UTC [830] STATEMENT:  UPDATE project_auth_settings SET password_min_length = 129
postgres-1       | 	         WHERE organization_id = $1 AND project_id = $2 AND environment = 'development'
postgres-1       | 2026-10-01 21:59:30.796 UTC [831] ERROR:  new row for relation "project_auth_settings" violates check constraint "project_auth_settings_password_protection_check"
postgres-1       | 2026-10-01 21:59:30.796 UTC [831] DETAIL:  Failing row contains (a81616f3-fe90-41c4-af15-25369fca1c48, 6eec1552-8f33-4aa1-bfb5-999ef99a9197, development, f, 2026-09-26 13:00:00+00, {}, 10, 900, 5, 3600, 60, 3600, t, 14, loud, null, 2000, null, 2000, {}).
postgres-1       | 2026-10-01 21:59:30.796 UTC [831] STATEMENT:  UPDATE project_auth_settings SET leaked_password_notice = 'loud'
postgres-1       | 	         WHERE organization_id = $1 AND project_id = $2 AND environment = 'development'
postgres-1       | 2026-10-01 21:59:32.529 UTC [323] LOG:  checkpoint starting: immediate force wait
postgres-1       | 2026-10-01 21:59:32.530 UTC [323] LOG:  checkpoint complete: wrote 181 buffers (1.1%); 0 WAL file(s) added, 0 removed, 0 recycled; write=0.002 s, sync=0.001 s, total=0.002 s; sync files=138, longest=0.001 s, average=0.000 s; distance=5187 kB, estimate=24438 kB; lsn=0/4959590, redo lsn=0/4959538
postgres-1       | 2026-10-01 21:59:37.255 UTC [323] LOG:  checkpoint starting: immediate force wait
postgres-1       | 2026-10-01 21:59:37.256 UTC [323] LOG:  checkpoint complete: wrote 65 buffers (0.4%); 0 WAL file(s) added, 0 removed, 0 recycled; write=0.001 s, sync=0.001 s, total=0.001 s; sync files=60, longest=0.001 s, average=0.000 s; distance=4515 kB, estimate=22446 kB; lsn=0/4DC2570, redo lsn=0/4DC2518
postgres-1       | 2026-10-01 21:59:37.343 UTC [813] ERROR:  new row for relation "user_console_settings" violates check constraint "user_console_settings_language_check"
postgres-1       | 2026-10-01 21:59:37.343 UTC [813] DETAIL:  Failing row contains (37204769-3bc9-4c5e-9c6f-faab420bfefd, es, de-CH, browser, overview, system, 2026-10-01 21:59:37.343363+00, 2026-10-01 21:59:37.343363+00).
postgres-1       | 2026-10-01 21:59:37.343 UTC [813] STATEMENT:  INSERT INTO user_console_settings (user_id, language) VALUES ($1, $2)
postgres-1       | 2026-10-01 21:59:37.350 UTC [878] ERROR:  new row for relation "user_console_settings" violates check constraint "user_console_settings_format_locale_check"
postgres-1       | 2026-10-01 21:59:37.350 UTC [878] DETAIL:  Failing row contains (37204769-3bc9-4c5e-9c6f-faab420bfefd, browser, de-AT, browser, overview, system, 2026-10-01 21:59:37.349397+00, 2026-10-01 21:59:37.349397+00).
postgres-1       | 2026-10-01 21:59:37.350 UTC [878] STATEMENT:  INSERT INTO user_console_settings (user_id, format_locale) VALUES ($1, $2)
postgres-1       | 2026-10-01 21:59:37.356 UTC [879] ERROR:  new row for relation "user_console_settings" violates check constraint "user_console_settings_theme_check"
postgres-1       | 2026-10-01 21:59:37.356 UTC [879] DETAIL:  Failing row contains (37204769-3bc9-4c5e-9c6f-faab420bfefd, browser, de-CH, browser, overview, sepia, 2026-10-01 21:59:37.355195+00, 2026-10-01 21:59:37.355195+00).
postgres-1       | 2026-10-01 21:59:37.356 UTC [879] STATEMENT:  INSERT INTO user_console_settings (user_id, theme) VALUES ($1, $2)
postgres-1       | 2026-10-01 21:59:37.363 UTC [880] ERROR:  new row for relation "user_console_settings" violates check constraint "user_console_settings_time_zone_check"
postgres-1       | 2026-10-01 21:59:37.363 UTC [880] DETAIL:  Failing row contains (37204769-3bc9-4c5e-9c6f-faab420bfefd, browser, de-CH, kein zonenname mit leerzeichen, overview, system, 2026-10-01 21:59:37.362638+00, 2026-10-01 21:59:37.362638+00).
postgres-1       | 2026-10-01 21:59:37.363 UTC [880] STATEMENT:  INSERT INTO user_console_settings (user_id, time_zone) VALUES ($1, $2)
postgres-1       | 2026-10-01 21:59:37.370 UTC [881] ERROR:  new row for relation "user_console_settings" violates check constraint "user_console_settings_start_view_check"
postgres-1       | 2026-10-01 21:59:37.370 UTC [881] DETAIL:  Failing row contains (37204769-3bc9-4c5e-9c6f-faab420bfefd, browser, de-CH, browser, Nicht Erlaubt, system, 2026-10-01 21:59:37.369069+00, 2026-10-01 21:59:37.369069+00).
postgres-1       | 2026-10-01 21:59:37.370 UTC [881] STATEMENT:  INSERT INTO user_console_settings (user_id, start_view) VALUES ($1, $2)
postgres-1       | 2026-10-01 21:59:37.377 UTC [832] ERROR:  permission denied for table users
postgres-1       | 2026-10-01 21:59:37.377 UTC [832] STATEMENT:  UPDATE users SET status = 'disabled' WHERE id = $1
postgres-1       | 2026-10-01 21:59:49.903 UTC [920] ERROR:  relation "plaene_d2f2759c_da64_4549_88be_6e12d7ce679c.gibt_es_nicht" does not exist at character 73
postgres-1       | 2026-10-01 21:59:49.903 UTC [920] STATEMENT:  EXPLAIN (FORMAT JSON, COSTS ON, VERBOSE OFF, SUMMARY ON) SELECT id FROM "plaene_d2f2759c_da64_4549_88be_6e12d7ce679c".gibt_es_nicht
postgres-1       | 2026-10-01 21:59:49.926 UTC [882] ERROR:  division by zero
postgres-1       | 2026-10-01 21:59:49.926 UTC [882] STATEMENT:  SELECT 1 / 0
postgres-1       | 2026-10-01 21:59:49.932 UTC [950] ERROR:  division by zero
postgres-1       | 2026-10-01 21:59:49.932 UTC [950] STATEMENT:  SELECT 1 / 0
postgres-1       | 2026-10-01 21:59:49.938 UTC [951] ERROR:  division by zero
postgres-1       | 2026-10-01 21:59:49.938 UTC [951] STATEMENT:  SELECT 1 / 0
postgres-1       | 2026-10-01 21:59:49.943 UTC [952] ERROR:  division by zero
postgres-1       | 2026-10-01 21:59:49.943 UTC [952] STATEMENT:  SELECT 1 / 0
postgres-1       | 2026-10-01 21:59:49.949 UTC [953] ERROR:  division by zero
postgres-1       | 2026-10-01 21:59:49.949 UTC [953] STATEMENT:  SELECT 1 / 0
postgres-1       | 2026-10-01 21:59:49.955 UTC [954] ERROR:  division by zero
postgres-1       | 2026-10-01 21:59:49.955 UTC [954] STATEMENT:  SELECT 1 / 0
postgres-1       | 2026-10-01 21:59:49.960 UTC [955] ERROR:  division by zero
postgres-1       | 2026-10-01 21:59:49.960 UTC [955] STATEMENT:  SELECT 1 / 0
postgres-1       | 2026-10-01 21:59:49.967 UTC [956] ERROR:  division by zero
postgres-1       | 2026-10-01 21:59:49.967 UTC [956] STATEMENT:  SELECT 1 / 0
postgres-1       | 2026-10-01 21:59:49.973 UTC [957] ERROR:  division by zero
postgres-1       | 2026-10-01 21:59:49.973 UTC [957] STATEMENT:  SELECT 1 / 0
postgres-1       | 2026-10-01 21:59:49.980 UTC [958] ERROR:  division by zero
postgres-1       | 2026-10-01 21:59:49.980 UTC [958] STATEMENT:  SELECT 1 / 0
postgres-1       | 2026-10-01 21:59:50.839 UTC [961] ERROR:  permission denied for table pg_user_mapping
postgres-1       | 2026-10-01 21:59:50.839 UTC [961] STATEMENT:  SELECT umoptions FROM pg_catalog.pg_user_mapping
postgres-1       | 2026-10-01 21:59:50.863 UTC [959] WARNING:  "wal_level" is insufficient to publish logical changes
postgres-1       | 2026-10-01 21:59:50.863 UTC [959] HINT:  Set "wal_level" to "logical" before creating subscriptions.
postgres-1       | 2026-10-01 21:59:50.872 UTC [963] ERROR:  permission denied for table pg_subscription
postgres-1       | 2026-10-01 21:59:50.872 UTC [963] STATEMENT:  SELECT subconninfo FROM pg_catalog.pg_subscription
postgres-1       | 2026-10-01 21:59:51.104 UTC [685] ERROR:  permission denied for table project_storage_s3_access_keys
postgres-1       | 2026-10-01 21:59:51.104 UTC [685] STATEMENT:  DELETE FROM project_storage_s3_access_keys WHERE id = $1
postgres-1       | 2026-10-01 21:59:51.105 UTC [687] ERROR:  permission denied for table project_storage_s3_access_keys
postgres-1       | 2026-10-01 21:59:51.105 UTC [687] STATEMENT:  UPDATE project_storage_s3_access_keys SET name = 'anders' WHERE id = $1
postgres-1       | 2026-10-01 21:59:51.107 UTC [959] ERROR:  project storage S3 access keys are immutable except for one-way revocation
postgres-1       | 2026-10-01 21:59:51.107 UTC [959] CONTEXT:  PL/pgSQL function qkern_reject_project_storage_s3_access_key_mutation() line 14 at RAISE
postgres-1       | 2026-10-01 21:59:51.107 UTC [959] STATEMENT:  UPDATE project_storage_s3_access_keys SET revoked_at = now() + interval '1 hour' WHERE id = $1
postgres-1       | 2026-10-01 21:59:51.155 UTC [975] ERROR:  project storage S3 access keys are immutable except for one-way revocation
postgres-1       | 2026-10-01 21:59:51.155 UTC [975] CONTEXT:  PL/pgSQL function qkern_reject_project_storage_s3_access_key_mutation() line 14 at RAISE
postgres-1       | 2026-10-01 21:59:51.155 UTC [975] STATEMENT:  UPDATE project_storage_s3_access_keys SET secret_ciphertext = $2 WHERE id = $1
postgres-1       | 2026-10-01 21:59:51.800 UTC [883] ERROR:  new row for relation "project_auth_settings" violates check constraint "project_auth_settings_hook_claims_check"
postgres-1       | 2026-10-01 21:59:51.800 UTC [883] DETAIL:  Failing row contains (e4bcc16a-6d66-440c-b13b-9d4893271ecc, 40173f93-2886-43ab-a0a2-7d348d1b2958, development, f, 2026-10-01 21:59:51.72+00, {}, 10, 900, 5, 3600, 60, 3600, f, 12, named, null, 2000, hook-claims-853a860a, 2000, {role}).
postgres-1       | 2026-10-01 21:59:51.800 UTC [883] STATEMENT:  UPDATE project_auth_settings SET access_token_hook_function = $1, access_token_hook_claims = ARRAY['role']::text[] WHERE organization_id = 'e4bcc16a-6d66-440c-b13b-9d4893271ecc' AND project_id = '40173f93-2886-43ab-a0a2-7d348d1b2958'
postgres-1       | 	      AND environment = 'development'
postgres-1       | 2026-10-01 21:59:51.810 UTC [977] ERROR:  new row for relation "project_auth_settings" violates check constraint "project_auth_settings_hook_timeout_check"
postgres-1       | 2026-10-01 21:59:51.810 UTC [977] DETAIL:  Failing row contains (e4bcc16a-6d66-440c-b13b-9d4893271ecc, 40173f93-2886-43ab-a0a2-7d348d1b2958, development, f, 2026-10-01 21:59:51.72+00, {}, 10, 900, 5, 3600, 60, 3600, f, 12, named, null, 0, null, 2000, {}).
postgres-1       | 2026-10-01 21:59:51.810 UTC [977] STATEMENT:  UPDATE project_auth_settings SET sign_in_hook_timeout_ms = 0 WHERE organization_id = 'e4bcc16a-6d66-440c-b13b-9d4893271ecc' AND project_id = '40173f93-2886-43ab-a0a2-7d348d1b2958'
postgres-1       | 	      AND environment = 'development'
postgres-1       | 2026-10-01 21:59:51.820 UTC [978] ERROR:  new row for relation "project_auth_settings" violates check constraint "project_auth_settings_hook_function_check"
postgres-1       | 2026-10-01 21:59:51.820 UTC [978] DETAIL:  Failing row contains (e4bcc16a-6d66-440c-b13b-9d4893271ecc, 40173f93-2886-43ab-a0a2-7d348d1b2958, development, f, 2026-10-01 21:59:51.72+00, {}, 10, 900, 5, 3600, 60, 3600, f, 12, named, Nope!, 2000, null, 2000, {}).
postgres-1       | 2026-10-01 21:59:51.820 UTC [978] STATEMENT:  UPDATE project_auth_settings SET sign_in_hook_function = 'Nope!' WHERE organization_id = 'e4bcc16a-6d66-440c-b13b-9d4893271ecc' AND project_id = '40173f93-2886-43ab-a0a2-7d348d1b2958'
postgres-1       | 	      AND environment = 'development'
postgres-1       | 2026-10-01 21:59:51.829 UTC [979] ERROR:  new row for relation "project_auth_settings" violates check constraint "project_auth_settings_hook_claims_check"
postgres-1       | 2026-10-01 21:59:51.829 UTC [979] DETAIL:  Failing row contains (e4bcc16a-6d66-440c-b13b-9d4893271ecc, 40173f93-2886-43ab-a0a2-7d348d1b2958, development, f, 2026-10-01 21:59:51.72+00, {}, 10, 900, 5, 3600, 60, 3600, f, 12, named, null, 2000, null, 2000, {tenant}).
postgres-1       | 2026-10-01 21:59:51.829 UTC [979] STATEMENT:  UPDATE project_auth_settings SET access_token_hook_function = NULL, access_token_hook_claims = ARRAY['tenant']::text[] WHERE organization_id = 'e4bcc16a-6d66-440c-b13b-9d4893271ecc' AND project_id = '40173f93-2886-43ab-a0a2-7d348d1b2958'
postgres-1       | 	      AND environment = 'development'
postgres-1       | 2026-10-01 21:59:51.956 UTC [980] ERROR:  permission denied for table project_auth_passkeys
postgres-1       | 2026-10-01 21:59:51.956 UTC [980] STATEMENT:  UPDATE project_auth_passkeys SET public_key = $1
postgres-1       | 	        WHERE organization_id = $2 AND project_id = $3
postgres-1       | 2026-10-01 21:59:52.141 UTC [981] ERROR:  new row for relation "project_auth_third_party_providers" violates check constraint "project_auth_third_party_providers_role_check"
postgres-1       | 2026-10-01 21:59:52.141 UTC [981] DETAIL:  Failing row contains (59683288-3a0c-4439-88da-2838dddb3ce0, 9e5e1984-45dc-4aa8-82cf-85290ebd6a02, 7f5fb0fb-e819-4718-b71a-8cfe5984fad9, development, direkt, https://direkt.example.com, https://aussteller-2-80.example.com/.well-known/jwks.json, {qkern-app-2-80}, sub, null, service_role, 2026-10-01 21:59:52.139803+00).
postgres-1       | 2026-10-01 21:59:52.141 UTC [981] STATEMENT:  INSERT INTO project_auth_third_party_providers
postgres-1       | 	        (id, organization_id, project_id, environment, name, issuer, jwks_uri, audiences, default_role)
postgres-1       | 	        VALUES ($1,$2,$3,$4,'direkt','https://direkt.example.com',$5,ARRAY[$6]::text[],'service_role')
postgres-1       | 2026-10-01 21:59:52.162 UTC [982] ERROR:  permission denied for table project_auth_third_party_providers
postgres-1       | 2026-10-01 21:59:52.162 UTC [982] STATEMENT:  UPDATE project_auth_third_party_providers SET jwks_uri = $1 WHERE issuer = $2
postgres-1       | 2026-10-01 21:59:53.696 UTC [1003] ERROR:  new row violates row-level security policy for table "notizen"
postgres-1       | 2026-10-01 21:59:53.696 UTC [1003] STATEMENT:  INSERT INTO "graphqlw_3e52f32b_0bd9_4dbc_a514_948094366c7c"."notizen" ("besitzer", "inhalt", "menge")
postgres-1       | 	         VALUES ($1, $2, $3)
postgres-1       | 	         
postgres-1       | 	         RETURNING "id", "besitzer", "inhalt", "menge"
postgres-1       | 2026-10-01 21:59:53.707 UTC [1003] ERROR:  new row violates row-level security policy for table "notizen"
postgres-1       | 2026-10-01 21:59:53.707 UTC [1003] STATEMENT:  UPDATE "graphqlw_3e52f32b_0bd9_4dbc_a514_948094366c7c"."notizen" SET "besitzer" = $1
postgres-1       | 	       WHERE "menge" = $2 RETURNING "id", "besitzer", "inhalt", "menge"
postgres-1       | 2026-10-01 21:59:53.849 UTC [1004] ERROR:  new row violates row-level security policy (USING expression) for table "kunden"
postgres-1       | 2026-10-01 21:59:53.849 UTC [1004] STATEMENT:  INSERT INTO "gqlupsert_9d5cd0c2_975d_4072_8097_a3399a08a858"."kunden" ("besitzer", "email", "name", "punkte")
postgres-1       | 	         VALUES ($1, $2, $3, $4)
postgres-1       | 	         ON CONFLICT ("email")
postgres-1       | 	         DO UPDATE SET "besitzer" = EXCLUDED."besitzer", "name" = EXCLUDED."name", "punkte" = EXCLUDED."punkte"
postgres-1       | 	         RETURNING "id", "besitzer", "email", "name", "punkte", "slug"
postgres-1       | 2026-10-01 21:59:53.855 UTC [1004] ERROR:  new row violates row-level security policy (USING expression) for table "kunden"
postgres-1       | 2026-10-01 21:59:53.855 UTC [1004] STATEMENT:  INSERT INTO "gqlupsert_9d5cd0c2_975d_4072_8097_a3399a08a858"."kunden" ("besitzer", "email", "name", "punkte")
postgres-1       | 	         VALUES ($1, $2, $3, $4)
postgres-1       | 	         ON CONFLICT ("email")
postgres-1       | 	         DO UPDATE SET "besitzer" = EXCLUDED."besitzer", "name" = EXCLUDED."name", "punkte" = EXCLUDED."punkte"
postgres-1       | 	         RETURNING "id", "besitzer", "email", "name", "punkte", "slug"
postgres-1       | 2026-10-01 21:59:53.870 UTC [1004] ERROR:  new row violates row-level security policy (USING expression) for table "kunden"
postgres-1       | 2026-10-01 21:59:53.870 UTC [1004] STATEMENT:  INSERT INTO "gqlupsert_9d5cd0c2_975d_4072_8097_a3399a08a858"."kunden" ("besitzer", "email", "name", "punkte")
postgres-1       | 	         VALUES ($1, $2, $3, $4)
postgres-1       | 	         ON CONFLICT ("email")
postgres-1       | 	         DO UPDATE SET "besitzer" = EXCLUDED."besitzer", "name" = EXCLUDED."name", "punkte" = EXCLUDED."punkte"
postgres-1       | 	         RETURNING "id", "besitzer", "email", "name", "punkte", "slug"
postgres-1       | 2026-10-01 21:59:53.993 UTC [1005] ERROR:  new row violates row-level security policy (USING expression) for table "kunden"
postgres-1       | 2026-10-01 21:59:53.993 UTC [1005] STATEMENT:  INSERT INTO "mcpupsert_04457644_e196_4dc7_b932_022ddb4d92c9"."kunden" ("besitzer", "email", "name", "punkte")
postgres-1       | 	         VALUES ($1, $2, $3, $4)
postgres-1       | 	         ON CONFLICT ("email")
postgres-1       | 	         DO UPDATE SET "besitzer" = EXCLUDED."besitzer", "name" = EXCLUDED."name", "punkte" = EXCLUDED."punkte"
postgres-1       | 	         RETURNING "id", "besitzer", "email", "name", "punkte"
postgres-1       | 2026-10-01 21:59:54.025 UTC [1005] ERROR:  new row violates row-level security policy (USING expression) for table "kunden"
postgres-1       | 2026-10-01 21:59:54.025 UTC [1005] STATEMENT:  INSERT INTO "mcpupsert_04457644_e196_4dc7_b932_022ddb4d92c9"."kunden" ("besitzer", "email", "name", "punkte")
postgres-1       | 	         VALUES ($1, $2, $3, $4)
postgres-1       | 	         ON CONFLICT ("email")
postgres-1       | 	         DO UPDATE SET "besitzer" = EXCLUDED."besitzer", "name" = EXCLUDED."name", "punkte" = EXCLUDED."punkte"
postgres-1       | 	         RETURNING "id", "besitzer", "email", "name", "punkte"
postgres-1       | 2026-10-01 21:59:54.143 UTC [1006] ERROR:  permission denied for table project_auth_oauth_clients
postgres-1       | 2026-10-01 21:59:54.143 UTC [1006] STATEMENT:  UPDATE project_auth_oauth_clients SET scopes = ARRAY['data:write']::text[] WHERE id = $1
postgres-1       | 2026-10-01 21:59:54.144 UTC [983] ERROR:  new row for relation "project_auth_oauth_codes" violates check constraint "project_auth_oauth_codes_pkce_check"
postgres-1       | 2026-10-01 21:59:54.144 UTC [983] DETAIL:  Failing row contains (67b95207-5a07-4cff-8722-4f865a3ef3c7, 2b251221-9986-4711-9bce-5e85010e8ff3, 952c9d1f-002a-4624-87d3-b62c0458ae17, development, 0d8d770c-c694-4248-a7ef-16934e616967, 5d5fd0f1-950e-40c6-9ebd-946db530d800, https://app.test/oauth/zurueck, {data:read}, direkt-82ea68bf-6702-447e-9ec1-a514f485c6c9, XnV_3XjPttHQuWHpdJ5ISufFXTbiuXxqBEkwJVmK4yc, plain, 2026-10-01 21:59:54.144039+00, 2026-10-01 22:00:54.144039+00, null, null).
postgres-1       | 2026-10-01 21:59:54.144 UTC [983] STATEMENT:  INSERT INTO project_auth_oauth_codes
postgres-1       | 	        (id, organization_id, project_id, environment, client_id, auth_user_id, redirect_uri,
postgres-1       | 	         scopes, code_hash, code_challenge, code_challenge_method, expires_at)
postgres-1       | 	        VALUES ($1,$2,$3,'development',$4,$5,$6,ARRAY['data:read']::text[],$7,$8,'plain',now() + interval '1 minute')
postgres-1       | 2026-10-01 21:59:54.348 UTC [323] LOG:  checkpoint starting: immediate force wait
postgres-1       | 2026-10-01 21:59:54.352 UTC [323] LOG:  checkpoint complete: wrote 433 buffers (2.6%); 0 WAL file(s) added, 0 removed, 2 recycled; write=0.004 s, sync=0.001 s, total=0.005 s; sync files=308, longest=0.001 s, average=0.000 s; distance=26793 kB, estimate=26793 kB; lsn=0/67ECD50, redo lsn=0/67ECCF8
postgres-1       | 2026-10-01 21:59:54.380 UTC [974] ERROR:  permission denied for table project_auth_one_time_tokens
postgres-1       | 2026-10-01 21:59:54.380 UTC [974] STATEMENT:  DELETE FROM project_auth_one_time_tokens WHERE organization_id = $1
postgres-1       | 2026-10-01 21:59:54.387 UTC [1012] ERROR:  permission denied for table project_auth_oauth_tokens
postgres-1       | 2026-10-01 21:59:54.387 UTC [1012] STATEMENT:  DELETE FROM project_auth_oauth_tokens WHERE organization_id = $1
postgres-1       | 2026-10-01 21:59:54.436 UTC [1013] ERROR:  permission denied for table project_auth_saml_assertions
postgres-1       | 2026-10-01 21:59:54.436 UTC [1013] STATEMENT:  DELETE FROM project_auth_saml_assertions WHERE organization_id = $1
postgres-1       | 2026-10-01 21:59:55.514 UTC [1009] ERROR:  permission denied for table project_auth_oauth_consents
postgres-1       | 2026-10-01 21:59:55.514 UTC [1009] STATEMENT:  DELETE FROM project_auth_oauth_consents WHERE id = $1
postgres-1       | 2026-10-01 21:59:55.516 UTC [1007] ERROR:  project auth oauth consents are immutable except for one-way revocation
postgres-1       | 2026-10-01 21:59:55.516 UTC [1007] CONTEXT:  PL/pgSQL function qkern_reject_project_auth_oauth_consent_mutation() line 8 at RAISE
postgres-1       | 2026-10-01 21:59:55.516 UTC [1007] STATEMENT:  UPDATE project_auth_oauth_consents SET revoked_at = NULL WHERE id = $1
postgres-1       | 2026-10-01 21:59:55.523 UTC [1026] ERROR:  permission denied for table project_auth_oauth_consents
postgres-1       | 2026-10-01 21:59:55.523 UTC [1026] STATEMENT:  UPDATE project_auth_oauth_consents SET scopes = ARRAY['data:write']::text[] WHERE id = $1
postgres-1       | 2026-10-01 21:59:55.576 UTC [976] ERROR:  update or delete on table "users" violates foreign key constraint "organizations_created_by_fkey" on table "organizations"
postgres-1       | 2026-10-01 21:59:55.576 UTC [976] DETAIL:  Key (id)=(565d07da-d44b-4c7b-b3d1-a36f73e7ce8c) is still referenced from table "organizations".
postgres-1       | 2026-10-01 21:59:55.576 UTC [976] STATEMENT:  DELETE FROM users WHERE id = $1
postgres-1       | 2026-10-01 21:59:55.595 UTC [1030] ERROR:  extension "vector" is not available
postgres-1       | 2026-10-01 21:59:55.595 UTC [1030] DETAIL:  Could not open extension control file "/usr/local/share/postgresql/extension/vector.control": No such file or directory.
postgres-1       | 2026-10-01 21:59:55.595 UTC [1030] HINT:  The extension must first be installed on the system where PostgreSQL is running.
postgres-1       | 2026-10-01 21:59:55.595 UTC [1030] STATEMENT:  CREATE EXTENSION vector
postgres-1       | 2026-10-01 21:59:55.617 UTC [1031] ERROR:  array is too long
postgres-1       | 2026-10-01 21:59:55.617 UTC [1031] DETAIL:  A cube cannot have more than 100 dimensions.
postgres-1       | 2026-10-01 21:59:55.617 UTC [1031] STATEMENT:  SELECT cube(array_fill(0::float8, ARRAY[$1::int]))
postgres-1       | 2026-10-01 21:59:55.826 UTC [1032] ERROR:  update or delete on table "users" violates foreign key constraint "organizations_created_by_fkey" on table "organizations"
postgres-1       | 2026-10-01 21:59:55.826 UTC [1032] DETAIL:  Key (id)=(0cb65fa3-99be-43be-85cb-f93c553b1fb5) is still referenced from table "organizations".
postgres-1       | 2026-10-01 21:59:55.826 UTC [1032] STATEMENT:  DELETE FROM users WHERE id = $1
postgres-1       | 2026-10-01 21:59:56.060 UTC [1035] ERROR:  new row violates row-level security policy for table "kommentare"
postgres-1       | 2026-10-01 21:59:56.060 UTC [1035] STATEMENT:  INSERT INTO "gqlrel_86b2e208_280f_44f2_9790_9ac00b2c446c"."kommentare" ("beitrag_id", "besitzer", "id", "text")
postgres-1       | 	         VALUES ($1, $2, $3, $4)
postgres-1       | 	         
postgres-1       | 	         RETURNING "id", "beitrag_id", "verfasser_id", "text", "besitzer"
postgres-1       | 2026-10-01 21:59:56.145 UTC [1036] ERROR:  permission denied for table verschlossen
postgres-1       | 2026-10-01 21:59:56.145 UTC [1036] STATEMENT:  SELECT inhalt FROM "gqlxs_b_7eb40447_f30e_4f0e_92e1_5f3b6961753e".verschlossen
postgres-1       | 2026-10-01 21:59:56.226 UTC [1015] ERROR:  permission denied for table project_function_invocation_output
postgres-1       | 2026-10-01 21:59:56.226 UTC [1015] STATEMENT:  UPDATE project_function_invocation_output SET truncated = true
postgres-1       | 2026-10-01 21:59:56.227 UTC [1015] ERROR:  permission denied for table project_function_invocation_output
postgres-1       | 2026-10-01 21:59:56.227 UTC [1015] STATEMENT:  DELETE FROM project_function_invocation_output
postgres-1       | 2026-10-01 21:59:56.230 UTC [1033] ERROR:  new row for relation "project_function_invocation_output" violates check constraint "project_function_invocation_output_line_count_check"
postgres-1       | 2026-10-01 21:59:56.230 UTC [1033] DETAIL:  Failing row contains (e6bde46b-e8ae-4f16-9f2e-dde76076ebb7, 6f950618-44ed-4737-9095-6c1735fdac0a, 688d4e93-f2cf-4b5d-b650-6e336e6c8924, development, b16fa17d-8e14-4597-8b49-2ff5f7ad2eb1, 841746aa-4ad2-4f02-be5c-ec332d4c3e95, 2026-10-01 21:59:56.229138+00, 501, 501, 0, 0, f, 0, [{"at": "2026-09-29T10:00:00.000Z", "cut": false, "text": "x", "...).
postgres-1       | 2026-10-01 21:59:56.230 UTC [1033] STATEMENT:  INSERT INTO project_function_invocation_output
postgres-1       | 	         (organization_id, project_id, environment, function_id, invocation_id,
postgres-1       | 	          line_count, stdout_lines, stderr_lines, byte_count, truncated, dropped_lines, lines)
postgres-1       | 	       VALUES ($1, $2, 'development', $3, $4, $5, $6, 0, 0, $7, $8, $9::jsonb)
postgres-1       | 2026-10-01 21:59:56.237 UTC [1038] ERROR:  new row for relation "project_function_invocation_output" violates check constraint "project_function_invocation_output_lines_shape"
postgres-1       | 2026-10-01 21:59:56.237 UTC [1038] DETAIL:  Failing row contains (f30d4775-d000-40fa-a666-7cf798598d9a, 6f950618-44ed-4737-9095-6c1735fdac0a, 688d4e93-f2cf-4b5d-b650-6e336e6c8924, development, b16fa17d-8e14-4597-8b49-2ff5f7ad2eb1, 841746aa-4ad2-4f02-be5c-ec332d4c3e95, 2026-10-01 21:59:56.235956+00, 2, 2, 0, 0, f, 0, [{"at": "2026-09-29T10:00:00.000Z", "cut": false, "text": "x", "...).
postgres-1       | 2026-10-01 21:59:56.237 UTC [1038] STATEMENT:  INSERT INTO project_function_invocation_output
postgres-1       | 	         (organization_id, project_id, environment, function_id, invocation_id,
postgres-1       | 	          line_count, stdout_lines, stderr_lines, byte_count, truncated, dropped_lines, lines)
postgres-1       | 	       VALUES ($1, $2, 'development', $3, $4, $5, $6, 0, 0, $7, $8, $9::jsonb)
postgres-1       | 2026-10-01 21:59:56.245 UTC [1039] ERROR:  insert or update on table "project_function_invocation_output" violates foreign key constraint "project_function_invocation_o_organization_id_invocation_i_fkey"
postgres-1       | 2026-10-01 21:59:56.245 UTC [1039] DETAIL:  Key (organization_id, invocation_id)=(6f950618-44ed-4737-9095-6c1735fdac0a, 27f4d67f-a8cb-4619-ab43-42520bee5984) is not present in table "project_function_invocations".
postgres-1       | 2026-10-01 21:59:56.245 UTC [1039] STATEMENT:  INSERT INTO project_function_invocation_output
postgres-1       | 	         (organization_id, project_id, environment, function_id, invocation_id,
postgres-1       | 	          line_count, stdout_lines, stderr_lines, byte_count, truncated, dropped_lines, lines)
postgres-1       | 	       VALUES ($1, $2, 'development', $3, $4, $5, $6, 0, 0, $7, $8, $9::jsonb)
postgres-1       | 2026-10-01 21:59:56.252 UTC [1040] ERROR:  duplicate key value violates unique constraint "project_function_invocation_o_organization_id_invocation_id_key"
postgres-1       | 2026-10-01 21:59:56.252 UTC [1040] DETAIL:  Key (organization_id, invocation_id)=(6f950618-44ed-4737-9095-6c1735fdac0a, 149df799-1e74-4da6-aa2b-f2854159b244) already exists.
postgres-1       | 2026-10-01 21:59:56.252 UTC [1040] STATEMENT:  INSERT INTO project_function_invocation_output
postgres-1       | 	         (organization_id, project_id, environment, function_id, invocation_id,
postgres-1       | 	          line_count, stdout_lines, stderr_lines, byte_count, truncated, dropped_lines, lines)
postgres-1       | 	       VALUES ($1, $2, 'development', $3, $4, $5, $6, 0, 0, $7, $8, $9::jsonb)
postgres-1       | 2026-10-01 21:59:56.339 UTC [1028] ERROR:  duplicate key value violates unique constraint "project_auth_saml_assertion_key"
postgres-1       | 2026-10-01 21:59:56.339 UTC [1028] DETAIL:  Key (organization_id, project_id, environment, provider, assertion_id)=(2ee98a07-33f1-48b1-a3ed-984a490c914f, 43a0cb0e-a407-47ed-b76b-7f7fe5b8cc52, development, federation, _a5789a9b8ec6b29d90b74a8a26bc5eff4) already exists.
postgres-1       | 2026-10-01 21:59:56.339 UTC [1028] STATEMENT:  INSERT INTO project_auth_saml_assertions
postgres-1       | 	      (organization_id, project_id, environment, provider, assertion_id, expires_at)
postgres-1       | 	      VALUES ($1, $2, 'development', 'federation', $3, now() + interval '5 minutes')
postgres-1       | 2026-10-01 21:59:56.342 UTC [1027] ERROR:  new row for relation "project_auth_saml_assertions" violates check constraint "project_auth_saml_assertions_assertion_id_check"
postgres-1       | 2026-10-01 21:59:56.342 UTC [1027] DETAIL:  Failing row contains (9699f7e1-e723-4b9f-96ee-651ca4a91884, 2ee98a07-33f1-48b1-a3ed-984a490c914f, 43a0cb0e-a407-47ed-b76b-7f7fe5b8cc52, development, federation, 9nope, 2026-10-01 21:59:56.341899+00, 2026-10-01 22:04:56.341899+00).
postgres-1       | 2026-10-01 21:59:56.342 UTC [1027] STATEMENT:  INSERT INTO project_auth_saml_assertions
postgres-1       | 	      (organization_id, project_id, environment, provider, assertion_id, expires_at)
postgres-1       | 	      VALUES ($1, $2, 'development', 'federation', '9nope', now() + interval '5 minutes')
postgres-1       | 2026-10-01 21:59:56.349 UTC [1042] ERROR:  new row for relation "project_auth_saml_assertions" violates check constraint "project_auth_saml_assertions_provider_check"
postgres-1       | 2026-10-01 21:59:56.349 UTC [1042] DETAIL:  Failing row contains (b193a92a-0903-4c94-b1e7-18fb4038fb6e, 2ee98a07-33f1-48b1-a3ed-984a490c914f, 43a0cb0e-a407-47ed-b76b-7f7fe5b8cc52, development, Federation, _abc, 2026-10-01 21:59:56.34726+00, 2026-10-01 22:04:56.34726+00).
postgres-1       | 2026-10-01 21:59:56.349 UTC [1042] STATEMENT:  INSERT INTO project_auth_saml_assertions
postgres-1       | 	      (organization_id, project_id, environment, provider, assertion_id, expires_at)
postgres-1       | 	      VALUES ($1, $2, 'development', 'Federation', '_abc', now() + interval '5 minutes')
postgres-1       | 2026-10-01 21:59:56.356 UTC [1043] ERROR:  new row for relation "project_auth_saml_assertions" violates check constraint "project_auth_saml_assertions_window"
postgres-1       | 2026-10-01 21:59:56.356 UTC [1043] DETAIL:  Failing row contains (290a5d4f-db22-4c6f-b824-eefbab093fd5, 2ee98a07-33f1-48b1-a3ed-984a490c914f, 43a0cb0e-a407-47ed-b76b-7f7fe5b8cc52, development, federation, _window, 2026-10-01 21:59:56.354482+00, 2026-10-01 21:58:56.354482+00).
postgres-1       | 2026-10-01 21:59:56.356 UTC [1043] STATEMENT:  INSERT INTO project_auth_saml_assertions
postgres-1       | 	      (organization_id, project_id, environment, provider, assertion_id, used_at, expires_at)
postgres-1       | 	      VALUES ($1, $2, 'development', 'federation', '_window', now(), now() - interval '1 minute')
postgres-1       | 2026-10-01 21:59:56.363 UTC [1044] ERROR:  new row for relation "project_auth_one_time_tokens" violates check constraint "project_auth_one_time_tokens_purpose_check"
postgres-1       | 2026-10-01 21:59:56.363 UTC [1044] DETAIL:  Failing row contains (e004fd6c-41e3-4452-8b1a-adc284274b8d, 2ee98a07-33f1-48b1-a3ed-984a490c914f, 43a0cb0e-a407-47ed-b76b-7f7fe5b8cc52, development, null, saml_reply, aaaaaaaaaaaaaaaaaaaaaaaaaaaaaaaaaaaaaaaaaaaaaaaaaaaaaaaaaaaaaaaa, {}, 2026-10-01 21:59:56.361698+00, 2026-10-01 22:04:56.361698+00, null).
postgres-1       | 2026-10-01 21:59:56.363 UTC [1044] STATEMENT:  INSERT INTO project_auth_one_time_tokens
postgres-1       | 	      (organization_id, project_id, environment, purpose, token_hash, expires_at)
postgres-1       | 	      VALUES ($1, $2, 'development', 'saml_reply', $3, now() + interval '5 minutes')
postgres-1       | 2026-10-01 21:59:56.370 UTC [1045] ERROR:  permission denied for table project_auth_saml_assertions
postgres-1       | 2026-10-01 21:59:56.370 UTC [1045] STATEMENT:  UPDATE project_auth_saml_assertions SET assertion_id = '_other' WHERE organization_id = $1
postgres-1       | 2026-10-01 21:59:56.412 UTC [1041] ERROR:  project storage upload verifier and identity are immutable
postgres-1       | 2026-10-01 21:59:56.412 UTC [1041] CONTEXT:  PL/pgSQL function qkern_reject_project_storage_upload_mutation() line 15 at RAISE
postgres-1       | 2026-10-01 21:59:56.412 UTC [1041] STATEMENT:  UPDATE project_storage_uploads
postgres-1       | 	      SET parts_declared = true, kind = 'single', provider_upload_id = NULL
postgres-1       | 	      WHERE id = $1
postgres-1       | 2026-10-01 21:59:56.422 UTC [1047] ERROR:  project storage upload verifier and identity are immutable
postgres-1       | 2026-10-01 21:59:56.422 UTC [1047] CONTEXT:  PL/pgSQL function qkern_reject_project_storage_upload_mutation() line 15 at RAISE
postgres-1       | 2026-10-01 21:59:56.422 UTC [1047] STATEMENT:  UPDATE project_storage_uploads SET parts_declared = false
postgres-1       | 	      WHERE id = $1
postgres-1       | 2026-10-01 21:59:56.463 UTC [1048] ERROR:  project storage upload verifier and identity are immutable
postgres-1       | 2026-10-01 21:59:56.463 UTC [1048] CONTEXT:  PL/pgSQL function qkern_reject_project_storage_upload_mutation() line 15 at RAISE
postgres-1       | 2026-10-01 21:59:56.463 UTC [1048] STATEMENT:  UPDATE project_storage_uploads SET checksum_sha256 = NULL WHERE id = $1
postgres-1       | 2026-10-01 21:59:56.479 UTC [1049] ERROR:  new row for relation "project_storage_uploads" violates check constraint "project_storage_uploads_completed_content"
postgres-1       | 2026-10-01 21:59:56.479 UTC [1049] DETAIL:  Failing row contains (45d21c51-c14e-40a6-a84a-d8451e174df7, a978d671-ab1d-4e20-92e7-ad2040033bff, 423c83e3-4f2e-4da0-b1c9-4295ce6b65b1, development, 18a94785-b680-45d8-b5c3-fcfb95c4e0c3, halfway.txt, a978d671-ab1d-4e20-92e7-ad2040033bff/423c83e3-4f2e-4da0-b1c9-429..., 0d9084c6-56d7-4b03-b9f1-6955601dda5c, text/plain, 1, null, xZS3ZONHvhghoNiURonPTm11bBZ4bl1h4Zt9Zd6CuOY, completed, 2026-10-01 21:59:56.403+00, 2026-10-01 22:59:56.403+00, null, null, multipart, provider-upload-halfway, t).
postgres-1       | 2026-10-01 21:59:56.479 UTC [1049] STATEMENT:  UPDATE project_storage_uploads SET status = 'completed', size_bytes = 1 WHERE id = $1
postgres-1       | 2026-10-01 21:59:56.513 UTC [1051] ERROR:  permission denied for function pg_read_file
postgres-1       | 2026-10-01 21:59:56.513 UTC [1051] STATEMENT:  SELECT pg_read_file('postgresql.conf', 0, 16)
postgres-1       | 2026-10-01 21:59:56.519 UTC [1052] ERROR:  permission denied for function pg_ls_logdir
postgres-1       | 2026-10-01 21:59:56.519 UTC [1052] STATEMENT:  SELECT * FROM pg_ls_logdir()
postgres-1       | 2026-10-01 21:59:56.525 UTC [1053] ERROR:  permission denied to examine "log_directory"
postgres-1       | 2026-10-01 21:59:56.525 UTC [1053] DETAIL:  Only roles with privileges of the "pg_read_all_settings" role may examine this parameter.
postgres-1       | 2026-10-01 21:59:56.525 UTC [1053] STATEMENT:  SHOW log_directory
postgres-1       | 2026-10-01 21:59:56.531 UTC [1050] ERROR:  could not open directory "log": No such file or directory
postgres-1       | 2026-10-01 21:59:56.531 UTC [1050] STATEMENT:  SELECT * FROM pg_ls_logdir()
postgres-1       | 2026-10-01 21:59:56.575 UTC [1058] ERROR:  permission denied for function pg_read_file
postgres-1       | 2026-10-01 21:59:56.575 UTC [1058] STATEMENT:  SELECT pg_read_file('postgresql.conf', 0, 8)
postgres-1       | 2026-10-01 21:59:56.607 UTC [1015] ERROR:  new row for relation "realtime_presence" violates check constraint "realtime_presence_lease_forward"
postgres-1       | 2026-10-01 21:59:56.607 UTC [1015] STATEMENT:  INSERT INTO realtime_presence (organization_id, project_id, environment, channel,
postgres-1       | 	             presence_key, instance_id, state, tracked_at, expires_at)
postgres-1       | 	           VALUES ($1,$2,'development',$3,'qk_presence_2113backwards','instance-a','{}',$4,$5)
postgres-1       | 2026-10-01 21:59:56.608 UTC [1015] ERROR:  permission denied for table realtime_presence
postgres-1       | 2026-10-01 21:59:56.608 UTC [1015] STATEMENT:  UPDATE realtime_presence SET channel='public:hijacked'
postgres-1       | 	          WHERE organization_id=$1 AND channel=$2
postgres-1       | 2026-10-01 21:59:56.616 UTC [1060] ERROR:  permission denied for table realtime_presence
postgres-1       | 2026-10-01 21:59:56.616 UTC [1060] STATEMENT:  UPDATE realtime_presence SET presence_key='qk_presence_2113stolen'
postgres-1       | 	          WHERE organization_id=$1 AND channel=$2
postgres-1       | 2026-10-01 21:59:56.748 UTC [1062] ERROR:  duplicate key value violates unique constraint "billing_invoice_lines_invoice_id_line_key_key"
postgres-1       | 2026-10-01 21:59:56.748 UTC [1062] STATEMENT:  INSERT INTO billing_invoice_lines
postgres-1       | 	               (organization_id, invoice_id, line_key, label, metric, quantity,
postgres-1       | 	                unit_price_micros, per_units, amount_micros)
postgres-1       | 	             VALUES ($1,$2,'charge:support-retainer','Betreuung noch einmal',NULL,1,5000000,1,5000000)
postgres-1       | 2026-10-01 21:59:56.753 UTC [1055] ERROR:  update or delete on table "organizations" violates foreign key constraint "billing_rate_cards_organization_id_fkey" on table "billing_rate_cards"
postgres-1       | 2026-10-01 21:59:56.753 UTC [1055] DETAIL:  Key (id)=(d6948ea3-0647-4fcf-bac6-4cd2ba0c6844) is still referenced from table "billing_rate_cards".
postgres-1       | 2026-10-01 21:59:56.753 UTC [1055] STATEMENT:  DELETE FROM organizations WHERE id IN ($1,$2)
postgres-1       | 2026-10-01 21:59:56.761 UTC [1063] ERROR:  update or delete on table "users" violates foreign key constraint "organizations_created_by_fkey" on table "organizations"
postgres-1       | 2026-10-01 21:59:56.761 UTC [1063] DETAIL:  Key (id)=(32eab930-5241-48ea-b649-b002bf842b88) is still referenced from table "organizations".
postgres-1       | 2026-10-01 21:59:56.761 UTC [1063] STATEMENT:  DELETE FROM users WHERE id = $1
postgres-1       | 2026-10-01 21:59:56.838 UTC [1061] ERROR:  permission denied for table project_queue_message_traces
postgres-1       | 2026-10-01 21:59:56.838 UTC [1061] STATEMENT:  UPDATE project_queue_message_traces SET station='completed'
postgres-1       | 	            WHERE organization_id=$1 AND message_id=$2
postgres-1       | 2026-10-01 21:59:56.839 UTC [1064] ERROR:  a project queue trace station is append-only
postgres-1       | 2026-10-01 21:59:56.839 UTC [1064] CONTEXT:  PL/pgSQL function qkern_reject_project_queue_trace_update() line 3 at RAISE
postgres-1       | 2026-10-01 21:59:56.839 UTC [1064] STATEMENT:  UPDATE project_queue_message_traces SET station='completed'
postgres-1       | 	          WHERE organization_id=$1 AND message_id=$2
postgres-1       | 2026-10-01 21:59:57.253 UTC [1065] ERROR:  new row for relation "project_queue_message_traces" violates check constraint "project_queue_message_traces_span_shape"
postgres-1       | 2026-10-01 21:59:57.253 UTC [1065] DETAIL:  Failing row contains (8af79bb3-81e6-4926-a45d-9c91c1522dfb, bbe262eb-22b3-43e0-bb42-56c9ebe5c846, 0d5488b1-c93f-4bbb-9eef-9684f7ac087f, development, 7743b1cc-7f40-49e0-a80c-b8c7563fcba3, 6b311153-f7db-4e78-851a-ef185b8e25fc, 60, enqueued, 0, null, null, null, null, null, 2026-10-01 21:59:57.235+00, 2026-10-02 21:59:57.235+00, 0000000000000000).
postgres-1       | 2026-10-01 21:59:57.253 UTC [1065] STATEMENT:  INSERT INTO project_queue_message_traces
postgres-1       | 	         (organization_id,project_id,environment,queue_id,message_id,sequence,station,attempt,
postgres-1       | 	          span_id,occurred_at,expires_at)
postgres-1       | 	       SELECT organization_id,project_id,environment,queue_id,message_id,60,'enqueued',0,
postgres-1       | 	              repeat('0',16),occurred_at,expires_at
postgres-1       | 	         FROM project_queue_message_traces
postgres-1       | 	        WHERE organization_id=$1 AND message_id=$2 AND sequence=1
postgres-1       | 2026-10-01 21:59:57.262 UTC [1075] ERROR:  duplicate key value violates unique constraint "project_queue_message_traces_span_key"
postgres-1       | 2026-10-01 21:59:57.262 UTC [1075] DETAIL:  Key (organization_id, project_id, environment, message_id, span_id)=(bbe262eb-22b3-43e0-bb42-56c9ebe5c846, 0d5488b1-c93f-4bbb-9eef-9684f7ac087f, development, 6b311153-f7db-4e78-851a-ef185b8e25fc, 00ec4f1491d580e6) already exists.
postgres-1       | 2026-10-01 21:59:57.262 UTC [1075] STATEMENT:  INSERT INTO project_queue_message_traces
postgres-1       | 	         (organization_id,project_id,environment,queue_id,message_id,sequence,station,attempt,
postgres-1       | 	          span_id,occurred_at,expires_at)
postgres-1       | 	       SELECT organization_id,project_id,environment,queue_id,message_id,61,'enqueued',0,
postgres-1       | 	              span_id,occurred_at,expires_at
postgres-1       | 	         FROM project_queue_message_traces
postgres-1       | 	        WHERE organization_id=$1 AND message_id=$2 AND sequence=1
postgres-1       | 2026-10-01 21:59:57.381 UTC [1076] ERROR:  webhook delivery content is immutable
postgres-1       | 2026-10-01 21:59:57.381 UTC [1076] CONTEXT:  PL/pgSQL function qkern_validate_project_webhook_delivery_update() line 10 at RAISE
postgres-1       | 2026-10-01 21:59:57.381 UTC [1076] STATEMENT:  UPDATE project_webhook_deliveries SET trace_id=$3
postgres-1       | 	        WHERE organization_id=$1 AND id=$2
postgres-1       | 2026-10-01 21:59:57.394 UTC [1077] ERROR:  webhook delivery content is immutable
postgres-1       | 2026-10-01 21:59:57.394 UTC [1077] CONTEXT:  PL/pgSQL function qkern_validate_project_webhook_delivery_update() line 10 at RAISE
postgres-1       | 2026-10-01 21:59:57.394 UTC [1077] STATEMENT:  UPDATE project_webhook_deliveries SET parent_span_id=NULL
postgres-1       | 	        WHERE organization_id=$1 AND id=$2
postgres-1       | 2026-10-01 21:59:57.401 UTC [1078] ERROR:  new row for relation "project_webhook_deliveries" violates check constraint "project_webhook_deliveries_trace_anchor"
postgres-1       | 2026-10-01 21:59:57.401 UTC [1078] DETAIL:  Failing row contains (03b2259b-8700-4e65-a80d-5497cc54a8ce, bbe262eb-22b3-43e0-bb42-56c9ebe5c846, 0d5488b1-c93f-4bbb-9eef-9684f7ac087f, development, 597c9b9d-e7ae-4d32-9a4b-b389035478d5, order.created, {}, 2026-10-01 21:59:57.399716+00, pending, 0, 2026-10-01 21:59:57.399716+00, null, null, null, null, 2026-10-01 21:59:57.399716+00, null, null, null, 00f067aa0ba902b7).
postgres-1       | 2026-10-01 21:59:57.401 UTC [1078] STATEMENT:  INSERT INTO project_webhook_deliveries
postgres-1       | 	         (id, organization_id, project_id, environment, webhook_id, event_type, payload,
postgres-1       | 	          occurred_at, status, attempt_count, available_at, created_at, parent_span_id)
postgres-1       | 	       VALUES (gen_random_uuid(),$1,$2,'development',$3,'order.created','{}',now(),
postgres-1       | 	               'pending',0,now(),now(),$4)
certification-1  |  [32m✓[39m tests/postgres.integration.test.ts [2m([22m[2m75 tests[22m[2m)[22m[33m 41012[2mms[22m[39m
certification-1  |      [33m[2m✓[22m[39m finds the suspected missing index, the unused index, the bloat and the missing sample in real statistics (2.40) [33m 11991[2mms[22m[39m
certification-1  |      [33m[2m✓[22m[39m (2.56) refuses the login attempt that crosses the limit and lets the next window through [33m 662[2mms[22m[39m
certification-1  |      [33m[2m✓[22m[39m (2.67) shows what a query costs in the console without showing the query [33m 1233[2mms[22m[39m
certification-1  |      [33m[2m✓[22m[39m (2.53) delivers a table change through the running bridge process [33m 4602[2mms[22m[39m
certification-1  |      [33m[2m✓[22m[39m (2.64) forwards through the running collector process and continues after a restart [33m 4569[2mms[22m[39m
certification-1  |      [33m[2m✓[22m[39m (2.69) explains a real query plan without executing the query [33m 7806[2mms[22m[39m
certification-1  |      [33m[2m✓[22m[39m (2.70) reports the state of the real database from counters that really move [33m 918[2mms[22m[39m
certification-1  |      [33m[2m✓[22m[39m (2.77) calls the auth hooks of a real sign-in and refuses one that wants a reserved claim [33m 675[2mms[22m[39m
certification-1  |      [33m[2m✓[22m[39m (2.85) does not forward the same audit row again after a restart when the database sets the microseconds [33m 1306[2mms[22m[39m
certification-1  |      [33m[2m✓[22m[39m (2.122) cuts a trace at its own expiry and never at the outcome of its message, keeps it when the message is already pruned, never shorter than the queue retention, and stops at sixty-four stations [33m 380[2mms[22m[39m
certification-1  | 
certification-1  | [2m Test Files [22m [1m[32m31 passed[39m[22m[90m (31)[39m
certification-1  | [2m      Tests [22m [1m[32m254 passed[39m[22m[90m (254)[39m
certification-1  | [2m   Start at [22m 21:59:08
certification-1  | [2m   Duration [22m 48.56s[2m (transform 27.29s, setup 0ms, import 42.27s, tests 111.89s, environment 12ms)[22m
certification-1  | 
[Kcertification-1 exited with code 0
 Compose Stopping Aborting on container exit...
 Container qkern-v023-certification-certification-1 Stopping 
 Container qkern-v023-certification-certification-1 Stopped 
 Container qkern-v023-certification-vault-1 Stopping 
 Container qkern-v023-certification-postgres-1 Stopping 
postgres-1       | 2026-10-01 21:59:58.377 UTC [1] LOG:  received fast shutdown request
postgres-1       | 2026-10-01 21:59:58.377 UTC [1] LOG:  aborting any active transactions
vault-1          | ==> Vault shutdown triggered
vault-1          | 2026-10-01T21:59:58.378Z [INFO]  core: marked as sealed
vault-1          | 2026-10-01T21:59:58.378Z [INFO]  core: pre-seal teardown starting
vault-1          | 2026-10-01T21:59:58.379Z [INFO]  rollback: stopping rollback manager
postgres-1       | 2026-10-01 21:59:58.381 UTC [1] LOG:  background worker "logical replication launcher" (PID 328) exited with exit code 1
vault-1          | 2026-10-01T21:59:58.380Z [INFO]  core: pre-seal teardown complete
vault-1          | 2026-10-01T21:59:58.381Z [INFO]  core: stopping cluster listeners
vault-1          | 2026-10-01T21:59:58.381Z [INFO]  core.cluster-listener: forwarding rpc listeners stopped
postgres-1       | 2026-10-01 21:59:58.381 UTC [323] LOG:  shutting down
postgres-1       | 2026-10-01 21:59:58.381 UTC [323] LOG:  checkpoint starting: shutdown immediate
postgres-1       | 2026-10-01 21:59:58.385 UTC [323] LOG:  checkpoint complete: wrote 409 buffers (2.5%); 0 WAL file(s) added, 0 removed, 0 recycled; write=0.003 s, sync=0.001 s, total=0.004 s; sync files=320, longest=0.001 s, average=0.000 s; distance=2058 kB, estimate=24320 kB; lsn=0/69EF870, redo lsn=0/69EF870
postgres-1       | 2026-10-01 21:59:58.397 UTC [1] LOG:  database system is shut down
vault-1          | 2026-10-01T21:59:58.427Z [INFO]  core.cluster-listener: rpc listeners successfully shut down
vault-1          | 2026-10-01T21:59:58.427Z [INFO]  core: cluster listeners successfully shut down
vault-1          | 2026-10-01T21:59:58.427Z [INFO]  core: vault is sealed
 Container qkern-v023-certification-postgres-1 Stopped 
[Kpostgres-1 exited with code 0
 Container qkern-v023-certification-vault-1 Stopped 
[Kvault-1 exited with code 0
 Container qkern-v023-certification-certification-1 Stopping 
 Container qkern-v023-certification-certification-1 Stopped 
 Container qkern-v023-certification-certification-1 Removing 
 Container qkern-v023-certification-certification-1 Removed 
 Container qkern-v023-certification-vault-1 Stopping 
 Container qkern-v023-certification-postgres-1 Stopping 
 Container qkern-v023-certification-postgres-1 Stopped 
 Container qkern-v023-certification-postgres-1 Removing 
 Container qkern-v023-certification-vault-1 Stopped 
 Container qkern-v023-certification-vault-1 Removing 
 Container qkern-v023-certification-vault-1 Removed 
 Container qkern-v023-certification-postgres-1 Removed 
 Network qkern-v023-certification_default Removing 
 Network qkern-v023-certification_default Removed 
EXIT=0
EXIT=0
