
> qkern-platform@2.67.0 test:postgres:docker
> node scripts/postgres-certification.mjs

 Network qkern-slice-saml_default Creating 
 Network qkern-slice-saml_default Created 
 Container qkern-slice-saml-postgres-1 Creating 
 Container qkern-slice-saml-vault-1 Creating 
 Container qkern-slice-saml-postgres-1 Created 
 Container qkern-slice-saml-vault-1 Created 
 Container qkern-slice-saml-certification-1 Creating 
 Container qkern-slice-saml-certification-1 Created 
Attaching to certification-1, postgres-1, vault-1
 Container qkern-slice-saml-vault-1 Starting 
 Container qkern-slice-saml-postgres-1 Starting 
 Container qkern-slice-saml-vault-1 Started 
 Container qkern-slice-saml-postgres-1 Started 
 Container qkern-slice-saml-postgres-1 Waiting 
 Container qkern-slice-saml-vault-1 Waiting 
postgres-1  | The files belonging to this database system will be owned by user "postgres".
postgres-1  | This user must also own the server process.
postgres-1  | 
postgres-1  | The database cluster will be initialized with locale "en_US.utf8".
postgres-1  | The default database encoding has accordingly been set to "UTF8".
postgres-1  | The default text search configuration will be set to "english".
postgres-1  | 
postgres-1  | Data page checksums are disabled.
postgres-1  | 
postgres-1  | fixing permissions on existing directory /var/lib/postgresql/data ... ok
postgres-1  | creating subdirectories ... ok
postgres-1  | selecting dynamic shared memory implementation ... posix
postgres-1  | selecting default "max_connections" ... 100
postgres-1  | selecting default "shared_buffers" ... 128MB
postgres-1  | selecting default time zone ... UTC
postgres-1  | creating configuration files ... ok
postgres-1  | running bootstrap script ... ok
postgres-1  | sh: locale: not found
postgres-1  | 2026-09-30 05:04:13.162 UTC [36] WARNING:  no usable system locales were found
postgres-1  | performing post-bootstrap initialization ... ok
postgres-1  | syncing data to disk ... ok
postgres-1  | 
postgres-1  | 
postgres-1  | Success. You can now start the database server using:
postgres-1  | 
postgres-1  |     pg_ctl -D /var/lib/postgresql/data -l logfile start
postgres-1  | 
postgres-1  | initdb: warning: enabling "trust" authentication for local connections
postgres-1  | initdb: hint: You can change this by editing pg_hba.conf or using the option -A, or --auth-local and --auth-host, the next time you run initdb.
postgres-1  | waiting for server to start....2026-09-30 05:04:14.084 UTC [42] LOG:  starting PostgreSQL 17.10 on x86_64-pc-linux-musl, compiled by gcc (Alpine 15.2.0) 15.2.0, 64-bit
postgres-1  | 2026-09-30 05:04:14.090 UTC [42] LOG:  listening on Unix socket "/var/run/postgresql/.s.PGSQL.5432"
postgres-1  | 2026-09-30 05:04:14.094 UTC [45] LOG:  database system was shut down at 2026-09-30 05:04:14 UTC
postgres-1  | 2026-09-30 05:04:14.104 UTC [42] LOG:  database system is ready to accept connections
postgres-1  |  done
postgres-1  | server started
postgres-1  | CREATE DATABASE
postgres-1  | 
postgres-1  | 
postgres-1  | /usr/local/bin/docker-entrypoint.sh: running /docker-entrypoint-initdb.d/000-certification-init.sh
postgres-1  | certification-init: applying 0001_control_plane.sql
postgres-1  | CREATE EXTENSION
postgres-1  | CREATE TYPE
postgres-1  | CREATE TYPE
postgres-1  | CREATE TABLE
postgres-1  | CREATE TABLE
postgres-1  | CREATE TABLE
postgres-1  | CREATE TABLE
postgres-1  | CREATE INDEX
postgres-1  | CREATE TABLE
postgres-1  | CREATE TABLE
postgres-1  | CREATE INDEX
postgres-1  | CREATE TABLE
postgres-1  | CREATE INDEX
postgres-1  | CREATE TABLE
postgres-1  | CREATE TABLE
postgres-1  | CREATE INDEX
postgres-1  | ALTER TABLE
postgres-1  | ALTER TABLE
postgres-1  | ALTER TABLE
postgres-1  | ALTER TABLE
postgres-1  | ALTER TABLE
postgres-1  | CREATE POLICY
postgres-1  | CREATE POLICY
postgres-1  | CREATE POLICY
postgres-1  | CREATE POLICY
postgres-1  | CREATE POLICY
postgres-1  | certification-init: applying 0002_repository_hardening.sql
postgres-1  | BEGIN
postgres-1  | CREATE FUNCTION
postgres-1  | ALTER TABLE
postgres-1  | ALTER TABLE
postgres-1  | ALTER TABLE
postgres-1  | ALTER TABLE
postgres-1  | ALTER TABLE
postgres-1  | ALTER TABLE
postgres-1  | UPDATE 0
postgres-1  | ALTER TABLE
postgres-1  | CREATE INDEX
postgres-1  | CREATE INDEX
postgres-1  | CREATE FUNCTION
postgres-1  | CREATE TRIGGER
postgres-1  | CREATE TRIGGER
postgres-1  | CREATE TRIGGER
postgres-1  | CREATE FUNCTION
postgres-1  | CREATE FUNCTION
postgres-1  | CREATE TRIGGER
postgres-1  | CREATE TRIGGER
postgres-1  | ALTER TABLE
postgres-1  | ALTER TABLE
postgres-1  | ALTER TABLE
postgres-1  | ALTER TABLE
postgres-1  | ALTER TABLE
postgres-1  | ALTER TABLE
postgres-1  | ALTER TABLE
postgres-1  | ALTER TABLE
postgres-1  | ALTER TABLE
postgres-1  | ALTER TABLE
postgres-1  | ALTER TABLE
postgres-1  | ALTER TABLE
postgres-1  | ALTER TABLE
postgres-1  | ALTER TABLE
postgres-1  | ALTER TABLE
postgres-1  | ALTER TABLE
postgres-1  | DROP POLICY
postgres-1  | DROP POLICY
postgres-1  | DROP POLICY
postgres-1  | DROP POLICY
postgres-1  | DROP POLICY
postgres-1  | CREATE POLICY
postgres-1  | CREATE POLICY
postgres-1  | CREATE POLICY
postgres-1  | CREATE POLICY
postgres-1  | CREATE POLICY
postgres-1  | CREATE POLICY
postgres-1  | CREATE POLICY
postgres-1  | CREATE POLICY
postgres-1  | CREATE POLICY
postgres-1  | CREATE POLICY
postgres-1  | CREATE POLICY
postgres-1  | CREATE POLICY
postgres-1  | CREATE POLICY
postgres-1  | CREATE POLICY
postgres-1  | CREATE POLICY
postgres-1  | CREATE POLICY
postgres-1  | CREATE POLICY
postgres-1  | CREATE POLICY
postgres-1  | CREATE POLICY
postgres-1  | CREATE POLICY
postgres-1  | CREATE POLICY
postgres-1  | CREATE POLICY
postgres-1  | CREATE POLICY
postgres-1  | CREATE POLICY
postgres-1  | DO
postgres-1  | REVOKE
postgres-1  | GRANT
postgres-1  | GRANT
postgres-1  | GRANT
postgres-1  | GRANT
postgres-1  | GRANT
postgres-1  | GRANT
postgres-1  | GRANT
postgres-1  | GRANT
postgres-1  | GRANT
postgres-1  | GRANT
postgres-1  | GRANT
postgres-1  | GRANT
postgres-1  | GRANT
postgres-1  | COMMIT
postgres-1  | certification-init: applying 0003_auth_and_memberships.sql
postgres-1  | BEGIN
postgres-1  | ALTER TABLE
postgres-1  | ALTER TABLE
postgres-1  | UPDATE 0
postgres-1  | ALTER TABLE
postgres-1  | CREATE INDEX
postgres-1  | CREATE TRIGGER
postgres-1  | CREATE TABLE
postgres-1  | CREATE INDEX
postgres-1  | CREATE INDEX
postgres-1  | CREATE FUNCTION
postgres-1  | DO
postgres-1  | REVOKE
postgres-1  | REVOKE
postgres-1  | GRANT
postgres-1  | GRANT
postgres-1  | GRANT
postgres-1  | GRANT
postgres-1  | COMMIT
postgres-1  | certification-init: applying 0004_artifact_and_workspace_integrity.sql
postgres-1  | BEGIN
postgres-1  | ALTER TABLE
postgres-1  | CREATE INDEX
postgres-1  | ALTER TABLE
postgres-1  | ALTER TABLE
postgres-1  | ALTER TABLE
postgres-1  | CREATE FUNCTION
postgres-1  | CREATE TRIGGER
postgres-1  | CREATE FUNCTION
postgres-1  | CREATE TRIGGER
postgres-1  | REVOKE
postgres-1  | GRANT
postgres-1  | REVOKE
postgres-1  | GRANT
postgres-1  | GRANT
postgres-1  | GRANT
postgres-1  | COMMIT
postgres-1  | certification-init: applying 0005_migration_apply_queue.sql
postgres-1  | BEGIN
postgres-1  | CREATE TYPE
postgres-1  | CREATE TYPE
postgres-1  | CREATE TABLE
postgres-1  | CREATE INDEX
postgres-1  | CREATE INDEX
postgres-1  | CREATE TABLE
postgres-1  | CREATE INDEX
postgres-1  | CREATE TRIGGER
postgres-1  | CREATE TRIGGER
postgres-1  | CREATE FUNCTION
postgres-1  | CREATE TRIGGER
postgres-1  | CREATE FUNCTION
postgres-1  | CREATE TRIGGER
postgres-1  | ALTER TABLE
postgres-1  | ALTER TABLE
postgres-1  | ALTER TABLE
postgres-1  | ALTER TABLE
postgres-1  | CREATE POLICY
postgres-1  | CREATE POLICY
postgres-1  | CREATE POLICY
postgres-1  | CREATE POLICY
postgres-1  | CREATE POLICY
postgres-1  | CREATE POLICY
postgres-1  | REVOKE
postgres-1  | REVOKE
postgres-1  | REVOKE
postgres-1  | GRANT
postgres-1  | GRANT
postgres-1  | GRANT
postgres-1  | GRANT
postgres-1  | GRANT
postgres-1  | GRANT
postgres-1  | GRANT
postgres-1  | GRANT
postgres-1  | GRANT
postgres-1  | COMMIT
postgres-1  | certification-init: applying 0006_worker_runtime_boundary.sql
postgres-1  | BEGIN
postgres-1  | DO
postgres-1  | ALTER TABLE
postgres-1  | ALTER TABLE
postgres-1  | UPDATE 0
postgres-1  | ALTER TABLE
postgres-1  | REVOKE
postgres-1  | REVOKE
postgres-1  | REVOKE
postgres-1  | GRANT
postgres-1  | REVOKE
postgres-1  | REVOKE
postgres-1  | GRANT
postgres-1  | GRANT
postgres-1  | GRANT
postgres-1  | GRANT
postgres-1  | GRANT
postgres-1  | GRANT
postgres-1  | GRANT
postgres-1  | GRANT
postgres-1  | GRANT
postgres-1  | GRANT
postgres-1  | GRANT
postgres-1  | COMMIT
postgres-1  | certification-init: applying 0007_migration_claim_sequence.sql
postgres-1  | BEGIN
postgres-1  | ALTER TABLE
postgres-1  | REVOKE
postgres-1  | GRANT
postgres-1  | COMMIT
postgres-1  | certification-init: applying 0008_migration_reconciliation_quarantine.sql
postgres-1  | ALTER TYPE
postgres-1  | BEGIN
postgres-1  | ALTER TABLE
postgres-1  | REVOKE
postgres-1  | GRANT
postgres-1  | COMMIT
postgres-1  | certification-init: applying 0009_migration_review_commands.sql
postgres-1  | BEGIN
postgres-1  | CREATE TYPE
postgres-1  | ALTER TABLE
postgres-1  | CREATE TABLE
postgres-1  | CREATE INDEX
postgres-1  | CREATE INDEX
postgres-1  | CREATE TRIGGER
postgres-1  | ALTER TABLE
postgres-1  | ALTER TABLE
postgres-1  | CREATE POLICY
postgres-1  | CREATE POLICY
postgres-1  | CREATE POLICY
postgres-1  | REVOKE
postgres-1  | GRANT
postgres-1  | GRANT
postgres-1  | GRANT
postgres-1  | GRANT
postgres-1  | REVOKE
postgres-1  | GRANT
postgres-1  | COMMIT
postgres-1  | certification-init: applying 0010_migration_incident_escalations.sql
postgres-1  | BEGIN
postgres-1  | CREATE TYPE
postgres-1  | CREATE TYPE
postgres-1  | CREATE TABLE
postgres-1  | CREATE INDEX
postgres-1  | CREATE INDEX
postgres-1  | CREATE TRIGGER
postgres-1  | CREATE FUNCTION
postgres-1  | CREATE TRIGGER
postgres-1  | ALTER TABLE
postgres-1  | ALTER TABLE
postgres-1  | CREATE POLICY
postgres-1  | CREATE POLICY
postgres-1  | CREATE POLICY
postgres-1  | REVOKE
postgres-1  | REVOKE
postgres-1  | GRANT
postgres-1  | GRANT
postgres-1  | GRANT
postgres-1  | GRANT
postgres-1  | GRANT
postgres-1  | COMMIT
postgres-1  | certification-init: applying 0011_migration_incident_outbox.sql
postgres-1  | BEGIN
postgres-1  | CREATE TABLE
postgres-1  | CREATE INDEX
postgres-1  | CREATE TRIGGER
postgres-1  | INSERT 0 0
postgres-1  | ALTER TABLE
postgres-1  | ALTER TABLE
postgres-1  | CREATE POLICY
postgres-1  | CREATE POLICY
postgres-1  | CREATE POLICY
postgres-1  | REVOKE
postgres-1  | GRANT
postgres-1  | GRANT
postgres-1  | GRANT
postgres-1  | COMMIT
postgres-1  | certification-init: applying 0012_migration_incident_dead_letters.sql
postgres-1  | ALTER TYPE
postgres-1  | BEGIN
postgres-1  | ALTER TABLE
postgres-1  | CREATE INDEX
postgres-1  | CREATE TYPE
postgres-1  | CREATE TABLE
postgres-1  | CREATE INDEX
postgres-1  | CREATE INDEX
postgres-1  | CREATE TRIGGER
postgres-1  | CREATE FUNCTION
postgres-1  | CREATE TRIGGER
postgres-1  | ALTER TABLE
postgres-1  | ALTER TABLE
postgres-1  | CREATE POLICY
postgres-1  | CREATE POLICY
postgres-1  | CREATE POLICY
postgres-1  | REVOKE
postgres-1  | REVOKE
postgres-1  | GRANT
postgres-1  | GRANT
postgres-1  | GRANT
postgres-1  | GRANT
postgres-1  | GRANT
postgres-1  | COMMIT
postgres-1  | certification-init: applying 0013_migration_incident_delivery_health.sql
postgres-1  | BEGIN
postgres-1  | CREATE FUNCTION
postgres-1  | REVOKE
postgres-1  | GRANT
postgres-1  | COMMIT
postgres-1  | certification-init: applying 0014_migration_incident_delivery_visibility.sql
postgres-1  | BEGIN
postgres-1  | REVOKE
postgres-1  | DROP FUNCTION
postgres-1  | CREATE FUNCTION
postgres-1  | CREATE FUNCTION
postgres-1  | REVOKE
postgres-1  | REVOKE
postgres-1  | GRANT
postgres-1  | GRANT
postgres-1  | COMMIT
postgres-1  | certification-init: applying 0015_migration_incident_delivery_failure_classification.sql
postgres-1  | BEGIN
postgres-1  | ALTER TABLE
postgres-1  | REVOKE
postgres-1  | DROP FUNCTION
postgres-1  | CREATE FUNCTION
postgres-1  | REVOKE
postgres-1  | GRANT
postgres-1  | COMMIT
postgres-1  | certification-init: applying 0016_migration_incident_delivery_recovery_binding.sql
postgres-1  | BEGIN
postgres-1  | ALTER TABLE
postgres-1  | LOCK TABLE
postgres-1  | UPDATE 0
postgres-1  | UPDATE 0
postgres-1  | ALTER TABLE
postgres-1  | CREATE FUNCTION
postgres-1  | REVOKE
postgres-1  | GRANT
postgres-1  | COMMIT
postgres-1  | certification-init: applying 0017_migration_incident_verified_resolution.sql
postgres-1  | ALTER TYPE
postgres-1  | BEGIN
postgres-1  | CREATE TYPE
postgres-1  | CREATE TYPE
postgres-1  | CREATE TYPE
postgres-1  | ALTER TABLE
postgres-1  | CREATE TABLE
postgres-1  | CREATE INDEX
postgres-1  | CREATE INDEX
postgres-1  | CREATE TRIGGER
postgres-1  | CREATE FUNCTION
postgres-1  | CREATE FUNCTION
postgres-1  | CREATE FUNCTION
postgres-1  | CREATE TRIGGER
postgres-1  | ALTER TABLE
postgres-1  | ALTER TABLE
postgres-1  | CREATE POLICY
postgres-1  | CREATE POLICY
postgres-1  | CREATE POLICY
postgres-1  | REVOKE
postgres-1  | REVOKE
postgres-1  | GRANT
postgres-1  | GRANT
postgres-1  | GRANT
postgres-1  | GRANT
postgres-1  | GRANT
postgres-1  | COMMIT
postgres-1  | certification-init: applying 0018_migration_incident_delivery_recovery_generation.sql
postgres-1  | BEGIN
postgres-1  | ALTER TABLE
postgres-1  | LOCK TABLE
postgres-1  | UPDATE 0
postgres-1  | UPDATE 0
postgres-1  | ALTER TABLE
postgres-1  | ALTER TABLE
postgres-1  | CREATE FUNCTION
postgres-1  | REVOKE
postgres-1  | GRANT
postgres-1  | COMMIT
postgres-1  | certification-init: applying 0019_migration_apply_delivery_resilience.sql
postgres-1  | BEGIN
postgres-1  | ALTER TABLE
postgres-1  | CREATE INDEX
postgres-1  | CREATE TYPE
postgres-1  | CREATE TABLE
postgres-1  | CREATE INDEX
postgres-1  | CREATE INDEX
postgres-1  | CREATE TRIGGER
postgres-1  | CREATE FUNCTION
postgres-1  | CREATE TRIGGER
postgres-1  | ALTER TABLE
postgres-1  | ALTER TABLE
postgres-1  | CREATE POLICY
postgres-1  | CREATE POLICY
postgres-1  | CREATE POLICY
postgres-1  | CREATE FUNCTION
postgres-1  | CREATE FUNCTION
postgres-1  | REVOKE
postgres-1  | REVOKE
postgres-1  | REVOKE
postgres-1  | REVOKE
postgres-1  | REVOKE
postgres-1  | GRANT
postgres-1  | GRANT
postgres-1  | GRANT
postgres-1  | GRANT
postgres-1  | GRANT
postgres-1  | GRANT
postgres-1  | GRANT
postgres-1  | COMMIT
postgres-1  | certification-init: applying 0020_project_database_provisioning.sql
postgres-1  | BEGIN
postgres-1  | DO
postgres-1  | CREATE TYPE
postgres-1  | CREATE TABLE
postgres-1  | CREATE TABLE
postgres-1  | ALTER TABLE
postgres-1  | CREATE INDEX
postgres-1  | CREATE TRIGGER
postgres-1  | ALTER TABLE
postgres-1  | ALTER TABLE
postgres-1  | ALTER TABLE
postgres-1  | ALTER TABLE
postgres-1  | CREATE POLICY
postgres-1  | CREATE POLICY
postgres-1  | CREATE FUNCTION
postgres-1  | CREATE FUNCTION
postgres-1  | REVOKE
postgres-1  | REVOKE
postgres-1  | REVOKE
postgres-1  | REVOKE
postgres-1  | REVOKE
postgres-1  | GRANT
postgres-1  | GRANT
postgres-1  | GRANT
postgres-1  | GRANT
postgres-1  | GRANT
postgres-1  | GRANT
postgres-1  | GRANT
postgres-1  | GRANT
postgres-1  | GRANT
postgres-1  | GRANT
postgres-1  | GRANT
postgres-1  | GRANT
postgres-1  | GRANT
postgres-1  | GRANT
postgres-1  | GRANT
postgres-1  | COMMIT
postgres-1  | certification-init: applying 0021_project_database_provisioning_health.sql
postgres-1  | BEGIN
postgres-1  | CREATE TABLE
postgres-1  | CREATE INDEX
postgres-1  | ALTER TABLE
postgres-1  | ALTER TABLE
postgres-1  | CREATE POLICY
postgres-1  | CREATE FUNCTION
postgres-1  | REVOKE
postgres-1  | REVOKE
postgres-1  | GRANT
postgres-1  | GRANT
postgres-1  | GRANT
postgres-1  | COMMIT
postgres-1  | certification-init: applying 0022_project_automation_policies.sql
postgres-1  | BEGIN
postgres-1  | CREATE TABLE
postgres-1  | ALTER TABLE
postgres-1  | UPDATE 0
postgres-1  | ALTER TABLE
postgres-1  | ALTER TABLE
postgres-1  | ALTER TABLE
postgres-1  | CREATE POLICY
postgres-1  | CREATE POLICY
postgres-1  | CREATE POLICY
postgres-1  | REVOKE
postgres-1  | GRANT
postgres-1  | GRANT
postgres-1  | COMMIT
postgres-1  | certification-init: applying 0023_project_api_keys.sql
postgres-1  | BEGIN
postgres-1  | CREATE TABLE
postgres-1  | CREATE INDEX
postgres-1  | CREATE INDEX
postgres-1  | CREATE FUNCTION
postgres-1  | CREATE TRIGGER
postgres-1  | ALTER TABLE
postgres-1  | CREATE POLICY
postgres-1  | CREATE POLICY
postgres-1  | CREATE POLICY
postgres-1  | CREATE FUNCTION
postgres-1  | REVOKE
postgres-1  | REVOKE
postgres-1  | REVOKE
postgres-1  | GRANT
postgres-1  | GRANT
postgres-1  | GRANT
postgres-1  | GRANT
postgres-1  | COMMIT
postgres-1  | certification-init: applying 0024_project_auth.sql
postgres-1  | BEGIN
postgres-1  | CREATE TABLE
postgres-1  | CREATE INDEX
postgres-1  | CREATE TABLE
postgres-1  | CREATE INDEX
postgres-1  | CREATE INDEX
postgres-1  | CREATE TABLE
postgres-1  | CREATE INDEX
postgres-1  | CREATE TABLE
postgres-1  | CREATE TABLE
postgres-1  | CREATE FUNCTION
postgres-1  | CREATE TRIGGER
postgres-1  | CREATE TRIGGER
postgres-1  | CREATE TRIGGER
postgres-1  | CREATE TRIGGER
postgres-1  | CREATE TRIGGER
postgres-1  | REVOKE
postgres-1  | REVOKE
postgres-1  | GRANT
postgres-1  | GRANT
postgres-1  | GRANT
postgres-1  | GRANT
postgres-1  | GRANT
postgres-1  | GRANT
postgres-1  | GRANT
postgres-1  | GRANT
postgres-1  | GRANT
postgres-1  | COMMIT
postgres-1  | certification-init: applying 0025_project_storage.sql
postgres-1  | BEGIN
postgres-1  | CREATE TABLE
postgres-1  | CREATE INDEX
postgres-1  | CREATE TABLE
postgres-1  | CREATE INDEX
postgres-1  | CREATE INDEX
postgres-1  | CREATE INDEX
postgres-1  | CREATE TABLE
postgres-1  | CREATE INDEX
postgres-1  | CREATE INDEX
postgres-1  | CREATE FUNCTION
postgres-1  | CREATE FUNCTION
postgres-1  | CREATE FUNCTION
postgres-1  | CREATE TRIGGER
postgres-1  | CREATE TRIGGER
postgres-1  | CREATE TRIGGER
postgres-1  | ALTER TABLE
postgres-1  | ALTER TABLE
postgres-1  | ALTER TABLE
postgres-1  | CREATE POLICY
postgres-1  | CREATE POLICY
postgres-1  | CREATE POLICY
postgres-1  | CREATE POLICY
postgres-1  | CREATE POLICY
postgres-1  | CREATE POLICY
postgres-1  | CREATE POLICY
postgres-1  | CREATE POLICY
postgres-1  | CREATE POLICY
postgres-1  | CREATE POLICY
postgres-1  | REVOKE
postgres-1  | REVOKE
postgres-1  | REVOKE
postgres-1  | REVOKE
postgres-1  | GRANT
postgres-1  | GRANT
postgres-1  | GRANT
postgres-1  | GRANT
postgres-1  | GRANT
postgres-1  | GRANT
postgres-1  | GRANT
postgres-1  | GRANT
postgres-1  | GRANT
postgres-1  | COMMIT
postgres-1  | certification-init: applying 0026_project_queues.sql
postgres-1  | BEGIN
postgres-1  | CREATE TABLE
postgres-1  | CREATE INDEX
postgres-1  | CREATE TABLE
postgres-1  | CREATE INDEX
postgres-1  | CREATE INDEX
postgres-1  | CREATE INDEX
postgres-1  | CREATE INDEX
postgres-1  | CREATE INDEX
postgres-1  | CREATE FUNCTION
postgres-1  | CREATE FUNCTION
postgres-1  | CREATE FUNCTION
postgres-1  | CREATE TRIGGER
postgres-1  | CREATE TRIGGER
postgres-1  | CREATE TRIGGER
postgres-1  | ALTER TABLE
postgres-1  | ALTER TABLE
postgres-1  | CREATE POLICY
postgres-1  | CREATE POLICY
postgres-1  | CREATE POLICY
postgres-1  | CREATE POLICY
postgres-1  | CREATE POLICY
postgres-1  | CREATE POLICY
postgres-1  | REVOKE
postgres-1  | REVOKE
postgres-1  | REVOKE
postgres-1  | REVOKE
postgres-1  | GRANT
postgres-1  | GRANT
postgres-1  | GRANT
postgres-1  | GRANT
postgres-1  | GRANT
postgres-1  | GRANT
postgres-1  | COMMIT
postgres-1  | certification-init: applying 0027_project_queue_dead_letter_replay.sql
postgres-1  | BEGIN
postgres-1  | ALTER TABLE
postgres-1  | CREATE INDEX
postgres-1  | CREATE INDEX
postgres-1  | CREATE FUNCTION
postgres-1  | CREATE TRIGGER
postgres-1  | REVOKE
postgres-1  | GRANT
postgres-1  | COMMIT
postgres-1  | certification-init: applying 0028_usage_metering.sql
postgres-1  | BEGIN
postgres-1  | CREATE TABLE
postgres-1  | CREATE TABLE
postgres-1  | CREATE TABLE
postgres-1  | CREATE INDEX
postgres-1  | CREATE INDEX
postgres-1  | CREATE FUNCTION
postgres-1  | CREATE FUNCTION
postgres-1  | CREATE FUNCTION
postgres-1  | CREATE TRIGGER
postgres-1  | CREATE TRIGGER
postgres-1  | CREATE TRIGGER
postgres-1  | ALTER TABLE
postgres-1  | ALTER TABLE
postgres-1  | ALTER TABLE
postgres-1  | CREATE POLICY
postgres-1  | CREATE POLICY
postgres-1  | CREATE POLICY
postgres-1  | CREATE POLICY
postgres-1  | CREATE POLICY
postgres-1  | CREATE POLICY
postgres-1  | CREATE POLICY
postgres-1  | CREATE POLICY
postgres-1  | REVOKE
postgres-1  | REVOKE
postgres-1  | REVOKE
postgres-1  | REVOKE
postgres-1  | GRANT
postgres-1  | GRANT
postgres-1  | GRANT
postgres-1  | GRANT
postgres-1  | GRANT
postgres-1  | GRANT
postgres-1  | GRANT
postgres-1  | GRANT
postgres-1  | COMMIT
postgres-1  | certification-init: applying 0029_project_queue_definition_row_lock.sql
postgres-1  | GRANT
postgres-1  | CREATE POLICY
postgres-1  | certification-init: applying 0030_realtime_event_log.sql
postgres-1  | CREATE TABLE
postgres-1  | CREATE TABLE
postgres-1  | CREATE INDEX
postgres-1  | CREATE INDEX
postgres-1  | CREATE FUNCTION
postgres-1  | CREATE TRIGGER
postgres-1  | ALTER TABLE
postgres-1  | ALTER TABLE
postgres-1  | CREATE POLICY
postgres-1  | CREATE POLICY
postgres-1  | CREATE POLICY
postgres-1  | CREATE POLICY
postgres-1  | CREATE POLICY
postgres-1  | CREATE POLICY
postgres-1  | REVOKE
postgres-1  | REVOKE
postgres-1  | GRANT
postgres-1  | GRANT
postgres-1  | GRANT
postgres-1  | GRANT
postgres-1  | certification-init: applying 0031_project_cron.sql
postgres-1  | CREATE TABLE
postgres-1  | CREATE INDEX
postgres-1  | CREATE FUNCTION
postgres-1  | CREATE TRIGGER
postgres-1  | ALTER TABLE
postgres-1  | CREATE POLICY
postgres-1  | CREATE POLICY
postgres-1  | CREATE POLICY
postgres-1  | CREATE POLICY
postgres-1  | REVOKE
postgres-1  | REVOKE
postgres-1  | GRANT
postgres-1  | GRANT
postgres-1  | GRANT
postgres-1  | certification-init: applying 0032_project_webhooks.sql
postgres-1  | CREATE TABLE
postgres-1  | CREATE TABLE
postgres-1  | CREATE INDEX
postgres-1  | CREATE INDEX
postgres-1  | CREATE FUNCTION
postgres-1  | CREATE TRIGGER
postgres-1  | ALTER TABLE
postgres-1  | ALTER TABLE
postgres-1  | CREATE POLICY
postgres-1  | CREATE POLICY
postgres-1  | CREATE POLICY
postgres-1  | CREATE POLICY
postgres-1  | CREATE POLICY
postgres-1  | CREATE POLICY
postgres-1  | CREATE POLICY
postgres-1  | REVOKE
postgres-1  | REVOKE
postgres-1  | GRANT
postgres-1  | GRANT
postgres-1  | CREATE POLICY
postgres-1  | GRANT
postgres-1  | GRANT
postgres-1  | GRANT
postgres-1  | certification-init: applying 0033_project_functions.sql
postgres-1  | CREATE TABLE
postgres-1  | CREATE INDEX
postgres-1  | CREATE FUNCTION
postgres-1  | CREATE TRIGGER
postgres-1  | ALTER TABLE
postgres-1  | CREATE POLICY
postgres-1  | CREATE POLICY
postgres-1  | CREATE POLICY
postgres-1  | CREATE POLICY
postgres-1  | REVOKE
postgres-1  | REVOKE
postgres-1  | GRANT
postgres-1  | GRANT
postgres-1  | GRANT
postgres-1  | certification-init: applying 0034_project_functions_registry.sql
postgres-1  | ALTER TABLE
postgres-1  | ALTER TABLE
postgres-1  | certification-init: applying 0035_project_function_slots.sql
postgres-1  | CREATE TABLE
postgres-1  | CREATE INDEX
postgres-1  | CREATE FUNCTION
postgres-1  | CREATE TRIGGER
postgres-1  | ALTER TABLE
postgres-1  | CREATE POLICY
postgres-1  | CREATE POLICY
postgres-1  | CREATE POLICY
postgres-1  | REVOKE
postgres-1  | REVOKE
postgres-1  | GRANT
postgres-1  | GRANT
postgres-1  | certification-init: applying 0036_provisioner_heartbeat_upsert_grant.sql
postgres-1  | BEGIN
postgres-1  | GRANT
postgres-1  | COMMIT
postgres-1  | certification-init: applying 0037_provisioner_binding_returning_grant.sql
postgres-1  | BEGIN
postgres-1  | GRANT
postgres-1  | COMMIT
postgres-1  | certification-init: applying 0038_runtime_outbox_arbiter_grant.sql
postgres-1  | BEGIN
postgres-1  | GRANT
postgres-1  | COMMIT
postgres-1  | certification-init: applying 0039_billing_rate_cards.sql
postgres-1  | BEGIN
postgres-1  | CREATE TABLE
postgres-1  | CREATE INDEX
postgres-1  | ALTER TABLE
postgres-1  | ALTER TABLE
postgres-1  | CREATE POLICY
postgres-1  | CREATE POLICY
postgres-1  | REVOKE
postgres-1  | GRANT
postgres-1  | GRANT
postgres-1  | COMMIT
postgres-1  | certification-init: applying 0040_billing_invoices.sql
postgres-1  | BEGIN
postgres-1  | CREATE TABLE
postgres-1  | CREATE TABLE
postgres-1  | ALTER TABLE
postgres-1  | ALTER TABLE
postgres-1  | ALTER TABLE
postgres-1  | ALTER TABLE
postgres-1  | CREATE POLICY
postgres-1  | CREATE POLICY
postgres-1  | CREATE POLICY
postgres-1  | CREATE POLICY
postgres-1  | REVOKE
postgres-1  | GRANT
postgres-1  | GRANT
postgres-1  | GRANT
postgres-1  | GRANT
postgres-1  | GRANT
postgres-1  | COMMIT
postgres-1  | certification-init: applying 0041_project_storage_multipart.sql
postgres-1  | BEGIN
postgres-1  | ALTER TABLE
postgres-1  | ALTER TABLE
postgres-1  | COMMIT
postgres-1  | certification-init: applying 0042_project_function_deployments.sql
postgres-1  | BEGIN
postgres-1  | CREATE TABLE
postgres-1  | CREATE INDEX
postgres-1  | ALTER TABLE
postgres-1  | ALTER TABLE
postgres-1  | CREATE POLICY
postgres-1  | CREATE POLICY
postgres-1  | CREATE FUNCTION
postgres-1  | CREATE FUNCTION
postgres-1  | REVOKE
postgres-1  | REVOKE
postgres-1  | GRANT
postgres-1  | GRANT
postgres-1  | COMMIT
postgres-1  | certification-init: applying 0043_project_storage_upload_id_check_fix.sql
postgres-1  | ALTER TABLE
postgres-1  | ALTER TABLE
postgres-1  | certification-init: applying 0044_billing_invoice_numbers.sql
postgres-1  | BEGIN
postgres-1  | CREATE TABLE
postgres-1  | ALTER TABLE
postgres-1  | ALTER TABLE
postgres-1  | CREATE POLICY
postgres-1  | CREATE POLICY
postgres-1  | CREATE POLICY
postgres-1  | ALTER TABLE
postgres-1  | ALTER TABLE
postgres-1  | UPDATE 0
postgres-1  | ALTER TABLE
postgres-1  | ALTER TABLE
postgres-1  | UPDATE 0
postgres-1  | INSERT 0 0
postgres-1  | ALTER TABLE
postgres-1  | CREATE INDEX
postgres-1  | GRANT
postgres-1  | GRANT
postgres-1  | GRANT
postgres-1  | COMMIT
postgres-1  | certification-init: applying 0045_project_function_invocations.sql
postgres-1  | BEGIN
postgres-1  | CREATE TABLE
postgres-1  | CREATE INDEX
postgres-1  | ALTER TABLE
postgres-1  | ALTER TABLE
postgres-1  | CREATE POLICY
postgres-1  | CREATE POLICY
postgres-1  | REVOKE
postgres-1  | GRANT
postgres-1  | GRANT
postgres-1  | COMMIT
postgres-1  | certification-init: applying 0046_project_auth_audit.sql
postgres-1  | BEGIN
postgres-1  | GRANT
postgres-1  | GRANT
postgres-1  | GRANT
postgres-1  | GRANT
postgres-1  | CREATE POLICY
postgres-1  | COMMIT
postgres-1  | certification-init: applying 0047_audit_chain_order.sql
postgres-1  | BEGIN
postgres-1  | CREATE FUNCTION
postgres-1  | COMMIT
postgres-1  | certification-init: applying 0048_project_auth_mfa_enforcement.sql
postgres-1  | BEGIN
postgres-1  | CREATE TABLE
postgres-1  | ALTER TABLE
postgres-1  | ALTER TABLE
postgres-1  | CREATE FUNCTION
postgres-1  | CREATE TRIGGER
postgres-1  | REVOKE
postgres-1  | REVOKE
postgres-1  | GRANT
postgres-1  | GRANT
postgres-1  | GRANT
postgres-1  | COMMIT
postgres-1  | certification-init: applying 0049_project_database_webhooks.sql
postgres-1  | CREATE TABLE
postgres-1  | CREATE INDEX
postgres-1  | ALTER TABLE
postgres-1  | CREATE POLICY
postgres-1  | CREATE POLICY
postgres-1  | CREATE POLICY
postgres-1  | REVOKE
postgres-1  | GRANT
postgres-1  | certification-init: applying 0050_project_database_webhook_cursors.sql
postgres-1  | CREATE TABLE
postgres-1  | ALTER TABLE
postgres-1  | CREATE POLICY
postgres-1  | CREATE POLICY
postgres-1  | CREATE POLICY
postgres-1  | REVOKE
postgres-1  | GRANT
postgres-1  | certification-init: applying 0051_project_auth_return_targets.sql
postgres-1  | BEGIN
postgres-1  | ALTER TABLE
postgres-1  | ALTER TABLE
postgres-1  | REVOKE
postgres-1  | GRANT
postgres-1  | COMMIT
postgres-1  | certification-init: applying 0052_project_auth_rate_limits.sql
postgres-1  | BEGIN
postgres-1  | ALTER TABLE
postgres-1  | ALTER TABLE
postgres-1  | CREATE TABLE
postgres-1  | CREATE INDEX
postgres-1  | REVOKE
postgres-1  | GRANT
postgres-1  | REVOKE
postgres-1  | GRANT
postgres-1  | COMMIT
postgres-1  | certification-init: applying 0053_project_auth_password_protection.sql
postgres-1  | BEGIN
postgres-1  | ALTER TABLE
postgres-1  | ALTER TABLE
postgres-1  | REVOKE
postgres-1  | GRANT
postgres-1  | COMMIT
postgres-1  | certification-init: applying 0054_project_log_drains.sql
postgres-1  | BEGIN
postgres-1  | CREATE FUNCTION
postgres-1  | REVOKE
postgres-1  | GRANT
postgres-1  | CREATE TABLE
postgres-1  | CREATE INDEX
postgres-1  | ALTER TABLE
postgres-1  | CREATE POLICY
postgres-1  | CREATE POLICY
postgres-1  | CREATE POLICY
postgres-1  | REVOKE
postgres-1  | GRANT
postgres-1  | COMMIT
postgres-1  | certification-init: applying 0055_user_console_settings.sql
postgres-1  | BEGIN
postgres-1  | CREATE TABLE
postgres-1  | CREATE TRIGGER
postgres-1  | REVOKE
postgres-1  | GRANT
postgres-1  | COMMIT
postgres-1  | certification-init: applying 0056_project_log_drain_cursors.sql
postgres-1  | BEGIN
postgres-1  | CREATE TABLE
postgres-1  | ALTER TABLE
postgres-1  | CREATE POLICY
postgres-1  | CREATE POLICY
postgres-1  | CREATE POLICY
postgres-1  | REVOKE
postgres-1  | GRANT
postgres-1  | COMMIT
postgres-1  | certification-init: applying 0057_project_dashboard_webhooks.sql
postgres-1  | BEGIN
postgres-1  | CREATE FUNCTION
postgres-1  | REVOKE
postgres-1  | GRANT
postgres-1  | CREATE TABLE
postgres-1  | CREATE INDEX
postgres-1  | ALTER TABLE
postgres-1  | CREATE POLICY
postgres-1  | CREATE POLICY
postgres-1  | CREATE POLICY
postgres-1  | REVOKE
postgres-1  | GRANT
postgres-1  | CREATE TABLE
postgres-1  | ALTER TABLE
postgres-1  | CREATE POLICY
postgres-1  | CREATE POLICY
postgres-1  | CREATE POLICY
postgres-1  | REVOKE
postgres-1  | GRANT
postgres-1  | COMMIT
postgres-1  | certification-init: applying 0058_project_auth_hooks.sql
postgres-1  | BEGIN
postgres-1  | ALTER TABLE
postgres-1  | ALTER TABLE
postgres-1  | ALTER TABLE
postgres-1  | ALTER TABLE
postgres-1  | REVOKE
postgres-1  | GRANT
postgres-1  | COMMIT
postgres-1  | certification-init: applying 0059_project_storage_s3_access_keys.sql
postgres-1  | BEGIN
postgres-1  | CREATE TABLE
postgres-1  | CREATE INDEX
postgres-1  | CREATE INDEX
postgres-1  | CREATE TABLE
postgres-1  | CREATE INDEX
postgres-1  | CREATE FUNCTION
postgres-1  | CREATE TRIGGER
postgres-1  | ALTER TABLE
postgres-1  | ALTER TABLE
postgres-1  | CREATE POLICY
postgres-1  | CREATE POLICY
postgres-1  | CREATE POLICY
postgres-1  | CREATE POLICY
postgres-1  | CREATE POLICY
postgres-1  | CREATE POLICY
postgres-1  | REVOKE
postgres-1  | REVOKE
postgres-1  | REVOKE
postgres-1  | GRANT
postgres-1  | GRANT
postgres-1  | GRANT
postgres-1  | GRANT
postgres-1  | COMMIT
postgres-1  | certification-init: applying 0060_project_auth_passkeys.sql
postgres-1  | BEGIN
postgres-1  | CREATE TABLE
postgres-1  | CREATE INDEX
postgres-1  | ALTER TABLE
postgres-1  | ALTER TABLE
postgres-1  | CREATE TRIGGER
postgres-1  | REVOKE
postgres-1  | GRANT
postgres-1  | GRANT
postgres-1  | COMMIT
postgres-1  | certification-init: applying 0061_project_auth_third_party_providers.sql
postgres-1  | BEGIN
postgres-1  | CREATE TABLE
postgres-1  | ALTER TABLE
postgres-1  | ALTER TABLE
postgres-1  | ALTER TABLE
postgres-1  | ALTER TABLE
postgres-1  | ALTER TABLE
postgres-1  | REVOKE
postgres-1  | GRANT
postgres-1  | COMMIT
postgres-1  | certification-init: applying 0062_project_auth_oauth_server.sql
postgres-1  | BEGIN
postgres-1  | CREATE TABLE
postgres-1  | ALTER TABLE
postgres-1  | ALTER TABLE
postgres-1  | ALTER TABLE
postgres-1  | REVOKE
postgres-1  | GRANT
postgres-1  | CREATE TABLE
postgres-1  | ALTER TABLE
postgres-1  | ALTER TABLE
postgres-1  | ALTER TABLE
postgres-1  | CREATE TRIGGER
postgres-1  | REVOKE
postgres-1  | GRANT
postgres-1  | GRANT
postgres-1  | CREATE TABLE
postgres-1  | ALTER TABLE
postgres-1  | ALTER TABLE
postgres-1  | REVOKE
postgres-1  | GRANT
postgres-1  | COMMIT
postgres-1  | certification-init: applying 0063_project_auth_expiry_retention.sql
postgres-1  | BEGIN
postgres-1  | CREATE INDEX
postgres-1  | CREATE INDEX
postgres-1  | CREATE INDEX
postgres-1  | GRANT
postgres-1  | GRANT
postgres-1  | GRANT
postgres-1  | COMMIT
postgres-1  | certification-init: applying 0064_project_auth_oauth_consents.sql
postgres-1  | BEGIN
postgres-1  | CREATE TABLE
postgres-1  | ALTER TABLE
postgres-1  | ALTER TABLE
postgres-1  | CREATE INDEX
postgres-1  | CREATE INDEX
postgres-1  | CREATE TRIGGER
postgres-1  | CREATE FUNCTION
postgres-1  | CREATE TRIGGER
postgres-1  | REVOKE
postgres-1  | REVOKE
postgres-1  | GRANT
postgres-1  | GRANT
postgres-1  | GRANT
postgres-1  | ALTER TABLE
postgres-1  | ALTER TABLE
postgres-1  | COMMIT
postgres-1  | certification-init: applying 0065_project_storage_s3_access_key_secrets.sql
postgres-1  | BEGIN
postgres-1  | ALTER TABLE
postgres-1  | CREATE FUNCTION
postgres-1  | CREATE FUNCTION
postgres-1  | REVOKE
postgres-1  | GRANT
postgres-1  | COMMIT
postgres-1  | certification-init: applying 0066_project_cron_time_zone.sql
postgres-1  | ALTER TABLE
postgres-1  | certification-init: applying 0069_project_function_invocation_output.sql
postgres-1  | BEGIN
postgres-1  | CREATE TABLE
postgres-1  | CREATE INDEX
postgres-1  | ALTER TABLE
postgres-1  | ALTER TABLE
postgres-1  | CREATE POLICY
postgres-1  | CREATE POLICY
postgres-1  | REVOKE
postgres-1  | GRANT
postgres-1  | GRANT
postgres-1  | COMMIT
postgres-1  | certification-init: applying 0070_project_auth_saml.sql
postgres-1  | BEGIN
postgres-1  | CREATE TABLE
postgres-1  | CREATE INDEX
postgres-1  | ALTER TABLE
postgres-1  | ALTER TABLE
postgres-1  | ALTER TABLE
postgres-1  | ALTER TABLE
postgres-1  | CREATE TRIGGER
postgres-1  | REVOKE
postgres-1  | GRANT
postgres-1  | COMMIT
postgres-1  | certification-init: applied 68 migrations
postgres-1  | CREATE EXTENSION
postgres-1  | CREATE ROLE
postgres-1  | CREATE ROLE
postgres-1  | CREATE ROLE
postgres-1  | CREATE ROLE
postgres-1  | CREATE ROLE
postgres-1  | GRANT ROLE
postgres-1  | GRANT ROLE
postgres-1  | GRANT ROLE
postgres-1  | GRANT ROLE
postgres-1  | 2026-09-30 05:04:18.226 UTC [299] WARNING:  role "qkern_app" has not been granted membership in role "qkern_auth" by role "qkern"
postgres-1  | WARNING:  role "qkern_app" has not been granted membership in role "qkern_auth" by role "qkern"
postgres-1  | REVOKE ROLE
postgres-1  | 2026-09-30 05:04:18.227 UTC [299] WARNING:  role "qkern_app" has not been granted membership in role "qkern_worker" by role "qkern"
postgres-1  | REVOKE ROLE
postgres-1  | WARNING:  role "qkern_app" has not been granted membership in role "qkern_worker" by role "qkern"
postgres-1  | 2026-09-30 05:04:18.227 UTC [299] WARNING:  role "qkern_app" has not been granted membership in role "qkern_provisioner" by role "qkern"
postgres-1  | WARNING:  role "qkern_app" has not been granted membership in role "qkern_provisioner" by role "qkern"
postgres-1  | REVOKE ROLE
postgres-1  | 2026-09-30 05:04:18.228 UTC [299] WARNING:  role "qkern_auth_app" has not been granted membership in role "qkern_runtime" by role "qkern"
postgres-1  | REVOKE ROLE
postgres-1  | WARNING:  role "qkern_auth_app" has not been granted membership in role "qkern_runtime" by role "qkern"
postgres-1  | 2026-09-30 05:04:18.228 UTC [299] WARNING:  role "qkern_auth_app" has not been granted membership in role "qkern_worker" by role "qkern"
postgres-1  | WARNING:  role "qkern_auth_app" has not been granted membership in role "qkern_worker" by role "qkern"
postgres-1  | REVOKE ROLE
postgres-1  | 2026-09-30 05:04:18.228 UTC [299] WARNING:  role "qkern_auth_app" has not been granted membership in role "qkern_provisioner" by role "qkern"
postgres-1  | WARNING:  role "qkern_auth_app" has not been granted membership in role "qkern_provisioner" by role "qkern"
postgres-1  | REVOKE ROLE
postgres-1  | 2026-09-30 05:04:18.228 UTC [299] WARNING:  role "qkern_worker_app" has not been granted membership in role "qkern_runtime" by role "qkern"
postgres-1  | 2026-09-30 05:04:18.228 UTC [299] WARNING:  role "qkern_worker_app" has not been granted membership in role "qkern_auth" by role "qkern"
postgres-1  | 2026-09-30 05:04:18.228 UTC [299] WARNING:  role "qkern_worker_app" has not been granted membership in role "qkern_provisioner" by role "qkern"
postgres-1  | REVOKE ROLE
postgres-1  | WARNING:  role "qkern_worker_app" has not been granted membership in role "qkern_runtime" by role "qkern"
postgres-1  | WARNING:  role "qkern_worker_app" has not been granted membership in role "qkern_auth" by role "qkern"
postgres-1  | WARNING:  role "qkern_worker_app" has not been granted membership in role "qkern_provisioner" by role "qkern"
postgres-1  | 2026-09-30 05:04:18.229 UTC [299] WARNING:  role "qkern_provisioner_app" has not been granted membership in role "qkern_runtime" by role "qkern"
postgres-1  | 2026-09-30 05:04:18.229 UTC [299] WARNING:  role "qkern_provisioner_app" has not been granted membership in role "qkern_auth" by role "qkern"
postgres-1  | 2026-09-30 05:04:18.229 UTC [299] WARNING:  role "qkern_provisioner_app" has not been granted membership in role "qkern_worker" by role "qkern"
postgres-1  | REVOKE ROLE
postgres-1  | WARNING:  role "qkern_provisioner_app" has not been granted membership in role "qkern_runtime" by role "qkern"
postgres-1  | WARNING:  role "qkern_provisioner_app" has not been granted membership in role "qkern_auth" by role "qkern"
postgres-1  | WARNING:  role "qkern_provisioner_app" has not been granted membership in role "qkern_worker" by role "qkern"
postgres-1  | 2026-09-30 05:04:18.229 UTC [299] WARNING:  role "qkern_project_api_app" has not been granted membership in role "qkern_runtime" by role "qkern"
postgres-1  | 2026-09-30 05:04:18.229 UTC [299] WARNING:  role "qkern_project_api_app" has not been granted membership in role "qkern_auth" by role "qkern"
postgres-1  | 2026-09-30 05:04:18.229 UTC [299] WARNING:  role "qkern_project_api_app" has not been granted membership in role "qkern_worker" by role "qkern"
postgres-1  | 2026-09-30 05:04:18.229 UTC [299] WARNING:  role "qkern_project_api_app" has not been granted membership in role "qkern_provisioner" by role "qkern"
postgres-1  | WARNING:  role "qkern_project_api_app" has not been granted membership in role "qkern_runtime" by role "qkern"
postgres-1  | WARNING:  role "qkern_project_api_app" has not been granted membership in role "qkern_auth" by role "qkern"
postgres-1  | WARNING:  role "qkern_project_api_app" has not been granted membership in role "qkern_worker" by role "qkern"
postgres-1  | WARNING:  role "qkern_project_api_app" has not been granted membership in role "qkern_provisioner" by role "qkern"
postgres-1  | REVOKE ROLE
postgres-1  | ALTER ROLE
postgres-1  | ALTER ROLE
postgres-1  | ALTER ROLE
postgres-1  | ALTER ROLE
postgres-1  | ALTER ROLE
postgres-1  | ALTER ROLE
postgres-1  | ALTER ROLE
postgres-1  | ALTER ROLE
postgres-1  | ALTER ROLE
postgres-1  | ALTER ROLE
postgres-1  | ALTER ROLE
postgres-1  | ALTER ROLE
postgres-1  | ALTER ROLE
postgres-1  | ALTER ROLE
postgres-1  | ALTER ROLE
postgres-1  | project-database: kein Passwort gesetzt, lokale Projektdatenbank wird nicht angelegt
postgres-1  | 
postgres-1  | waiting for server to shut down....2026-09-30 05:04:18.251 UTC [42] LOG:  received fast shutdown request
postgres-1  | 2026-09-30 05:04:18.251 UTC [42] LOG:  aborting any active transactions
postgres-1  | 2026-09-30 05:04:18.254 UTC [42] LOG:  background worker "logical replication launcher" (PID 48) exited with exit code 1
postgres-1  | 2026-09-30 05:04:18.255 UTC [43] LOG:  shutting down
postgres-1  | 2026-09-30 05:04:18.255 UTC [43] LOG:  checkpoint starting: shutdown immediate
postgres-1  | 2026-09-30 05:04:18.267 UTC [43] LOG:  checkpoint complete: wrote 1262 buffers (7.7%); 0 WAL file(s) added, 0 removed, 0 recycled; write=0.011 s, sync=0.002 s, total=0.013 s; sync files=739, longest=0.001 s, average=0.001 s; distance=8560 kB, estimate=8560 kB; lsn=0/1D4E1E8, redo lsn=0/1D4E1E8
postgres-1  | 2026-09-30 05:04:18.277 UTC [42] LOG:  database system is shut down
postgres-1  |  done
postgres-1  | server stopped
postgres-1  | 
postgres-1  | PostgreSQL init process complete; ready for start up.
postgres-1  | 
postgres-1  | 2026-09-30 05:04:18.396 UTC [1] LOG:  starting PostgreSQL 17.10 on x86_64-pc-linux-musl, compiled by gcc (Alpine 15.2.0) 15.2.0, 64-bit
postgres-1  | 2026-09-30 05:04:18.397 UTC [1] LOG:  listening on IPv4 address "0.0.0.0", port 5432
postgres-1  | 2026-09-30 05:04:18.397 UTC [1] LOG:  listening on IPv6 address "::", port 5432
postgres-1  | 2026-09-30 05:04:18.428 UTC [1] LOG:  listening on Unix socket "/var/run/postgresql/.s.PGSQL.5432"
postgres-1  | 2026-09-30 05:04:18.431 UTC [305] LOG:  database system was shut down at 2026-09-30 05:04:18 UTC
postgres-1  | 2026-09-30 05:04:18.449 UTC [1] LOG:  database system is ready to accept connections
 Container qkern-slice-saml-postgres-1 Healthy 
vault-1     | ==> Vault server configuration:
vault-1     | 
vault-1     | Administrative Namespace: 
vault-1     |              Api Address: http://0.0.0.0:8200
vault-1     |                      Cgo: disabled
vault-1     |          Cluster Address: https://0.0.0.0:8201
vault-1     |    Environment Variables: GOTRACEBACK, HOME, HOSTNAME, NAME, PATH, PWD, SHLVL, VAULT_DEV_LISTEN_ADDRESS, VAULT_DEV_ROOT_TOKEN_ID, VERSION
vault-1     |               Go Version: go1.23.3
vault-1     |               Listener 1: tcp (addr: "0.0.0.0:8200", cluster address: "0.0.0.0:8201", disable_request_limiter: "false", max_request_duration: "1m30s", max_request_size: "33554432", tls: "disabled")
vault-1     |                Log Level: 
vault-1     |                    Mlock: supported: true, enabled: false
vault-1     |            Recovery Mode: false
vault-1     |                  Storage: inmem
vault-1     |                  Version: Vault v1.18.3, built 2024-12-16T14:00:53Z
vault-1     |              Version Sha: 7ae4eca5403bf574f142cd8f987b8d83bafcd1de
vault-1     | 
vault-1     | ==> Vault server started! Log data will stream in below:
vault-1     | 
vault-1     | 2026-09-30T05:04:25.731Z [INFO]  proxy environment: http_proxy="" https_proxy="" no_proxy=""
vault-1     | 2026-09-30T05:04:25.739Z [INFO]  incrementing seal generation: generation=1
vault-1     | 2026-09-30T05:04:25.739Z [WARN]  no `api_addr` value specified in config or in VAULT_API_ADDR; falling back to detection if possible, but this value should be manually set
vault-1     | 2026-09-30T05:04:25.745Z [INFO]  core: Initializing version history cache for core
vault-1     | 2026-09-30T05:04:25.745Z [INFO]  events: Starting event system
vault-1     | 2026-09-30T05:04:25.751Z [INFO]  core: security barrier not initialized
vault-1     | 2026-09-30T05:04:25.752Z [INFO]  core: security barrier initialized: stored=1 shares=1 threshold=1
vault-1     | 2026-09-30T05:04:25.756Z [INFO]  core: post-unseal setup starting
vault-1     | 2026-09-30T05:04:25.792Z [INFO]  core: loaded wrapping token key
vault-1     | 2026-09-30T05:04:25.792Z [INFO]  core: successfully setup plugin runtime catalog
vault-1     | 2026-09-30T05:04:25.793Z [INFO]  core: successfully setup plugin catalog: plugin-directory=""
vault-1     | 2026-09-30T05:04:25.793Z [INFO]  core: no mounts; adding default mount table
vault-1     | 2026-09-30T05:04:25.828Z [INFO]  core: successfully mounted: type=cubbyhole version="v1.18.3+builtin.vault" path=cubbyhole/ namespace="ID: root. Path: "
vault-1     | 2026-09-30T05:04:25.838Z [INFO]  core: successfully mounted: type=system version="v1.18.3+builtin.vault" path=sys/ namespace="ID: root. Path: "
vault-1     | 2026-09-30T05:04:25.841Z [INFO]  core: successfully mounted: type=identity version="v1.18.3+builtin.vault" path=identity/ namespace="ID: root. Path: "
vault-1     | 2026-09-30T05:04:25.851Z [INFO]  core: successfully mounted: type=token version="v1.18.3+builtin.vault" path=token/ namespace="ID: root. Path: "
vault-1     | 2026-09-30T05:04:25.852Z [INFO]  rollback: Starting the rollback manager with 256 workers
vault-1     | 2026-09-30T05:04:25.852Z [INFO]  rollback: starting rollback manager
vault-1     | 2026-09-30T05:04:25.853Z [INFO]  core: restoring leases
vault-1     | 2026-09-30T05:04:25.855Z [INFO]  identity: entities restored
vault-1     | 2026-09-30T05:04:25.855Z [INFO]  identity: groups restored
vault-1     | 2026-09-30T05:04:25.855Z [INFO]  expiration: lease restore complete
vault-1     | 2026-09-30T05:04:25.856Z [INFO]  core: Recorded vault version: vault version=1.18.3 upgrade time="2026-09-30 05:04:25.856727227 +0000 UTC" build date=2024-12-16T14:00:53Z
vault-1     | 2026-09-30T05:04:25.857Z [INFO]  core: post-unseal setup complete
vault-1     | 2026-09-30T05:04:25.859Z [INFO]  core: root token generated
vault-1     | 2026-09-30T05:04:25.859Z [INFO]  core: pre-seal teardown starting
vault-1     | 2026-09-30T05:04:25.860Z [INFO]  rollback: stopping rollback manager
vault-1     | 2026-09-30T05:04:25.860Z [INFO]  core: pre-seal teardown complete
vault-1     | 2026-09-30T05:04:25.862Z [INFO]  core.cluster-listener.tcp: starting listener: listener_address=0.0.0.0:8201
vault-1     | 2026-09-30T05:04:25.865Z [INFO]  core.cluster-listener: serving cluster requests: cluster_listen_address=[::]:8201
vault-1     | 2026-09-30T05:04:25.865Z [INFO]  core: post-unseal setup starting
vault-1     | 2026-09-30T05:04:25.865Z [INFO]  core: loaded wrapping token key
vault-1     | 2026-09-30T05:04:25.865Z [INFO]  core: successfully setup plugin runtime catalog
vault-1     | 2026-09-30T05:04:25.865Z [INFO]  core: successfully setup plugin catalog: plugin-directory=""
vault-1     | 2026-09-30T05:04:25.869Z [INFO]  core: successfully mounted: type=system version="v1.18.3+builtin.vault" path=sys/ namespace="ID: root. Path: "
vault-1     | 2026-09-30T05:04:25.870Z [INFO]  core: successfully mounted: type=identity version="v1.18.3+builtin.vault" path=identity/ namespace="ID: root. Path: "
vault-1     | 2026-09-30T05:04:25.870Z [INFO]  core: successfully mounted: type=cubbyhole version="v1.18.3+builtin.vault" path=cubbyhole/ namespace="ID: root. Path: "
vault-1     | 2026-09-30T05:04:25.874Z [INFO]  core: successfully mounted: type=token version="v1.18.3+builtin.vault" path=token/ namespace="ID: root. Path: "
vault-1     | 2026-09-30T05:04:25.874Z [INFO]  rollback: Starting the rollback manager with 256 workers
vault-1     | 2026-09-30T05:04:25.875Z [INFO]  rollback: starting rollback manager
vault-1     | 2026-09-30T05:04:25.875Z [INFO]  core: restoring leases
vault-1     | 2026-09-30T05:04:25.875Z [INFO]  expiration: lease restore complete
vault-1     | 2026-09-30T05:04:25.877Z [INFO]  identity: entities restored
vault-1     | 2026-09-30T05:04:25.877Z [INFO]  identity: groups restored
vault-1     | 2026-09-30T05:04:25.880Z [INFO]  core: post-unseal setup complete
vault-1     | 2026-09-30T05:04:25.880Z [INFO]  core: vault is unsealed
vault-1     | 2026-09-30T05:04:25.893Z [INFO]  expiration: revoked lease: lease_id=auth/token/root/h61b8847bd63079197f94eed56dc928637d5b8b9540f5897c10e8547d3e2a2653
vault-1     | 2026-09-30T05:04:25.944Z [INFO]  core: successful mount: namespace="" path=secret/ type=kv version="v0.20.0+builtin"
vault-1     | WARNING! dev mode is enabled! In this mode, Vault runs entirely in-memory
vault-1     | and starts unsealed with a single unseal key. The root token is already
vault-1     | authenticated to the CLI, so you can immediately begin using Vault.
vault-1     | 
vault-1     | You may need to set the following environment variables:
vault-1     | 
vault-1     |     $ export VAULT_ADDR='http://0.0.0.0:8200'
vault-1     | 
vault-1     | The unseal key and root token are displayed below in case you want to
vault-1     | seal/unseal the Vault or re-authenticate.
vault-1     | 
vault-1     | Unseal Key: yNAb2uddxuaGNepfRUl8z5iUNBzeGoMnE6DX8kaVKf4=
vault-1     | Root Token: qkern-certification-root-token
vault-1     | 
vault-1     | Development mode should NOT be used in production installations!
vault-1     | 
 Container qkern-slice-saml-vault-1 Healthy 
 Container qkern-slice-saml-certification-1 Starting 
 Container qkern-slice-saml-certification-1 Started 
certification-1  | vault-seed: one signing secret written
certification-1  | 
certification-1  | added 230 packages, and audited 231 packages in 1m
certification-1  | 
certification-1  | 58 packages are looking for funding
certification-1  |   run `npm fund` for details
certification-1  | 
certification-1  | 10 vulnerabilities (6 moderate, 3 high, 1 critical)
certification-1  | 
certification-1  | To address issues that do not require attention, run:
certification-1  |   npm audit fix
certification-1  | 
certification-1  | To address all issues, run:
certification-1  |   npm audit fix --force
certification-1  | 
certification-1  | Run `npm audit` for details.
certification-1  | npm notice
certification-1  | npm notice New major version of npm available! 11.17.0 -> 12.1.0
certification-1  | npm notice Changelog: https://github.com/npm/cli/releases/tag/v12.1.0
certification-1  | npm notice To update run: npm install -g npm@12.1.0
certification-1  | npm notice
certification-1  | 
certification-1  | > qkern-platform@2.67.0 test:postgres
certification-1  | > vitest run tests/postgres.integration.test.ts tests/postgres-incident-recovery.integration.test.ts tests/generated-data-postgres.integration.test.ts tests/project-auth-postgres.integration.test.ts tests/project-storage-postgres.integration.test.ts tests/project-queues-postgres.integration.test.ts tests/usage-metering-postgres.integration.test.ts tests/realtime-postgres.integration.test.ts tests/realtime-change-feed-postgres.integration.test.ts tests/realtime-change-chain-postgres.integration.test.ts tests/realtime-change-soak-postgres.integration.test.ts tests/project-queues-multi-instance.integration.test.ts tests/compute-cron-postgres.integration.test.ts tests/compute-webhook-postgres.integration.test.ts tests/compute-webhook-chain.integration.test.ts tests/compute-definitions-postgres.integration.test.ts tests/compute-functions-postgres.integration.test.ts tests/usage-emitters-postgres.integration.test.ts tests/migration-process-postgres.integration.test.ts tests/realtime-process-postgres.integration.test.ts tests/provisioning-port-postgres.integration.test.ts tests/migration-enqueue-postgres.integration.test.ts tests/sql-privilege-clause-contract.integration.test.ts tests/queue-connection-pressure-postgres.integration.test.ts tests/usage-billing-postgres.integration.test.ts tests/billing-invoice-postgres.integration.test.ts tests/data-plane-query-postgres.integration.test.ts tests/data-plane-triggers-postgres.integration.test.ts tests/data-plane-functions-postgres.integration.test.ts tests/data-plane-catalog-postgres.integration.test.ts tests/data-plane-catalog-wide-postgres.integration.test.ts
certification-1  | 
certification-1  | 
certification-1  | [1m[30m[46m RUN [49m[39m[22m [36mv4.1.10 [39m[90m/workspace/qkern[39m
certification-1  | 
postgres-1       | 2026-09-30 05:05:49.930 UTC [714] ERROR:  permission denied for table project_database_provisioning_jobs
postgres-1       | 2026-09-30 05:05:49.930 UTC [714] STATEMENT:  SELECT 1 FROM project_database_provisioning_jobs LIMIT 1
postgres-1       | 2026-09-30 05:05:49.954 UTC [714] ERROR:  permission denied for table project_database_bindings
postgres-1       | 2026-09-30 05:05:49.954 UTC [714] STATEMENT:  SELECT 1 FROM project_database_bindings LIMIT 1
certification-1  |  [32m✓[39m tests/provisioning-port-postgres.integration.test.ts [2m([22m[2m6 tests[22m[2m)[22m[33m 906[2mms[22m[39m
certification-1  |      [33m[2m✓[22m[39m (2.88) hands the web runtime the order of its own tenant and never a field of the binding [33m 417[2mms[22m[39m
postgres-1       | 2026-09-30 05:05:50.912 UTC [702] ERROR:  new row for relation "migration_incident_delivery_commands" violates check constraint "migration_incident_delivery_commands_expected_failure_code"
postgres-1       | 2026-09-30 05:05:50.912 UTC [702] DETAIL:  Failing row contains (e8ff732f-ac77-4a6d-bce1-34f4680b03d2, d695ac69-a731-4917-b8a7-a507eaaf0f84, ae834efd-4590-4299-80a8-36bb35ccf7e2, constraint-test, destination_recovered, pending, null, 2026-09-30 05:05:50.90998+00, 2026-09-30 05:05:50.90998+00, null, null).
postgres-1       | 2026-09-30 05:05:50.912 UTC [702] STATEMENT:  INSERT INTO migration_incident_delivery_commands
postgres-1       | 	           (organization_id, migration_incident_id, requested_by, reason_code,
postgres-1       | 	            expected_failure_code, expected_retry_cycle)
postgres-1       | 	         VALUES ($1, $2, 'constraint-test', 'destination_recovered', NULL, NULL)
postgres-1       | 2026-09-30 05:05:50.912 UTC [744] ERROR:  permission denied for table project_functions
postgres-1       | 2026-09-30 05:05:50.912 UTC [744] STATEMENT:  UPDATE project_functions SET image=$2 WHERE id=$1
postgres-1       | 2026-09-30 05:05:50.978 UTC [747] ERROR:  relation "change_feed" already exists
postgres-1       | 2026-09-30 05:05:50.978 UTC [747] STATEMENT:  -- Run once after 0002_qkern_migration_fence.sql as the trusted project database
postgres-1       | 	-- provisioner. Provides trigger-based change capture for Realtime.
postgres-1       | 	--
postgres-1       | 	-- ## Warum Trigger und nicht logische Replikation
postgres-1       | 	--
postgres-1       | 	-- Logische Replikation sieht jede Aenderung ohne Schemaeingriff, verlangt aber
postgres-1       | 	-- eine Rolle mit Replikationsrecht und einen Slot. Beides steht im direkten
postgres-1       | 	-- Widerspruch zu diesem Schema: 0001 prueft fuer jede beteiligte Rolle
postgres-1       | 	-- ausdruecklich rolreplication = false. Ein hängender Konsument laesst den Slot
postgres-1       | 	-- ausserdem unbegrenzt WAL halten, bis die Platte voll ist -- ein
postgres-1       | 	-- Betriebsrisiko, das der Kunde traegt und QKERN nicht begrenzen kann.
postgres-1       | 	--
postgres-1       | 	-- Trigger sind begrenzbar: der Feed hat Groessengrenzen und Aufbewahrung, und
postgres-1       | 	-- das Anschalten je Tabelle ist eine Schemaaenderung, die den vorhandenen
postgres-1       | 	-- Change-Set- und Approval-Weg durchlaeuft.
postgres-1       | 	--
postgres-1       | 	-- ## Warum keine Zeilenwerte gespeichert werden
postgres-1       | 	--
postgres-1       | 	-- Der Feed haelt ausschliesslich die Primaerschluesselwerte. Die eigentlichen
postgres-1       | 	-- Zeilenwerte werden je Abonnent frisch gelesen, und zwar mit dessen Claims.
postgres-1       | 	-- Row Level Security autorisiert und erzeugt die Nutzlast damit in einem
postgres-1       | 	-- Schritt. Wuerden die Werte hier liegen, muesste eine zweite, unabhaengige
postgres-1       | 	-- Sichtbarkeitspruefung sie korrekt filtern -- eine Kopie der RLS-Logik
postgres-1       | 	-- ausserhalb der Datenbank und damit eine dauerhafte Fehlerquelle.
postgres-1       | 	
postgres-1       | 	BEGIN;
postgres-1       | 	
postgres-1       | 	CREATE TABLE qkern_internal.change_feed (
postgres-1       | 	  position bigint GENERATED ALWAYS AS IDENTITY PRIMARY KEY,
postgres-1       | 	  schema_name text NOT NULL CHECK (schema_name ~ '^[a-z_][a-z0-9_]{0,62}$'),
postgres-1       | 	  table_name text NOT NULL CHECK (table_name ~ '^[a-z_][a-z0-9_]{0,62}$'),
postgres-1       | 	  operation text NOT NULL CHECK (operation IN ('insert', 'update', 'delete')),
postgres-1       | 	  -- Nur Primaerschluesselwerte. Die Grenze verhindert, dass ein zusammengesetzter
postgres-1       | 	  -- Schluessel den Feed aufblaeht.
postgres-1       | 	  row_key jsonb NOT NULL CHECK (octet_length(row_key::text) <= 4096),
postgres-1       | 	  committed_at timestamptz NOT NULL DEFAULT now()
postgres-1       | 	);
postgres-1       | 	
postgres-1       | 	CREATE INDEX change_feed_retention_idx ON qkern_internal.change_feed (committed_at);
postgres-1       | 	
postgres-1       | 	ALTER TABLE qkern_internal.change_feed OWNER TO qkern_ledger_owner;
postgres-1       | 	
postgres-1       | 	-- SECURITY DEFINER: Der Schreiber einer Zeile besitzt keine Rechte auf dem
postgres-1       | 	-- Feed und soll sie auch nicht bekommen. Der Trigger schreibt stellvertretend.
postgres-1       | 	-- search_path wird fest gesetzt, damit kein Aufrufer die aufgeloesten Objekte
postgres-1       | 	-- umlenken kann.
postgres-1       | 	CREATE OR REPLACE FUNCTION qkern_internal.capture_change()
postgres-1       | 	RETURNS trigger
postgres-1       | 	LANGUAGE plpgsql
postgres-1       | 	SECURITY DEFINER
postgres-1       | 	SET search_path = qkern_internal, pg_catalog
postgres-1       | 	AS $$
postgres-1       | 	DECLARE
postgres-1       | 	  key_columns text[];
postgres-1       | 	  source record;
postgres-1       | 	  key jsonb;
postgres-1       | 	BEGIN
postgres-1       | 	  SELECT array_agg(attribute.attname ORDER BY attribute.attnum)
postgres-1       | 	    INTO key_columns
postgres-1       | 	    FROM pg_index index
postgres-1       | 	    JOIN pg_attribute attribute
postgres-1       | 	      ON attribute.attrelid = index.indrelid AND attribute.attnum = ANY (index.indkey)
postgres-1       | 	   WHERE index.indrelid = TG_RELID AND index.indisprimary;
postgres-1       | 	
postgres-1       | 	  IF key_columns IS NULL THEN
postgres-1       | 	    RAISE EXCEPTION 'change capture requires a primary key on %.%', TG_TABLE_SCHEMA, TG_TABLE_NAME
postgres-1       | 	      USING ERRCODE = '55000';
postgres-1       | 	  END IF;
postgres-1       | 	
postgres-1       | 	  source := CASE WHEN TG_OP = 'DELETE' THEN OLD ELSE NEW END;
postgres-1       | 	  SELECT jsonb_object_agg(entry.key, entry.value)
postgres-1       | 	    INTO key
postgres-1       | 	    FROM jsonb_each(to_jsonb(source)) AS entry
postgres-1       | 	   WHERE entry.key = ANY (key_columns);
postgres-1       | 	
postgres-1       | 	  INSERT INTO qkern_internal.change_feed (schema_name, table_name, operation, row_key)
postgres-1       | 	  VALUES (TG_TABLE_SCHEMA, TG_TABLE_NAME, lower(TG_OP), key);
postgres-1       | 	
postgres-1       | 	  RETURN NULL;
postgres-1       | 	END;
postgres-1       | 	$$;
postgres-1       | 	
postgres-1       | 	ALTER FUNCTION qkern_internal.capture_change() OWNER TO qkern_ledger_owner;
postgres-1       | 	
postgres-1       | 	REVOKE ALL ON qkern_internal.change_feed FROM PUBLIC;
postgres-1       | 	REVOKE ALL ON FUNCTION qkern_internal.capture_change() FROM PUBLIC;
postgres-1       | 	
postgres-1       | 	-- Die Laufzeitrolle liest den Feed und raeumt ihn auf. Sie darf ihn niemals
postgres-1       | 	-- schreiben: ein erfundenes Aenderungsereignis wuerde einen Lesevorgang mit
postgres-1       | 	-- fremden Claims ausloesen.
postgres-1       | 	GRANT USAGE ON SCHEMA qkern_internal TO qkern_project_api_app;
postgres-1       | 	GRANT SELECT, DELETE ON qkern_internal.change_feed TO qkern_project_api_app;
postgres-1       | 	
postgres-1       | 	COMMIT;
postgres-1       | 	
postgres-1       | 2026-09-30 05:05:50.994 UTC [750] ERROR:  permission denied for table project_functions
postgres-1       | 2026-09-30 05:05:50.994 UTC [750] STATEMENT:  UPDATE project_functions SET memory_mib=2048 WHERE id=$1
postgres-1       | 2026-09-30 05:05:51.009 UTC [736] ERROR:  new row for relation "project_functions" violates check constraint "project_functions_image_check"
postgres-1       | 2026-09-30 05:05:51.009 UTC [736] DETAIL:  Failing row contains (9d02d809-df2c-4c07-ab79-a888e1414d08, 0450531f-19d3-4d84-865e-36648c144869, dff9d60e-017d-43fc-8a30-325629ef310c, development, tagged-88c9077c, nodejs24, registry.example.com/qkern/probe:latest, handler.mjs, 30000, 128, 1, {}, {}, t, 2026-09-30 05:05:51.003936+00).
postgres-1       | 2026-09-30 05:05:51.009 UTC [736] STATEMENT:  INSERT INTO project_functions
postgres-1       | 	         (organization_id, project_id, environment, name, runtime, image, entrypoint)
postgres-1       | 	       VALUES ($1,$2,'development',$3,'nodejs24','registry.example.com/qkern/probe:latest','handler.mjs')
postgres-1       | 2026-09-30 05:05:51.023 UTC [715] ERROR:  new row violates row-level security policy for table "items"
postgres-1       | 2026-09-30 05:05:51.023 UTC [715] CONTEXT:  SQL function "add_item" statement 1
postgres-1       | 2026-09-30 05:05:51.023 UTC [715] STATEMENT:  SELECT "generated_456dc4d5_ee4e_40cb_b3f5_dffbd28a0e10"."add_item"("item_name" => $1::text, "item_owner" => $2::text) AS result
postgres-1       | 2026-09-30 05:05:51.040 UTC [741] ERROR:  duplicate key value violates unique constraint "project_functions_name_key"
postgres-1       | 2026-09-30 05:05:51.040 UTC [741] STATEMENT:  INSERT INTO project_functions
postgres-1       | 	           (organization_id, project_id, environment, name, runtime, image, entrypoint,
postgres-1       | 	            timeout_ms, memory_mib, max_concurrency, egress_origins, secret_refs, enabled)
postgres-1       | 	         VALUES ($1,$2,$3,$4,'nodejs24',$5,$6,$7,$8,$9,$10,$11,$12)
postgres-1       | 	         RETURNING id, organization_id, project_id, environment, name, runtime, image,
postgres-1       | 	  entrypoint, timeout_ms, memory_mib, max_concurrency, egress_origins, secret_refs, enabled,
postgres-1       | 	  created_at
postgres-1       | 2026-09-30 05:05:51.077 UTC [692] ERROR:  webhook delivery content is immutable
postgres-1       | 2026-09-30 05:05:51.077 UTC [692] CONTEXT:  PL/pgSQL function qkern_validate_project_webhook_delivery_update() line 8 at RAISE
postgres-1       | 2026-09-30 05:05:51.077 UTC [692] STATEMENT:  UPDATE project_webhook_deliveries SET payload='{"tampered":true}'::jsonb WHERE id=$1
postgres-1       | 2026-09-30 05:05:51.216 UTC [752] ERROR:  new row for relation "migration_incident_delivery_commands" violates check constraint "migration_incident_delivery_commands_expected_retry_cycle"
postgres-1       | 2026-09-30 05:05:51.216 UTC [752] DETAIL:  Failing row contains (109c072d-e460-4ce6-b102-de44f94fc551, d695ac69-a731-4917-b8a7-a507eaaf0f84, ae834efd-4590-4299-80a8-36bb35ccf7e2, constraint-test, destination_recovered, pending, null, 2026-09-30 05:05:51.160049+00, 2026-09-30 05:05:51.160049+00, PUBLISH_FAILED, null).
postgres-1       | 2026-09-30 05:05:51.216 UTC [752] STATEMENT:  INSERT INTO migration_incident_delivery_commands
postgres-1       | 	           (organization_id, migration_incident_id, requested_by, reason_code,
postgres-1       | 	            expected_failure_code, expected_retry_cycle)
postgres-1       | 	         VALUES ($1, $2, 'constraint-test', 'destination_recovered', 'PUBLISH_FAILED', NULL)
certification-1  |  [32m✓[39m tests/generated-data-postgres.integration.test.ts [2m([22m[2m9 tests[22m[2m)[22m[33m 1840[2mms[22m[39m
postgres-1       | 2026-09-30 05:05:51.389 UTC [757] ERROR:  permission denied for table project_cron_definitions
postgres-1       | 2026-09-30 05:05:51.389 UTC [757] STATEMENT:  UPDATE project_cron_definitions SET time_zone='UTC' WHERE id=$1
postgres-1       | 2026-09-30 05:05:51.430 UTC [753] ERROR:  duplicate key value violates unique constraint "project_cron_definitions_name_key"
postgres-1       | 2026-09-30 05:05:51.430 UTC [753] STATEMENT:  INSERT INTO project_cron_definitions
postgres-1       | 	           (organization_id, project_id, environment, name, expression, queue, payload, enabled,
postgres-1       | 	            time_zone)
postgres-1       | 	         VALUES ($1,$2,$3,$4,$5,$6,$7,$8,$9)
postgres-1       | 	         RETURNING id, organization_id, project_id, environment, name, expression, queue,
postgres-1       | 	  payload, enabled, time_zone, last_dispatched_at, created_at
postgres-1       | 2026-09-30 05:05:51.561 UTC [769] ERROR:  permission denied for table project_cron_definitions
postgres-1       | 2026-09-30 05:05:51.561 UTC [769] STATEMENT:  UPDATE project_cron_definitions SET expression='*/1 * * * *' WHERE id=$1
postgres-1       | 2026-09-30 05:05:51.670 UTC [755] ERROR:  a settled webhook delivery is final
postgres-1       | 2026-09-30 05:05:51.670 UTC [755] CONTEXT:  PL/pgSQL function qkern_validate_project_webhook_delivery_update() line 14 at RAISE
postgres-1       | 2026-09-30 05:05:51.670 UTC [755] STATEMENT:  UPDATE project_webhook_deliveries SET status='pending' WHERE id=$1
postgres-1       | 2026-09-30 05:05:51.676 UTC [778] ERROR:  permission denied for table project_webhooks
postgres-1       | 2026-09-30 05:05:51.676 UTC [778] STATEMENT:  UPDATE project_webhooks SET url='https://elsewhere.example.com/hooks' WHERE id=$1
postgres-1       | 2026-09-30 05:05:52.104 UTC [727] ERROR:  project storage object identity is immutable
postgres-1       | 2026-09-30 05:05:52.104 UTC [727] CONTEXT:  PL/pgSQL function qkern_reject_project_storage_object_mutation() line 12 at RAISE
postgres-1       | 2026-09-30 05:05:52.104 UTC [727] STATEMENT:  UPDATE project_storage_objects SET deleted_at=coalesce(deleted_at,$5)
postgres-1       | 	        WHERE organization_id=$1 AND project_id=$2 AND environment=$3 AND id=$4
postgres-1       | 	        RETURNING id,organization_id,project_id,environment,bucket_id,object_key,owner_subject,
postgres-1       | 	  provider_key,size_bytes,content_type,checksum_sha256,etag,status,created_at,delete_after,deleted_at
postgres-1       | 2026-09-30 05:05:52.440 UTC [803] ERROR:  permission denied for table project_functions
postgres-1       | 2026-09-30 05:05:52.440 UTC [803] STATEMENT:  UPDATE project_functions SET image=$1 WHERE id=$2
certification-1  |  [32m✓[39m tests/project-storage-postgres.integration.test.ts [2m([22m[2m8 tests[22m[2m)[22m[33m 2595[2mms[22m[39m
certification-1  |      [33m[2m✓[22m[39m persists an exact verified upload and moves quota from reserved to used [33m 681[2mms[22m[39m
certification-1  |      [33m[2m✓[22m[39m commits concurrent completion replays exactly once [33m 369[2mms[22m[39m
certification-1  |      [33m[2m✓[22m[39m releases used quota once when delete and lifecycle expiration race [33m 441[2mms[22m[39m
certification-1  |  [32m✓[39m tests/compute-webhook-postgres.integration.test.ts [2m([22m[2m10 tests[22m[2m)[22m[33m 3588[2mms[22m[39m
certification-1  |      [33m[2m✓[22m[39m persists a delivery and hands it to exactly one of many claimants [33m 420[2mms[22m[39m
certification-1  |      [33m[2m✓[22m[39m schedules a retry with a server-computed delay [33m 338[2mms[22m[39m
certification-1  |      [33m[2m✓[22m[39m dead-letters once the attempt limit of the definition is reached [33m 446[2mms[22m[39m
certification-1  |      [33m[2m✓[22m[39m keeps a settled delivery final [33m 583[2mms[22m[39m
certification-1  |      [33m[2m✓[22m[39m hides deliveries of a different organization [33m 433[2mms[22m[39m
postgres-1       | 2026-09-30 05:05:52.954 UTC [728] ERROR:  realtime events are append-only
postgres-1       | 2026-09-30 05:05:52.954 UTC [728] CONTEXT:  PL/pgSQL function qkern_reject_realtime_event_update() line 3 at RAISE
postgres-1       | 2026-09-30 05:05:52.954 UTC [728] STATEMENT:  UPDATE realtime_events SET event='tampered'
postgres-1       | 	        WHERE organization_id=$1 AND channel=$2
postgres-1       | 2026-09-30 05:05:53.120 UTC [814] ERROR:  cron progress must not move backwards
postgres-1       | 2026-09-30 05:05:53.120 UTC [814] CONTEXT:  PL/pgSQL function qkern_validate_project_cron_update() line 10 at RAISE
postgres-1       | 2026-09-30 05:05:53.120 UTC [814] STATEMENT:  UPDATE project_cron_definitions
postgres-1       | 	            SET last_dispatched_at=$3, updated_at=now()
postgres-1       | 	          WHERE organization_id=$1 AND id=$2
postgres-1       | 2026-09-30 05:05:53.154 UTC [813] ERROR:  cron progress must not move backwards
postgres-1       | 2026-09-30 05:05:53.154 UTC [813] CONTEXT:  PL/pgSQL function qkern_validate_project_cron_update() line 10 at RAISE
postgres-1       | 2026-09-30 05:05:53.154 UTC [813] STATEMENT:  UPDATE project_cron_definitions
postgres-1       | 	            SET last_dispatched_at=$3, updated_at=now()
postgres-1       | 	          WHERE organization_id=$1 AND id=$2
certification-1  |  [32m✓[39m tests/compute-definitions-postgres.integration.test.ts [2m([22m[2m10 tests[22m[2m)[22m[33m 3023[2mms[22m[39m
certification-1  |      [33m[2m✓[22m[39m creates, lists and pauses a cron definition through the unprivileged runtime role [33m 674[2mms[22m[39m
certification-1  |      [33m[2m✓[22m[39m deploys images only through the door that writes their history [33m 738[2mms[22m[39m
certification-1  |      [33m[2m✓[22m[39m writes one chained audit entry per deployment [33m 365[2mms[22m[39m
postgres-1       | 2026-09-30 05:05:53.316 UTC [813] ERROR:  cron progress must not move backwards
postgres-1       | 2026-09-30 05:05:53.316 UTC [813] CONTEXT:  PL/pgSQL function qkern_validate_project_cron_update() line 10 at RAISE
postgres-1       | 2026-09-30 05:05:53.316 UTC [813] STATEMENT:  UPDATE project_cron_definitions
postgres-1       | 	            SET last_dispatched_at=$3, updated_at=now()
postgres-1       | 	          WHERE organization_id=$1 AND id=$2
postgres-1       | 2026-09-30 05:05:53.392 UTC [811] ERROR:  cron progress must not move backwards
postgres-1       | 2026-09-30 05:05:53.392 UTC [811] CONTEXT:  PL/pgSQL function qkern_validate_project_cron_update() line 10 at RAISE
postgres-1       | 2026-09-30 05:05:53.392 UTC [811] STATEMENT:  UPDATE project_cron_definitions
postgres-1       | 	            SET last_dispatched_at=$3, updated_at=now()
postgres-1       | 	          WHERE organization_id=$1 AND id=$2
postgres-1       | 2026-09-30 05:05:53.400 UTC [800] ERROR:  migration incident resolution requires worker-verified ledger evidence
postgres-1       | 2026-09-30 05:05:53.400 UTC [800] CONTEXT:  PL/pgSQL function qkern_validate_migration_incident_acknowledgement() line 49 at RAISE
postgres-1       | 2026-09-30 05:05:53.400 UTC [800] STATEMENT:  UPDATE migration_incidents
postgres-1       | 	       SET status = 'resolved',
postgres-1       | 	           resolution_code = 'target_ledger_match'::qkern_migration_incident_resolution_code
postgres-1       | 	       WHERE organization_id = $1 AND migration_job_id = $2
postgres-1       | 	         AND status IN ('open', 'acknowledged')
postgres-1       | 	       RETURNING 
postgres-1       | 	  id, organization_id, migration_job_id, project_id, environment, change_set_id,
postgres-1       | 	  kind, severity, status, detected_review_cycle, detected_reconciliation_attempt,
postgres-1       | 	  acknowledged_by, acknowledgement_code, acknowledged_at,
postgres-1       | 	  resolved_by, resolution_code, resolved_at, created_at, updated_at
postgres-1       | 2026-09-30 05:05:53.406 UTC [812] ERROR:  cron progress must not move backwards
postgres-1       | 2026-09-30 05:05:53.406 UTC [812] CONTEXT:  PL/pgSQL function qkern_validate_project_cron_update() line 10 at RAISE
postgres-1       | 2026-09-30 05:05:53.406 UTC [812] STATEMENT:  UPDATE project_cron_definitions
postgres-1       | 	            SET last_dispatched_at=$3, updated_at=now()
postgres-1       | 	          WHERE organization_id=$1 AND id=$2
postgres-1       | 2026-09-30 05:05:53.427 UTC [697] ERROR:  cron progress must not move backwards
postgres-1       | 2026-09-30 05:05:53.427 UTC [697] CONTEXT:  PL/pgSQL function qkern_validate_project_cron_update() line 10 at RAISE
postgres-1       | 2026-09-30 05:05:53.427 UTC [697] STATEMENT:  UPDATE project_cron_definitions SET last_dispatched_at=$2 WHERE id=$1
certification-1  |  [32m✓[39m tests/realtime-postgres.integration.test.ts [2m([22m[2m7 tests[22m[2m)[22m[33m 3270[2mms[22m[39m
postgres-1       | 2026-09-30 05:05:53.523 UTC [828] ERROR:  permission denied for table project_auth_users
postgres-1       | 2026-09-30 05:05:53.523 UTC [828] STATEMENT:  SELECT id FROM project_auth_users LIMIT 1
certification-1  |      [33m[2m✓[22m[39m delivers a broadcast to a subscriber on a second instance through PostgreSQL [33m 470[2mms[22m[39m
certification-1  |      [33m[2m✓[22m[39m assigns one global sequence per channel across instances [33m 822[2mms[22m[39m
certification-1  |      [33m[2m✓[22m[39m keeps events after a restart of every instance [33m 478[2mms[22m[39m
certification-1  |      [33m[2m✓[22m[39m keeps the event log invisible to a different organization [33m 599[2mms[22m[39m
certification-1  | [90mstdout[2m | tests/sql-privilege-clause-contract.integration.test.ts[2m > [22m[2mSQL privilege clause contract[2m > [22m[2mfinds statements to check
certification-1  | [22m[39mprivilege clause contract: 137 Anweisungen, 12 Spaltenlisten nicht auswertbar, 908 Platzhalter offen
certification-1  | 
postgres-1       | 2026-09-30 05:05:53.571 UTC [827] ERROR:  cron identity is immutable
postgres-1       | 2026-09-30 05:05:53.571 UTC [827] CONTEXT:  PL/pgSQL function qkern_validate_project_cron_update() line 6 at RAISE
postgres-1       | 2026-09-30 05:05:53.571 UTC [827] STATEMENT:  UPDATE project_cron_definitions SET project_id=$2 WHERE id=$1
postgres-1       | 2026-09-30 05:05:53.673 UTC [303] LOG:  checkpoint starting: immediate force wait
postgres-1       | 2026-09-30 05:05:54.046 UTC [797] ERROR:  new row violates row-level security policy "audit_logs_project_auth_insert" for table "audit_logs"
postgres-1       | 2026-09-30 05:05:54.046 UTC [797] STATEMENT:  INSERT INTO audit_logs
postgres-1       | 	         (organization_id, project_id, environment, actor_type, actor_ref, action, resource_ref,
postgres-1       | 	          status, redacted_metadata, previous_hash, entry_hash)
postgres-1       | 	       VALUES ($1, $2, $3, $4, $5, $6, $7, $8, $9::jsonb, NULL, repeat('0', 64))
postgres-1       | 	       RETURNING id, organization_id, project_id, environment, actor_type, actor_ref, action, resource_ref,
postgres-1       | 	                 status, redacted_metadata, previous_hash, entry_hash, created_at
postgres-1       | 2026-09-30 05:05:54.083 UTC [768] ERROR:  function slots are immutable
postgres-1       | 2026-09-30 05:05:54.083 UTC [768] CONTEXT:  PL/pgSQL function qkern_reject_project_function_slot_update() line 3 at RAISE
postgres-1       | 2026-09-30 05:05:54.083 UTC [768] STATEMENT:  UPDATE project_function_slots SET expires_at = now() + interval '1 hour'
postgres-1       | 	        WHERE organization_id=$1 AND function_id=$2
certification-1  |  [32m✓[39m tests/project-queues-postgres.integration.test.ts [2m([22m[2m9 tests[22m[2m)[22m[33m 3520[2mms[22m[39m
certification-1  |      [33m[2m✓[22m[39m claims each ready row at most once across concurrent workers [33m 857[2mms[22m[39m
certification-1  |      [33m[2m✓[22m[39m consumes an enqueued message and calls the function [33m 578[2mms[22m[39m
certification-1  |      [33m[2m✓[22m[39m keeps a foreign queue untouched [33m 693[2mms[22m[39m
postgres-1       | 2026-09-30 05:05:54.111 UTC [303] LOG:  checkpoint complete: wrote 1695 buffers (10.3%); 0 WAL file(s) added, 0 removed, 1 recycled; write=0.409 s, sync=0.002 s, total=0.454 s; sync files=592, longest=0.001 s, average=0.001 s; distance=12353 kB, estimate=12353 kB; lsn=0/2997AB8, redo lsn=0/295E980
certification-1  |  [32m✓[39m tests/compute-functions-postgres.integration.test.ts [2m([22m[2m13 tests[22m[2m)[22m[33m 3701[2mms[22m[39m
certification-1  |      [33m[2m✓[22m[39m stops a second instance once the shared limit is reached [33m 473[2mms[22m[39m
certification-1  |      [33m[2m✓[22m[39m hands the place on once the first instance is done [33m 812[2mms[22m[39m
certification-1  |      [33m[2m✓[22m[39m reclaims the place of an instance that never came back [33m 379[2mms[22m[39m
certification-1  |      [33m[2m✓[22m[39m counts the places of one definition only [33m 798[2mms[22m[39m
certification-1  |  [32m✓[39m tests/postgres-incident-recovery.integration.test.ts [2m([22m[2m6 tests[22m[2m)[22m[33m 5165[2mms[22m[39m
certification-1  |      [33m[2m✓[22m[39m closes PostgreSQL CHECK-NULL bypasses for every new pending command [33m 591[2mms[22m[39m
certification-1  |      [33m[2m✓[22m[39m rejects an old command when the same failure code returns in a later generation [33m 1155[2mms[22m[39m
certification-1  |  [32m✓[39m tests/compute-webhook-chain.integration.test.ts [2m([22m[2m6 tests[22m[2m)[22m[33m 2616[2mms[22m[39m
certification-1  |      [33m[2m✓[22m[39m does not send for a switched-off definition [33m 504[2mms[22m[39m
certification-1  |      [33m[2m✓[22m[39m recovers a delivery whose deliverer died mid-attempt [33m 417[2mms[22m[39m
certification-1  |  [32m✓[39m tests/project-auth-postgres.integration.test.ts [2m([22m[2m4 tests[22m[2m)[22m[33m 4281[2mms[22m[39m
certification-1  |      [33m[2m✓[22m[39m persists app users only through the auth role and keeps runtime access closed [33m 1535[2mms[22m[39m
postgres-1       | 2026-09-30 05:05:55.871 UTC [878] ERROR:  relation "change_feed" already exists
postgres-1       | 2026-09-30 05:05:55.871 UTC [878] STATEMENT:  -- Run once after 0002_qkern_migration_fence.sql as the trusted project database
postgres-1       | 	-- provisioner. Provides trigger-based change capture for Realtime.
postgres-1       | 	--
postgres-1       | 	-- ## Warum Trigger und nicht logische Replikation
postgres-1       | 	--
postgres-1       | 	-- Logische Replikation sieht jede Aenderung ohne Schemaeingriff, verlangt aber
postgres-1       | 	-- eine Rolle mit Replikationsrecht und einen Slot. Beides steht im direkten
postgres-1       | 	-- Widerspruch zu diesem Schema: 0001 prueft fuer jede beteiligte Rolle
postgres-1       | 	-- ausdruecklich rolreplication = false. Ein hängender Konsument laesst den Slot
postgres-1       | 	-- ausserdem unbegrenzt WAL halten, bis die Platte voll ist -- ein
postgres-1       | 	-- Betriebsrisiko, das der Kunde traegt und QKERN nicht begrenzen kann.
postgres-1       | 	--
postgres-1       | 	-- Trigger sind begrenzbar: der Feed hat Groessengrenzen und Aufbewahrung, und
postgres-1       | 	-- das Anschalten je Tabelle ist eine Schemaaenderung, die den vorhandenen
postgres-1       | 	-- Change-Set- und Approval-Weg durchlaeuft.
postgres-1       | 	--
postgres-1       | 	-- ## Warum keine Zeilenwerte gespeichert werden
postgres-1       | 	--
postgres-1       | 	-- Der Feed haelt ausschliesslich die Primaerschluesselwerte. Die eigentlichen
postgres-1       | 	-- Zeilenwerte werden je Abonnent frisch gelesen, und zwar mit dessen Claims.
postgres-1       | 	-- Row Level Security autorisiert und erzeugt die Nutzlast damit in einem
postgres-1       | 	-- Schritt. Wuerden die Werte hier liegen, muesste eine zweite, unabhaengige
postgres-1       | 	-- Sichtbarkeitspruefung sie korrekt filtern -- eine Kopie der RLS-Logik
postgres-1       | 	-- ausserhalb der Datenbank und damit eine dauerhafte Fehlerquelle.
postgres-1       | 	
postgres-1       | 	BEGIN;
postgres-1       | 	
postgres-1       | 	CREATE TABLE qkern_internal.change_feed (
postgres-1       | 	  position bigint GENERATED ALWAYS AS IDENTITY PRIMARY KEY,
postgres-1       | 	  schema_name text NOT NULL CHECK (schema_name ~ '^[a-z_][a-z0-9_]{0,62}$'),
postgres-1       | 	  table_name text NOT NULL CHECK (table_name ~ '^[a-z_][a-z0-9_]{0,62}$'),
postgres-1       | 	  operation text NOT NULL CHECK (operation IN ('insert', 'update', 'delete')),
postgres-1       | 	  -- Nur Primaerschluesselwerte. Die Grenze verhindert, dass ein zusammengesetzter
postgres-1       | 	  -- Schluessel den Feed aufblaeht.
postgres-1       | 	  row_key jsonb NOT NULL CHECK (octet_length(row_key::text) <= 4096),
postgres-1       | 	  committed_at timestamptz NOT NULL DEFAULT now()
postgres-1       | 	);
postgres-1       | 	
postgres-1       | 	CREATE INDEX change_feed_retention_idx ON qkern_internal.change_feed (committed_at);
postgres-1       | 	
postgres-1       | 	ALTER TABLE qkern_internal.change_feed OWNER TO qkern_ledger_owner;
postgres-1       | 	
postgres-1       | 	-- SECURITY DEFINER: Der Schreiber einer Zeile besitzt keine Rechte auf dem
postgres-1       | 	-- Feed und soll sie auch nicht bekommen. Der Trigger schreibt stellvertretend.
postgres-1       | 	-- search_path wird fest gesetzt, damit kein Aufrufer die aufgeloesten Objekte
postgres-1       | 	-- umlenken kann.
postgres-1       | 	CREATE OR REPLACE FUNCTION qkern_internal.capture_change()
postgres-1       | 	RETURNS trigger
postgres-1       | 	LANGUAGE plpgsql
postgres-1       | 	SECURITY DEFINER
postgres-1       | 	SET search_path = qkern_internal, pg_catalog
postgres-1       | 	AS $$
postgres-1       | 	DECLARE
postgres-1       | 	  key_columns text[];
postgres-1       | 	  source record;
postgres-1       | 	  key jsonb;
postgres-1       | 	BEGIN
postgres-1       | 	  SELECT array_agg(attribute.attname ORDER BY attribute.attnum)
postgres-1       | 	    INTO key_columns
postgres-1       | 	    FROM pg_index index
postgres-1       | 	    JOIN pg_attribute attribute
postgres-1       | 	      ON attribute.attrelid = index.indrelid AND attribute.attnum = ANY (index.indkey)
postgres-1       | 	   WHERE index.indrelid = TG_RELID AND index.indisprimary;
postgres-1       | 	
postgres-1       | 	  IF key_columns IS NULL THEN
postgres-1       | 	    RAISE EXCEPTION 'change capture requires a primary key on %.%', TG_TABLE_SCHEMA, TG_TABLE_NAME
postgres-1       | 	      USING ERRCODE = '55000';
postgres-1       | 	  END IF;
postgres-1       | 	
postgres-1       | 	  source := CASE WHEN TG_OP = 'DELETE' THEN OLD ELSE NEW END;
postgres-1       | 	  SELECT jsonb_object_agg(entry.key, entry.value)
postgres-1       | 	    INTO key
postgres-1       | 	    FROM jsonb_each(to_jsonb(source)) AS entry
postgres-1       | 	   WHERE entry.key = ANY (key_columns);
postgres-1       | 	
postgres-1       | 	  INSERT INTO qkern_internal.change_feed (schema_name, table_name, operation, row_key)
postgres-1       | 	  VALUES (TG_TABLE_SCHEMA, TG_TABLE_NAME, lower(TG_OP), key);
postgres-1       | 	
postgres-1       | 	  RETURN NULL;
postgres-1       | 	END;
postgres-1       | 	$$;
postgres-1       | 	
postgres-1       | 	ALTER FUNCTION qkern_internal.capture_change() OWNER TO qkern_ledger_owner;
postgres-1       | 	
postgres-1       | 	REVOKE ALL ON qkern_internal.change_feed FROM PUBLIC;
postgres-1       | 	REVOKE ALL ON FUNCTION qkern_internal.capture_change() FROM PUBLIC;
postgres-1       | 	
postgres-1       | 	-- Die Laufzeitrolle liest den Feed und raeumt ihn auf. Sie darf ihn niemals
postgres-1       | 	-- schreiben: ein erfundenes Aenderungsereignis wuerde einen Lesevorgang mit
postgres-1       | 	-- fremden Claims ausloesen.
postgres-1       | 	GRANT USAGE ON SCHEMA qkern_internal TO qkern_project_api_app;
postgres-1       | 	GRANT SELECT, DELETE ON qkern_internal.change_feed TO qkern_project_api_app;
postgres-1       | 	
postgres-1       | 	COMMIT;
postgres-1       | 	
postgres-1       | 2026-09-30 05:05:56.118 UTC [882] ERROR:  permission denied for table billing_rate_cards
postgres-1       | 2026-09-30 05:05:56.118 UTC [882] STATEMENT:  UPDATE billing_rate_cards SET unit_price_micros = 1 WHERE organization_id = $1
postgres-1       | 2026-09-30 05:05:56.125 UTC [882] ERROR:  permission denied for table billing_rate_cards
postgres-1       | 2026-09-30 05:05:56.125 UTC [882] STATEMENT:  DELETE FROM billing_rate_cards WHERE organization_id = $1
postgres-1       | 2026-09-30 05:05:56.129 UTC [881] ERROR:  change capture requires a primary key on public.cdc_keyless_8e4d95474010
postgres-1       | 2026-09-30 05:05:56.129 UTC [881] CONTEXT:  PL/pgSQL function capture_change() line 15 at RAISE
postgres-1       | 2026-09-30 05:05:56.129 UTC [881] STATEMENT:  INSERT INTO public.cdc_keyless_8e4d95474010 (label) VALUES ('orphan')
certification-1  |  [32m✓[39m tests/usage-billing-postgres.integration.test.ts [2m([22m[2m4 tests[22m[2m)[22m[33m 843[2mms[22m[39m
postgres-1       | 2026-09-30 05:05:56.340 UTC [884] ERROR:  permission denied for table change_feed
postgres-1       | 2026-09-30 05:05:56.340 UTC [884] STATEMENT:  INSERT INTO qkern_internal.change_feed (schema_name, table_name, operation, row_key)
postgres-1       | 	       VALUES ('public', 'forged', 'insert', '{"id":"forged"}'::jsonb)
certification-1  |  [32m✓[39m tests/realtime-change-feed-postgres.integration.test.ts [2m([22m[2m6 tests[22m[2m)[22m[33m 1182[2mms[22m[39m
certification-1  |  [32m✓[39m tests/sql-privilege-clause-contract.integration.test.ts [2m([22m[2m2 tests[22m[2m)[22m[33m 4253[2mms[22m[39m
certification-1  |      [33m[2m✓[22m[39m grants every write role the read right its clauses require [33m 3296[2mms[22m[39m
certification-1  | [90mstderr[2m | tests/realtime-change-soak-postgres.integration.test.ts[2m > [22m[2mRealtime change soak PostgreSQL certification[2m > [22m[2mdelivers every change of a sustained writer without loss, gap or stall
certification-1  | [22m[39msoak: 120 Aenderungen, p50 3120 ms, p95 3433 ms, max 3487 ms
certification-1  | 
certification-1  | [90mstderr[2m | tests/realtime-change-soak-postgres.integration.test.ts[2m > [22m[2mRealtime change soak PostgreSQL certification[2m > [22m[2mdelivers every change of a sustained writer without loss, gap or stall
certification-1  | [22m[39msoak: 5 Buchungen fuer 120 Nachrichten
certification-1  | 
certification-1  |  [32m✓[39m tests/realtime-change-soak-postgres.integration.test.ts [2m([22m[2m1 test[22m[2m)[22m[33m 6767[2mms[22m[39m
certification-1  |      [33m[2m✓[22m[39m delivers every change of a sustained writer without loss, gap or stall [33m 5761[2mms[22m[39m
certification-1  |  [32m✓[39m tests/data-plane-functions-postgres.integration.test.ts [2m([22m[2m1 test[22m[2m)[22m[33m 688[2mms[22m[39m
certification-1  |  [32m✓[39m tests/usage-metering-postgres.integration.test.ts [2m([22m[2m4 tests[22m[2m)[22m[33m 723[2mms[22m[39m
certification-1  |      [33m[2m✓[22m[39m serializes concurrent hard-quota decisions and persists verifier-only events [33m 504[2mms[22m[39m
certification-1  |  [32m✓[39m tests/usage-emitters-postgres.integration.test.ts [2m([22m[2m20 tests[22m[2m)[22m[33m 5822[2mms[22m[39m
certification-1  |      [33m[2m✓[22m[39m counts a real enqueue in the durable ledger [33m 783[2mms[22m[39m
certification-1  |      [33m[2m✓[22m[39m lets an observed limit run over instead of blocking [33m 420[2mms[22m[39m
certification-1  |      [33m[2m✓[22m[39m counts a real function invocation [33m 348[2mms[22m[39m
certification-1  |      [33m[2m✓[22m[39m refuses the invocation when the quota is exhausted and never starts it [33m 321[2mms[22m[39m
certification-1  |      [33m[2m✓[22m[39m counts every simultaneous enqueue across queues exactly once [33m 984[2mms[22m[39m
certification-1  |  [32m✓[39m tests/data-plane-catalog-postgres.integration.test.ts [2m([22m[2m3 tests[22m[2m)[22m[33m 733[2mms[22m[39m
certification-1  |  [32m✓[39m tests/data-plane-query-postgres.integration.test.ts [2m([22m[2m2 tests[22m[2m)[22m[33m 401[2mms[22m[39m
postgres-1       | 2026-09-30 05:05:58.240 UTC [907] ERROR:  permission denied for table migration_outbox
postgres-1       | 2026-09-30 05:05:58.240 UTC [907] STATEMENT:  SELECT status FROM migration_outbox
postgres-1       | 2026-09-30 05:05:58.244 UTC [907] ERROR:  permission denied for table migration_outbox
postgres-1       | 2026-09-30 05:05:58.244 UTC [907] STATEMENT:  SELECT lease_owner FROM migration_outbox
postgres-1       | 2026-09-30 05:05:58.254 UTC [907] ERROR:  permission denied for table migration_outbox
postgres-1       | 2026-09-30 05:05:58.254 UTC [907] STATEMENT:  SELECT lease_token FROM migration_outbox
postgres-1       | 2026-09-30 05:05:58.263 UTC [907] ERROR:  permission denied for table migration_outbox
postgres-1       | 2026-09-30 05:05:58.263 UTC [907] STATEMENT:  SELECT lease_expires_at FROM migration_outbox
postgres-1       | 2026-09-30 05:05:58.269 UTC [907] ERROR:  permission denied for table migration_outbox
postgres-1       | 2026-09-30 05:05:58.269 UTC [907] STATEMENT:  SELECT failure_count FROM migration_outbox
postgres-1       | 2026-09-30 05:05:58.283 UTC [907] ERROR:  permission denied for table migration_outbox
postgres-1       | 2026-09-30 05:05:58.283 UTC [907] STATEMENT:  SELECT available_at FROM migration_outbox
certification-1  |  [32m✓[39m tests/queue-connection-pressure-postgres.integration.test.ts [2m([22m[2m1 test[22m[2m)[22m[33m 590[2mms[22m[39m
certification-1  |      [33m[2m✓[22m[39m names an exhausted pool instead of calling it a queue conflict [33m 405[2mms[22m[39m
certification-1  |  [32m✓[39m tests/data-plane-triggers-postgres.integration.test.ts [2m([22m[2m1 test[22m[2m)[22m[33m 345[2mms[22m[39m
certification-1  |  [32m✓[39m tests/migration-enqueue-postgres.integration.test.ts [2m([22m[2m3 tests[22m[2m)[22m[33m 817[2mms[22m[39m
certification-1  |      [33m[2m✓[22m[39m queues an approved change set and its outbox event [33m 431[2mms[22m[39m
postgres-1       | 2026-09-30 05:05:58.716 UTC [919] WARNING:  "wal_level" is insufficient to publish logical changes
postgres-1       | 2026-09-30 05:05:58.716 UTC [919] HINT:  Set "wal_level" to "logical" before creating subscriptions.
certification-1  |  [32m✓[39m tests/data-plane-catalog-wide-postgres.integration.test.ts [2m([22m[2m4 tests[22m[2m)[22m[33m 1007[2mms[22m[39m
postgres-1       | 2026-09-30 05:06:01.133 UTC [303] LOG:  checkpoint starting: immediate force wait
postgres-1       | 2026-09-30 05:06:01.151 UTC [303] LOG:  checkpoint complete: wrote 345 buffers (2.1%); 0 WAL file(s) added, 0 removed, 0 recycled; write=0.016 s, sync=0.001 s, total=0.018 s; sync files=240, longest=0.001 s, average=0.000 s; distance=1718 kB, estimate=11290 kB; lsn=0/2B0C558, redo lsn=0/2B0C4F8
certification-1  |  [32m✓[39m tests/migration-process-postgres.integration.test.ts [2m([22m[2m3 tests[22m[2m)[22m[33m 12097[2mms[22m[39m
certification-1  |      [33m[2m✓[22m[39m applies a queued statement to the real project database [33m 7016[2mms[22m[39m
certification-1  |      [33m[2m✓[22m[39m keeps a tampered statement out of the project database [33m 2079[2mms[22m[39m
certification-1  |      [33m[2m✓[22m[39m names the violated boundary condition without describing the database [33m 2150[2mms[22m[39m
certification-1  |  [32m✓[39m tests/billing-invoice-postgres.integration.test.ts [2m([22m[2m6 tests[22m[2m)[22m[33m 13439[2mms[22m[39m
certification-1  |      [33m[2m✓[22m[39m issues the closed month's invoice from the shipped process [33m 3369[2mms[22m[39m
certification-1  |      [33m[2m✓[22m[39m leaves the issued invoice untouched on a second run [33m 2416[2mms[22m[39m
certification-1  |      [33m[2m✓[22m[39m refuses an open period at its configuration boundary [33m 989[2mms[22m[39m
certification-1  |      [33m[2m✓[22m[39m issues exactly one invoice when two runs race for the same period [33m 1548[2mms[22m[39m
certification-1  |      [33m[2m✓[22m[39m numbers invoices gaplessly per organization and stamps the due date [33m 4639[2mms[22m[39m
postgres-1       | 2026-09-30 05:06:03.404 UTC [961] ERROR:  permission denied for table users
postgres-1       | 2026-09-30 05:06:03.404 UTC [961] STATEMENT:  SELECT id FROM users LIMIT 1
postgres-1       | 2026-09-30 05:06:03.449 UTC [970] ERROR:  permission denied for table projects
postgres-1       | 2026-09-30 05:06:03.449 UTC [970] STATEMENT:  SELECT id FROM projects LIMIT 1
certification-1  |  [32m✓[39m tests/realtime-process-postgres.integration.test.ts [2m([22m[2m3 tests[22m[2m)[22m[33m 14700[2mms[22m[39m
certification-1  |      [33m[2m✓[22m[39m serves a real client from the shipped process [33m 9696[2mms[22m[39m
certification-1  |      [33m[2m✓[22m[39m refuses production with an ephemeral log and names the condition [33m 2175[2mms[22m[39m
certification-1  |      [33m[2m✓[22m[39m serves a client on a public bind after the explicit opt-in [33m 2432[2mms[22m[39m
certification-1  |  [32m✓[39m tests/realtime-change-chain-postgres.integration.test.ts [2m([22m[2m6 tests[22m[2m)[22m[33m 15057[2mms[22m[39m
certification-1  |      [33m[2m✓[22m[39m carries a change from the trigger to a subscriber that may see it [33m 315[2mms[22m[39m
certification-1  |      [33m[2m✓[22m[39m keeps order and delivers each change exactly once under a burst [33m 1901[2mms[22m[39m
certification-1  |      [33m[2m✓[22m[39m keeps every subscriber's subset correct with many subscribers at once [33m 11934[2mms[22m[39m
certification-1  |  [32m✓[39m tests/compute-cron-postgres.integration.test.ts [2m([22m[2m12 tests[22m[2m)[22m[33m 16312[2mms[22m[39m
certification-1  |      [33m[2m✓[22m[39m dispatches a weekday-name expression and an @ shortcut through the real progress [33m 380[2mms[22m[39m
certification-1  |      [33m[2m✓[22m[39m dispatches a zoned schedule through the real progress across the missing hour [33m 742[2mms[22m[39m
certification-1  |      [33m[2m✓[22m[39m dispatches L, # and W schedules through the real progress [33m 1400[2mms[22m[39m
certification-1  |      [33m[2m✓[22m[39m produces exactly one message when two schedulers fire the same occurrence [33m 862[2mms[22m[39m
certification-1  |      [33m[2m✓[22m[39m hides definitions of a different organization [33m 309[2mms[22m[39m
certification-1  |      [33m[2m✓[22m[39m dispatches from the shipped process [33m 8190[2mms[22m[39m
certification-1  |      [33m[2m✓[22m[39m reports ready while the cron loop is doing its rounds [33m 1877[2mms[22m[39m
certification-1  |      [33m[2m✓[22m[39m stops reporting ready when every definition fails [33m 1692[2mms[22m[39m
certification-1  |  [32m✓[39m tests/project-queues-multi-instance.integration.test.ts [2m([22m[2m6 tests[22m[2m)[22m[33m 16773[2mms[22m[39m
certification-1  |      [33m[2m✓[22m[39m claims every message exactly once across six competing instances [33m 5371[2mms[22m[39m
certification-1  |      [33m[2m✓[22m[39m gives a message to exactly one instance when many claim at the same moment [33m 629[2mms[22m[39m
certification-1  |      [33m[2m✓[22m[39m fences a vanished worker: the lease survives, the stale token does not [33m 6883[2mms[22m[39m
certification-1  |      [33m[2m✓[22m[39m keeps retry authority on the server when instances fail concurrently [33m 1035[2mms[22m[39m
certification-1  |      [33m[2m✓[22m[39m enforces the capacity limit even when instances enqueue at the same time [33m 2183[2mms[22m[39m
certification-1  |      [33m[2m✓[22m[39m deduplicates the same key across instances, not just within one [33m 308[2mms[22m[39m
postgres-1       | 2026-09-30 05:06:17.129 UTC [960] ERROR:  new row for relation "project_queue_messages" violates check constraint "project_queue_messages_dedupe_pair"
postgres-1       | 2026-09-30 05:06:17.129 UTC [960] DETAIL:  Failing row contains (6b3fe26e-7702-4fd4-962f-af6dbf3ae197, d84a45d5-4727-4745-9cc8-4946d26237f4, f03f777f-c86c-4456-bbab-a93161c7a9a9, development, 97198412-1390-41b9-9c47-ed8077310f1f, {}, available, probe, ffffffffffffffffffffffffffffffffffffffffffffffffffffffffffffffff, null, 0, 2026-09-30 05:06:17.128441+00, null, null, 0, null, null, 2026-09-30 05:06:17.128441+00, null, null, null).
postgres-1       | 2026-09-30 05:06:17.129 UTC [960] STATEMENT:  INSERT INTO project_queue_messages
postgres-1       | 	        (organization_id,project_id,environment,queue_id,payload,owner_subject,dedupe_key_hash)
postgres-1       | 	        VALUES ($1,$2,'development',$3,'{}'::jsonb,'probe',$4)
postgres-1       | 2026-09-30 05:06:17.222 UTC [1085] FATAL:  database "absent_d204994c_8966_4438_9342_00c319eb9eb8" does not exist
postgres-1       | 2026-09-30 05:06:18.184 UTC [303] LOG:  checkpoint starting: immediate force wait
postgres-1       | 2026-09-30 05:06:18.191 UTC [303] LOG:  checkpoint complete: wrote 220 buffers (1.3%); 0 WAL file(s) added, 0 removed, 2 recycled; write=0.005 s, sync=0.001 s, total=0.007 s; sync files=187, longest=0.001 s, average=0.000 s; distance=25216 kB, estimate=25216 kB; lsn=0/43AC870, redo lsn=0/43AC818
postgres-1       | 2026-09-30 05:06:21.590 UTC [972] ERROR:  new row for relation "project_auth_settings" violates check constraint "project_auth_settings_rate_limits_check"
postgres-1       | 2026-09-30 05:06:21.590 UTC [972] DETAIL:  Failing row contains (1b995e4e-35b5-4ffd-90c2-2db2f9fbad16, 5c94c20f-805c-4210-beb4-2385f8eb568b, development, f, 2026-09-26 12:00:00+00, {}, 0, 900, 5, 3600, 2, 900, f, 12, named, null, 2000, null, 2000, {}).
postgres-1       | 2026-09-30 05:06:21.590 UTC [972] STATEMENT:  UPDATE project_auth_settings SET sign_in_max = 0
postgres-1       | 	       WHERE organization_id = $1 AND project_id = $2 AND environment = 'development'
postgres-1       | 2026-09-30 05:06:22.184 UTC [1108] ERROR:  new row for relation "project_auth_settings" violates check constraint "project_auth_settings_password_protection_check"
postgres-1       | 2026-09-30 05:06:22.184 UTC [1108] DETAIL:  Failing row contains (57adff81-17d4-4ca2-88ee-64f5fa1fb9ec, b8f8d5a3-319f-41f1-8155-c0b1b350ab39, development, f, 2026-09-26 13:00:00+00, {}, 10, 900, 5, 3600, 60, 3600, t, 11, generic, null, 2000, null, 2000, {}).
postgres-1       | 2026-09-30 05:06:22.184 UTC [1108] STATEMENT:  UPDATE project_auth_settings SET password_min_length = 11
postgres-1       | 	         WHERE organization_id = $1 AND project_id = $2 AND environment = 'development'
postgres-1       | 2026-09-30 05:06:22.223 UTC [1109] ERROR:  new row for relation "project_auth_settings" violates check constraint "project_auth_settings_password_protection_check"
postgres-1       | 2026-09-30 05:06:22.223 UTC [1109] DETAIL:  Failing row contains (57adff81-17d4-4ca2-88ee-64f5fa1fb9ec, b8f8d5a3-319f-41f1-8155-c0b1b350ab39, development, f, 2026-09-26 13:00:00+00, {}, 10, 900, 5, 3600, 60, 3600, t, 129, generic, null, 2000, null, 2000, {}).
postgres-1       | 2026-09-30 05:06:22.223 UTC [1109] STATEMENT:  UPDATE project_auth_settings SET password_min_length = 129
postgres-1       | 	         WHERE organization_id = $1 AND project_id = $2 AND environment = 'development'
postgres-1       | 2026-09-30 05:06:22.253 UTC [1110] ERROR:  new row for relation "project_auth_settings" violates check constraint "project_auth_settings_password_protection_check"
postgres-1       | 2026-09-30 05:06:22.253 UTC [1110] DETAIL:  Failing row contains (57adff81-17d4-4ca2-88ee-64f5fa1fb9ec, b8f8d5a3-319f-41f1-8155-c0b1b350ab39, development, f, 2026-09-26 13:00:00+00, {}, 10, 900, 5, 3600, 60, 3600, t, 14, loud, null, 2000, null, 2000, {}).
postgres-1       | 2026-09-30 05:06:22.253 UTC [1110] STATEMENT:  UPDATE project_auth_settings SET leaked_password_notice = 'loud'
postgres-1       | 	         WHERE organization_id = $1 AND project_id = $2 AND environment = 'development'
postgres-1       | 2026-09-30 05:06:25.719 UTC [303] LOG:  checkpoint starting: immediate force wait
postgres-1       | 2026-09-30 05:06:25.725 UTC [303] LOG:  checkpoint complete: wrote 157 buffers (1.0%); 0 WAL file(s) added, 0 removed, 0 recycled; write=0.006 s, sync=0.001 s, total=0.007 s; sync files=133, longest=0.001 s, average=0.001 s; distance=5137 kB, estimate=23208 kB; lsn=0/48B0FE0, redo lsn=0/48B0F88
postgres-1       | 2026-09-30 05:06:33.530 UTC [303] LOG:  checkpoint starting: immediate force wait
postgres-1       | 2026-09-30 05:06:33.531 UTC [303] LOG:  checkpoint complete: wrote 72 buffers (0.4%); 0 WAL file(s) added, 0 removed, 0 recycled; write=0.001 s, sync=0.001 s, total=0.002 s; sync files=60, longest=0.001 s, average=0.000 s; distance=4608 kB, estimate=21348 kB; lsn=0/4D31218, redo lsn=0/4D311C0
postgres-1       | 2026-09-30 05:06:33.552 UTC [1083] ERROR:  new row for relation "user_console_settings" violates check constraint "user_console_settings_language_check"
postgres-1       | 2026-09-30 05:06:33.552 UTC [1083] DETAIL:  Failing row contains (15125434-fa06-4849-b558-4d6c4d86b3d2, es, de-CH, browser, overview, system, 2026-09-30 05:06:33.552529+00, 2026-09-30 05:06:33.552529+00).
postgres-1       | 2026-09-30 05:06:33.552 UTC [1083] STATEMENT:  INSERT INTO user_console_settings (user_id, language) VALUES ($1, $2)
postgres-1       | 2026-09-30 05:06:33.583 UTC [1168] ERROR:  new row for relation "user_console_settings" violates check constraint "user_console_settings_format_locale_check"
postgres-1       | 2026-09-30 05:06:33.583 UTC [1168] DETAIL:  Failing row contains (15125434-fa06-4849-b558-4d6c4d86b3d2, browser, de-AT, browser, overview, system, 2026-09-30 05:06:33.581551+00, 2026-09-30 05:06:33.581551+00).
postgres-1       | 2026-09-30 05:06:33.583 UTC [1168] STATEMENT:  INSERT INTO user_console_settings (user_id, format_locale) VALUES ($1, $2)
postgres-1       | 2026-09-30 05:06:33.592 UTC [1169] ERROR:  new row for relation "user_console_settings" violates check constraint "user_console_settings_theme_check"
postgres-1       | 2026-09-30 05:06:33.592 UTC [1169] DETAIL:  Failing row contains (15125434-fa06-4849-b558-4d6c4d86b3d2, browser, de-CH, browser, overview, sepia, 2026-09-30 05:06:33.591018+00, 2026-09-30 05:06:33.591018+00).
postgres-1       | 2026-09-30 05:06:33.592 UTC [1169] STATEMENT:  INSERT INTO user_console_settings (user_id, theme) VALUES ($1, $2)
postgres-1       | 2026-09-30 05:06:33.604 UTC [1170] ERROR:  new row for relation "user_console_settings" violates check constraint "user_console_settings_time_zone_check"
postgres-1       | 2026-09-30 05:06:33.604 UTC [1170] DETAIL:  Failing row contains (15125434-fa06-4849-b558-4d6c4d86b3d2, browser, de-CH, kein zonenname mit leerzeichen, overview, system, 2026-09-30 05:06:33.602859+00, 2026-09-30 05:06:33.602859+00).
postgres-1       | 2026-09-30 05:06:33.604 UTC [1170] STATEMENT:  INSERT INTO user_console_settings (user_id, time_zone) VALUES ($1, $2)
postgres-1       | 2026-09-30 05:06:33.614 UTC [1171] ERROR:  new row for relation "user_console_settings" violates check constraint "user_console_settings_start_view_check"
postgres-1       | 2026-09-30 05:06:33.614 UTC [1171] DETAIL:  Failing row contains (15125434-fa06-4849-b558-4d6c4d86b3d2, browser, de-CH, browser, Nicht Erlaubt, system, 2026-09-30 05:06:33.612649+00, 2026-09-30 05:06:33.612649+00).
postgres-1       | 2026-09-30 05:06:33.614 UTC [1171] STATEMENT:  INSERT INTO user_console_settings (user_id, start_view) VALUES ($1, $2)
postgres-1       | 2026-09-30 05:06:33.626 UTC [1111] ERROR:  permission denied for table users
postgres-1       | 2026-09-30 05:06:33.626 UTC [1111] STATEMENT:  UPDATE users SET status = 'disabled' WHERE id = $1
postgres-1       | 2026-09-30 05:06:47.437 UTC [1220] ERROR:  relation "plaene_bd2d0565_0356_40c7_b582_b54572d4b0cd.gibt_es_nicht" does not exist at character 73
postgres-1       | 2026-09-30 05:06:47.437 UTC [1220] STATEMENT:  EXPLAIN (FORMAT JSON, COSTS ON, VERBOSE OFF, SUMMARY ON) SELECT id FROM "plaene_bd2d0565_0356_40c7_b582_b54572d4b0cd".gibt_es_nicht
postgres-1       | 2026-09-30 05:06:47.461 UTC [1172] ERROR:  division by zero
postgres-1       | 2026-09-30 05:06:47.461 UTC [1172] STATEMENT:  SELECT 1 / 0
postgres-1       | 2026-09-30 05:06:47.470 UTC [1249] ERROR:  division by zero
postgres-1       | 2026-09-30 05:06:47.470 UTC [1249] STATEMENT:  SELECT 1 / 0
postgres-1       | 2026-09-30 05:06:47.477 UTC [1250] ERROR:  division by zero
postgres-1       | 2026-09-30 05:06:47.477 UTC [1250] STATEMENT:  SELECT 1 / 0
postgres-1       | 2026-09-30 05:06:47.484 UTC [1251] ERROR:  division by zero
postgres-1       | 2026-09-30 05:06:47.484 UTC [1251] STATEMENT:  SELECT 1 / 0
postgres-1       | 2026-09-30 05:06:47.491 UTC [1252] ERROR:  division by zero
postgres-1       | 2026-09-30 05:06:47.491 UTC [1252] STATEMENT:  SELECT 1 / 0
postgres-1       | 2026-09-30 05:06:47.498 UTC [1253] ERROR:  division by zero
postgres-1       | 2026-09-30 05:06:47.498 UTC [1253] STATEMENT:  SELECT 1 / 0
postgres-1       | 2026-09-30 05:06:47.505 UTC [1254] ERROR:  division by zero
postgres-1       | 2026-09-30 05:06:47.505 UTC [1254] STATEMENT:  SELECT 1 / 0
postgres-1       | 2026-09-30 05:06:47.511 UTC [1255] ERROR:  division by zero
postgres-1       | 2026-09-30 05:06:47.511 UTC [1255] STATEMENT:  SELECT 1 / 0
postgres-1       | 2026-09-30 05:06:47.519 UTC [1256] ERROR:  division by zero
postgres-1       | 2026-09-30 05:06:47.519 UTC [1256] STATEMENT:  SELECT 1 / 0
postgres-1       | 2026-09-30 05:06:47.526 UTC [1257] ERROR:  division by zero
postgres-1       | 2026-09-30 05:06:47.526 UTC [1257] STATEMENT:  SELECT 1 / 0
postgres-1       | 2026-09-30 05:06:48.745 UTC [1260] ERROR:  permission denied for table pg_user_mapping
postgres-1       | 2026-09-30 05:06:48.745 UTC [1260] STATEMENT:  SELECT umoptions FROM pg_catalog.pg_user_mapping
postgres-1       | 2026-09-30 05:06:48.775 UTC [1258] WARNING:  "wal_level" is insufficient to publish logical changes
postgres-1       | 2026-09-30 05:06:48.775 UTC [1258] HINT:  Set "wal_level" to "logical" before creating subscriptions.
postgres-1       | 2026-09-30 05:06:48.785 UTC [1262] ERROR:  permission denied for table pg_subscription
postgres-1       | 2026-09-30 05:06:48.785 UTC [1262] STATEMENT:  SELECT subconninfo FROM pg_catalog.pg_subscription
postgres-1       | 2026-09-30 05:06:49.086 UTC [1174] ERROR:  permission denied for table project_storage_s3_access_keys
postgres-1       | 2026-09-30 05:06:49.086 UTC [1174] STATEMENT:  DELETE FROM project_storage_s3_access_keys WHERE id = $1
postgres-1       | 2026-09-30 05:06:49.088 UTC [971] ERROR:  permission denied for table project_storage_s3_access_keys
postgres-1       | 2026-09-30 05:06:49.088 UTC [971] STATEMENT:  UPDATE project_storage_s3_access_keys SET name = 'anders' WHERE id = $1
postgres-1       | 2026-09-30 05:06:49.090 UTC [1258] ERROR:  project storage S3 access keys are immutable except for one-way revocation
postgres-1       | 2026-09-30 05:06:49.090 UTC [1258] CONTEXT:  PL/pgSQL function qkern_reject_project_storage_s3_access_key_mutation() line 14 at RAISE
postgres-1       | 2026-09-30 05:06:49.090 UTC [1258] STATEMENT:  UPDATE project_storage_s3_access_keys SET revoked_at = now() + interval '1 hour' WHERE id = $1
postgres-1       | 2026-09-30 05:06:49.144 UTC [1274] ERROR:  project storage S3 access keys are immutable except for one-way revocation
postgres-1       | 2026-09-30 05:06:49.144 UTC [1274] CONTEXT:  PL/pgSQL function qkern_reject_project_storage_s3_access_key_mutation() line 14 at RAISE
postgres-1       | 2026-09-30 05:06:49.144 UTC [1274] STATEMENT:  UPDATE project_storage_s3_access_keys SET secret_ciphertext = $2 WHERE id = $1
postgres-1       | 2026-09-30 05:06:50.203 UTC [1173] ERROR:  new row for relation "project_auth_settings" violates check constraint "project_auth_settings_hook_claims_check"
postgres-1       | 2026-09-30 05:06:50.203 UTC [1173] DETAIL:  Failing row contains (84535d1f-2fd1-40d7-a333-46eea53ff273, b2da1a77-e8c0-4b2f-bc75-0482bffa5a59, development, f, 2026-09-30 05:06:50.089+00, {}, 10, 900, 5, 3600, 60, 3600, f, 12, named, null, 2000, hook-claims-84ccd3e8, 2000, {role}).
postgres-1       | 2026-09-30 05:06:50.203 UTC [1173] STATEMENT:  UPDATE project_auth_settings SET access_token_hook_function = $1, access_token_hook_claims = ARRAY['role']::text[] WHERE organization_id = '84535d1f-2fd1-40d7-a333-46eea53ff273' AND project_id = 'b2da1a77-e8c0-4b2f-bc75-0482bffa5a59'
postgres-1       | 	      AND environment = 'development'
postgres-1       | 2026-09-30 05:06:50.216 UTC [1276] ERROR:  new row for relation "project_auth_settings" violates check constraint "project_auth_settings_hook_timeout_check"
postgres-1       | 2026-09-30 05:06:50.216 UTC [1276] DETAIL:  Failing row contains (84535d1f-2fd1-40d7-a333-46eea53ff273, b2da1a77-e8c0-4b2f-bc75-0482bffa5a59, development, f, 2026-09-30 05:06:50.089+00, {}, 10, 900, 5, 3600, 60, 3600, f, 12, named, null, 0, null, 2000, {}).
postgres-1       | 2026-09-30 05:06:50.216 UTC [1276] STATEMENT:  UPDATE project_auth_settings SET sign_in_hook_timeout_ms = 0 WHERE organization_id = '84535d1f-2fd1-40d7-a333-46eea53ff273' AND project_id = 'b2da1a77-e8c0-4b2f-bc75-0482bffa5a59'
postgres-1       | 	      AND environment = 'development'
postgres-1       | 2026-09-30 05:06:50.230 UTC [1277] ERROR:  new row for relation "project_auth_settings" violates check constraint "project_auth_settings_hook_function_check"
postgres-1       | 2026-09-30 05:06:50.230 UTC [1277] DETAIL:  Failing row contains (84535d1f-2fd1-40d7-a333-46eea53ff273, b2da1a77-e8c0-4b2f-bc75-0482bffa5a59, development, f, 2026-09-30 05:06:50.089+00, {}, 10, 900, 5, 3600, 60, 3600, f, 12, named, Nope!, 2000, null, 2000, {}).
postgres-1       | 2026-09-30 05:06:50.230 UTC [1277] STATEMENT:  UPDATE project_auth_settings SET sign_in_hook_function = 'Nope!' WHERE organization_id = '84535d1f-2fd1-40d7-a333-46eea53ff273' AND project_id = 'b2da1a77-e8c0-4b2f-bc75-0482bffa5a59'
postgres-1       | 	      AND environment = 'development'
postgres-1       | 2026-09-30 05:06:50.243 UTC [1278] ERROR:  new row for relation "project_auth_settings" violates check constraint "project_auth_settings_hook_claims_check"
postgres-1       | 2026-09-30 05:06:50.243 UTC [1278] DETAIL:  Failing row contains (84535d1f-2fd1-40d7-a333-46eea53ff273, b2da1a77-e8c0-4b2f-bc75-0482bffa5a59, development, f, 2026-09-30 05:06:50.089+00, {}, 10, 900, 5, 3600, 60, 3600, f, 12, named, null, 2000, null, 2000, {tenant}).
postgres-1       | 2026-09-30 05:06:50.243 UTC [1278] STATEMENT:  UPDATE project_auth_settings SET access_token_hook_function = NULL, access_token_hook_claims = ARRAY['tenant']::text[] WHERE organization_id = '84535d1f-2fd1-40d7-a333-46eea53ff273' AND project_id = 'b2da1a77-e8c0-4b2f-bc75-0482bffa5a59'
postgres-1       | 	      AND environment = 'development'
postgres-1       | 2026-09-30 05:06:50.449 UTC [1279] ERROR:  permission denied for table project_auth_passkeys
postgres-1       | 2026-09-30 05:06:50.449 UTC [1279] STATEMENT:  UPDATE project_auth_passkeys SET public_key = $1
postgres-1       | 	        WHERE organization_id = $2 AND project_id = $3
postgres-1       | 2026-09-30 05:06:50.785 UTC [1280] ERROR:  new row for relation "project_auth_third_party_providers" violates check constraint "project_auth_third_party_providers_role_check"
postgres-1       | 2026-09-30 05:06:50.785 UTC [1280] DETAIL:  Failing row contains (9f4fe8c5-b7d1-4ce5-a669-edee4fa01cdd, 0acc8c94-8c52-48f4-8526-62193dc5d2cb, f02c152a-776b-4789-b7de-29d64613c018, development, direkt, https://direkt.example.com, https://aussteller-2-80.example.com/.well-known/jwks.json, {qkern-app-2-80}, sub, null, service_role, 2026-09-30 05:06:50.7834+00).
postgres-1       | 2026-09-30 05:06:50.785 UTC [1280] STATEMENT:  INSERT INTO project_auth_third_party_providers
postgres-1       | 	        (id, organization_id, project_id, environment, name, issuer, jwks_uri, audiences, default_role)
postgres-1       | 	        VALUES ($1,$2,$3,$4,'direkt','https://direkt.example.com',$5,ARRAY[$6]::text[],'service_role')
postgres-1       | 2026-09-30 05:06:50.810 UTC [1281] ERROR:  permission denied for table project_auth_third_party_providers
postgres-1       | 2026-09-30 05:06:50.810 UTC [1281] STATEMENT:  UPDATE project_auth_third_party_providers SET jwks_uri = $1 WHERE issuer = $2
postgres-1       | 2026-09-30 05:06:52.397 UTC [1302] ERROR:  new row violates row-level security policy for table "notizen"
postgres-1       | 2026-09-30 05:06:52.397 UTC [1302] STATEMENT:  INSERT INTO "graphqlw_8cfac71a_e952_48b5_be42_8da2eb495991"."notizen" ("besitzer", "inhalt", "menge")
postgres-1       | 	         VALUES ($1, $2, $3)
postgres-1       | 	         RETURNING "id", "besitzer", "inhalt", "menge"
postgres-1       | 2026-09-30 05:06:52.409 UTC [1302] ERROR:  new row violates row-level security policy for table "notizen"
postgres-1       | 2026-09-30 05:06:52.409 UTC [1302] STATEMENT:  UPDATE "graphqlw_8cfac71a_e952_48b5_be42_8da2eb495991"."notizen" SET "besitzer" = $1
postgres-1       | 	       WHERE "menge" = $2 RETURNING "id", "besitzer", "inhalt", "menge"
postgres-1       | 2026-09-30 05:06:52.610 UTC [1303] ERROR:  permission denied for table project_auth_oauth_clients
postgres-1       | 2026-09-30 05:06:52.610 UTC [1303] STATEMENT:  UPDATE project_auth_oauth_clients SET scopes = ARRAY['data:write']::text[] WHERE id = $1
postgres-1       | 2026-09-30 05:06:52.611 UTC [1282] ERROR:  new row for relation "project_auth_oauth_codes" violates check constraint "project_auth_oauth_codes_pkce_check"
postgres-1       | 2026-09-30 05:06:52.611 UTC [1282] DETAIL:  Failing row contains (a4c374c4-7129-4301-b1e0-81ba3c1839e9, 4a4cb6a6-cd8a-498c-a1fc-7405e2d65d84, 3f25309a-10ba-469f-a09c-29552289180a, development, 77cd6251-475f-44a1-9db7-1a767fc1dcf0, a9913435-1bd4-437f-bb8a-04dc30ccbc02, https://app.test/oauth/zurueck, {data:read}, direkt-f780def9-4c7d-4199-8d4d-d19a88266774, YPzkMhumAFOpJYLacp8n2hf5ujvWghPf0rDSZJ_NfPo, plain, 2026-09-30 05:06:52.611189+00, 2026-09-30 05:07:52.611189+00, null, null).
postgres-1       | 2026-09-30 05:06:52.611 UTC [1282] STATEMENT:  INSERT INTO project_auth_oauth_codes
postgres-1       | 	        (id, organization_id, project_id, environment, client_id, auth_user_id, redirect_uri,
postgres-1       | 	         scopes, code_hash, code_challenge, code_challenge_method, expires_at)
postgres-1       | 	        VALUES ($1,$2,$3,'development',$4,$5,$6,ARRAY['data:read']::text[],$7,$8,'plain',now() + interval '1 minute')
postgres-1       | 2026-09-30 05:06:52.873 UTC [303] LOG:  checkpoint starting: immediate force wait
postgres-1       | 2026-09-30 05:06:52.877 UTC [303] LOG:  checkpoint complete: wrote 313 buffers (1.9%); 0 WAL file(s) added, 0 removed, 2 recycled; write=0.004 s, sync=0.001 s, total=0.005 s; sync files=259, longest=0.001 s, average=0.000 s; distance=26910 kB, estimate=26910 kB; lsn=0/6778C88, redo lsn=0/6778C30
postgres-1       | 2026-09-30 05:06:52.908 UTC [1273] ERROR:  permission denied for table project_auth_one_time_tokens
postgres-1       | 2026-09-30 05:06:52.908 UTC [1273] STATEMENT:  DELETE FROM project_auth_one_time_tokens WHERE organization_id = $1
postgres-1       | 2026-09-30 05:06:52.916 UTC [1309] ERROR:  permission denied for table project_auth_oauth_tokens
postgres-1       | 2026-09-30 05:06:52.916 UTC [1309] STATEMENT:  DELETE FROM project_auth_oauth_tokens WHERE organization_id = $1
postgres-1       | 2026-09-30 05:06:53.393 UTC [1306] ERROR:  permission denied for table project_auth_oauth_consents
postgres-1       | 2026-09-30 05:06:53.393 UTC [1306] STATEMENT:  DELETE FROM project_auth_oauth_consents WHERE id = $1
postgres-1       | 2026-09-30 05:06:53.394 UTC [1304] ERROR:  project auth oauth consents are immutable except for one-way revocation
postgres-1       | 2026-09-30 05:06:53.394 UTC [1304] CONTEXT:  PL/pgSQL function qkern_reject_project_auth_oauth_consent_mutation() line 8 at RAISE
postgres-1       | 2026-09-30 05:06:53.394 UTC [1304] STATEMENT:  UPDATE project_auth_oauth_consents SET revoked_at = NULL WHERE id = $1
postgres-1       | 2026-09-30 05:06:53.402 UTC [1320] ERROR:  permission denied for table project_auth_oauth_consents
postgres-1       | 2026-09-30 05:06:53.402 UTC [1320] STATEMENT:  UPDATE project_auth_oauth_consents SET scopes = ARRAY['data:write']::text[] WHERE id = $1
postgres-1       | 2026-09-30 05:06:53.463 UTC [1275] ERROR:  update or delete on table "users" violates foreign key constraint "organizations_created_by_fkey" on table "organizations"
postgres-1       | 2026-09-30 05:06:53.463 UTC [1275] DETAIL:  Key (id)=(6c607e3c-f2e3-43fc-a678-206c49aedf10) is still referenced from table "organizations".
postgres-1       | 2026-09-30 05:06:53.463 UTC [1275] STATEMENT:  DELETE FROM users WHERE id = $1
postgres-1       | 2026-09-30 05:06:53.496 UTC [1324] ERROR:  extension "vector" is not available
postgres-1       | 2026-09-30 05:06:53.496 UTC [1324] DETAIL:  Could not open extension control file "/usr/local/share/postgresql/extension/vector.control": No such file or directory.
postgres-1       | 2026-09-30 05:06:53.496 UTC [1324] HINT:  The extension must first be installed on the system where PostgreSQL is running.
postgres-1       | 2026-09-30 05:06:53.496 UTC [1324] STATEMENT:  CREATE EXTENSION vector
postgres-1       | 2026-09-30 05:06:53.531 UTC [1325] ERROR:  array is too long
postgres-1       | 2026-09-30 05:06:53.531 UTC [1325] DETAIL:  A cube cannot have more than 100 dimensions.
postgres-1       | 2026-09-30 05:06:53.531 UTC [1325] STATEMENT:  SELECT cube(array_fill(0::float8, ARRAY[$1::int]))
postgres-1       | 2026-09-30 05:06:53.788 UTC [1326] ERROR:  update or delete on table "users" violates foreign key constraint "organizations_created_by_fkey" on table "organizations"
postgres-1       | 2026-09-30 05:06:53.788 UTC [1326] DETAIL:  Key (id)=(1422fde7-5387-4b40-8676-51468b70baa0) is still referenced from table "organizations".
postgres-1       | 2026-09-30 05:06:53.788 UTC [1326] STATEMENT:  DELETE FROM users WHERE id = $1
postgres-1       | 2026-09-30 05:06:53.957 UTC [1327] ERROR:  permission denied for table project_function_invocation_output
postgres-1       | 2026-09-30 05:06:53.957 UTC [1327] STATEMENT:  UPDATE project_function_invocation_output SET truncated = true
postgres-1       | 2026-09-30 05:06:53.958 UTC [1327] ERROR:  permission denied for table project_function_invocation_output
postgres-1       | 2026-09-30 05:06:53.958 UTC [1327] STATEMENT:  DELETE FROM project_function_invocation_output
postgres-1       | 2026-09-30 05:06:53.962 UTC [1328] ERROR:  new row for relation "project_function_invocation_output" violates check constraint "project_function_invocation_output_line_count_check"
postgres-1       | 2026-09-30 05:06:53.962 UTC [1328] DETAIL:  Failing row contains (d9de9e7e-826b-45ea-ac29-e7977673e466, b2e3cae2-0afe-449f-b3d8-96e4b52a6cf2, 3d3c553b-781e-4885-abaf-975d90767831, development, f221d40d-4fbe-4567-a90b-fea00d1ece9e, dfb6c005-4f6b-49e7-8795-53e87655e466, 2026-09-30 05:06:53.960367+00, 501, 501, 0, 0, f, 0, [{"at": "2026-09-29T10:00:00.000Z", "cut": false, "text": "x", "...).
postgres-1       | 2026-09-30 05:06:53.962 UTC [1328] STATEMENT:  INSERT INTO project_function_invocation_output
postgres-1       | 	         (organization_id, project_id, environment, function_id, invocation_id,
postgres-1       | 	          line_count, stdout_lines, stderr_lines, byte_count, truncated, dropped_lines, lines)
postgres-1       | 	       VALUES ($1, $2, 'development', $3, $4, $5, $6, 0, 0, $7, $8, $9::jsonb)
postgres-1       | 2026-09-30 05:06:53.970 UTC [1330] ERROR:  new row for relation "project_function_invocation_output" violates check constraint "project_function_invocation_output_lines_shape"
postgres-1       | 2026-09-30 05:06:53.970 UTC [1330] DETAIL:  Failing row contains (6aa450ea-c05b-4b0a-8c78-a0a77f9e2cae, b2e3cae2-0afe-449f-b3d8-96e4b52a6cf2, 3d3c553b-781e-4885-abaf-975d90767831, development, f221d40d-4fbe-4567-a90b-fea00d1ece9e, dfb6c005-4f6b-49e7-8795-53e87655e466, 2026-09-30 05:06:53.968848+00, 2, 2, 0, 0, f, 0, [{"at": "2026-09-29T10:00:00.000Z", "cut": false, "text": "x", "...).
postgres-1       | 2026-09-30 05:06:53.970 UTC [1330] STATEMENT:  INSERT INTO project_function_invocation_output
postgres-1       | 	         (organization_id, project_id, environment, function_id, invocation_id,
postgres-1       | 	          line_count, stdout_lines, stderr_lines, byte_count, truncated, dropped_lines, lines)
postgres-1       | 	       VALUES ($1, $2, 'development', $3, $4, $5, $6, 0, 0, $7, $8, $9::jsonb)
postgres-1       | 2026-09-30 05:06:53.979 UTC [1331] ERROR:  insert or update on table "project_function_invocation_output" violates foreign key constraint "project_function_invocation_o_organization_id_invocation_i_fkey"
postgres-1       | 2026-09-30 05:06:53.979 UTC [1331] DETAIL:  Key (organization_id, invocation_id)=(b2e3cae2-0afe-449f-b3d8-96e4b52a6cf2, e4c231ee-94ef-4fb7-9922-9b017a0bee7d) is not present in table "project_function_invocations".
postgres-1       | 2026-09-30 05:06:53.979 UTC [1331] STATEMENT:  INSERT INTO project_function_invocation_output
postgres-1       | 	         (organization_id, project_id, environment, function_id, invocation_id,
postgres-1       | 	          line_count, stdout_lines, stderr_lines, byte_count, truncated, dropped_lines, lines)
postgres-1       | 	       VALUES ($1, $2, 'development', $3, $4, $5, $6, 0, 0, $7, $8, $9::jsonb)
postgres-1       | 2026-09-30 05:06:53.987 UTC [1332] ERROR:  duplicate key value violates unique constraint "project_function_invocation_o_organization_id_invocation_id_key"
postgres-1       | 2026-09-30 05:06:53.987 UTC [1332] DETAIL:  Key (organization_id, invocation_id)=(b2e3cae2-0afe-449f-b3d8-96e4b52a6cf2, b9fee43d-2674-41d8-a62e-28db24f8b218) already exists.
postgres-1       | 2026-09-30 05:06:53.987 UTC [1332] STATEMENT:  INSERT INTO project_function_invocation_output
postgres-1       | 	         (organization_id, project_id, environment, function_id, invocation_id,
postgres-1       | 	          line_count, stdout_lines, stderr_lines, byte_count, truncated, dropped_lines, lines)
postgres-1       | 	       VALUES ($1, $2, 'development', $3, $4, $5, $6, 0, 0, $7, $8, $9::jsonb)
postgres-1       | 2026-09-30 05:06:54.093 UTC [1322] ERROR:  duplicate key value violates unique constraint "project_auth_saml_assertion_key"
postgres-1       | 2026-09-30 05:06:54.093 UTC [1322] DETAIL:  Key (organization_id, project_id, environment, provider, assertion_id)=(392354f1-d268-4a34-81d4-97b12e6dc647, a912145e-1aa5-4675-8449-cf6bf4802fb6, development, federation, _a6dacb715d84778d39a701febb8020c16) already exists.
postgres-1       | 2026-09-30 05:06:54.093 UTC [1322] STATEMENT:  INSERT INTO project_auth_saml_assertions
postgres-1       | 	      (organization_id, project_id, environment, provider, assertion_id, expires_at)
postgres-1       | 	      VALUES ($1, $2, 'development', 'federation', $3, now() + interval '5 minutes')
postgres-1       | 2026-09-30 05:06:54.096 UTC [1321] ERROR:  new row for relation "project_auth_saml_assertions" violates check constraint "project_auth_saml_assertions_assertion_id_check"
postgres-1       | 2026-09-30 05:06:54.096 UTC [1321] DETAIL:  Failing row contains (70258c3a-ebd0-4e8d-a9f0-85ff0bcc13cf, 392354f1-d268-4a34-81d4-97b12e6dc647, a912145e-1aa5-4675-8449-cf6bf4802fb6, development, federation, 9nope, 2026-09-30 05:06:54.096695+00, 2026-09-30 05:11:54.096695+00).
postgres-1       | 2026-09-30 05:06:54.096 UTC [1321] STATEMENT:  INSERT INTO project_auth_saml_assertions
postgres-1       | 	      (organization_id, project_id, environment, provider, assertion_id, expires_at)
postgres-1       | 	      VALUES ($1, $2, 'development', 'federation', '9nope', now() + interval '5 minutes')
postgres-1       | 2026-09-30 05:06:54.104 UTC [1334] ERROR:  new row for relation "project_auth_saml_assertions" violates check constraint "project_auth_saml_assertions_provider_check"
postgres-1       | 2026-09-30 05:06:54.104 UTC [1334] DETAIL:  Failing row contains (2ae61e1f-f393-4d11-b30b-5c427b439ac3, 392354f1-d268-4a34-81d4-97b12e6dc647, a912145e-1aa5-4675-8449-cf6bf4802fb6, development, Federation, _abc, 2026-09-30 05:06:54.102584+00, 2026-09-30 05:11:54.102584+00).
postgres-1       | 2026-09-30 05:06:54.104 UTC [1334] STATEMENT:  INSERT INTO project_auth_saml_assertions
postgres-1       | 	      (organization_id, project_id, environment, provider, assertion_id, expires_at)
postgres-1       | 	      VALUES ($1, $2, 'development', 'Federation', '_abc', now() + interval '5 minutes')
postgres-1       | 2026-09-30 05:06:54.112 UTC [1335] ERROR:  new row for relation "project_auth_saml_assertions" violates check constraint "project_auth_saml_assertions_window"
postgres-1       | 2026-09-30 05:06:54.112 UTC [1335] DETAIL:  Failing row contains (bb19a068-b2a3-419d-9864-d5a5241d5b7e, 392354f1-d268-4a34-81d4-97b12e6dc647, a912145e-1aa5-4675-8449-cf6bf4802fb6, development, federation, _window, 2026-09-30 05:06:54.110159+00, 2026-09-30 05:05:54.110159+00).
postgres-1       | 2026-09-30 05:06:54.112 UTC [1335] STATEMENT:  INSERT INTO project_auth_saml_assertions
postgres-1       | 	      (organization_id, project_id, environment, provider, assertion_id, used_at, expires_at)
postgres-1       | 	      VALUES ($1, $2, 'development', 'federation', '_window', now(), now() - interval '1 minute')
postgres-1       | 2026-09-30 05:06:54.119 UTC [1336] ERROR:  new row for relation "project_auth_one_time_tokens" violates check constraint "project_auth_one_time_tokens_purpose_check"
postgres-1       | 2026-09-30 05:06:54.119 UTC [1336] DETAIL:  Failing row contains (c517e93e-50dc-4976-8433-690e1dacb850, 392354f1-d268-4a34-81d4-97b12e6dc647, a912145e-1aa5-4675-8449-cf6bf4802fb6, development, null, saml_reply, aaaaaaaaaaaaaaaaaaaaaaaaaaaaaaaaaaaaaaaaaaaaaaaaaaaaaaaaaaaaaaaa, {}, 2026-09-30 05:06:54.117754+00, 2026-09-30 05:11:54.117754+00, null).
postgres-1       | 2026-09-30 05:06:54.119 UTC [1336] STATEMENT:  INSERT INTO project_auth_one_time_tokens
postgres-1       | 	      (organization_id, project_id, environment, purpose, token_hash, expires_at)
postgres-1       | 	      VALUES ($1, $2, 'development', 'saml_reply', $3, now() + interval '5 minutes')
postgres-1       | 2026-09-30 05:06:54.127 UTC [1337] ERROR:  permission denied for table project_auth_saml_assertions
postgres-1       | 2026-09-30 05:06:54.127 UTC [1337] STATEMENT:  UPDATE project_auth_saml_assertions SET assertion_id = '_other' WHERE organization_id = $1
certification-1  |  [32m✓[39m tests/postgres.integration.test.ts [2m([22m[2m57 tests[22m[2m)[22m[33m 50989[2mms[22m[39m
certification-1  |      [33m[2m✓[22m[39m finds the suspected missing index, the unused index, the bloat and the missing sample in real statistics (2.40) [33m 12811[2mms[22m[39m
certification-1  |      [33m[2m✓[22m[39m (2.49) applies a console change set through the approval path and leaves the table as described [33m 763[2mms[22m[39m
certification-1  |      [33m[2m✓[22m[39m (2.52) refuses a usable session without the second factor when the project requires it [33m 836[2mms[22m[39m
certification-1  |      [33m[2m✓[22m[39m (2.54) refuses a return target outside the allowed list of the project [33m 762[2mms[22m[39m
certification-1  |      [33m[2m✓[22m[39m (2.56) refuses the login attempt that crosses the limit and lets the next window through [33m 1635[2mms[22m[39m
certification-1  |      [33m[2m✓[22m[39m (2.60) refuses a known leaked password at sign-up when the project requires it [33m 727[2mms[22m[39m
certification-1  |      [33m[2m✓[22m[39m (2.61) runs every prepared template against a real catalog without writing [33m 590[2mms[22m[39m
certification-1  |      [33m[2m✓[22m[39m (2.67) shows what a query costs in the console without showing the query [33m 1330[2mms[22m[39m
certification-1  |      [33m[2m✓[22m[39m (2.50) turns a real table change into a signed webhook delivery [33m 986[2mms[22m[39m
certification-1  |      [33m[2m✓[22m[39m (2.63) forwards only the fields the console already shows [33m 504[2mms[22m[39m
certification-1  |      [33m[2m✓[22m[39m (2.53) delivers a table change through the running bridge process [33m 7187[2mms[22m[39m
certification-1  |      [33m[2m✓[22m[39m (2.64) forwards through the running collector process and continues after a restart [33m 5100[2mms[22m[39m
certification-1  |      [33m[2m✓[22m[39m (2.69) explains a real query plan without executing the query [33m 8445[2mms[22m[39m
certification-1  |      [33m[2m✓[22m[39m (2.70) reports the state of the real database from counters that really move [33m 1276[2mms[22m[39m
certification-1  |      [33m[2m✓[22m[39m (2.77) calls the auth hooks of a real sign-in and refuses one that wants a reserved claim [33m 1106[2mms[22m[39m
certification-1  |      [33m[2m✓[22m[39m (2.85) does not forward the same audit row again after a restart when the database sets the microseconds [33m 1318[2mms[22m[39m
certification-1  | 
certification-1  | [2m Test Files [22m [1m[32m31 passed[39m[22m[90m (31)[39m
certification-1  | [2m      Tests [22m [1m[32m233 passed[39m[22m[90m (233)[39m
certification-1  | [2m   Start at [22m 05:05:45
certification-1  | [2m   Duration [22m 68.56s[2m (transform 54.96s, setup 0ms, import 92.25s, tests 198.05s, environment 33ms)[22m
certification-1  | 
[Kcertification-1 exited with code 0
 Compose Stopping Aborting on container exit...
 Container qkern-slice-saml-certification-1 Stopping 
 Container qkern-slice-saml-certification-1 Stopped 
 Container qkern-slice-saml-postgres-1 Stopping 
 Container qkern-slice-saml-vault-1 Stopping 
postgres-1       | 2026-09-30 05:06:54.855 UTC [1] LOG:  received fast shutdown request
postgres-1       | 2026-09-30 05:06:54.855 UTC [1] LOG:  aborting any active transactions
vault-1          | ==> Vault shutdown triggered
postgres-1       | 2026-09-30 05:06:54.862 UTC [1] LOG:  background worker "logical replication launcher" (PID 308) exited with exit code 1
postgres-1       | 2026-09-30 05:06:54.863 UTC [303] LOG:  shutting down
postgres-1       | 2026-09-30 05:06:54.863 UTC [303] LOG:  checkpoint starting: shutdown immediate
vault-1          | 2026-09-30T05:06:54.864Z [INFO]  core: marked as sealed
vault-1          | 2026-09-30T05:06:54.867Z [INFO]  core: pre-seal teardown starting
postgres-1       | 2026-09-30 05:06:54.867 UTC [303] LOG:  checkpoint complete: wrote 233 buffers (1.4%); 0 WAL file(s) added, 0 removed, 0 recycled; write=0.004 s, sync=0.001 s, total=0.005 s; sync files=181, longest=0.001 s, average=0.000 s; distance=1060 kB, estimate=24325 kB; lsn=0/6881F38, redo lsn=0/6881F38
vault-1          | 2026-09-30T05:06:54.871Z [INFO]  rollback: stopping rollback manager
vault-1          | 2026-09-30T05:06:54.875Z [INFO]  core: pre-seal teardown complete
vault-1          | 2026-09-30T05:06:54.875Z [INFO]  core: stopping cluster listeners
vault-1          | 2026-09-30T05:06:54.875Z [INFO]  core.cluster-listener: forwarding rpc listeners stopped
postgres-1       | 2026-09-30 05:06:54.889 UTC [1] LOG:  database system is shut down
vault-1          | 2026-09-30T05:06:55.129Z [INFO]  core.cluster-listener: rpc listeners successfully shut down
vault-1          | 2026-09-30T05:06:55.129Z [INFO]  core: cluster listeners successfully shut down
vault-1          | 2026-09-30T05:06:55.133Z [INFO]  core: vault is sealed
 Container qkern-slice-saml-postgres-1 Stopped 
[Kpostgres-1 exited with code 0
 Container qkern-slice-saml-vault-1 Stopped 
[Kvault-1 exited with code 0
 Container qkern-slice-saml-certification-1 Stopping 
 Container qkern-slice-saml-certification-1 Stopped 
 Container qkern-slice-saml-certification-1 Removing 
 Container qkern-slice-saml-certification-1 Removed 
 Container qkern-slice-saml-vault-1 Stopping 
 Container qkern-slice-saml-postgres-1 Stopping 
 Container qkern-slice-saml-postgres-1 Stopped 
 Container qkern-slice-saml-postgres-1 Removing 
 Container qkern-slice-saml-vault-1 Stopped 
 Container qkern-slice-saml-vault-1 Removing 
 Container qkern-slice-saml-postgres-1 Removed 
 Container qkern-slice-saml-vault-1 Removed 
 Network qkern-slice-saml_default Removing 
 Network qkern-slice-saml_default Removed 
EXIT=0
