
> qkern-platform@2.67.0 test:postgres:docker
> node scripts/postgres-certification.mjs

 Network qkern-slice-saml_default Creating 
 Network qkern-slice-saml_default Created 
 Container qkern-slice-saml-postgres-1 Creating 
 Container qkern-slice-saml-vault-1 Creating 
 Container qkern-slice-saml-postgres-1 Created 
 Container qkern-slice-saml-vault-1 Created 
 Container qkern-slice-saml-certification-1 Creating 
 Container qkern-slice-saml-certification-1 Created 
Attaching to certification-1, postgres-1, vault-1
 Container qkern-slice-saml-postgres-1 Starting 
 Container qkern-slice-saml-vault-1 Starting 
 Container qkern-slice-saml-vault-1 Started 
 Container qkern-slice-saml-postgres-1 Started 
 Container qkern-slice-saml-vault-1 Waiting 
 Container qkern-slice-saml-postgres-1 Waiting 
postgres-1  | The files belonging to this database system will be owned by user "postgres".
postgres-1  | This user must also own the server process.
postgres-1  | 
postgres-1  | The database cluster will be initialized with locale "en_US.utf8".
postgres-1  | The default database encoding has accordingly been set to "UTF8".
postgres-1  | The default text search configuration will be set to "english".
postgres-1  | 
postgres-1  | Data page checksums are disabled.
postgres-1  | 
postgres-1  | fixing permissions on existing directory /var/lib/postgresql/data ... ok
postgres-1  | creating subdirectories ... ok
postgres-1  | selecting dynamic shared memory implementation ... posix
postgres-1  | selecting default "max_connections" ... 100
postgres-1  | selecting default "shared_buffers" ... 128MB
postgres-1  | selecting default time zone ... UTC
postgres-1  | creating configuration files ... ok
postgres-1  | running bootstrap script ... ok
postgres-1  | sh: locale: not found
postgres-1  | 2026-09-30 05:07:11.102 UTC [36] WARNING:  no usable system locales were found
postgres-1  | performing post-bootstrap initialization ... ok
postgres-1  | syncing data to disk ... ok
postgres-1  | 
postgres-1  | 
postgres-1  | Success. You can now start the database server using:
postgres-1  | 
postgres-1  |     pg_ctl -D /var/lib/postgresql/data -l logfile start
postgres-1  | 
postgres-1  | initdb: warning: enabling "trust" authentication for local connections
postgres-1  | initdb: hint: You can change this by editing pg_hba.conf or using the option -A, or --auth-local and --auth-host, the next time you run initdb.
postgres-1  | waiting for server to start....2026-09-30 05:07:12.146 UTC [42] LOG:  starting PostgreSQL 17.10 on x86_64-pc-linux-musl, compiled by gcc (Alpine 15.2.0) 15.2.0, 64-bit
postgres-1  | 2026-09-30 05:07:12.149 UTC [42] LOG:  listening on Unix socket "/var/run/postgresql/.s.PGSQL.5432"
postgres-1  | 2026-09-30 05:07:12.154 UTC [51] LOG:  database system was shut down at 2026-09-30 05:07:11 UTC
postgres-1  | 2026-09-30 05:07:12.162 UTC [42] LOG:  database system is ready to accept connections
postgres-1  |  done
postgres-1  | server started
postgres-1  | CREATE DATABASE
postgres-1  | 
postgres-1  | 
postgres-1  | /usr/local/bin/docker-entrypoint.sh: running /docker-entrypoint-initdb.d/000-certification-init.sh
postgres-1  | certification-init: applying 0001_control_plane.sql
postgres-1  | CREATE EXTENSION
postgres-1  | CREATE TYPE
postgres-1  | CREATE TYPE
postgres-1  | CREATE TABLE
postgres-1  | CREATE TABLE
postgres-1  | CREATE TABLE
postgres-1  | CREATE TABLE
postgres-1  | CREATE INDEX
postgres-1  | CREATE TABLE
postgres-1  | CREATE TABLE
postgres-1  | CREATE INDEX
postgres-1  | CREATE TABLE
postgres-1  | CREATE INDEX
postgres-1  | CREATE TABLE
postgres-1  | CREATE TABLE
postgres-1  | CREATE INDEX
postgres-1  | ALTER TABLE
postgres-1  | ALTER TABLE
postgres-1  | ALTER TABLE
postgres-1  | ALTER TABLE
postgres-1  | ALTER TABLE
postgres-1  | CREATE POLICY
postgres-1  | CREATE POLICY
postgres-1  | CREATE POLICY
postgres-1  | CREATE POLICY
postgres-1  | CREATE POLICY
postgres-1  | certification-init: applying 0002_repository_hardening.sql
postgres-1  | BEGIN
postgres-1  | CREATE FUNCTION
postgres-1  | ALTER TABLE
postgres-1  | ALTER TABLE
postgres-1  | ALTER TABLE
postgres-1  | ALTER TABLE
postgres-1  | ALTER TABLE
postgres-1  | ALTER TABLE
postgres-1  | UPDATE 0
postgres-1  | ALTER TABLE
postgres-1  | CREATE INDEX
postgres-1  | CREATE INDEX
postgres-1  | CREATE FUNCTION
postgres-1  | CREATE TRIGGER
postgres-1  | CREATE TRIGGER
postgres-1  | CREATE TRIGGER
postgres-1  | CREATE FUNCTION
postgres-1  | CREATE FUNCTION
postgres-1  | CREATE TRIGGER
postgres-1  | CREATE TRIGGER
postgres-1  | ALTER TABLE
postgres-1  | ALTER TABLE
postgres-1  | ALTER TABLE
postgres-1  | ALTER TABLE
postgres-1  | ALTER TABLE
postgres-1  | ALTER TABLE
postgres-1  | ALTER TABLE
postgres-1  | ALTER TABLE
postgres-1  | ALTER TABLE
postgres-1  | ALTER TABLE
postgres-1  | ALTER TABLE
postgres-1  | ALTER TABLE
postgres-1  | ALTER TABLE
postgres-1  | ALTER TABLE
postgres-1  | ALTER TABLE
postgres-1  | ALTER TABLE
postgres-1  | DROP POLICY
postgres-1  | DROP POLICY
postgres-1  | DROP POLICY
postgres-1  | DROP POLICY
postgres-1  | DROP POLICY
postgres-1  | CREATE POLICY
postgres-1  | CREATE POLICY
postgres-1  | CREATE POLICY
postgres-1  | CREATE POLICY
postgres-1  | CREATE POLICY
postgres-1  | CREATE POLICY
postgres-1  | CREATE POLICY
postgres-1  | CREATE POLICY
postgres-1  | CREATE POLICY
postgres-1  | CREATE POLICY
postgres-1  | CREATE POLICY
postgres-1  | CREATE POLICY
postgres-1  | CREATE POLICY
postgres-1  | CREATE POLICY
postgres-1  | CREATE POLICY
postgres-1  | CREATE POLICY
postgres-1  | CREATE POLICY
postgres-1  | CREATE POLICY
postgres-1  | CREATE POLICY
postgres-1  | CREATE POLICY
postgres-1  | CREATE POLICY
postgres-1  | CREATE POLICY
postgres-1  | CREATE POLICY
postgres-1  | CREATE POLICY
postgres-1  | DO
postgres-1  | REVOKE
postgres-1  | GRANT
postgres-1  | GRANT
postgres-1  | GRANT
postgres-1  | GRANT
postgres-1  | GRANT
postgres-1  | GRANT
postgres-1  | GRANT
postgres-1  | GRANT
postgres-1  | GRANT
postgres-1  | GRANT
postgres-1  | GRANT
postgres-1  | GRANT
postgres-1  | GRANT
postgres-1  | COMMIT
postgres-1  | certification-init: applying 0003_auth_and_memberships.sql
postgres-1  | BEGIN
postgres-1  | ALTER TABLE
postgres-1  | ALTER TABLE
postgres-1  | UPDATE 0
postgres-1  | ALTER TABLE
postgres-1  | CREATE INDEX
postgres-1  | CREATE TRIGGER
postgres-1  | CREATE TABLE
postgres-1  | CREATE INDEX
postgres-1  | CREATE INDEX
postgres-1  | CREATE FUNCTION
postgres-1  | DO
postgres-1  | REVOKE
postgres-1  | REVOKE
postgres-1  | GRANT
postgres-1  | GRANT
postgres-1  | GRANT
postgres-1  | GRANT
postgres-1  | COMMIT
postgres-1  | certification-init: applying 0004_artifact_and_workspace_integrity.sql
postgres-1  | BEGIN
postgres-1  | ALTER TABLE
postgres-1  | CREATE INDEX
postgres-1  | ALTER TABLE
postgres-1  | ALTER TABLE
postgres-1  | ALTER TABLE
postgres-1  | CREATE FUNCTION
postgres-1  | CREATE TRIGGER
postgres-1  | CREATE FUNCTION
postgres-1  | CREATE TRIGGER
postgres-1  | REVOKE
postgres-1  | GRANT
postgres-1  | REVOKE
postgres-1  | GRANT
postgres-1  | GRANT
postgres-1  | GRANT
postgres-1  | COMMIT
postgres-1  | certification-init: applying 0005_migration_apply_queue.sql
postgres-1  | BEGIN
postgres-1  | CREATE TYPE
postgres-1  | CREATE TYPE
postgres-1  | CREATE TABLE
postgres-1  | CREATE INDEX
postgres-1  | CREATE INDEX
postgres-1  | CREATE TABLE
postgres-1  | CREATE INDEX
postgres-1  | CREATE TRIGGER
postgres-1  | CREATE TRIGGER
postgres-1  | CREATE FUNCTION
postgres-1  | CREATE TRIGGER
postgres-1  | CREATE FUNCTION
postgres-1  | CREATE TRIGGER
postgres-1  | ALTER TABLE
postgres-1  | ALTER TABLE
postgres-1  | ALTER TABLE
postgres-1  | ALTER TABLE
postgres-1  | CREATE POLICY
postgres-1  | CREATE POLICY
postgres-1  | CREATE POLICY
postgres-1  | CREATE POLICY
postgres-1  | CREATE POLICY
postgres-1  | CREATE POLICY
postgres-1  | REVOKE
postgres-1  | REVOKE
postgres-1  | REVOKE
postgres-1  | GRANT
postgres-1  | GRANT
postgres-1  | GRANT
postgres-1  | GRANT
postgres-1  | GRANT
postgres-1  | GRANT
postgres-1  | GRANT
postgres-1  | GRANT
postgres-1  | GRANT
postgres-1  | COMMIT
postgres-1  | certification-init: applying 0006_worker_runtime_boundary.sql
postgres-1  | BEGIN
postgres-1  | DO
postgres-1  | ALTER TABLE
postgres-1  | ALTER TABLE
postgres-1  | UPDATE 0
postgres-1  | ALTER TABLE
postgres-1  | REVOKE
postgres-1  | REVOKE
postgres-1  | REVOKE
postgres-1  | GRANT
postgres-1  | REVOKE
postgres-1  | REVOKE
postgres-1  | GRANT
postgres-1  | GRANT
postgres-1  | GRANT
postgres-1  | GRANT
postgres-1  | GRANT
postgres-1  | GRANT
postgres-1  | GRANT
postgres-1  | GRANT
postgres-1  | GRANT
postgres-1  | GRANT
postgres-1  | GRANT
postgres-1  | COMMIT
postgres-1  | certification-init: applying 0007_migration_claim_sequence.sql
postgres-1  | BEGIN
postgres-1  | ALTER TABLE
postgres-1  | REVOKE
postgres-1  | GRANT
postgres-1  | COMMIT
postgres-1  | certification-init: applying 0008_migration_reconciliation_quarantine.sql
postgres-1  | ALTER TYPE
postgres-1  | BEGIN
postgres-1  | ALTER TABLE
postgres-1  | REVOKE
postgres-1  | GRANT
postgres-1  | COMMIT
postgres-1  | certification-init: applying 0009_migration_review_commands.sql
postgres-1  | BEGIN
postgres-1  | CREATE TYPE
postgres-1  | ALTER TABLE
postgres-1  | CREATE TABLE
postgres-1  | CREATE INDEX
postgres-1  | CREATE INDEX
postgres-1  | CREATE TRIGGER
postgres-1  | ALTER TABLE
postgres-1  | ALTER TABLE
postgres-1  | CREATE POLICY
postgres-1  | CREATE POLICY
postgres-1  | CREATE POLICY
postgres-1  | REVOKE
postgres-1  | GRANT
postgres-1  | GRANT
postgres-1  | GRANT
postgres-1  | GRANT
postgres-1  | REVOKE
postgres-1  | GRANT
postgres-1  | COMMIT
postgres-1  | certification-init: applying 0010_migration_incident_escalations.sql
postgres-1  | BEGIN
postgres-1  | CREATE TYPE
postgres-1  | CREATE TYPE
postgres-1  | CREATE TABLE
postgres-1  | CREATE INDEX
postgres-1  | CREATE INDEX
postgres-1  | CREATE TRIGGER
postgres-1  | CREATE FUNCTION
postgres-1  | CREATE TRIGGER
postgres-1  | ALTER TABLE
postgres-1  | ALTER TABLE
postgres-1  | CREATE POLICY
postgres-1  | CREATE POLICY
postgres-1  | CREATE POLICY
postgres-1  | REVOKE
postgres-1  | REVOKE
postgres-1  | GRANT
postgres-1  | GRANT
postgres-1  | GRANT
postgres-1  | GRANT
postgres-1  | GRANT
postgres-1  | COMMIT
postgres-1  | certification-init: applying 0011_migration_incident_outbox.sql
postgres-1  | BEGIN
postgres-1  | CREATE TABLE
postgres-1  | CREATE INDEX
postgres-1  | CREATE TRIGGER
postgres-1  | INSERT 0 0
postgres-1  | ALTER TABLE
postgres-1  | ALTER TABLE
postgres-1  | CREATE POLICY
postgres-1  | CREATE POLICY
postgres-1  | CREATE POLICY
postgres-1  | REVOKE
postgres-1  | GRANT
postgres-1  | GRANT
postgres-1  | GRANT
postgres-1  | COMMIT
postgres-1  | certification-init: applying 0012_migration_incident_dead_letters.sql
postgres-1  | ALTER TYPE
postgres-1  | BEGIN
postgres-1  | ALTER TABLE
postgres-1  | CREATE INDEX
postgres-1  | CREATE TYPE
postgres-1  | CREATE TABLE
postgres-1  | CREATE INDEX
postgres-1  | CREATE INDEX
postgres-1  | CREATE TRIGGER
postgres-1  | CREATE FUNCTION
postgres-1  | CREATE TRIGGER
postgres-1  | ALTER TABLE
postgres-1  | ALTER TABLE
postgres-1  | CREATE POLICY
postgres-1  | CREATE POLICY
postgres-1  | CREATE POLICY
postgres-1  | REVOKE
postgres-1  | REVOKE
postgres-1  | GRANT
postgres-1  | GRANT
postgres-1  | GRANT
postgres-1  | GRANT
postgres-1  | GRANT
postgres-1  | COMMIT
postgres-1  | certification-init: applying 0013_migration_incident_delivery_health.sql
postgres-1  | BEGIN
postgres-1  | CREATE FUNCTION
postgres-1  | REVOKE
postgres-1  | GRANT
postgres-1  | COMMIT
postgres-1  | certification-init: applying 0014_migration_incident_delivery_visibility.sql
postgres-1  | BEGIN
postgres-1  | REVOKE
postgres-1  | DROP FUNCTION
postgres-1  | CREATE FUNCTION
postgres-1  | CREATE FUNCTION
postgres-1  | REVOKE
postgres-1  | REVOKE
postgres-1  | GRANT
postgres-1  | GRANT
postgres-1  | COMMIT
postgres-1  | certification-init: applying 0015_migration_incident_delivery_failure_classification.sql
postgres-1  | BEGIN
postgres-1  | ALTER TABLE
postgres-1  | REVOKE
postgres-1  | DROP FUNCTION
postgres-1  | CREATE FUNCTION
postgres-1  | REVOKE
postgres-1  | GRANT
postgres-1  | COMMIT
postgres-1  | certification-init: applying 0016_migration_incident_delivery_recovery_binding.sql
postgres-1  | BEGIN
postgres-1  | ALTER TABLE
postgres-1  | LOCK TABLE
postgres-1  | UPDATE 0
postgres-1  | UPDATE 0
postgres-1  | ALTER TABLE
postgres-1  | CREATE FUNCTION
postgres-1  | REVOKE
postgres-1  | GRANT
postgres-1  | COMMIT
postgres-1  | certification-init: applying 0017_migration_incident_verified_resolution.sql
postgres-1  | ALTER TYPE
postgres-1  | BEGIN
postgres-1  | CREATE TYPE
postgres-1  | CREATE TYPE
postgres-1  | CREATE TYPE
postgres-1  | ALTER TABLE
postgres-1  | CREATE TABLE
postgres-1  | CREATE INDEX
postgres-1  | CREATE INDEX
postgres-1  | CREATE TRIGGER
postgres-1  | CREATE FUNCTION
postgres-1  | CREATE FUNCTION
postgres-1  | CREATE FUNCTION
postgres-1  | CREATE TRIGGER
postgres-1  | ALTER TABLE
postgres-1  | ALTER TABLE
postgres-1  | CREATE POLICY
postgres-1  | CREATE POLICY
postgres-1  | CREATE POLICY
postgres-1  | REVOKE
postgres-1  | REVOKE
postgres-1  | GRANT
postgres-1  | GRANT
postgres-1  | GRANT
postgres-1  | GRANT
postgres-1  | GRANT
postgres-1  | COMMIT
postgres-1  | certification-init: applying 0018_migration_incident_delivery_recovery_generation.sql
postgres-1  | BEGIN
postgres-1  | ALTER TABLE
postgres-1  | LOCK TABLE
postgres-1  | UPDATE 0
postgres-1  | UPDATE 0
postgres-1  | ALTER TABLE
postgres-1  | ALTER TABLE
postgres-1  | CREATE FUNCTION
postgres-1  | REVOKE
postgres-1  | GRANT
postgres-1  | COMMIT
postgres-1  | certification-init: applying 0019_migration_apply_delivery_resilience.sql
postgres-1  | BEGIN
postgres-1  | ALTER TABLE
postgres-1  | CREATE INDEX
postgres-1  | CREATE TYPE
postgres-1  | CREATE TABLE
postgres-1  | CREATE INDEX
postgres-1  | CREATE INDEX
postgres-1  | CREATE TRIGGER
postgres-1  | CREATE FUNCTION
postgres-1  | CREATE TRIGGER
postgres-1  | ALTER TABLE
postgres-1  | ALTER TABLE
postgres-1  | CREATE POLICY
postgres-1  | CREATE POLICY
postgres-1  | CREATE POLICY
postgres-1  | CREATE FUNCTION
postgres-1  | CREATE FUNCTION
postgres-1  | REVOKE
postgres-1  | REVOKE
postgres-1  | REVOKE
postgres-1  | REVOKE
postgres-1  | REVOKE
postgres-1  | GRANT
postgres-1  | GRANT
postgres-1  | GRANT
postgres-1  | GRANT
postgres-1  | GRANT
postgres-1  | GRANT
postgres-1  | GRANT
postgres-1  | COMMIT
postgres-1  | certification-init: applying 0020_project_database_provisioning.sql
postgres-1  | BEGIN
vault-1     | ==> Vault server configuration:
vault-1     | 
vault-1     | Administrative Namespace: 
vault-1     |              Api Address: http://0.0.0.0:8200
vault-1     |                      Cgo: disabled
vault-1     |          Cluster Address: https://0.0.0.0:8201
vault-1     |    Environment Variables: GOTRACEBACK, HOME, HOSTNAME, NAME, PATH, PWD, SHLVL, VAULT_DEV_LISTEN_ADDRESS, VAULT_DEV_ROOT_TOKEN_ID, VERSION
vault-1     |               Go Version: go1.23.3
vault-1     |               Listener 1: tcp (addr: "0.0.0.0:8200", cluster address: "0.0.0.0:8201", disable_request_limiter: "false", max_request_duration: "1m30s", max_request_size: "33554432", tls: "disabled")
vault-1     |                Log Level: 
vault-1     |                    Mlock: supported: true, enabled: false
vault-1     |            Recovery Mode: false
vault-1     |                  Storage: inmem
vault-1     |                  Version: Vault v1.18.3, built 2024-12-16T14:00:53Z
vault-1     |              Version Sha: 7ae4eca5403bf574f142cd8f987b8d83bafcd1de
vault-1     | 
postgres-1  | DO
postgres-1  | CREATE TYPE
postgres-1  | CREATE TABLE
postgres-1  | CREATE TABLE
postgres-1  | ALTER TABLE
postgres-1  | CREATE INDEX
postgres-1  | CREATE TRIGGER
postgres-1  | ALTER TABLE
postgres-1  | ALTER TABLE
postgres-1  | ALTER TABLE
postgres-1  | ALTER TABLE
postgres-1  | CREATE POLICY
postgres-1  | CREATE POLICY
postgres-1  | CREATE FUNCTION
postgres-1  | CREATE FUNCTION
postgres-1  | REVOKE
postgres-1  | REVOKE
postgres-1  | REVOKE
postgres-1  | REVOKE
postgres-1  | REVOKE
postgres-1  | GRANT
postgres-1  | GRANT
postgres-1  | GRANT
postgres-1  | GRANT
postgres-1  | GRANT
postgres-1  | GRANT
postgres-1  | GRANT
postgres-1  | GRANT
postgres-1  | GRANT
postgres-1  | GRANT
postgres-1  | GRANT
postgres-1  | GRANT
postgres-1  | GRANT
postgres-1  | GRANT
postgres-1  | GRANT
postgres-1  | COMMIT
postgres-1  | certification-init: applying 0021_project_database_provisioning_health.sql
postgres-1  | BEGIN
postgres-1  | CREATE TABLE
postgres-1  | CREATE INDEX
postgres-1  | ALTER TABLE
postgres-1  | ALTER TABLE
postgres-1  | CREATE POLICY
postgres-1  | CREATE FUNCTION
postgres-1  | REVOKE
postgres-1  | REVOKE
vault-1     | 2026-09-30T05:07:13.759Z [INFO]  proxy environment: http_proxy="" https_proxy="" no_proxy=""
vault-1     | 2026-09-30T05:07:13.759Z [INFO]  incrementing seal generation: generation=1
vault-1     | 2026-09-30T05:07:13.759Z [WARN]  no `api_addr` value specified in config or in VAULT_API_ADDR; falling back to detection if possible, but this value should be manually set
vault-1     | 2026-09-30T05:07:13.762Z [INFO]  core: Initializing version history cache for core
vault-1     | 2026-09-30T05:07:13.762Z [INFO]  events: Starting event system
vault-1     | 2026-09-30T05:07:13.762Z [INFO]  core: security barrier not initialized
vault-1     | 2026-09-30T05:07:13.762Z [INFO]  core: security barrier initialized: stored=1 shares=1 threshold=1
vault-1     | 2026-09-30T05:07:13.763Z [INFO]  core: post-unseal setup starting
vault-1     | 2026-09-30T05:07:13.811Z [INFO]  core: loaded wrapping token key
vault-1     | 2026-09-30T05:07:13.811Z [INFO]  core: successfully setup plugin runtime catalog
vault-1     | 2026-09-30T05:07:13.811Z [INFO]  core: successfully setup plugin catalog: plugin-directory=""
vault-1     | 2026-09-30T05:07:13.811Z [INFO]  core: no mounts; adding default mount table
vault-1     | 2026-09-30T05:07:13.830Z [INFO]  core: successfully mounted: type=cubbyhole version="v1.18.3+builtin.vault" path=cubbyhole/ namespace="ID: root. Path: "
vault-1     | 2026-09-30T05:07:13.845Z [INFO]  core: successfully mounted: type=system version="v1.18.3+builtin.vault" path=sys/ namespace="ID: root. Path: "
vault-1     | 2026-09-30T05:07:13.847Z [INFO]  core: successfully mounted: type=identity version="v1.18.3+builtin.vault" path=identity/ namespace="ID: root. Path: "
vault-1     | 2026-09-30T05:07:13.868Z [INFO]  core: successfully mounted: type=token version="v1.18.3+builtin.vault" path=token/ namespace="ID: root. Path: "
vault-1     | 2026-09-30T05:07:13.868Z [INFO]  rollback: Starting the rollback manager with 256 workers
vault-1     | 2026-09-30T05:07:13.868Z [INFO]  rollback: starting rollback manager
vault-1     | 2026-09-30T05:07:13.868Z [INFO]  core: restoring leases
vault-1     | 2026-09-30T05:07:13.869Z [INFO]  expiration: lease restore complete
vault-1     | 2026-09-30T05:07:13.882Z [INFO]  identity: entities restored
vault-1     | 2026-09-30T05:07:13.882Z [INFO]  identity: groups restored
vault-1     | 2026-09-30T05:07:13.882Z [INFO]  core: Recorded vault version: vault version=1.18.3 upgrade time="2026-09-30 05:07:13.882167606 +0000 UTC" build date=2024-12-16T14:00:53Z
vault-1     | 2026-09-30T05:07:13.882Z [INFO]  core: post-unseal setup complete
vault-1     | 2026-09-30T05:07:13.882Z [INFO]  core: root token generated
vault-1     | 2026-09-30T05:07:13.882Z [INFO]  core: pre-seal teardown starting
vault-1     | 2026-09-30T05:07:13.882Z [INFO]  rollback: stopping rollback manager
vault-1     | 2026-09-30T05:07:13.882Z [INFO]  core: pre-seal teardown complete
vault-1     | 2026-09-30T05:07:13.883Z [INFO]  core.cluster-listener.tcp: starting listener: listener_address=0.0.0.0:8201
vault-1     | 2026-09-30T05:07:13.883Z [INFO]  core.cluster-listener: serving cluster requests: cluster_listen_address=[::]:8201
postgres-1  | GRANT
vault-1     | 2026-09-30T05:07:13.883Z [INFO]  core: post-unseal setup starting
vault-1     | 2026-09-30T05:07:13.883Z [INFO]  core: loaded wrapping token key
vault-1     | 2026-09-30T05:07:13.883Z [INFO]  core: successfully setup plugin runtime catalog
vault-1     | 2026-09-30T05:07:13.883Z [INFO]  core: successfully setup plugin catalog: plugin-directory=""
vault-1     | 2026-09-30T05:07:13.884Z [INFO]  core: successfully mounted: type=system version="v1.18.3+builtin.vault" path=sys/ namespace="ID: root. Path: "
vault-1     | 2026-09-30T05:07:13.884Z [INFO]  core: successfully mounted: type=identity version="v1.18.3+builtin.vault" path=identity/ namespace="ID: root. Path: "
vault-1     | 2026-09-30T05:07:13.886Z [INFO]  core: successfully mounted: type=cubbyhole version="v1.18.3+builtin.vault" path=cubbyhole/ namespace="ID: root. Path: "
vault-1     | 2026-09-30T05:07:13.898Z [INFO]  core: successfully mounted: type=token version="v1.18.3+builtin.vault" path=token/ namespace="ID: root. Path: "
vault-1     | 2026-09-30T05:07:13.898Z [INFO]  rollback: Starting the rollback manager with 256 workers
vault-1     | 2026-09-30T05:07:13.898Z [INFO]  rollback: starting rollback manager
vault-1     | 2026-09-30T05:07:13.898Z [INFO]  core: restoring leases
vault-1     | 2026-09-30T05:07:13.899Z [INFO]  identity: entities restored
vault-1     | 2026-09-30T05:07:13.899Z [INFO]  identity: groups restored
vault-1     | 2026-09-30T05:07:13.899Z [INFO]  expiration: lease restore complete
vault-1     | 2026-09-30T05:07:13.899Z [INFO]  core: post-unseal setup complete
vault-1     | 2026-09-30T05:07:13.899Z [INFO]  core: vault is unsealed
vault-1     | 2026-09-30T05:07:13.900Z [INFO]  expiration: revoked lease: lease_id=auth/token/root/h7e757e37f0580b9af5b0d5956b9ed43707bbace15f276d20c1f3158689d5357f
vault-1     | 2026-09-30T05:07:13.919Z [INFO]  core: successful mount: namespace="" path=secret/ type=kv version="v0.20.0+builtin"
vault-1     | ==> Vault server started! Log data will stream in below:
vault-1     | 
postgres-1  | GRANT
postgres-1  | GRANT
postgres-1  | COMMIT
postgres-1  | certification-init: applying 0022_project_automation_policies.sql
postgres-1  | BEGIN
postgres-1  | CREATE TABLE
postgres-1  | ALTER TABLE
postgres-1  | UPDATE 0
postgres-1  | ALTER TABLE
postgres-1  | ALTER TABLE
postgres-1  | ALTER TABLE
postgres-1  | CREATE POLICY
postgres-1  | CREATE POLICY
postgres-1  | CREATE POLICY
postgres-1  | REVOKE
postgres-1  | GRANT
postgres-1  | GRANT
postgres-1  | COMMIT
postgres-1  | certification-init: applying 0023_project_api_keys.sql
postgres-1  | BEGIN
postgres-1  | CREATE TABLE
postgres-1  | CREATE INDEX
postgres-1  | CREATE INDEX
postgres-1  | CREATE FUNCTION
postgres-1  | CREATE TRIGGER
postgres-1  | ALTER TABLE
postgres-1  | CREATE POLICY
postgres-1  | CREATE POLICY
postgres-1  | CREATE POLICY
postgres-1  | CREATE FUNCTION
postgres-1  | REVOKE
postgres-1  | REVOKE
postgres-1  | REVOKE
postgres-1  | GRANT
postgres-1  | GRANT
postgres-1  | GRANT
postgres-1  | GRANT
postgres-1  | COMMIT
postgres-1  | certification-init: applying 0024_project_auth.sql
postgres-1  | BEGIN
postgres-1  | CREATE TABLE
postgres-1  | CREATE INDEX
postgres-1  | CREATE TABLE
vault-1     | WARNING! dev mode is enabled! In this mode, Vault runs entirely in-memory
vault-1     | and starts unsealed with a single unseal key. The root token is already
vault-1     | authenticated to the CLI, so you can immediately begin using Vault.
vault-1     | 
vault-1     | You may need to set the following environment variables:
vault-1     | 
vault-1     |     $ export VAULT_ADDR='http://0.0.0.0:8200'
vault-1     | 
vault-1     | The unseal key and root token are displayed below in case you want to
vault-1     | seal/unseal the Vault or re-authenticate.
vault-1     | 
vault-1     | Unseal Key: irqfPu/OCyl95TEqTDsm2rSfWdVj4AK92a8CMnl7T7E=
vault-1     | Root Token: qkern-certification-root-token
vault-1     | 
vault-1     | Development mode should NOT be used in production installations!
vault-1     | 
postgres-1  | CREATE INDEX
postgres-1  | CREATE INDEX
postgres-1  | CREATE TABLE
postgres-1  | CREATE INDEX
postgres-1  | CREATE TABLE
postgres-1  | CREATE TABLE
postgres-1  | CREATE FUNCTION
postgres-1  | CREATE TRIGGER
postgres-1  | CREATE TRIGGER
postgres-1  | CREATE TRIGGER
postgres-1  | CREATE TRIGGER
postgres-1  | CREATE TRIGGER
postgres-1  | REVOKE
postgres-1  | REVOKE
postgres-1  | GRANT
postgres-1  | GRANT
postgres-1  | GRANT
postgres-1  | GRANT
postgres-1  | GRANT
postgres-1  | GRANT
postgres-1  | GRANT
postgres-1  | GRANT
postgres-1  | GRANT
postgres-1  | COMMIT
postgres-1  | certification-init: applying 0025_project_storage.sql
postgres-1  | BEGIN
postgres-1  | CREATE TABLE
postgres-1  | CREATE INDEX
postgres-1  | CREATE TABLE
postgres-1  | CREATE INDEX
postgres-1  | CREATE INDEX
postgres-1  | CREATE INDEX
postgres-1  | CREATE TABLE
postgres-1  | CREATE INDEX
postgres-1  | CREATE INDEX
postgres-1  | CREATE FUNCTION
postgres-1  | CREATE FUNCTION
postgres-1  | CREATE FUNCTION
postgres-1  | CREATE TRIGGER
postgres-1  | CREATE TRIGGER
postgres-1  | CREATE TRIGGER
postgres-1  | ALTER TABLE
postgres-1  | ALTER TABLE
postgres-1  | ALTER TABLE
postgres-1  | CREATE POLICY
postgres-1  | CREATE POLICY
postgres-1  | CREATE POLICY
postgres-1  | CREATE POLICY
postgres-1  | CREATE POLICY
postgres-1  | CREATE POLICY
postgres-1  | CREATE POLICY
postgres-1  | CREATE POLICY
postgres-1  | CREATE POLICY
postgres-1  | CREATE POLICY
postgres-1  | REVOKE
postgres-1  | REVOKE
postgres-1  | REVOKE
postgres-1  | REVOKE
postgres-1  | GRANT
postgres-1  | GRANT
postgres-1  | GRANT
postgres-1  | GRANT
postgres-1  | GRANT
postgres-1  | GRANT
postgres-1  | GRANT
postgres-1  | GRANT
postgres-1  | GRANT
postgres-1  | COMMIT
postgres-1  | certification-init: applying 0026_project_queues.sql
postgres-1  | BEGIN
postgres-1  | CREATE TABLE
postgres-1  | CREATE INDEX
postgres-1  | CREATE TABLE
postgres-1  | CREATE INDEX
postgres-1  | CREATE INDEX
postgres-1  | CREATE INDEX
postgres-1  | CREATE INDEX
postgres-1  | CREATE INDEX
postgres-1  | CREATE FUNCTION
postgres-1  | CREATE FUNCTION
postgres-1  | CREATE FUNCTION
postgres-1  | CREATE TRIGGER
postgres-1  | CREATE TRIGGER
postgres-1  | CREATE TRIGGER
postgres-1  | ALTER TABLE
postgres-1  | ALTER TABLE
postgres-1  | CREATE POLICY
postgres-1  | CREATE POLICY
postgres-1  | CREATE POLICY
postgres-1  | CREATE POLICY
postgres-1  | CREATE POLICY
postgres-1  | CREATE POLICY
postgres-1  | REVOKE
postgres-1  | REVOKE
postgres-1  | REVOKE
postgres-1  | REVOKE
postgres-1  | GRANT
postgres-1  | GRANT
postgres-1  | GRANT
postgres-1  | GRANT
postgres-1  | GRANT
postgres-1  | GRANT
postgres-1  | COMMIT
postgres-1  | certification-init: applying 0027_project_queue_dead_letter_replay.sql
postgres-1  | BEGIN
postgres-1  | ALTER TABLE
postgres-1  | CREATE INDEX
postgres-1  | CREATE INDEX
postgres-1  | CREATE FUNCTION
postgres-1  | CREATE TRIGGER
postgres-1  | REVOKE
postgres-1  | GRANT
postgres-1  | COMMIT
postgres-1  | certification-init: applying 0028_usage_metering.sql
postgres-1  | BEGIN
postgres-1  | CREATE TABLE
postgres-1  | CREATE TABLE
postgres-1  | CREATE TABLE
postgres-1  | CREATE INDEX
postgres-1  | CREATE INDEX
postgres-1  | CREATE FUNCTION
postgres-1  | CREATE FUNCTION
postgres-1  | CREATE FUNCTION
postgres-1  | CREATE TRIGGER
postgres-1  | CREATE TRIGGER
postgres-1  | CREATE TRIGGER
postgres-1  | ALTER TABLE
postgres-1  | ALTER TABLE
postgres-1  | ALTER TABLE
postgres-1  | CREATE POLICY
postgres-1  | CREATE POLICY
postgres-1  | CREATE POLICY
postgres-1  | CREATE POLICY
postgres-1  | CREATE POLICY
postgres-1  | CREATE POLICY
postgres-1  | CREATE POLICY
postgres-1  | CREATE POLICY
postgres-1  | REVOKE
postgres-1  | REVOKE
postgres-1  | REVOKE
postgres-1  | REVOKE
postgres-1  | GRANT
postgres-1  | GRANT
postgres-1  | GRANT
postgres-1  | GRANT
postgres-1  | GRANT
postgres-1  | GRANT
postgres-1  | GRANT
postgres-1  | GRANT
postgres-1  | COMMIT
postgres-1  | certification-init: applying 0029_project_queue_definition_row_lock.sql
postgres-1  | GRANT
postgres-1  | CREATE POLICY
postgres-1  | certification-init: applying 0030_realtime_event_log.sql
postgres-1  | CREATE TABLE
postgres-1  | CREATE TABLE
postgres-1  | CREATE INDEX
postgres-1  | CREATE INDEX
postgres-1  | CREATE FUNCTION
postgres-1  | CREATE TRIGGER
postgres-1  | ALTER TABLE
postgres-1  | ALTER TABLE
postgres-1  | CREATE POLICY
postgres-1  | CREATE POLICY
postgres-1  | CREATE POLICY
postgres-1  | CREATE POLICY
postgres-1  | CREATE POLICY
postgres-1  | CREATE POLICY
postgres-1  | REVOKE
postgres-1  | REVOKE
postgres-1  | GRANT
postgres-1  | GRANT
postgres-1  | GRANT
postgres-1  | GRANT
postgres-1  | certification-init: applying 0031_project_cron.sql
postgres-1  | CREATE TABLE
postgres-1  | CREATE INDEX
postgres-1  | CREATE FUNCTION
postgres-1  | CREATE TRIGGER
postgres-1  | ALTER TABLE
postgres-1  | CREATE POLICY
postgres-1  | CREATE POLICY
postgres-1  | CREATE POLICY
postgres-1  | CREATE POLICY
postgres-1  | REVOKE
postgres-1  | REVOKE
postgres-1  | GRANT
postgres-1  | GRANT
postgres-1  | GRANT
postgres-1  | certification-init: applying 0032_project_webhooks.sql
postgres-1  | CREATE TABLE
postgres-1  | CREATE TABLE
postgres-1  | CREATE INDEX
postgres-1  | CREATE INDEX
postgres-1  | CREATE FUNCTION
postgres-1  | CREATE TRIGGER
postgres-1  | ALTER TABLE
postgres-1  | ALTER TABLE
postgres-1  | CREATE POLICY
postgres-1  | CREATE POLICY
postgres-1  | CREATE POLICY
postgres-1  | CREATE POLICY
postgres-1  | CREATE POLICY
postgres-1  | CREATE POLICY
postgres-1  | CREATE POLICY
postgres-1  | REVOKE
postgres-1  | REVOKE
postgres-1  | GRANT
postgres-1  | GRANT
postgres-1  | CREATE POLICY
postgres-1  | GRANT
postgres-1  | GRANT
postgres-1  | GRANT
postgres-1  | certification-init: applying 0033_project_functions.sql
postgres-1  | CREATE TABLE
postgres-1  | CREATE INDEX
postgres-1  | CREATE FUNCTION
postgres-1  | CREATE TRIGGER
postgres-1  | ALTER TABLE
postgres-1  | CREATE POLICY
postgres-1  | CREATE POLICY
postgres-1  | CREATE POLICY
postgres-1  | CREATE POLICY
postgres-1  | REVOKE
postgres-1  | REVOKE
postgres-1  | GRANT
postgres-1  | GRANT
postgres-1  | GRANT
postgres-1  | certification-init: applying 0034_project_functions_registry.sql
postgres-1  | ALTER TABLE
postgres-1  | ALTER TABLE
postgres-1  | certification-init: applying 0035_project_function_slots.sql
postgres-1  | CREATE TABLE
postgres-1  | CREATE INDEX
postgres-1  | CREATE FUNCTION
postgres-1  | CREATE TRIGGER
postgres-1  | ALTER TABLE
postgres-1  | CREATE POLICY
postgres-1  | CREATE POLICY
postgres-1  | CREATE POLICY
postgres-1  | REVOKE
postgres-1  | REVOKE
postgres-1  | GRANT
postgres-1  | GRANT
postgres-1  | certification-init: applying 0036_provisioner_heartbeat_upsert_grant.sql
postgres-1  | BEGIN
postgres-1  | GRANT
postgres-1  | COMMIT
 Container qkern-slice-saml-vault-1 Healthy 
postgres-1  | certification-init: applying 0037_provisioner_binding_returning_grant.sql
postgres-1  | BEGIN
postgres-1  | GRANT
postgres-1  | COMMIT
postgres-1  | certification-init: applying 0038_runtime_outbox_arbiter_grant.sql
postgres-1  | BEGIN
postgres-1  | GRANT
postgres-1  | COMMIT
postgres-1  | certification-init: applying 0039_billing_rate_cards.sql
postgres-1  | BEGIN
postgres-1  | CREATE TABLE
postgres-1  | CREATE INDEX
postgres-1  | ALTER TABLE
postgres-1  | ALTER TABLE
postgres-1  | CREATE POLICY
postgres-1  | CREATE POLICY
postgres-1  | REVOKE
postgres-1  | GRANT
postgres-1  | GRANT
postgres-1  | COMMIT
postgres-1  | certification-init: applying 0040_billing_invoices.sql
postgres-1  | BEGIN
postgres-1  | CREATE TABLE
postgres-1  | CREATE TABLE
postgres-1  | ALTER TABLE
postgres-1  | ALTER TABLE
postgres-1  | ALTER TABLE
postgres-1  | ALTER TABLE
postgres-1  | CREATE POLICY
postgres-1  | CREATE POLICY
postgres-1  | CREATE POLICY
postgres-1  | CREATE POLICY
postgres-1  | REVOKE
postgres-1  | GRANT
postgres-1  | GRANT
postgres-1  | GRANT
postgres-1  | GRANT
postgres-1  | GRANT
postgres-1  | COMMIT
postgres-1  | certification-init: applying 0041_project_storage_multipart.sql
postgres-1  | BEGIN
postgres-1  | ALTER TABLE
postgres-1  | ALTER TABLE
postgres-1  | COMMIT
postgres-1  | certification-init: applying 0042_project_function_deployments.sql
postgres-1  | BEGIN
postgres-1  | CREATE TABLE
postgres-1  | CREATE INDEX
postgres-1  | ALTER TABLE
postgres-1  | ALTER TABLE
postgres-1  | CREATE POLICY
postgres-1  | CREATE POLICY
postgres-1  | CREATE FUNCTION
postgres-1  | CREATE FUNCTION
postgres-1  | REVOKE
postgres-1  | REVOKE
postgres-1  | GRANT
postgres-1  | GRANT
postgres-1  | COMMIT
postgres-1  | certification-init: applying 0043_project_storage_upload_id_check_fix.sql
postgres-1  | ALTER TABLE
postgres-1  | ALTER TABLE
postgres-1  | certification-init: applying 0044_billing_invoice_numbers.sql
postgres-1  | BEGIN
postgres-1  | CREATE TABLE
postgres-1  | ALTER TABLE
postgres-1  | ALTER TABLE
postgres-1  | CREATE POLICY
postgres-1  | CREATE POLICY
postgres-1  | CREATE POLICY
postgres-1  | ALTER TABLE
postgres-1  | ALTER TABLE
postgres-1  | UPDATE 0
postgres-1  | ALTER TABLE
postgres-1  | ALTER TABLE
postgres-1  | UPDATE 0
postgres-1  | INSERT 0 0
postgres-1  | ALTER TABLE
postgres-1  | CREATE INDEX
postgres-1  | GRANT
postgres-1  | GRANT
postgres-1  | GRANT
postgres-1  | COMMIT
postgres-1  | certification-init: applying 0045_project_function_invocations.sql
postgres-1  | BEGIN
postgres-1  | CREATE TABLE
postgres-1  | CREATE INDEX
postgres-1  | ALTER TABLE
postgres-1  | ALTER TABLE
postgres-1  | CREATE POLICY
postgres-1  | CREATE POLICY
postgres-1  | REVOKE
postgres-1  | GRANT
postgres-1  | GRANT
postgres-1  | COMMIT
postgres-1  | certification-init: applying 0046_project_auth_audit.sql
postgres-1  | BEGIN
postgres-1  | GRANT
postgres-1  | GRANT
postgres-1  | GRANT
postgres-1  | GRANT
postgres-1  | CREATE POLICY
postgres-1  | COMMIT
postgres-1  | certification-init: applying 0047_audit_chain_order.sql
postgres-1  | BEGIN
postgres-1  | CREATE FUNCTION
postgres-1  | COMMIT
postgres-1  | certification-init: applying 0048_project_auth_mfa_enforcement.sql
postgres-1  | BEGIN
postgres-1  | CREATE TABLE
postgres-1  | ALTER TABLE
postgres-1  | ALTER TABLE
postgres-1  | CREATE FUNCTION
postgres-1  | CREATE TRIGGER
postgres-1  | REVOKE
postgres-1  | REVOKE
postgres-1  | GRANT
postgres-1  | GRANT
postgres-1  | GRANT
postgres-1  | COMMIT
postgres-1  | certification-init: applying 0049_project_database_webhooks.sql
postgres-1  | CREATE TABLE
postgres-1  | CREATE INDEX
postgres-1  | ALTER TABLE
postgres-1  | CREATE POLICY
postgres-1  | CREATE POLICY
postgres-1  | CREATE POLICY
postgres-1  | REVOKE
postgres-1  | GRANT
postgres-1  | certification-init: applying 0050_project_database_webhook_cursors.sql
postgres-1  | CREATE TABLE
postgres-1  | ALTER TABLE
postgres-1  | CREATE POLICY
postgres-1  | CREATE POLICY
postgres-1  | CREATE POLICY
postgres-1  | REVOKE
postgres-1  | GRANT
postgres-1  | certification-init: applying 0051_project_auth_return_targets.sql
postgres-1  | BEGIN
postgres-1  | ALTER TABLE
postgres-1  | ALTER TABLE
postgres-1  | REVOKE
postgres-1  | GRANT
postgres-1  | COMMIT
postgres-1  | certification-init: applying 0052_project_auth_rate_limits.sql
postgres-1  | BEGIN
postgres-1  | ALTER TABLE
postgres-1  | ALTER TABLE
postgres-1  | CREATE TABLE
postgres-1  | CREATE INDEX
postgres-1  | REVOKE
postgres-1  | GRANT
postgres-1  | REVOKE
postgres-1  | GRANT
postgres-1  | COMMIT
postgres-1  | certification-init: applying 0053_project_auth_password_protection.sql
postgres-1  | BEGIN
postgres-1  | ALTER TABLE
postgres-1  | ALTER TABLE
postgres-1  | REVOKE
postgres-1  | GRANT
postgres-1  | COMMIT
postgres-1  | certification-init: applying 0054_project_log_drains.sql
postgres-1  | BEGIN
postgres-1  | CREATE FUNCTION
postgres-1  | REVOKE
postgres-1  | GRANT
postgres-1  | CREATE TABLE
postgres-1  | CREATE INDEX
postgres-1  | ALTER TABLE
postgres-1  | CREATE POLICY
postgres-1  | CREATE POLICY
postgres-1  | CREATE POLICY
postgres-1  | REVOKE
postgres-1  | GRANT
postgres-1  | COMMIT
postgres-1  | certification-init: applying 0055_user_console_settings.sql
postgres-1  | BEGIN
postgres-1  | CREATE TABLE
postgres-1  | CREATE TRIGGER
postgres-1  | REVOKE
postgres-1  | GRANT
postgres-1  | COMMIT
postgres-1  | certification-init: applying 0056_project_log_drain_cursors.sql
postgres-1  | BEGIN
postgres-1  | CREATE TABLE
postgres-1  | ALTER TABLE
postgres-1  | CREATE POLICY
postgres-1  | CREATE POLICY
postgres-1  | CREATE POLICY
postgres-1  | REVOKE
postgres-1  | GRANT
postgres-1  | COMMIT
postgres-1  | certification-init: applying 0057_project_dashboard_webhooks.sql
postgres-1  | BEGIN
postgres-1  | CREATE FUNCTION
postgres-1  | REVOKE
postgres-1  | GRANT
postgres-1  | CREATE TABLE
postgres-1  | CREATE INDEX
postgres-1  | ALTER TABLE
postgres-1  | CREATE POLICY
postgres-1  | CREATE POLICY
postgres-1  | CREATE POLICY
postgres-1  | REVOKE
postgres-1  | GRANT
postgres-1  | CREATE TABLE
postgres-1  | ALTER TABLE
postgres-1  | CREATE POLICY
postgres-1  | CREATE POLICY
postgres-1  | CREATE POLICY
postgres-1  | REVOKE
postgres-1  | GRANT
postgres-1  | COMMIT
postgres-1  | certification-init: applying 0058_project_auth_hooks.sql
postgres-1  | BEGIN
postgres-1  | ALTER TABLE
postgres-1  | ALTER TABLE
postgres-1  | ALTER TABLE
postgres-1  | ALTER TABLE
postgres-1  | REVOKE
postgres-1  | GRANT
postgres-1  | COMMIT
postgres-1  | certification-init: applying 0059_project_storage_s3_access_keys.sql
postgres-1  | BEGIN
postgres-1  | CREATE TABLE
postgres-1  | CREATE INDEX
postgres-1  | CREATE INDEX
postgres-1  | CREATE TABLE
postgres-1  | CREATE INDEX
postgres-1  | CREATE FUNCTION
postgres-1  | CREATE TRIGGER
postgres-1  | ALTER TABLE
postgres-1  | ALTER TABLE
postgres-1  | CREATE POLICY
postgres-1  | CREATE POLICY
postgres-1  | CREATE POLICY
postgres-1  | CREATE POLICY
postgres-1  | CREATE POLICY
postgres-1  | CREATE POLICY
postgres-1  | REVOKE
postgres-1  | REVOKE
postgres-1  | REVOKE
postgres-1  | GRANT
postgres-1  | GRANT
postgres-1  | GRANT
postgres-1  | GRANT
postgres-1  | COMMIT
postgres-1  | certification-init: applying 0060_project_auth_passkeys.sql
postgres-1  | BEGIN
postgres-1  | CREATE TABLE
postgres-1  | CREATE INDEX
postgres-1  | ALTER TABLE
postgres-1  | ALTER TABLE
postgres-1  | CREATE TRIGGER
postgres-1  | REVOKE
postgres-1  | GRANT
postgres-1  | GRANT
postgres-1  | COMMIT
postgres-1  | certification-init: applying 0061_project_auth_third_party_providers.sql
postgres-1  | BEGIN
postgres-1  | CREATE TABLE
postgres-1  | ALTER TABLE
postgres-1  | ALTER TABLE
postgres-1  | ALTER TABLE
postgres-1  | ALTER TABLE
postgres-1  | ALTER TABLE
postgres-1  | REVOKE
postgres-1  | GRANT
postgres-1  | COMMIT
postgres-1  | certification-init: applying 0062_project_auth_oauth_server.sql
postgres-1  | BEGIN
postgres-1  | CREATE TABLE
postgres-1  | ALTER TABLE
postgres-1  | ALTER TABLE
postgres-1  | ALTER TABLE
postgres-1  | REVOKE
postgres-1  | GRANT
postgres-1  | CREATE TABLE
postgres-1  | ALTER TABLE
postgres-1  | ALTER TABLE
postgres-1  | ALTER TABLE
postgres-1  | CREATE TRIGGER
postgres-1  | REVOKE
postgres-1  | GRANT
postgres-1  | GRANT
postgres-1  | CREATE TABLE
postgres-1  | ALTER TABLE
postgres-1  | ALTER TABLE
postgres-1  | REVOKE
postgres-1  | GRANT
postgres-1  | COMMIT
postgres-1  | certification-init: applying 0063_project_auth_expiry_retention.sql
postgres-1  | BEGIN
postgres-1  | CREATE INDEX
postgres-1  | CREATE INDEX
postgres-1  | CREATE INDEX
postgres-1  | GRANT
postgres-1  | GRANT
postgres-1  | GRANT
postgres-1  | COMMIT
postgres-1  | certification-init: applying 0064_project_auth_oauth_consents.sql
postgres-1  | BEGIN
postgres-1  | CREATE TABLE
postgres-1  | ALTER TABLE
postgres-1  | ALTER TABLE
postgres-1  | CREATE INDEX
postgres-1  | CREATE INDEX
postgres-1  | CREATE TRIGGER
postgres-1  | CREATE FUNCTION
postgres-1  | CREATE TRIGGER
postgres-1  | REVOKE
postgres-1  | REVOKE
postgres-1  | GRANT
postgres-1  | GRANT
postgres-1  | GRANT
postgres-1  | ALTER TABLE
postgres-1  | ALTER TABLE
postgres-1  | COMMIT
postgres-1  | certification-init: applying 0065_project_storage_s3_access_key_secrets.sql
postgres-1  | BEGIN
postgres-1  | ALTER TABLE
postgres-1  | CREATE FUNCTION
postgres-1  | CREATE FUNCTION
postgres-1  | REVOKE
postgres-1  | GRANT
postgres-1  | COMMIT
postgres-1  | certification-init: applying 0066_project_cron_time_zone.sql
postgres-1  | ALTER TABLE
postgres-1  | certification-init: applying 0069_project_function_invocation_output.sql
postgres-1  | BEGIN
postgres-1  | CREATE TABLE
postgres-1  | CREATE INDEX
postgres-1  | ALTER TABLE
postgres-1  | ALTER TABLE
postgres-1  | CREATE POLICY
postgres-1  | CREATE POLICY
postgres-1  | REVOKE
postgres-1  | GRANT
postgres-1  | GRANT
postgres-1  | COMMIT
postgres-1  | certification-init: applying 0070_project_auth_saml.sql
postgres-1  | BEGIN
postgres-1  | CREATE TABLE
postgres-1  | CREATE INDEX
postgres-1  | ALTER TABLE
postgres-1  | ALTER TABLE
postgres-1  | ALTER TABLE
postgres-1  | ALTER TABLE
postgres-1  | CREATE TRIGGER
postgres-1  | REVOKE
postgres-1  | GRANT
postgres-1  | COMMIT
postgres-1  | certification-init: applied 68 migrations
postgres-1  | CREATE EXTENSION
postgres-1  | CREATE ROLE
postgres-1  | CREATE ROLE
postgres-1  | CREATE ROLE
postgres-1  | CREATE ROLE
postgres-1  | CREATE ROLE
postgres-1  | GRANT ROLE
postgres-1  | GRANT ROLE
postgres-1  | GRANT ROLE
postgres-1  | GRANT ROLE
postgres-1  | 2026-09-30 05:07:15.743 UTC [299] WARNING:  role "qkern_app" has not been granted membership in role "qkern_auth" by role "qkern"
postgres-1  | REVOKE ROLE
postgres-1  | WARNING:  role "qkern_app" has not been granted membership in role "qkern_auth" by role "qkern"
postgres-1  | 2026-09-30 05:07:15.743 UTC [299] WARNING:  role "qkern_app" has not been granted membership in role "qkern_worker" by role "qkern"
postgres-1  | REVOKE ROLE
postgres-1  | WARNING:  role "qkern_app" has not been granted membership in role "qkern_worker" by role "qkern"
postgres-1  | 2026-09-30 05:07:15.743 UTC [299] WARNING:  role "qkern_app" has not been granted membership in role "qkern_provisioner" by role "qkern"
postgres-1  | REVOKE ROLE
postgres-1  | WARNING:  role "qkern_app" has not been granted membership in role "qkern_provisioner" by role "qkern"
postgres-1  | 2026-09-30 05:07:15.744 UTC [299] WARNING:  role "qkern_auth_app" has not been granted membership in role "qkern_runtime" by role "qkern"
postgres-1  | REVOKE ROLE
postgres-1  | 2026-09-30 05:07:15.744 UTC [299] WARNING:  role "qkern_auth_app" has not been granted membership in role "qkern_worker" by role "qkern"
postgres-1  | WARNING:  role "qkern_auth_app" has not been granted membership in role "qkern_runtime" by role "qkern"
postgres-1  | REVOKE ROLE
postgres-1  | WARNING:  role "qkern_auth_app" has not been granted membership in role "qkern_worker" by role "qkern"
postgres-1  | 2026-09-30 05:07:15.744 UTC [299] WARNING:  role "qkern_auth_app" has not been granted membership in role "qkern_provisioner" by role "qkern"
postgres-1  | REVOKE ROLE
postgres-1  | WARNING:  role "qkern_auth_app" has not been granted membership in role "qkern_provisioner" by role "qkern"
postgres-1  | WARNING:  role "qkern_worker_app" has not been granted membership in role "qkern_runtime" by role "qkern"
postgres-1  | 2026-09-30 05:07:15.744 UTC [299] WARNING:  role "qkern_worker_app" has not been granted membership in role "qkern_runtime" by role "qkern"
postgres-1  | 2026-09-30 05:07:15.744 UTC [299] WARNING:  role "qkern_worker_app" has not been granted membership in role "qkern_auth" by role "qkern"
postgres-1  | 2026-09-30 05:07:15.744 UTC [299] WARNING:  role "qkern_worker_app" has not been granted membership in role "qkern_provisioner" by role "qkern"
postgres-1  | WARNING:  role "qkern_worker_app" has not been granted membership in role "qkern_auth" by role "qkern"
postgres-1  | WARNING:  role "qkern_worker_app" has not been granted membership in role "qkern_provisioner" by role "qkern"
postgres-1  | REVOKE ROLE
postgres-1  | 2026-09-30 05:07:15.745 UTC [299] WARNING:  role "qkern_provisioner_app" has not been granted membership in role "qkern_runtime" by role "qkern"
postgres-1  | 2026-09-30 05:07:15.745 UTC [299] WARNING:  role "qkern_provisioner_app" has not been granted membership in role "qkern_auth" by role "qkern"
postgres-1  | 2026-09-30 05:07:15.745 UTC [299] WARNING:  role "qkern_provisioner_app" has not been granted membership in role "qkern_worker" by role "qkern"
postgres-1  | REVOKE ROLE
postgres-1  | WARNING:  role "qkern_provisioner_app" has not been granted membership in role "qkern_runtime" by role "qkern"
postgres-1  | WARNING:  role "qkern_provisioner_app" has not been granted membership in role "qkern_auth" by role "qkern"
postgres-1  | WARNING:  role "qkern_provisioner_app" has not been granted membership in role "qkern_worker" by role "qkern"
postgres-1  | 2026-09-30 05:07:15.745 UTC [299] WARNING:  role "qkern_project_api_app" has not been granted membership in role "qkern_runtime" by role "qkern"
postgres-1  | 2026-09-30 05:07:15.745 UTC [299] WARNING:  role "qkern_project_api_app" has not been granted membership in role "qkern_auth" by role "qkern"
postgres-1  | 2026-09-30 05:07:15.745 UTC [299] WARNING:  role "qkern_project_api_app" has not been granted membership in role "qkern_worker" by role "qkern"
postgres-1  | 2026-09-30 05:07:15.745 UTC [299] WARNING:  role "qkern_project_api_app" has not been granted membership in role "qkern_provisioner" by role "qkern"
postgres-1  | WARNING:  role "qkern_project_api_app" has not been granted membership in role "qkern_runtime" by role "qkern"
postgres-1  | WARNING:  role "qkern_project_api_app" has not been granted membership in role "qkern_auth" by role "qkern"
postgres-1  | WARNING:  role "qkern_project_api_app" has not been granted membership in role "qkern_worker" by role "qkern"
postgres-1  | WARNING:  role "qkern_project_api_app" has not been granted membership in role "qkern_provisioner" by role "qkern"
postgres-1  | REVOKE ROLE
postgres-1  | ALTER ROLE
postgres-1  | ALTER ROLE
postgres-1  | ALTER ROLE
postgres-1  | ALTER ROLE
postgres-1  | ALTER ROLE
postgres-1  | ALTER ROLE
postgres-1  | ALTER ROLE
postgres-1  | ALTER ROLE
postgres-1  | ALTER ROLE
postgres-1  | ALTER ROLE
postgres-1  | ALTER ROLE
postgres-1  | ALTER ROLE
postgres-1  | ALTER ROLE
postgres-1  | ALTER ROLE
postgres-1  | ALTER ROLE
postgres-1  | project-database: kein Passwort gesetzt, lokale Projektdatenbank wird nicht angelegt
postgres-1  | 
postgres-1  | waiting for server to shut down....2026-09-30 05:07:15.761 UTC [42] LOG:  received fast shutdown request
postgres-1  | 2026-09-30 05:07:15.761 UTC [42] LOG:  aborting any active transactions
postgres-1  | 2026-09-30 05:07:15.763 UTC [42] LOG:  background worker "logical replication launcher" (PID 56) exited with exit code 1
postgres-1  | 2026-09-30 05:07:15.764 UTC [49] LOG:  shutting down
postgres-1  | 2026-09-30 05:07:15.764 UTC [49] LOG:  checkpoint starting: shutdown immediate
postgres-1  | 2026-09-30 05:07:15.773 UTC [49] LOG:  checkpoint complete: wrote 1262 buffers (7.7%); 0 WAL file(s) added, 0 removed, 0 recycled; write=0.009 s, sync=0.002 s, total=0.010 s; sync files=739, longest=0.001 s, average=0.001 s; distance=8560 kB, estimate=8560 kB; lsn=0/1D4E1E8, redo lsn=0/1D4E1E8
postgres-1  | 2026-09-30 05:07:15.782 UTC [42] LOG:  database system is shut down
postgres-1  |  done
postgres-1  | server stopped
postgres-1  | 
postgres-1  | PostgreSQL init process complete; ready for start up.
postgres-1  | 
postgres-1  | 2026-09-30 05:07:15.900 UTC [1] LOG:  starting PostgreSQL 17.10 on x86_64-pc-linux-musl, compiled by gcc (Alpine 15.2.0) 15.2.0, 64-bit
postgres-1  | 2026-09-30 05:07:15.900 UTC [1] LOG:  listening on IPv4 address "0.0.0.0", port 5432
postgres-1  | 2026-09-30 05:07:15.900 UTC [1] LOG:  listening on IPv6 address "::", port 5432
postgres-1  | 2026-09-30 05:07:15.963 UTC [1] LOG:  listening on Unix socket "/var/run/postgresql/.s.PGSQL.5432"
postgres-1  | 2026-09-30 05:07:15.965 UTC [305] LOG:  database system was shut down at 2026-09-30 05:07:15 UTC
postgres-1  | 2026-09-30 05:07:15.973 UTC [1] LOG:  database system is ready to accept connections
 Container qkern-slice-saml-postgres-1 Healthy 
 Container qkern-slice-saml-certification-1 Starting 
 Container qkern-slice-saml-certification-1 Started 
certification-1  | vault-seed: one signing secret written
certification-1  | 
certification-1  | added 230 packages, and audited 231 packages in 56s
certification-1  | 
certification-1  | 58 packages are looking for funding
certification-1  |   run `npm fund` for details
certification-1  | 
certification-1  | 10 vulnerabilities (6 moderate, 3 high, 1 critical)
certification-1  | 
certification-1  | To address issues that do not require attention, run:
certification-1  |   npm audit fix
certification-1  | 
certification-1  | To address all issues, run:
certification-1  |   npm audit fix --force
certification-1  | 
certification-1  | Run `npm audit` for details.
certification-1  | npm notice
certification-1  | npm notice New major version of npm available! 11.17.0 -> 12.1.0
certification-1  | npm notice Changelog: https://github.com/npm/cli/releases/tag/v12.1.0
certification-1  | npm notice To update run: npm install -g npm@12.1.0
certification-1  | npm notice
certification-1  | 
certification-1  | > qkern-platform@2.67.0 test:postgres
certification-1  | > vitest run tests/postgres.integration.test.ts tests/postgres-incident-recovery.integration.test.ts tests/generated-data-postgres.integration.test.ts tests/project-auth-postgres.integration.test.ts tests/project-storage-postgres.integration.test.ts tests/project-queues-postgres.integration.test.ts tests/usage-metering-postgres.integration.test.ts tests/realtime-postgres.integration.test.ts tests/realtime-change-feed-postgres.integration.test.ts tests/realtime-change-chain-postgres.integration.test.ts tests/realtime-change-soak-postgres.integration.test.ts tests/project-queues-multi-instance.integration.test.ts tests/compute-cron-postgres.integration.test.ts tests/compute-webhook-postgres.integration.test.ts tests/compute-webhook-chain.integration.test.ts tests/compute-definitions-postgres.integration.test.ts tests/compute-functions-postgres.integration.test.ts tests/usage-emitters-postgres.integration.test.ts tests/migration-process-postgres.integration.test.ts tests/realtime-process-postgres.integration.test.ts tests/provisioning-port-postgres.integration.test.ts tests/migration-enqueue-postgres.integration.test.ts tests/sql-privilege-clause-contract.integration.test.ts tests/queue-connection-pressure-postgres.integration.test.ts tests/usage-billing-postgres.integration.test.ts tests/billing-invoice-postgres.integration.test.ts tests/data-plane-query-postgres.integration.test.ts tests/data-plane-triggers-postgres.integration.test.ts tests/data-plane-functions-postgres.integration.test.ts tests/data-plane-catalog-postgres.integration.test.ts tests/data-plane-catalog-wide-postgres.integration.test.ts
certification-1  | 
certification-1  | 
certification-1  | [1m[30m[46m RUN [49m[39m[22m [36mv4.1.10 [39m[90m/workspace/qkern[39m
certification-1  | 
postgres-1       | 2026-09-30 05:08:27.670 UTC [620] ERROR:  permission denied for table project_database_provisioning_jobs
postgres-1       | 2026-09-30 05:08:27.670 UTC [620] STATEMENT:  SELECT 1 FROM project_database_provisioning_jobs LIMIT 1
postgres-1       | 2026-09-30 05:08:28.171 UTC [620] ERROR:  permission denied for table project_database_bindings
postgres-1       | 2026-09-30 05:08:28.171 UTC [620] STATEMENT:  SELECT 1 FROM project_database_bindings LIMIT 1
postgres-1       | 2026-09-30 05:08:28.854 UTC [607] ERROR:  new row violates row-level security policy for table "items"
postgres-1       | 2026-09-30 05:08:28.854 UTC [607] CONTEXT:  SQL function "add_item" statement 1
postgres-1       | 2026-09-30 05:08:28.854 UTC [607] STATEMENT:  SELECT "generated_55b904ff_26c0_4f97_9308_ee3dd904ffe7"."add_item"("item_name" => $1::text, "item_owner" => $2::text) AS result
postgres-1       | 2026-09-30 05:08:29.708 UTC [650] ERROR:  relation "change_feed" already exists
postgres-1       | 2026-09-30 05:08:29.708 UTC [650] STATEMENT:  -- Run once after 0002_qkern_migration_fence.sql as the trusted project database
postgres-1       | 	-- provisioner. Provides trigger-based change capture for Realtime.
postgres-1       | 	--
postgres-1       | 	-- ## Warum Trigger und nicht logische Replikation
postgres-1       | 	--
postgres-1       | 	-- Logische Replikation sieht jede Aenderung ohne Schemaeingriff, verlangt aber
postgres-1       | 	-- eine Rolle mit Replikationsrecht und einen Slot. Beides steht im direkten
postgres-1       | 	-- Widerspruch zu diesem Schema: 0001 prueft fuer jede beteiligte Rolle
postgres-1       | 	-- ausdruecklich rolreplication = false. Ein hängender Konsument laesst den Slot
postgres-1       | 	-- ausserdem unbegrenzt WAL halten, bis die Platte voll ist -- ein
postgres-1       | 	-- Betriebsrisiko, das der Kunde traegt und QKERN nicht begrenzen kann.
postgres-1       | 	--
postgres-1       | 	-- Trigger sind begrenzbar: der Feed hat Groessengrenzen und Aufbewahrung, und
postgres-1       | 	-- das Anschalten je Tabelle ist eine Schemaaenderung, die den vorhandenen
postgres-1       | 	-- Change-Set- und Approval-Weg durchlaeuft.
postgres-1       | 	--
postgres-1       | 	-- ## Warum keine Zeilenwerte gespeichert werden
postgres-1       | 	--
postgres-1       | 	-- Der Feed haelt ausschliesslich die Primaerschluesselwerte. Die eigentlichen
postgres-1       | 	-- Zeilenwerte werden je Abonnent frisch gelesen, und zwar mit dessen Claims.
postgres-1       | 	-- Row Level Security autorisiert und erzeugt die Nutzlast damit in einem
postgres-1       | 	-- Schritt. Wuerden die Werte hier liegen, muesste eine zweite, unabhaengige
postgres-1       | 	-- Sichtbarkeitspruefung sie korrekt filtern -- eine Kopie der RLS-Logik
postgres-1       | 	-- ausserhalb der Datenbank und damit eine dauerhafte Fehlerquelle.
postgres-1       | 	
postgres-1       | 	BEGIN;
postgres-1       | 	
postgres-1       | 	CREATE TABLE qkern_internal.change_feed (
postgres-1       | 	  position bigint GENERATED ALWAYS AS IDENTITY PRIMARY KEY,
postgres-1       | 	  schema_name text NOT NULL CHECK (schema_name ~ '^[a-z_][a-z0-9_]{0,62}$'),
postgres-1       | 	  table_name text NOT NULL CHECK (table_name ~ '^[a-z_][a-z0-9_]{0,62}$'),
postgres-1       | 	  operation text NOT NULL CHECK (operation IN ('insert', 'update', 'delete')),
postgres-1       | 	  -- Nur Primaerschluesselwerte. Die Grenze verhindert, dass ein zusammengesetzter
postgres-1       | 	  -- Schluessel den Feed aufblaeht.
postgres-1       | 	  row_key jsonb NOT NULL CHECK (octet_length(row_key::text) <= 4096),
postgres-1       | 	  committed_at timestamptz NOT NULL DEFAULT now()
postgres-1       | 	);
postgres-1       | 	
postgres-1       | 	CREATE INDEX change_feed_retention_idx ON qkern_internal.change_feed (committed_at);
postgres-1       | 	
postgres-1       | 	ALTER TABLE qkern_internal.change_feed OWNER TO qkern_ledger_owner;
postgres-1       | 	
postgres-1       | 	-- SECURITY DEFINER: Der Schreiber einer Zeile besitzt keine Rechte auf dem
postgres-1       | 	-- Feed und soll sie auch nicht bekommen. Der Trigger schreibt stellvertretend.
postgres-1       | 	-- search_path wird fest gesetzt, damit kein Aufrufer die aufgeloesten Objekte
postgres-1       | 	-- umlenken kann.
postgres-1       | 	CREATE OR REPLACE FUNCTION qkern_internal.capture_change()
postgres-1       | 	RETURNS trigger
postgres-1       | 	LANGUAGE plpgsql
postgres-1       | 	SECURITY DEFINER
postgres-1       | 	SET search_path = qkern_internal, pg_catalog
postgres-1       | 	AS $$
postgres-1       | 	DECLARE
postgres-1       | 	  key_columns text[];
postgres-1       | 	  source record;
postgres-1       | 	  key jsonb;
postgres-1       | 	BEGIN
postgres-1       | 	  SELECT array_agg(attribute.attname ORDER BY attribute.attnum)
postgres-1       | 	    INTO key_columns
postgres-1       | 	    FROM pg_index index
postgres-1       | 	    JOIN pg_attribute attribute
postgres-1       | 	      ON attribute.attrelid = index.indrelid AND attribute.attnum = ANY (index.indkey)
postgres-1       | 	   WHERE index.indrelid = TG_RELID AND index.indisprimary;
postgres-1       | 	
postgres-1       | 	  IF key_columns IS NULL THEN
postgres-1       | 	    RAISE EXCEPTION 'change capture requires a primary key on %.%', TG_TABLE_SCHEMA, TG_TABLE_NAME
postgres-1       | 	      USING ERRCODE = '55000';
postgres-1       | 	  END IF;
postgres-1       | 	
postgres-1       | 	  source := CASE WHEN TG_OP = 'DELETE' THEN OLD ELSE NEW END;
postgres-1       | 	  SELECT jsonb_object_agg(entry.key, entry.value)
postgres-1       | 	    INTO key
postgres-1       | 	    FROM jsonb_each(to_jsonb(source)) AS entry
postgres-1       | 	   WHERE entry.key = ANY (key_columns);
postgres-1       | 	
postgres-1       | 	  INSERT INTO qkern_internal.change_feed (schema_name, table_name, operation, row_key)
postgres-1       | 	  VALUES (TG_TABLE_SCHEMA, TG_TABLE_NAME, lower(TG_OP), key);
postgres-1       | 	
postgres-1       | 	  RETURN NULL;
postgres-1       | 	END;
postgres-1       | 	$$;
postgres-1       | 	
postgres-1       | 	ALTER FUNCTION qkern_internal.capture_change() OWNER TO qkern_ledger_owner;
postgres-1       | 	
postgres-1       | 	REVOKE ALL ON qkern_internal.change_feed FROM PUBLIC;
postgres-1       | 	REVOKE ALL ON FUNCTION qkern_internal.capture_change() FROM PUBLIC;
postgres-1       | 	
postgres-1       | 	-- Die Laufzeitrolle liest den Feed und raeumt ihn auf. Sie darf ihn niemals
postgres-1       | 	-- schreiben: ein erfundenes Aenderungsereignis wuerde einen Lesevorgang mit
postgres-1       | 	-- fremden Claims ausloesen.
postgres-1       | 	GRANT USAGE ON SCHEMA qkern_internal TO qkern_project_api_app;
postgres-1       | 	GRANT SELECT, DELETE ON qkern_internal.change_feed TO qkern_project_api_app;
postgres-1       | 	
postgres-1       | 	COMMIT;
postgres-1       | 	
certification-1  |  [32m✓[39m tests/provisioning-port-postgres.integration.test.ts [2m([22m[2m6 tests[22m[2m)[22m[33m 4435[2mms[22m[39m
certification-1  |      [33m[2m✓[22m[39m (2.88) hands the web runtime the order of its own tenant and never a field of the binding [33m 2664[2mms[22m[39m
postgres-1       | 2026-09-30 05:08:30.492 UTC [604] ERROR:  new row for relation "migration_incident_delivery_commands" violates check constraint "migration_incident_delivery_commands_expected_failure_code"
postgres-1       | 2026-09-30 05:08:30.492 UTC [604] DETAIL:  Failing row contains (9848ddc5-7e3c-4a8b-b4bb-1189770ddb58, 4434ed4d-475f-44ec-a9f3-d765013de9aa, 02b767cb-6d9f-454a-9fca-0ba638883f78, constraint-test, destination_recovered, pending, null, 2026-09-30 05:08:30.490863+00, 2026-09-30 05:08:30.490863+00, null, null).
postgres-1       | 2026-09-30 05:08:30.492 UTC [604] STATEMENT:  INSERT INTO migration_incident_delivery_commands
postgres-1       | 	           (organization_id, migration_incident_id, requested_by, reason_code,
postgres-1       | 	            expected_failure_code, expected_retry_cycle)
postgres-1       | 	         VALUES ($1, $2, 'constraint-test', 'destination_recovered', NULL, NULL)
postgres-1       | 2026-09-30 05:08:30.982 UTC [663] ERROR:  new row for relation "migration_incident_delivery_commands" violates check constraint "migration_incident_delivery_commands_expected_retry_cycle"
postgres-1       | 2026-09-30 05:08:30.982 UTC [663] DETAIL:  Failing row contains (37728ada-5f49-4085-9bc8-ee5922451dc8, 4434ed4d-475f-44ec-a9f3-d765013de9aa, 02b767cb-6d9f-454a-9fca-0ba638883f78, constraint-test, destination_recovered, pending, null, 2026-09-30 05:08:30.956743+00, 2026-09-30 05:08:30.956743+00, PUBLISH_FAILED, null).
postgres-1       | 2026-09-30 05:08:30.982 UTC [663] STATEMENT:  INSERT INTO migration_incident_delivery_commands
postgres-1       | 	           (organization_id, migration_incident_id, requested_by, reason_code,
postgres-1       | 	            expected_failure_code, expected_retry_cycle)
postgres-1       | 	         VALUES ($1, $2, 'constraint-test', 'destination_recovered', 'PUBLISH_FAILED', NULL)
certification-1  |  [32m✓[39m tests/generated-data-postgres.integration.test.ts [2m([22m[2m9 tests[22m[2m)[22m[33m 5752[2mms[22m[39m
certification-1  |      [33m[2m✓[22m[39m enforces RLS across insert, list, update and delete [33m 810[2mms[22m[39m
certification-1  |      [33m[2m✓[22m[39m serves a schema with capitals exactly and never merges it with its lowercase twin (2.33) [33m 553[2mms[22m[39m
certification-1  |      [33m[2m✓[22m[39m calls security-invoker functions under the caller's RLS [33m 573[2mms[22m[39m
certification-1  |      [33m[2m✓[22m[39m documents views read-only and only callable functions as RPC [33m 1411[2mms[22m[39m
postgres-1       | 2026-09-30 05:08:31.788 UTC [669] ERROR:  permission denied for table project_cron_definitions
postgres-1       | 2026-09-30 05:08:31.788 UTC [669] STATEMENT:  UPDATE project_cron_definitions SET time_zone='UTC' WHERE id=$1
postgres-1       | 2026-09-30 05:08:32.185 UTC [655] ERROR:  duplicate key value violates unique constraint "project_cron_definitions_name_key"
postgres-1       | 2026-09-30 05:08:32.185 UTC [655] STATEMENT:  INSERT INTO project_cron_definitions
postgres-1       | 	           (organization_id, project_id, environment, name, expression, queue, payload, enabled,
postgres-1       | 	            time_zone)
postgres-1       | 	         VALUES ($1,$2,$3,$4,$5,$6,$7,$8,$9)
postgres-1       | 	         RETURNING id, organization_id, project_id, environment, name, expression, queue,
postgres-1       | 	  payload, enabled, time_zone, last_dispatched_at, created_at
postgres-1       | 2026-09-30 05:08:32.595 UTC [676] ERROR:  permission denied for table project_cron_definitions
postgres-1       | 2026-09-30 05:08:32.595 UTC [676] STATEMENT:  UPDATE project_cron_definitions SET expression='*/1 * * * *' WHERE id=$1
postgres-1       | 2026-09-30 05:08:32.774 UTC [675] ERROR:  migration incident resolution requires worker-verified ledger evidence
postgres-1       | 2026-09-30 05:08:32.774 UTC [675] CONTEXT:  PL/pgSQL function qkern_validate_migration_incident_acknowledgement() line 49 at RAISE
postgres-1       | 2026-09-30 05:08:32.774 UTC [675] STATEMENT:  UPDATE migration_incidents
postgres-1       | 	       SET status = 'resolved',
postgres-1       | 	           resolution_code = 'target_ledger_match'::qkern_migration_incident_resolution_code
postgres-1       | 	       WHERE organization_id = $1 AND migration_job_id = $2
postgres-1       | 	         AND status IN ('open', 'acknowledged')
postgres-1       | 	       RETURNING 
postgres-1       | 	  id, organization_id, migration_job_id, project_id, environment, change_set_id,
postgres-1       | 	  kind, severity, status, detected_review_cycle, detected_reconciliation_attempt,
postgres-1       | 	  acknowledged_by, acknowledgement_code, acknowledged_at,
postgres-1       | 	  resolved_by, resolution_code, resolved_at, created_at, updated_at
postgres-1       | 2026-09-30 05:08:33.114 UTC [303] LOG:  checkpoint starting: immediate force wait
postgres-1       | 2026-09-30 05:08:33.587 UTC [303] LOG:  checkpoint complete: wrote 1589 buffers (9.7%); 0 WAL file(s) added, 0 removed, 1 recycled; write=0.454 s, sync=0.009 s, total=0.475 s; sync files=540, longest=0.007 s, average=0.001 s; distance=12047 kB, estimate=12047 kB; lsn=0/29338C0, redo lsn=0/2911EE0
postgres-1       | 2026-09-30 05:08:33.703 UTC [682] ERROR:  permission denied for table project_functions
postgres-1       | 2026-09-30 05:08:33.703 UTC [682] STATEMENT:  UPDATE project_functions SET image=$2 WHERE id=$1
certification-1  |  [32m✓[39m tests/project-storage-postgres.integration.test.ts [2m([22m[2m8 tests[22m[2m)[22m[33m 7584[2mms[22m[39m
certification-1  |      [33m[2m✓[22m[39m persists an exact verified upload and moves quota from reserved to used [33m 1173[2mms[22m[39m
certification-1  |      [33m[2m✓[22m[39m commits concurrent completion replays exactly once [33m 1970[2mms[22m[39m
certification-1  |      [33m[2m✓[22m[39m cleans the provider object when expiry wins a slow completion [33m 2040[2mms[22m[39m
certification-1  |      [33m[2m✓[22m[39m releases used quota once when delete and lifecycle expiration race [33m 378[2mms[22m[39m
certification-1  |      [33m[2m✓[22m[39m (2.51) lists objects with their scanner verdict without exposing a provider key [33m 988[2mms[22m[39m
postgres-1       | 2026-09-30 05:08:33.882 UTC [686] ERROR:  permission denied for table project_functions
postgres-1       | 2026-09-30 05:08:33.882 UTC [686] STATEMENT:  UPDATE project_functions SET memory_mib=2048 WHERE id=$1
postgres-1       | 2026-09-30 05:08:33.982 UTC [681] ERROR:  permission denied for table project_webhooks
postgres-1       | 2026-09-30 05:08:33.982 UTC [681] STATEMENT:  UPDATE project_webhooks SET url='https://elsewhere.example.com/hooks' WHERE id=$1
postgres-1       | 2026-09-30 05:08:34.031 UTC [668] ERROR:  new row for relation "project_functions" violates check constraint "project_functions_image_check"
postgres-1       | 2026-09-30 05:08:34.031 UTC [668] DETAIL:  Failing row contains (fcbe1c1f-8134-41d2-b9cb-6c3948de6443, 93b395bf-5723-4b50-bb68-4d02ff589146, 03cb62c1-5847-48f5-a255-931b30c88b5f, development, tagged-40838ef9, nodejs24, registry.example.com/qkern/probe:latest, handler.mjs, 30000, 128, 1, {}, {}, t, 2026-09-30 05:08:33.998306+00).
postgres-1       | 2026-09-30 05:08:34.031 UTC [668] STATEMENT:  INSERT INTO project_functions
postgres-1       | 	         (organization_id, project_id, environment, name, runtime, image, entrypoint)
postgres-1       | 	       VALUES ($1,$2,'development',$3,'nodejs24','registry.example.com/qkern/probe:latest','handler.mjs')
postgres-1       | 2026-09-30 05:08:34.174 UTC [670] ERROR:  duplicate key value violates unique constraint "project_functions_name_key"
postgres-1       | 2026-09-30 05:08:34.174 UTC [670] STATEMENT:  INSERT INTO project_functions
postgres-1       | 	           (organization_id, project_id, environment, name, runtime, image, entrypoint,
postgres-1       | 	            timeout_ms, memory_mib, max_concurrency, egress_origins, secret_refs, enabled)
postgres-1       | 	         VALUES ($1,$2,$3,$4,'nodejs24',$5,$6,$7,$8,$9,$10,$11,$12)
postgres-1       | 	         RETURNING id, organization_id, project_id, environment, name, runtime, image,
postgres-1       | 	  entrypoint, timeout_ms, memory_mib, max_concurrency, egress_origins, secret_refs, enabled,
postgres-1       | 	  created_at
certification-1  |  [32m✓[39m tests/postgres-incident-recovery.integration.test.ts [2m([22m[2m6 tests[22m[2m)[22m[33m 9029[2mms[22m[39m
certification-1  |      [33m[2m✓[22m[39m closes PostgreSQL CHECK-NULL bypasses for every new pending command [33m 723[2mms[22m[39m
certification-1  |      [33m[2m✓[22m[39m rejects an old command when the same failure code returns in a later generation [33m 1016[2mms[22m[39m
certification-1  |      [33m[2m✓[22m[39m allows incident resolution only after worker-verified applied state [33m 323[2mms[22m[39m
postgres-1       | 2026-09-30 05:08:34.843 UTC [598] ERROR:  webhook delivery content is immutable
postgres-1       | 2026-09-30 05:08:34.843 UTC [598] CONTEXT:  PL/pgSQL function qkern_validate_project_webhook_delivery_update() line 8 at RAISE
postgres-1       | 2026-09-30 05:08:34.843 UTC [598] STATEMENT:  UPDATE project_webhook_deliveries SET payload='{"tampered":true}'::jsonb WHERE id=$1
postgres-1       | 2026-09-30 05:08:35.098 UTC [704] ERROR:  permission denied for table project_functions
postgres-1       | 2026-09-30 05:08:35.098 UTC [704] STATEMENT:  UPDATE project_functions SET image=$1 WHERE id=$2
postgres-1       | 2026-09-30 05:08:35.539 UTC [613] ERROR:  realtime events are append-only
postgres-1       | 2026-09-30 05:08:35.539 UTC [613] CONTEXT:  PL/pgSQL function qkern_reject_realtime_event_update() line 3 at RAISE
postgres-1       | 2026-09-30 05:08:35.539 UTC [613] STATEMENT:  UPDATE realtime_events SET event='tampered'
postgres-1       | 	        WHERE organization_id=$1 AND channel=$2
postgres-1       | 2026-09-30 05:08:37.161 UTC [709] ERROR:  a settled webhook delivery is final
postgres-1       | 2026-09-30 05:08:37.161 UTC [709] CONTEXT:  PL/pgSQL function qkern_validate_project_webhook_delivery_update() line 14 at RAISE
postgres-1       | 2026-09-30 05:08:37.161 UTC [709] STATEMENT:  UPDATE project_webhook_deliveries SET status='pending' WHERE id=$1
postgres-1       | 2026-09-30 05:08:37.915 UTC [700] ERROR:  cron progress must not move backwards
postgres-1       | 2026-09-30 05:08:37.915 UTC [700] CONTEXT:  PL/pgSQL function qkern_validate_project_cron_update() line 10 at RAISE
postgres-1       | 2026-09-30 05:08:37.915 UTC [700] STATEMENT:  UPDATE project_cron_definitions
postgres-1       | 	            SET last_dispatched_at=$3, updated_at=now()
postgres-1       | 	          WHERE organization_id=$1 AND id=$2
postgres-1       | 2026-09-30 05:08:38.530 UTC [701] ERROR:  cron progress must not move backwards
postgres-1       | 2026-09-30 05:08:38.530 UTC [701] CONTEXT:  PL/pgSQL function qkern_validate_project_cron_update() line 10 at RAISE
postgres-1       | 2026-09-30 05:08:38.530 UTC [701] STATEMENT:  UPDATE project_cron_definitions
postgres-1       | 	            SET last_dispatched_at=$3, updated_at=now()
postgres-1       | 	          WHERE organization_id=$1 AND id=$2
postgres-1       | 2026-09-30 05:08:38.625 UTC [703] ERROR:  cron progress must not move backwards
postgres-1       | 2026-09-30 05:08:38.625 UTC [703] CONTEXT:  PL/pgSQL function qkern_validate_project_cron_update() line 10 at RAISE
postgres-1       | 2026-09-30 05:08:38.625 UTC [703] STATEMENT:  UPDATE project_cron_definitions
postgres-1       | 	            SET last_dispatched_at=$3, updated_at=now()
postgres-1       | 	          WHERE organization_id=$1 AND id=$2
postgres-1       | 2026-09-30 05:08:38.633 UTC [702] ERROR:  cron progress must not move backwards
postgres-1       | 2026-09-30 05:08:38.633 UTC [702] CONTEXT:  PL/pgSQL function qkern_validate_project_cron_update() line 10 at RAISE
postgres-1       | 2026-09-30 05:08:38.633 UTC [702] STATEMENT:  UPDATE project_cron_definitions
postgres-1       | 	            SET last_dispatched_at=$3, updated_at=now()
postgres-1       | 	          WHERE organization_id=$1 AND id=$2
postgres-1       | 2026-09-30 05:08:38.684 UTC [597] ERROR:  cron progress must not move backwards
postgres-1       | 2026-09-30 05:08:38.684 UTC [597] CONTEXT:  PL/pgSQL function qkern_validate_project_cron_update() line 10 at RAISE
postgres-1       | 2026-09-30 05:08:38.684 UTC [597] STATEMENT:  UPDATE project_cron_definitions SET last_dispatched_at=$2 WHERE id=$1
postgres-1       | 2026-09-30 05:08:39.128 UTC [736] ERROR:  cron identity is immutable
postgres-1       | 2026-09-30 05:08:39.128 UTC [736] CONTEXT:  PL/pgSQL function qkern_validate_project_cron_update() line 6 at RAISE
postgres-1       | 2026-09-30 05:08:39.128 UTC [736] STATEMENT:  UPDATE project_cron_definitions SET project_id=$2 WHERE id=$1
postgres-1       | 2026-09-30 05:08:39.943 UTC [692] ERROR:  function slots are immutable
postgres-1       | 2026-09-30 05:08:39.943 UTC [692] CONTEXT:  PL/pgSQL function qkern_reject_project_function_slot_update() line 3 at RAISE
postgres-1       | 2026-09-30 05:08:39.943 UTC [692] STATEMENT:  UPDATE project_function_slots SET expires_at = now() + interval '1 hour'
postgres-1       | 	        WHERE organization_id=$1 AND function_id=$2
certification-1  | [90mstdout[2m | tests/sql-privilege-clause-contract.integration.test.ts[2m > [22m[2mSQL privilege clause contract[2m > [22m[2mfinds statements to check
certification-1  | [22m[39mprivilege clause contract: 137 Anweisungen, 12 Spaltenlisten nicht auswertbar, 908 Platzhalter offen
certification-1  | 
certification-1  | [90mstderr[2m | tests/realtime-change-soak-postgres.integration.test.ts[2m > [22m[2mRealtime change soak PostgreSQL certification[2m > [22m[2mdelivers every change of a sustained writer without loss, gap or stall
certification-1  | [22m[39msoak: 120 Aenderungen, p50 5612 ms, p95 5761 ms, max 5808 ms
certification-1  | 
certification-1  |  [32m✓[39m tests/realtime-postgres.integration.test.ts [2m([22m[2m7 tests[22m[2m)[22m[33m 11120[2mms[22m[39m
certification-1  |      [33m[2m✓[22m[39m delivers a broadcast to a subscriber on a second instance through PostgreSQL [33m 1965[2mms[22m[39m
certification-1  |      [33m[2m✓[22m[39m assigns one global sequence per channel across instances [33m 2074[2mms[22m[39m
certification-1  |      [33m[2m✓[22m[39m keeps events after a restart of every instance [33m 1740[2mms[22m[39m
certification-1  |      [33m[2m✓[22m[39m keeps the event log invisible to a different organization [33m 1618[2mms[22m[39m
certification-1  |      [33m[2m✓[22m[39m refuses to change a stored event [33m 1363[2mms[22m[39m
certification-1  |  [32m✓[39m tests/project-queues-postgres.integration.test.ts [2m([22m[2m9 tests[22m[2m)[22m[33m 8121[2mms[22m[39m
certification-1  |      [33m[2m✓[22m[39m exports every queue of the scope with live counters, empty ones included [33m 1234[2mms[22m[39m
certification-1  |      [33m[2m✓[22m[39m claims each ready row at most once across concurrent workers [33m 1500[2mms[22m[39m
certification-1  |      [33m[2m✓[22m[39m keeps lease verifiers durable and fences the wrong or stale worker [33m 370[2mms[22m[39m
certification-1  |      [33m[2m✓[22m[39m consumes an enqueued message and calls the function [33m 963[2mms[22m[39m
certification-1  |      [33m[2m✓[22m[39m retries when the function is unavailable [33m 427[2mms[22m[39m
certification-1  |      [33m[2m✓[22m[39m keeps a foreign queue untouched [33m 852[2mms[22m[39m
certification-1  |  [32m✓[39m tests/compute-functions-postgres.integration.test.ts [2m([22m[2m13 tests[22m[2m)[22m[33m 9164[2mms[22m[39m
certification-1  |      [33m[2m✓[22m[39m creates, lists and pauses a function through the unprivileged runtime role [33m 1458[2mms[22m[39m
certification-1  |      [33m[2m✓[22m[39m denies the runtime role any change beyond the enabled flag [33m 1110[2mms[22m[39m
certification-1  |      [33m[2m✓[22m[39m stops a second instance once the shared limit is reached [33m 2421[2mms[22m[39m
certification-1  |      [33m[2m✓[22m[39m hands the place on once the first instance is done [33m 1157[2mms[22m[39m
certification-1  |      [33m[2m✓[22m[39m reclaims the place of an instance that never came back [33m 446[2mms[22m[39m
certification-1  |      [33m[2m✓[22m[39m counts the places of one definition only [33m 1318[2mms[22m[39m
certification-1  |  [32m✓[39m tests/compute-webhook-postgres.integration.test.ts [2m([22m[2m10 tests[22m[2m)[22m[33m 13477[2mms[22m[39m
certification-1  |      [33m[2m✓[22m[39m persists a delivery and hands it to exactly one of many claimants [33m 1666[2mms[22m[39m
certification-1  |      [33m[2m✓[22m[39m stores only the lease verifier, never the raw token [33m 1304[2mms[22m[39m
certification-1  |      [33m[2m✓[22m[39m refuses a settlement from the wrong worker or a stale token [33m 1709[2mms[22m[39m
certification-1  |      [33m[2m✓[22m[39m schedules a retry with a server-computed delay [33m 1595[2mms[22m[39m
certification-1  |      [33m[2m✓[22m[39m dead-letters once the attempt limit of the definition is reached [33m 1443[2mms[22m[39m
certification-1  |      [33m[2m✓[22m[39m keeps the payload of a delivery immutable [33m 880[2mms[22m[39m
certification-1  |      [33m[2m✓[22m[39m keeps a settled delivery final [33m 2115[2mms[22m[39m
certification-1  |      [33m[2m✓[22m[39m hides deliveries of a different organization [33m 612[2mms[22m[39m
certification-1  |  [32m✓[39m tests/compute-definitions-postgres.integration.test.ts [2m([22m[2m10 tests[22m[2m)[22m[33m 9927[2mms[22m[39m
certification-1  |      [33m[2m✓[22m[39m creates, lists and pauses a cron definition through the unprivileged runtime role [33m 2558[2mms[22m[39m
certification-1  |      [33m[2m✓[22m[39m stores the time zone of a cron definition, defaults it to UTC and keeps it immutable [33m 717[2mms[22m[39m
certification-1  |      [33m[2m✓[22m[39m denies the runtime role any change beyond the enabled flag [33m 1889[2mms[22m[39m
certification-1  |      [33m[2m✓[22m[39m deploys images only through the door that writes their history [33m 1635[2mms[22m[39m
certification-1  |      [33m[2m✓[22m[39m writes one chained audit entry per deployment [33m 1136[2mms[22m[39m
certification-1  |  [31m❯[39m tests/realtime-change-soak-postgres.integration.test.ts [2m([22m[2m1 test[22m[2m | [22m[31m1 failed[39m[2m)[22m[33m 10924[2mms[22m[39m
certification-1  | [31m     [31m×[31m delivers every change of a sustained writer without loss, gap or stall[39m[33m 9252[2mms[22m[39m
certification-1  |  [32m✓[39m tests/sql-privilege-clause-contract.integration.test.ts [2m([22m[2m2 tests[22m[2m)[22m[33m 7843[2mms[22m[39m
certification-1  |      [33m[2m✓[22m[39m finds statements to check [33m 1865[2mms[22m[39m
certification-1  |      [33m[2m✓[22m[39m grants every write role the read right its clauses require [33m 4578[2mms[22m[39m
postgres-1       | 2026-09-30 05:08:45.133 UTC [789] ERROR:  relation "change_feed" already exists
postgres-1       | 2026-09-30 05:08:45.133 UTC [789] STATEMENT:  -- Run once after 0002_qkern_migration_fence.sql as the trusted project database
postgres-1       | 	-- provisioner. Provides trigger-based change capture for Realtime.
postgres-1       | 	--
postgres-1       | 	-- ## Warum Trigger und nicht logische Replikation
postgres-1       | 	--
postgres-1       | 	-- Logische Replikation sieht jede Aenderung ohne Schemaeingriff, verlangt aber
postgres-1       | 	-- eine Rolle mit Replikationsrecht und einen Slot. Beides steht im direkten
postgres-1       | 	-- Widerspruch zu diesem Schema: 0001 prueft fuer jede beteiligte Rolle
postgres-1       | 	-- ausdruecklich rolreplication = false. Ein hängender Konsument laesst den Slot
postgres-1       | 	-- ausserdem unbegrenzt WAL halten, bis die Platte voll ist -- ein
postgres-1       | 	-- Betriebsrisiko, das der Kunde traegt und QKERN nicht begrenzen kann.
postgres-1       | 	--
postgres-1       | 	-- Trigger sind begrenzbar: der Feed hat Groessengrenzen und Aufbewahrung, und
postgres-1       | 	-- das Anschalten je Tabelle ist eine Schemaaenderung, die den vorhandenen
postgres-1       | 	-- Change-Set- und Approval-Weg durchlaeuft.
postgres-1       | 	--
postgres-1       | 	-- ## Warum keine Zeilenwerte gespeichert werden
postgres-1       | 	--
postgres-1       | 	-- Der Feed haelt ausschliesslich die Primaerschluesselwerte. Die eigentlichen
postgres-1       | 	-- Zeilenwerte werden je Abonnent frisch gelesen, und zwar mit dessen Claims.
postgres-1       | 	-- Row Level Security autorisiert und erzeugt die Nutzlast damit in einem
postgres-1       | 	-- Schritt. Wuerden die Werte hier liegen, muesste eine zweite, unabhaengige
postgres-1       | 	-- Sichtbarkeitspruefung sie korrekt filtern -- eine Kopie der RLS-Logik
postgres-1       | 	-- ausserhalb der Datenbank und damit eine dauerhafte Fehlerquelle.
postgres-1       | 	
postgres-1       | 	BEGIN;
postgres-1       | 	
postgres-1       | 	CREATE TABLE qkern_internal.change_feed (
postgres-1       | 	  position bigint GENERATED ALWAYS AS IDENTITY PRIMARY KEY,
postgres-1       | 	  schema_name text NOT NULL CHECK (schema_name ~ '^[a-z_][a-z0-9_]{0,62}$'),
postgres-1       | 	  table_name text NOT NULL CHECK (table_name ~ '^[a-z_][a-z0-9_]{0,62}$'),
postgres-1       | 	  operation text NOT NULL CHECK (operation IN ('insert', 'update', 'delete')),
postgres-1       | 	  -- Nur Primaerschluesselwerte. Die Grenze verhindert, dass ein zusammengesetzter
postgres-1       | 	  -- Schluessel den Feed aufblaeht.
postgres-1       | 	  row_key jsonb NOT NULL CHECK (octet_length(row_key::text) <= 4096),
postgres-1       | 	  committed_at timestamptz NOT NULL DEFAULT now()
postgres-1       | 	);
postgres-1       | 	
postgres-1       | 	CREATE INDEX change_feed_retention_idx ON qkern_internal.change_feed (committed_at);
postgres-1       | 	
postgres-1       | 	ALTER TABLE qkern_internal.change_feed OWNER TO qkern_ledger_owner;
postgres-1       | 	
postgres-1       | 	-- SECURITY DEFINER: Der Schreiber einer Zeile besitzt keine Rechte auf dem
postgres-1       | 	-- Feed und soll sie auch nicht bekommen. Der Trigger schreibt stellvertretend.
postgres-1       | 	-- search_path wird fest gesetzt, damit kein Aufrufer die aufgeloesten Objekte
postgres-1       | 	-- umlenken kann.
postgres-1       | 	CREATE OR REPLACE FUNCTION qkern_internal.capture_change()
postgres-1       | 	RETURNS trigger
postgres-1       | 	LANGUAGE plpgsql
postgres-1       | 	SECURITY DEFINER
postgres-1       | 	SET search_path = qkern_internal, pg_catalog
postgres-1       | 	AS $$
postgres-1       | 	DECLARE
postgres-1       | 	  key_columns text[];
postgres-1       | 	  source record;
postgres-1       | 	  key jsonb;
postgres-1       | 	BEGIN
postgres-1       | 	  SELECT array_agg(attribute.attname ORDER BY attribute.attnum)
postgres-1       | 	    INTO key_columns
postgres-1       | 	    FROM pg_index index
postgres-1       | 	    JOIN pg_attribute attribute
postgres-1       | 	      ON attribute.attrelid = index.indrelid AND attribute.attnum = ANY (index.indkey)
postgres-1       | 	   WHERE index.indrelid = TG_RELID AND index.indisprimary;
postgres-1       | 	
postgres-1       | 	  IF key_columns IS NULL THEN
postgres-1       | 	    RAISE EXCEPTION 'change capture requires a primary key on %.%', TG_TABLE_SCHEMA, TG_TABLE_NAME
postgres-1       | 	      USING ERRCODE = '55000';
postgres-1       | 	  END IF;
postgres-1       | 	
postgres-1       | 	  source := CASE WHEN TG_OP = 'DELETE' THEN OLD ELSE NEW END;
postgres-1       | 	  SELECT jsonb_object_agg(entry.key, entry.value)
postgres-1       | 	    INTO key
postgres-1       | 	    FROM jsonb_each(to_jsonb(source)) AS entry
postgres-1       | 	   WHERE entry.key = ANY (key_columns);
postgres-1       | 	
postgres-1       | 	  INSERT INTO qkern_internal.change_feed (schema_name, table_name, operation, row_key)
postgres-1       | 	  VALUES (TG_TABLE_SCHEMA, TG_TABLE_NAME, lower(TG_OP), key);
postgres-1       | 	
postgres-1       | 	  RETURN NULL;
postgres-1       | 	END;
postgres-1       | 	$$;
postgres-1       | 	
postgres-1       | 	ALTER FUNCTION qkern_internal.capture_change() OWNER TO qkern_ledger_owner;
postgres-1       | 	
postgres-1       | 	REVOKE ALL ON qkern_internal.change_feed FROM PUBLIC;
postgres-1       | 	REVOKE ALL ON FUNCTION qkern_internal.capture_change() FROM PUBLIC;
postgres-1       | 	
postgres-1       | 	-- Die Laufzeitrolle liest den Feed und raeumt ihn auf. Sie darf ihn niemals
postgres-1       | 	-- schreiben: ein erfundenes Aenderungsereignis wuerde einen Lesevorgang mit
postgres-1       | 	-- fremden Claims ausloesen.
postgres-1       | 	GRANT USAGE ON SCHEMA qkern_internal TO qkern_project_api_app;
postgres-1       | 	GRANT SELECT, DELETE ON qkern_internal.change_feed TO qkern_project_api_app;
postgres-1       | 	
postgres-1       | 	COMMIT;
postgres-1       | 	
postgres-1       | 2026-09-30 05:08:45.680 UTC [795] ERROR:  permission denied for table billing_rate_cards
postgres-1       | 2026-09-30 05:08:45.680 UTC [795] STATEMENT:  UPDATE billing_rate_cards SET unit_price_micros = 1 WHERE organization_id = $1
postgres-1       | 2026-09-30 05:08:45.691 UTC [795] ERROR:  permission denied for table billing_rate_cards
postgres-1       | 2026-09-30 05:08:45.691 UTC [795] STATEMENT:  DELETE FROM billing_rate_cards WHERE organization_id = $1
postgres-1       | 2026-09-30 05:08:45.702 UTC [792] ERROR:  change capture requires a primary key on public.cdc_keyless_899a107429d2
postgres-1       | 2026-09-30 05:08:45.702 UTC [792] CONTEXT:  PL/pgSQL function capture_change() line 15 at RAISE
postgres-1       | 2026-09-30 05:08:45.702 UTC [792] STATEMENT:  INSERT INTO public.cdc_keyless_899a107429d2 (label) VALUES ('orphan')
certification-1  |  [32m✓[39m tests/usage-billing-postgres.integration.test.ts [2m([22m[2m4 tests[22m[2m)[22m[33m 674[2mms[22m[39m
certification-1  |      [33m[2m✓[22m[39m projects real usage against the effective rate card [33m 309[2mms[22m[39m
postgres-1       | 2026-09-30 05:08:46.362 UTC [804] ERROR:  permission denied for table change_feed
postgres-1       | 2026-09-30 05:08:46.362 UTC [804] STATEMENT:  INSERT INTO qkern_internal.change_feed (schema_name, table_name, operation, row_key)
postgres-1       | 	       VALUES ('public', 'forged', 'insert', '{"id":"forged"}'::jsonb)
postgres-1       | 2026-09-30 05:08:46.454 UTC [805] WARNING:  "wal_level" is insufficient to publish logical changes
postgres-1       | 2026-09-30 05:08:46.454 UTC [805] HINT:  Set "wal_level" to "logical" before creating subscriptions.
certification-1  |  [32m✓[39m tests/realtime-change-feed-postgres.integration.test.ts [2m([22m[2m6 tests[22m[2m)[22m[33m 2384[2mms[22m[39m
certification-1  |      [33m[2m✓[22m[39m refuses a table without a primary key instead of capturing nothing [33m 457[2mms[22m[39m
certification-1  |  [32m✓[39m tests/data-plane-functions-postgres.integration.test.ts [2m([22m[2m1 test[22m[2m)[22m[33m 1218[2mms[22m[39m
certification-1  |      [33m[2m✓[22m[39m lists functions and procedures with signature, return, volatility and security, and hides aggregates and other schemas [33m 425[2mms[22m[39m
certification-1  |  [32m✓[39m tests/data-plane-catalog-wide-postgres.integration.test.ts [2m([22m[2m4 tests[22m[2m)[22m[33m 1016[2mms[22m[39m
certification-1  |      [33m[2m✓[22m[39m lists available extensions with the installed ones first and their version [33m 418[2mms[22m[39m
certification-1  |  [32m✓[39m tests/data-plane-triggers-postgres.integration.test.ts [2m([22m[2m1 test[22m[2m)[22m[33m 457[2mms[22m[39m
postgres-1       | 2026-09-30 05:08:47.599 UTC [832] ERROR:  permission denied for table migration_outbox
postgres-1       | 2026-09-30 05:08:47.599 UTC [832] STATEMENT:  SELECT status FROM migration_outbox
postgres-1       | 2026-09-30 05:08:47.604 UTC [832] ERROR:  permission denied for table migration_outbox
postgres-1       | 2026-09-30 05:08:47.604 UTC [832] STATEMENT:  SELECT lease_owner FROM migration_outbox
postgres-1       | 2026-09-30 05:08:47.608 UTC [832] ERROR:  permission denied for table migration_outbox
postgres-1       | 2026-09-30 05:08:47.608 UTC [832] STATEMENT:  SELECT lease_token FROM migration_outbox
postgres-1       | 2026-09-30 05:08:47.614 UTC [832] ERROR:  permission denied for table migration_outbox
postgres-1       | 2026-09-30 05:08:47.614 UTC [832] STATEMENT:  SELECT lease_expires_at FROM migration_outbox
postgres-1       | 2026-09-30 05:08:47.617 UTC [832] ERROR:  permission denied for table migration_outbox
postgres-1       | 2026-09-30 05:08:47.617 UTC [832] STATEMENT:  SELECT failure_count FROM migration_outbox
postgres-1       | 2026-09-30 05:08:47.621 UTC [832] ERROR:  permission denied for table migration_outbox
postgres-1       | 2026-09-30 05:08:47.621 UTC [832] STATEMENT:  SELECT available_at FROM migration_outbox
certification-1  |  [32m✓[39m tests/migration-enqueue-postgres.integration.test.ts [2m([22m[2m3 tests[22m[2m)[22m[33m 772[2mms[22m[39m
certification-1  |  [32m✓[39m tests/usage-metering-postgres.integration.test.ts [2m([22m[2m4 tests[22m[2m)[22m[33m 1169[2mms[22m[39m
certification-1  |      [33m[2m✓[22m[39m serializes concurrent hard-quota decisions and persists verifier-only events [33m 582[2mms[22m[39m
certification-1  |  [32m✓[39m tests/data-plane-query-postgres.integration.test.ts [2m([22m[2m2 tests[22m[2m)[22m[33m 383[2mms[22m[39m
postgres-1       | 2026-09-30 05:08:48.226 UTC [838] ERROR:  permission denied for table project_auth_users
postgres-1       | 2026-09-30 05:08:48.226 UTC [838] STATEMENT:  SELECT id FROM project_auth_users LIMIT 1
certification-1  |  [32m✓[39m tests/compute-webhook-chain.integration.test.ts [2m([22m[2m6 tests[22m[2m)[22m[33m 2370[2mms[22m[39m
certification-1  |      [33m[2m✓[22m[39m schedules a retry when the receiver rejects, without losing the delivery [33m 690[2mms[22m[39m
certification-1  |      [33m[2m✓[22m[39m dead-letters after the attempt limit of the definition [33m 399[2mms[22m[39m
certification-1  |      [33m[2m✓[22m[39m does not send for a switched-off definition [33m 331[2mms[22m[39m
certification-1  |      [33m[2m✓[22m[39m recovers a delivery whose deliverer died mid-attempt [33m 311[2mms[22m[39m
certification-1  |  [32m✓[39m tests/queue-connection-pressure-postgres.integration.test.ts [2m([22m[2m1 test[22m[2m)[22m[33m 1034[2mms[22m[39m
certification-1  |      [33m[2m✓[22m[39m names an exhausted pool instead of calling it a queue conflict [33m 606[2mms[22m[39m
certification-1  |  [32m✓[39m tests/data-plane-catalog-postgres.integration.test.ts [2m([22m[2m3 tests[22m[2m)[22m[33m 1039[2mms[22m[39m
certification-1  |  [31m❯[39m tests/realtime-change-chain-postgres.integration.test.ts [2m([22m[2m6 tests[22m[2m | [22m[31m1 failed[39m[2m)[22m[33m 22310[2mms[22m[39m
certification-1  |      [33m[2m✓[22m[39m carries a change from the trigger to a subscriber that may see it [33m 580[2mms[22m[39m
certification-1  |      [33m[2m✓[22m[39m gives two subscribers different subsets of the same change stream [33m 1085[2mms[22m[39m
certification-1  | [31m     [31m×[31m keeps order and delivers each change exactly once under a burst[39m[33m 6147[2mms[22m[39m
certification-1  |      [33m[2m✓[22m[39m closes a subscriber that cannot keep up instead of skipping changes [33m 863[2mms[22m[39m
certification-1  |      [33m[2m✓[22m[39m keeps every subscriber's subset correct with many subscribers at once [33m 10536[2mms[22m[39m
certification-1  |      [32m✓[39m removes only changes older than the retention window[32m 18[2mms[22m[39m
postgres-1       | 2026-09-30 05:08:49.507 UTC [833] ERROR:  new row violates row-level security policy "audit_logs_project_auth_insert" for table "audit_logs"
postgres-1       | 2026-09-30 05:08:49.507 UTC [833] STATEMENT:  INSERT INTO audit_logs
postgres-1       | 	         (organization_id, project_id, environment, actor_type, actor_ref, action, resource_ref,
postgres-1       | 	          status, redacted_metadata, previous_hash, entry_hash)
postgres-1       | 	       VALUES ($1, $2, $3, $4, $5, $6, $7, $8, $9::jsonb, NULL, repeat('0', 64))
postgres-1       | 	       RETURNING id, organization_id, project_id, environment, actor_type, actor_ref, action, resource_ref,
postgres-1       | 	                 status, redacted_metadata, previous_hash, entry_hash, created_at
certification-1  |  [32m✓[39m tests/usage-emitters-postgres.integration.test.ts [2m([22m[2m20 tests[22m[2m)[22m[33m 2880[2mms[22m[39m
certification-1  |      [33m[2m✓[22m[39m counts every simultaneous enqueue across queues exactly once [33m 562[2mms[22m[39m
certification-1  |      [33m[2m✓[22m[39m pages through every event exactly once [33m 361[2mms[22m[39m
certification-1  |  [32m✓[39m tests/project-auth-postgres.integration.test.ts [2m([22m[2m4 tests[22m[2m)[22m[33m 2789[2mms[22m[39m
certification-1  |      [33m[2m✓[22m[39m persists app users only through the auth role and keeps runtime access closed [33m 769[2mms[22m[39m
certification-1  |      [33m[2m✓[22m[39m lists active sessions and revokes one family or all of one user in PostgreSQL (2.34) [33m 744[2mms[22m[39m
postgres-1       | 2026-09-30 05:08:49.848 UTC [303] LOG:  checkpoint starting: immediate force wait
postgres-1       | 2026-09-30 05:08:49.905 UTC [303] LOG:  checkpoint complete: wrote 432 buffers (2.6%); 0 WAL file(s) added, 0 removed, 0 recycled; write=0.055 s, sync=0.001 s, total=0.057 s; sync files=273, longest=0.001 s, average=0.000 s; distance=1928 kB, estimate=11035 kB; lsn=0/2AF4200, redo lsn=0/2AF41A8
certification-1  |  [32m✓[39m tests/migration-process-postgres.integration.test.ts [2m([22m[2m3 tests[22m[2m)[22m[33m 25076[2mms[22m[39m
certification-1  |      [33m[2m✓[22m[39m applies a queued statement to the real project database [33m 13634[2mms[22m[39m
certification-1  |      [33m[2m✓[22m[39m keeps a tampered statement out of the project database [33m 5507[2mms[22m[39m
certification-1  |      [33m[2m✓[22m[39m names the violated boundary condition without describing the database [33m 2675[2mms[22m[39m
certification-1  |  [32m✓[39m tests/realtime-process-postgres.integration.test.ts [2m([22m[2m3 tests[22m[2m)[22m[33m 24327[2mms[22m[39m
certification-1  |      [33m[2m✓[22m[39m serves a real client from the shipped process [33m 19229[2mms[22m[39m
certification-1  |      [33m[2m✓[22m[39m refuses production with an ephemeral log and names the condition [33m 2681[2mms[22m[39m
certification-1  |      [33m[2m✓[22m[39m serves a client on a public bind after the explicit opt-in [33m 2053[2mms[22m[39m
certification-1  |  [32m✓[39m tests/compute-cron-postgres.integration.test.ts [2m([22m[2m12 tests[22m[2m)[22m[33m 27859[2mms[22m[39m
certification-1  |      [33m[2m✓[22m[39m dispatches a due occurrence into the queue and advances the progress [33m 812[2mms[22m[39m
certification-1  |      [33m[2m✓[22m[39m dispatches a weekday-name expression and an @ shortcut through the real progress [33m 1595[2mms[22m[39m
certification-1  |      [33m[2m✓[22m[39m dispatches a zoned schedule through the real progress across the missing hour [33m 972[2mms[22m[39m
certification-1  |      [33m[2m✓[22m[39m dispatches L, # and W schedules through the real progress [33m 4199[2mms[22m[39m
certification-1  |      [33m[2m✓[22m[39m produces exactly one message when two schedulers fire the same occurrence [33m 4409[2mms[22m[39m
certification-1  |      [33m[2m✓[22m[39m keeps the identity of a definition immutable [33m 431[2mms[22m[39m
certification-1  |      [33m[2m✓[22m[39m hides definitions of a different organization [33m 441[2mms[22m[39m
certification-1  |      [33m[2m✓[22m[39m dispatches from the shipped process [33m 9888[2mms[22m[39m
certification-1  |      [33m[2m✓[22m[39m reports ready while the cron loop is doing its rounds [33m 2046[2mms[22m[39m
certification-1  |      [33m[2m✓[22m[39m stops reporting ready when every definition fails [33m 1707[2mms[22m[39m
certification-1  |  [32m✓[39m tests/billing-invoice-postgres.integration.test.ts [2m([22m[2m6 tests[22m[2m)[22m[33m 28108[2mms[22m[39m
certification-1  |      [33m[2m✓[22m[39m issues the closed month's invoice from the shipped process [33m 12605[2mms[22m[39m
certification-1  |      [33m[2m✓[22m[39m leaves the issued invoice untouched on a second run [33m 5783[2mms[22m[39m
certification-1  |      [33m[2m✓[22m[39m refuses an open period at its configuration boundary [33m 2698[2mms[22m[39m
certification-1  |      [33m[2m✓[22m[39m issues exactly one invoice when two runs race for the same period [33m 1824[2mms[22m[39m
certification-1  |      [33m[2m✓[22m[39m numbers invoices gaplessly per organization and stamps the due date [33m 4073[2mms[22m[39m
postgres-1       | 2026-09-30 05:08:53.953 UTC [912] ERROR:  permission denied for table users
postgres-1       | 2026-09-30 05:08:53.953 UTC [912] STATEMENT:  SELECT id FROM users LIMIT 1
postgres-1       | 2026-09-30 05:08:54.030 UTC [937] ERROR:  permission denied for table projects
postgres-1       | 2026-09-30 05:08:54.030 UTC [937] STATEMENT:  SELECT id FROM projects LIMIT 1
certification-1  |  [32m✓[39m tests/project-queues-multi-instance.integration.test.ts [2m([22m[2m6 tests[22m[2m)[22m[33m 30355[2mms[22m[39m
certification-1  |      [33m[2m✓[22m[39m claims every message exactly once across six competing instances [33m 16909[2mms[22m[39m
certification-1  |      [33m[2m✓[22m[39m gives a message to exactly one instance when many claim at the same moment [33m 2282[2mms[22m[39m
certification-1  |      [33m[2m✓[22m[39m fences a vanished worker: the lease survives, the stale token does not [33m 7195[2mms[22m[39m
certification-1  |      [33m[2m✓[22m[39m keeps retry authority on the server when instances fail concurrently [33m 979[2mms[22m[39m
certification-1  |      [33m[2m✓[22m[39m enforces the capacity limit even when instances enqueue at the same time [33m 1452[2mms[22m[39m
certification-1  |      [33m[2m✓[22m[39m deduplicates the same key across instances, not just within one [33m 417[2mms[22m[39m
postgres-1       | 2026-09-30 05:08:57.448 UTC [910] ERROR:  new row for relation "project_queue_messages" violates check constraint "project_queue_messages_dedupe_pair"
postgres-1       | 2026-09-30 05:08:57.448 UTC [910] DETAIL:  Failing row contains (1d46b1c8-c0e5-4f16-b061-20c5e8e7dd26, 7b53328b-5d0c-404e-ada1-bbc7538d1521, 0d9761ea-9cb7-4f71-b1ff-7ca51891c78a, development, d8fc4e21-9d14-468c-89ea-dff45985aa2f, {}, available, probe, ffffffffffffffffffffffffffffffffffffffffffffffffffffffffffffffff, null, 0, 2026-09-30 05:08:57.447438+00, null, null, 0, null, null, 2026-09-30 05:08:57.447438+00, null, null, null).
postgres-1       | 2026-09-30 05:08:57.448 UTC [910] STATEMENT:  INSERT INTO project_queue_messages
postgres-1       | 	        (organization_id,project_id,environment,queue_id,payload,owner_subject,dedupe_key_hash)
postgres-1       | 	        VALUES ($1,$2,'development',$3,'{}'::jsonb,'probe',$4)
postgres-1       | 2026-09-30 05:08:57.624 UTC [975] FATAL:  database "absent_26783872_587b_4169_bd87_074e1d63ad3a" does not exist
postgres-1       | 2026-09-30 05:08:58.327 UTC [303] LOG:  checkpoint starting: immediate force wait
postgres-1       | 2026-09-30 05:08:58.332 UTC [303] LOG:  checkpoint complete: wrote 220 buffers (1.3%); 0 WAL file(s) added, 0 removed, 2 recycled; write=0.004 s, sync=0.001 s, total=0.005 s; sync files=185, longest=0.001 s, average=0.001 s; distance=25134 kB, estimate=25134 kB; lsn=0/437FCC8, redo lsn=0/437FC70
postgres-1       | 2026-09-30 05:09:01.735 UTC [945] ERROR:  new row for relation "project_auth_settings" violates check constraint "project_auth_settings_rate_limits_check"
postgres-1       | 2026-09-30 05:09:01.735 UTC [945] DETAIL:  Failing row contains (1f33d9a2-83e4-41b8-ac21-ee533b032eb3, f710dc73-c236-4f91-a3d5-57fbb51acbc8, development, f, 2026-09-26 12:00:00+00, {}, 0, 900, 5, 3600, 2, 900, f, 12, named, null, 2000, null, 2000, {}).
postgres-1       | 2026-09-30 05:09:01.735 UTC [945] STATEMENT:  UPDATE project_auth_settings SET sign_in_max = 0
postgres-1       | 	       WHERE organization_id = $1 AND project_id = $2 AND environment = 'development'
postgres-1       | 2026-09-30 05:09:02.361 UTC [992] ERROR:  new row for relation "project_auth_settings" violates check constraint "project_auth_settings_password_protection_check"
postgres-1       | 2026-09-30 05:09:02.361 UTC [992] DETAIL:  Failing row contains (d6660882-5d91-4c00-a4ce-253e32bcfd6c, d363e4bd-47c1-4419-8387-dc5286ccd135, development, f, 2026-09-26 13:00:00+00, {}, 10, 900, 5, 3600, 60, 3600, t, 11, generic, null, 2000, null, 2000, {}).
postgres-1       | 2026-09-30 05:09:02.361 UTC [992] STATEMENT:  UPDATE project_auth_settings SET password_min_length = 11
postgres-1       | 	         WHERE organization_id = $1 AND project_id = $2 AND environment = 'development'
postgres-1       | 2026-09-30 05:09:02.384 UTC [1002] ERROR:  new row for relation "project_auth_settings" violates check constraint "project_auth_settings_password_protection_check"
postgres-1       | 2026-09-30 05:09:02.384 UTC [1002] DETAIL:  Failing row contains (d6660882-5d91-4c00-a4ce-253e32bcfd6c, d363e4bd-47c1-4419-8387-dc5286ccd135, development, f, 2026-09-26 13:00:00+00, {}, 10, 900, 5, 3600, 60, 3600, t, 129, generic, null, 2000, null, 2000, {}).
postgres-1       | 2026-09-30 05:09:02.384 UTC [1002] STATEMENT:  UPDATE project_auth_settings SET password_min_length = 129
postgres-1       | 	         WHERE organization_id = $1 AND project_id = $2 AND environment = 'development'
postgres-1       | 2026-09-30 05:09:02.406 UTC [1003] ERROR:  new row for relation "project_auth_settings" violates check constraint "project_auth_settings_password_protection_check"
postgres-1       | 2026-09-30 05:09:02.406 UTC [1003] DETAIL:  Failing row contains (d6660882-5d91-4c00-a4ce-253e32bcfd6c, d363e4bd-47c1-4419-8387-dc5286ccd135, development, f, 2026-09-26 13:00:00+00, {}, 10, 900, 5, 3600, 60, 3600, t, 14, loud, null, 2000, null, 2000, {}).
postgres-1       | 2026-09-30 05:09:02.406 UTC [1003] STATEMENT:  UPDATE project_auth_settings SET leaked_password_notice = 'loud'
postgres-1       | 	         WHERE organization_id = $1 AND project_id = $2 AND environment = 'development'
postgres-1       | 2026-09-30 05:09:04.507 UTC [303] LOG:  checkpoint starting: immediate force wait
postgres-1       | 2026-09-30 05:09:04.509 UTC [303] LOG:  checkpoint complete: wrote 165 buffers (1.0%); 0 WAL file(s) added, 0 removed, 0 recycled; write=0.002 s, sync=0.001 s, total=0.002 s; sync files=133, longest=0.001 s, average=0.000 s; distance=5184 kB, estimate=23139 kB; lsn=0/488FE30, redo lsn=0/488FDD8
postgres-1       | 2026-09-30 05:09:09.297 UTC [303] LOG:  checkpoint starting: immediate force wait
postgres-1       | 2026-09-30 05:09:09.297 UTC [303] LOG:  checkpoint complete: wrote 61 buffers (0.4%); 0 WAL file(s) added, 0 removed, 0 recycled; write=0.001 s, sync=0.001 s, total=0.001 s; sync files=57, longest=0.001 s, average=0.000 s; distance=4563 kB, estimate=21282 kB; lsn=0/4D04A70, redo lsn=0/4D04A18
postgres-1       | 2026-09-30 05:09:09.309 UTC [967] ERROR:  new row for relation "user_console_settings" violates check constraint "user_console_settings_language_check"
postgres-1       | 2026-09-30 05:09:09.309 UTC [967] DETAIL:  Failing row contains (6c5beb9c-b343-4ae4-b696-a4afcbaf3692, es, de-CH, browser, overview, system, 2026-09-30 05:09:09.309214+00, 2026-09-30 05:09:09.309214+00).
postgres-1       | 2026-09-30 05:09:09.309 UTC [967] STATEMENT:  INSERT INTO user_console_settings (user_id, language) VALUES ($1, $2)
postgres-1       | 2026-09-30 05:09:09.316 UTC [1050] ERROR:  new row for relation "user_console_settings" violates check constraint "user_console_settings_format_locale_check"
postgres-1       | 2026-09-30 05:09:09.316 UTC [1050] DETAIL:  Failing row contains (6c5beb9c-b343-4ae4-b696-a4afcbaf3692, browser, de-AT, browser, overview, system, 2026-09-30 05:09:09.315277+00, 2026-09-30 05:09:09.315277+00).
postgres-1       | 2026-09-30 05:09:09.316 UTC [1050] STATEMENT:  INSERT INTO user_console_settings (user_id, format_locale) VALUES ($1, $2)
postgres-1       | 2026-09-30 05:09:09.323 UTC [1051] ERROR:  new row for relation "user_console_settings" violates check constraint "user_console_settings_theme_check"
postgres-1       | 2026-09-30 05:09:09.323 UTC [1051] DETAIL:  Failing row contains (6c5beb9c-b343-4ae4-b696-a4afcbaf3692, browser, de-CH, browser, overview, sepia, 2026-09-30 05:09:09.322131+00, 2026-09-30 05:09:09.322131+00).
postgres-1       | 2026-09-30 05:09:09.323 UTC [1051] STATEMENT:  INSERT INTO user_console_settings (user_id, theme) VALUES ($1, $2)
postgres-1       | 2026-09-30 05:09:09.330 UTC [1052] ERROR:  new row for relation "user_console_settings" violates check constraint "user_console_settings_time_zone_check"
postgres-1       | 2026-09-30 05:09:09.330 UTC [1052] DETAIL:  Failing row contains (6c5beb9c-b343-4ae4-b696-a4afcbaf3692, browser, de-CH, kein zonenname mit leerzeichen, overview, system, 2026-09-30 05:09:09.328845+00, 2026-09-30 05:09:09.328845+00).
postgres-1       | 2026-09-30 05:09:09.330 UTC [1052] STATEMENT:  INSERT INTO user_console_settings (user_id, time_zone) VALUES ($1, $2)
postgres-1       | 2026-09-30 05:09:09.337 UTC [1053] ERROR:  new row for relation "user_console_settings" violates check constraint "user_console_settings_start_view_check"
postgres-1       | 2026-09-30 05:09:09.337 UTC [1053] DETAIL:  Failing row contains (6c5beb9c-b343-4ae4-b696-a4afcbaf3692, browser, de-CH, browser, Nicht Erlaubt, system, 2026-09-30 05:09:09.336001+00, 2026-09-30 05:09:09.336001+00).
postgres-1       | 2026-09-30 05:09:09.337 UTC [1053] STATEMENT:  INSERT INTO user_console_settings (user_id, start_view) VALUES ($1, $2)
postgres-1       | 2026-09-30 05:09:09.345 UTC [1004] ERROR:  permission denied for table users
postgres-1       | 2026-09-30 05:09:09.345 UTC [1004] STATEMENT:  UPDATE users SET status = 'disabled' WHERE id = $1
postgres-1       | 2026-09-30 05:09:21.924 UTC [1102] ERROR:  relation "plaene_72497b3a_e7b3_4c4d_b5e4_77d5f9c80e67.gibt_es_nicht" does not exist at character 73
postgres-1       | 2026-09-30 05:09:21.924 UTC [1102] STATEMENT:  EXPLAIN (FORMAT JSON, COSTS ON, VERBOSE OFF, SUMMARY ON) SELECT id FROM "plaene_72497b3a_e7b3_4c4d_b5e4_77d5f9c80e67".gibt_es_nicht
postgres-1       | 2026-09-30 05:09:21.947 UTC [1054] ERROR:  division by zero
postgres-1       | 2026-09-30 05:09:21.947 UTC [1054] STATEMENT:  SELECT 1 / 0
postgres-1       | 2026-09-30 05:09:21.954 UTC [1122] ERROR:  division by zero
postgres-1       | 2026-09-30 05:09:21.954 UTC [1122] STATEMENT:  SELECT 1 / 0
postgres-1       | 2026-09-30 05:09:21.960 UTC [1123] ERROR:  division by zero
postgres-1       | 2026-09-30 05:09:21.960 UTC [1123] STATEMENT:  SELECT 1 / 0
postgres-1       | 2026-09-30 05:09:21.966 UTC [1124] ERROR:  division by zero
postgres-1       | 2026-09-30 05:09:21.966 UTC [1124] STATEMENT:  SELECT 1 / 0
postgres-1       | 2026-09-30 05:09:21.972 UTC [1125] ERROR:  division by zero
postgres-1       | 2026-09-30 05:09:21.972 UTC [1125] STATEMENT:  SELECT 1 / 0
postgres-1       | 2026-09-30 05:09:21.979 UTC [1126] ERROR:  division by zero
postgres-1       | 2026-09-30 05:09:21.979 UTC [1126] STATEMENT:  SELECT 1 / 0
postgres-1       | 2026-09-30 05:09:21.985 UTC [1127] ERROR:  division by zero
postgres-1       | 2026-09-30 05:09:21.985 UTC [1127] STATEMENT:  SELECT 1 / 0
postgres-1       | 2026-09-30 05:09:21.991 UTC [1128] ERROR:  division by zero
postgres-1       | 2026-09-30 05:09:21.991 UTC [1128] STATEMENT:  SELECT 1 / 0
postgres-1       | 2026-09-30 05:09:21.996 UTC [1129] ERROR:  division by zero
postgres-1       | 2026-09-30 05:09:21.996 UTC [1129] STATEMENT:  SELECT 1 / 0
postgres-1       | 2026-09-30 05:09:22.003 UTC [1130] ERROR:  division by zero
postgres-1       | 2026-09-30 05:09:22.003 UTC [1130] STATEMENT:  SELECT 1 / 0
postgres-1       | 2026-09-30 05:09:23.080 UTC [1142] ERROR:  permission denied for table pg_user_mapping
postgres-1       | 2026-09-30 05:09:23.080 UTC [1142] STATEMENT:  SELECT umoptions FROM pg_catalog.pg_user_mapping
postgres-1       | 2026-09-30 05:09:23.107 UTC [1131] WARNING:  "wal_level" is insufficient to publish logical changes
postgres-1       | 2026-09-30 05:09:23.107 UTC [1131] HINT:  Set "wal_level" to "logical" before creating subscriptions.
postgres-1       | 2026-09-30 05:09:23.116 UTC [1144] ERROR:  permission denied for table pg_subscription
postgres-1       | 2026-09-30 05:09:23.116 UTC [1144] STATEMENT:  SELECT subconninfo FROM pg_catalog.pg_subscription
postgres-1       | 2026-09-30 05:09:23.379 UTC [944] ERROR:  permission denied for table project_storage_s3_access_keys
postgres-1       | 2026-09-30 05:09:23.379 UTC [944] STATEMENT:  DELETE FROM project_storage_s3_access_keys WHERE id = $1
postgres-1       | 2026-09-30 05:09:23.381 UTC [946] ERROR:  permission denied for table project_storage_s3_access_keys
postgres-1       | 2026-09-30 05:09:23.381 UTC [946] STATEMENT:  UPDATE project_storage_s3_access_keys SET name = 'anders' WHERE id = $1
postgres-1       | 2026-09-30 05:09:23.385 UTC [1131] ERROR:  project storage S3 access keys are immutable except for one-way revocation
postgres-1       | 2026-09-30 05:09:23.385 UTC [1131] CONTEXT:  PL/pgSQL function qkern_reject_project_storage_s3_access_key_mutation() line 14 at RAISE
postgres-1       | 2026-09-30 05:09:23.385 UTC [1131] STATEMENT:  UPDATE project_storage_s3_access_keys SET revoked_at = now() + interval '1 hour' WHERE id = $1
postgres-1       | 2026-09-30 05:09:23.475 UTC [1147] ERROR:  project storage S3 access keys are immutable except for one-way revocation
postgres-1       | 2026-09-30 05:09:23.475 UTC [1147] CONTEXT:  PL/pgSQL function qkern_reject_project_storage_s3_access_key_mutation() line 14 at RAISE
postgres-1       | 2026-09-30 05:09:23.475 UTC [1147] STATEMENT:  UPDATE project_storage_s3_access_keys SET secret_ciphertext = $2 WHERE id = $1
postgres-1       | 2026-09-30 05:09:24.249 UTC [1055] ERROR:  new row for relation "project_auth_settings" violates check constraint "project_auth_settings_hook_claims_check"
postgres-1       | 2026-09-30 05:09:24.249 UTC [1055] DETAIL:  Failing row contains (0435fc9a-76e4-4bf4-b487-30c4c594c539, fdeac9ad-d441-4687-a280-ccb643794b62, development, f, 2026-09-30 05:09:24.145+00, {}, 10, 900, 5, 3600, 60, 3600, f, 12, named, null, 2000, hook-claims-82c59b5f, 2000, {role}).
postgres-1       | 2026-09-30 05:09:24.249 UTC [1055] STATEMENT:  UPDATE project_auth_settings SET access_token_hook_function = $1, access_token_hook_claims = ARRAY['role']::text[] WHERE organization_id = '0435fc9a-76e4-4bf4-b487-30c4c594c539' AND project_id = 'fdeac9ad-d441-4687-a280-ccb643794b62'
postgres-1       | 	      AND environment = 'development'
postgres-1       | 2026-09-30 05:09:24.259 UTC [1149] ERROR:  new row for relation "project_auth_settings" violates check constraint "project_auth_settings_hook_timeout_check"
postgres-1       | 2026-09-30 05:09:24.259 UTC [1149] DETAIL:  Failing row contains (0435fc9a-76e4-4bf4-b487-30c4c594c539, fdeac9ad-d441-4687-a280-ccb643794b62, development, f, 2026-09-30 05:09:24.145+00, {}, 10, 900, 5, 3600, 60, 3600, f, 12, named, null, 0, null, 2000, {}).
postgres-1       | 2026-09-30 05:09:24.259 UTC [1149] STATEMENT:  UPDATE project_auth_settings SET sign_in_hook_timeout_ms = 0 WHERE organization_id = '0435fc9a-76e4-4bf4-b487-30c4c594c539' AND project_id = 'fdeac9ad-d441-4687-a280-ccb643794b62'
postgres-1       | 	      AND environment = 'development'
postgres-1       | 2026-09-30 05:09:24.270 UTC [1150] ERROR:  new row for relation "project_auth_settings" violates check constraint "project_auth_settings_hook_function_check"
postgres-1       | 2026-09-30 05:09:24.270 UTC [1150] DETAIL:  Failing row contains (0435fc9a-76e4-4bf4-b487-30c4c594c539, fdeac9ad-d441-4687-a280-ccb643794b62, development, f, 2026-09-30 05:09:24.145+00, {}, 10, 900, 5, 3600, 60, 3600, f, 12, named, Nope!, 2000, null, 2000, {}).
postgres-1       | 2026-09-30 05:09:24.270 UTC [1150] STATEMENT:  UPDATE project_auth_settings SET sign_in_hook_function = 'Nope!' WHERE organization_id = '0435fc9a-76e4-4bf4-b487-30c4c594c539' AND project_id = 'fdeac9ad-d441-4687-a280-ccb643794b62'
postgres-1       | 	      AND environment = 'development'
postgres-1       | 2026-09-30 05:09:24.281 UTC [1151] ERROR:  new row for relation "project_auth_settings" violates check constraint "project_auth_settings_hook_claims_check"
postgres-1       | 2026-09-30 05:09:24.281 UTC [1151] DETAIL:  Failing row contains (0435fc9a-76e4-4bf4-b487-30c4c594c539, fdeac9ad-d441-4687-a280-ccb643794b62, development, f, 2026-09-30 05:09:24.145+00, {}, 10, 900, 5, 3600, 60, 3600, f, 12, named, null, 2000, null, 2000, {tenant}).
postgres-1       | 2026-09-30 05:09:24.281 UTC [1151] STATEMENT:  UPDATE project_auth_settings SET access_token_hook_function = NULL, access_token_hook_claims = ARRAY['tenant']::text[] WHERE organization_id = '0435fc9a-76e4-4bf4-b487-30c4c594c539' AND project_id = 'fdeac9ad-d441-4687-a280-ccb643794b62'
postgres-1       | 	      AND environment = 'development'
postgres-1       | 2026-09-30 05:09:24.443 UTC [1152] ERROR:  permission denied for table project_auth_passkeys
postgres-1       | 2026-09-30 05:09:24.443 UTC [1152] STATEMENT:  UPDATE project_auth_passkeys SET public_key = $1
postgres-1       | 	        WHERE organization_id = $2 AND project_id = $3
postgres-1       | 2026-09-30 05:09:24.691 UTC [1153] ERROR:  new row for relation "project_auth_third_party_providers" violates check constraint "project_auth_third_party_providers_role_check"
postgres-1       | 2026-09-30 05:09:24.691 UTC [1153] DETAIL:  Failing row contains (752970f2-d474-4540-b09d-cd6d560ec85f, 4177a9a3-8465-49d2-9573-503181d149de, 6c37f243-0c48-4ecb-9931-da4d7d7c319e, development, direkt, https://direkt.example.com, https://aussteller-2-80.example.com/.well-known/jwks.json, {qkern-app-2-80}, sub, null, service_role, 2026-09-30 05:09:24.689663+00).
postgres-1       | 2026-09-30 05:09:24.691 UTC [1153] STATEMENT:  INSERT INTO project_auth_third_party_providers
postgres-1       | 	        (id, organization_id, project_id, environment, name, issuer, jwks_uri, audiences, default_role)
postgres-1       | 	        VALUES ($1,$2,$3,$4,'direkt','https://direkt.example.com',$5,ARRAY[$6]::text[],'service_role')
postgres-1       | 2026-09-30 05:09:24.725 UTC [1163] ERROR:  permission denied for table project_auth_third_party_providers
postgres-1       | 2026-09-30 05:09:24.725 UTC [1163] STATEMENT:  UPDATE project_auth_third_party_providers SET jwks_uri = $1 WHERE issuer = $2
postgres-1       | 2026-09-30 05:09:26.378 UTC [1175] ERROR:  new row violates row-level security policy for table "notizen"
postgres-1       | 2026-09-30 05:09:26.378 UTC [1175] STATEMENT:  INSERT INTO "graphqlw_7a8bb705_a47d_4e17_91e3_898fd01934d7"."notizen" ("besitzer", "inhalt", "menge")
postgres-1       | 	         VALUES ($1, $2, $3)
postgres-1       | 	         RETURNING "id", "besitzer", "inhalt", "menge"
postgres-1       | 2026-09-30 05:09:26.390 UTC [1175] ERROR:  new row violates row-level security policy for table "notizen"
postgres-1       | 2026-09-30 05:09:26.390 UTC [1175] STATEMENT:  UPDATE "graphqlw_7a8bb705_a47d_4e17_91e3_898fd01934d7"."notizen" SET "besitzer" = $1
postgres-1       | 	       WHERE "menge" = $2 RETURNING "id", "besitzer", "inhalt", "menge"
postgres-1       | 2026-09-30 05:09:26.573 UTC [1176] ERROR:  permission denied for table project_auth_oauth_clients
postgres-1       | 2026-09-30 05:09:26.573 UTC [1176] STATEMENT:  UPDATE project_auth_oauth_clients SET scopes = ARRAY['data:write']::text[] WHERE id = $1
postgres-1       | 2026-09-30 05:09:26.575 UTC [1164] ERROR:  new row for relation "project_auth_oauth_codes" violates check constraint "project_auth_oauth_codes_pkce_check"
postgres-1       | 2026-09-30 05:09:26.575 UTC [1164] DETAIL:  Failing row contains (68a52710-3c64-4131-a0b6-89a15399173c, b01855bb-dd0c-4bfe-bc29-a87951a5c713, 19c739a6-b377-4125-84c9-9629200dba60, development, 9baa9f9a-0040-42e4-a101-cbd8d68e3843, d55fa8f5-c4f8-4db5-8dfb-6685cdc68e6d, https://app.test/oauth/zurueck, {data:read}, direkt-a38500c9-db96-4cd8-9749-f891f82bfe3d, 6ue6abX1yx3KebxQIb-CALJpS4vL-mSJYf2roPktcSQ, plain, 2026-09-30 05:09:26.57454+00, 2026-09-30 05:10:26.57454+00, null, null).
postgres-1       | 2026-09-30 05:09:26.575 UTC [1164] STATEMENT:  INSERT INTO project_auth_oauth_codes
postgres-1       | 	        (id, organization_id, project_id, environment, client_id, auth_user_id, redirect_uri,
postgres-1       | 	         scopes, code_hash, code_challenge, code_challenge_method, expires_at)
postgres-1       | 	        VALUES ($1,$2,$3,'development',$4,$5,$6,ARRAY['data:read']::text[],$7,$8,'plain',now() + interval '1 minute')
postgres-1       | 2026-09-30 05:09:26.856 UTC [303] LOG:  checkpoint starting: immediate force wait
postgres-1       | 2026-09-30 05:09:26.860 UTC [303] LOG:  checkpoint complete: wrote 328 buffers (2.0%); 0 WAL file(s) added, 0 removed, 2 recycled; write=0.004 s, sync=0.001 s, total=0.005 s; sync files=264, longest=0.001 s, average=0.000 s; distance=27090 kB, estimate=27090 kB; lsn=0/6779540, redo lsn=0/67794E8
postgres-1       | 2026-09-30 05:09:26.891 UTC [1146] ERROR:  permission denied for table project_auth_one_time_tokens
postgres-1       | 2026-09-30 05:09:26.891 UTC [1146] STATEMENT:  DELETE FROM project_auth_one_time_tokens WHERE organization_id = $1
postgres-1       | 2026-09-30 05:09:26.900 UTC [1191] ERROR:  permission denied for table project_auth_oauth_tokens
postgres-1       | 2026-09-30 05:09:26.900 UTC [1191] STATEMENT:  DELETE FROM project_auth_oauth_tokens WHERE organization_id = $1
postgres-1       | 2026-09-30 05:09:27.389 UTC [1180] ERROR:  permission denied for table project_auth_oauth_consents
postgres-1       | 2026-09-30 05:09:27.389 UTC [1180] STATEMENT:  DELETE FROM project_auth_oauth_consents WHERE id = $1
postgres-1       | 2026-09-30 05:09:27.390 UTC [1177] ERROR:  project auth oauth consents are immutable except for one-way revocation
postgres-1       | 2026-09-30 05:09:27.390 UTC [1177] CONTEXT:  PL/pgSQL function qkern_reject_project_auth_oauth_consent_mutation() line 8 at RAISE
postgres-1       | 2026-09-30 05:09:27.390 UTC [1177] STATEMENT:  UPDATE project_auth_oauth_consents SET revoked_at = NULL WHERE id = $1
postgres-1       | 2026-09-30 05:09:27.399 UTC [1193] ERROR:  permission denied for table project_auth_oauth_consents
postgres-1       | 2026-09-30 05:09:27.399 UTC [1193] STATEMENT:  UPDATE project_auth_oauth_consents SET scopes = ARRAY['data:write']::text[] WHERE id = $1
postgres-1       | 2026-09-30 05:09:27.470 UTC [1148] ERROR:  update or delete on table "users" violates foreign key constraint "organizations_created_by_fkey" on table "organizations"
postgres-1       | 2026-09-30 05:09:27.470 UTC [1148] DETAIL:  Key (id)=(d46a28a6-1063-483e-94ae-369f1281d2c8) is still referenced from table "organizations".
postgres-1       | 2026-09-30 05:09:27.470 UTC [1148] STATEMENT:  DELETE FROM users WHERE id = $1
postgres-1       | 2026-09-30 05:09:27.490 UTC [1197] ERROR:  extension "vector" is not available
postgres-1       | 2026-09-30 05:09:27.490 UTC [1197] DETAIL:  Could not open extension control file "/usr/local/share/postgresql/extension/vector.control": No such file or directory.
postgres-1       | 2026-09-30 05:09:27.490 UTC [1197] HINT:  The extension must first be installed on the system where PostgreSQL is running.
postgres-1       | 2026-09-30 05:09:27.490 UTC [1197] STATEMENT:  CREATE EXTENSION vector
postgres-1       | 2026-09-30 05:09:27.521 UTC [1198] ERROR:  array is too long
postgres-1       | 2026-09-30 05:09:27.521 UTC [1198] DETAIL:  A cube cannot have more than 100 dimensions.
postgres-1       | 2026-09-30 05:09:27.521 UTC [1198] STATEMENT:  SELECT cube(array_fill(0::float8, ARRAY[$1::int]))
postgres-1       | 2026-09-30 05:09:27.802 UTC [1199] ERROR:  update or delete on table "users" violates foreign key constraint "organizations_created_by_fkey" on table "organizations"
postgres-1       | 2026-09-30 05:09:27.802 UTC [1199] DETAIL:  Key (id)=(f21d12f9-3dcf-4797-8c56-be60d7920ea9) is still referenced from table "organizations".
postgres-1       | 2026-09-30 05:09:27.802 UTC [1199] STATEMENT:  DELETE FROM users WHERE id = $1
postgres-1       | 2026-09-30 05:09:28.012 UTC [1200] ERROR:  permission denied for table project_function_invocation_output
postgres-1       | 2026-09-30 05:09:28.012 UTC [1200] STATEMENT:  UPDATE project_function_invocation_output SET truncated = true
postgres-1       | 2026-09-30 05:09:28.014 UTC [1200] ERROR:  permission denied for table project_function_invocation_output
postgres-1       | 2026-09-30 05:09:28.014 UTC [1200] STATEMENT:  DELETE FROM project_function_invocation_output
postgres-1       | 2026-09-30 05:09:28.019 UTC [1201] ERROR:  new row for relation "project_function_invocation_output" violates check constraint "project_function_invocation_output_line_count_check"
postgres-1       | 2026-09-30 05:09:28.019 UTC [1201] DETAIL:  Failing row contains (e3a89395-2a05-4d70-ae29-ab312ffedb27, b0460bfb-1419-4c1e-a7ff-95ca3ab2421a, ba7e76b8-98af-4632-a129-1279aa20f638, development, ab92cc02-6d40-402d-a818-70c0749214ae, 4b0a89e2-763e-4a64-8844-904e1072804c, 2026-09-30 05:09:28.016432+00, 501, 501, 0, 0, f, 0, [{"at": "2026-09-29T10:00:00.000Z", "cut": false, "text": "x", "...).
postgres-1       | 2026-09-30 05:09:28.019 UTC [1201] STATEMENT:  INSERT INTO project_function_invocation_output
postgres-1       | 	         (organization_id, project_id, environment, function_id, invocation_id,
postgres-1       | 	          line_count, stdout_lines, stderr_lines, byte_count, truncated, dropped_lines, lines)
postgres-1       | 	       VALUES ($1, $2, 'development', $3, $4, $5, $6, 0, 0, $7, $8, $9::jsonb)
postgres-1       | 2026-09-30 05:09:28.029 UTC [1203] ERROR:  new row for relation "project_function_invocation_output" violates check constraint "project_function_invocation_output_lines_shape"
postgres-1       | 2026-09-30 05:09:28.029 UTC [1203] DETAIL:  Failing row contains (e33bf97e-2c98-422b-aea5-aa47f1a33724, b0460bfb-1419-4c1e-a7ff-95ca3ab2421a, ba7e76b8-98af-4632-a129-1279aa20f638, development, ab92cc02-6d40-402d-a818-70c0749214ae, 4b0a89e2-763e-4a64-8844-904e1072804c, 2026-09-30 05:09:28.027113+00, 2, 2, 0, 0, f, 0, [{"at": "2026-09-29T10:00:00.000Z", "cut": false, "text": "x", "...).
postgres-1       | 2026-09-30 05:09:28.029 UTC [1203] STATEMENT:  INSERT INTO project_function_invocation_output
postgres-1       | 	         (organization_id, project_id, environment, function_id, invocation_id,
postgres-1       | 	          line_count, stdout_lines, stderr_lines, byte_count, truncated, dropped_lines, lines)
postgres-1       | 	       VALUES ($1, $2, 'development', $3, $4, $5, $6, 0, 0, $7, $8, $9::jsonb)
postgres-1       | 2026-09-30 05:09:28.042 UTC [1204] ERROR:  insert or update on table "project_function_invocation_output" violates foreign key constraint "project_function_invocation_o_organization_id_invocation_i_fkey"
postgres-1       | 2026-09-30 05:09:28.042 UTC [1204] DETAIL:  Key (organization_id, invocation_id)=(b0460bfb-1419-4c1e-a7ff-95ca3ab2421a, 9a4599e3-52d1-4897-9931-42a75b1856af) is not present in table "project_function_invocations".
postgres-1       | 2026-09-30 05:09:28.042 UTC [1204] STATEMENT:  INSERT INTO project_function_invocation_output
postgres-1       | 	         (organization_id, project_id, environment, function_id, invocation_id,
postgres-1       | 	          line_count, stdout_lines, stderr_lines, byte_count, truncated, dropped_lines, lines)
postgres-1       | 	       VALUES ($1, $2, 'development', $3, $4, $5, $6, 0, 0, $7, $8, $9::jsonb)
postgres-1       | 2026-09-30 05:09:28.051 UTC [1205] ERROR:  duplicate key value violates unique constraint "project_function_invocation_o_organization_id_invocation_id_key"
postgres-1       | 2026-09-30 05:09:28.051 UTC [1205] DETAIL:  Key (organization_id, invocation_id)=(b0460bfb-1419-4c1e-a7ff-95ca3ab2421a, f22771fe-819a-4465-88b6-10e11c616ee9) already exists.
postgres-1       | 2026-09-30 05:09:28.051 UTC [1205] STATEMENT:  INSERT INTO project_function_invocation_output
postgres-1       | 	         (organization_id, project_id, environment, function_id, invocation_id,
postgres-1       | 	          line_count, stdout_lines, stderr_lines, byte_count, truncated, dropped_lines, lines)
postgres-1       | 	       VALUES ($1, $2, 'development', $3, $4, $5, $6, 0, 0, $7, $8, $9::jsonb)
postgres-1       | 2026-09-30 05:09:28.152 UTC [1195] ERROR:  duplicate key value violates unique constraint "project_auth_saml_assertion_key"
postgres-1       | 2026-09-30 05:09:28.152 UTC [1195] DETAIL:  Key (organization_id, project_id, environment, provider, assertion_id)=(eeb579c3-c76a-44b7-8db0-4344abac778e, 95ef3bd2-41bd-4078-80b2-df0cd7a76b48, development, federation, _a6c42c5badc72d1aad78fafb5b87014e0) already exists.
postgres-1       | 2026-09-30 05:09:28.152 UTC [1195] STATEMENT:  INSERT INTO project_auth_saml_assertions
postgres-1       | 	      (organization_id, project_id, environment, provider, assertion_id, expires_at)
postgres-1       | 	      VALUES ($1, $2, 'development', 'federation', $3, now() + interval '5 minutes')
postgres-1       | 2026-09-30 05:09:28.155 UTC [1194] ERROR:  new row for relation "project_auth_saml_assertions" violates check constraint "project_auth_saml_assertions_assertion_id_check"
postgres-1       | 2026-09-30 05:09:28.155 UTC [1194] DETAIL:  Failing row contains (8dd0bb89-cc33-4922-bf0b-c3a31f2ce88f, eeb579c3-c76a-44b7-8db0-4344abac778e, 95ef3bd2-41bd-4078-80b2-df0cd7a76b48, development, federation, 9nope, 2026-09-30 05:09:28.155516+00, 2026-09-30 05:14:28.155516+00).
postgres-1       | 2026-09-30 05:09:28.155 UTC [1194] STATEMENT:  INSERT INTO project_auth_saml_assertions
postgres-1       | 	      (organization_id, project_id, environment, provider, assertion_id, expires_at)
postgres-1       | 	      VALUES ($1, $2, 'development', 'federation', '9nope', now() + interval '5 minutes')
postgres-1       | 2026-09-30 05:09:28.165 UTC [1207] ERROR:  new row for relation "project_auth_saml_assertions" violates check constraint "project_auth_saml_assertions_provider_check"
postgres-1       | 2026-09-30 05:09:28.165 UTC [1207] DETAIL:  Failing row contains (374ca8be-577c-4bf7-b8fb-94bf8bac0ab9, eeb579c3-c76a-44b7-8db0-4344abac778e, 95ef3bd2-41bd-4078-80b2-df0cd7a76b48, development, Federation, _abc, 2026-09-30 05:09:28.163201+00, 2026-09-30 05:14:28.163201+00).
postgres-1       | 2026-09-30 05:09:28.165 UTC [1207] STATEMENT:  INSERT INTO project_auth_saml_assertions
postgres-1       | 	      (organization_id, project_id, environment, provider, assertion_id, expires_at)
postgres-1       | 	      VALUES ($1, $2, 'development', 'Federation', '_abc', now() + interval '5 minutes')
postgres-1       | 2026-09-30 05:09:28.176 UTC [1208] ERROR:  new row for relation "project_auth_saml_assertions" violates check constraint "project_auth_saml_assertions_window"
postgres-1       | 2026-09-30 05:09:28.176 UTC [1208] DETAIL:  Failing row contains (2a7c38f0-3a86-4cc5-90e4-cb0f1f54c0ae, eeb579c3-c76a-44b7-8db0-4344abac778e, 95ef3bd2-41bd-4078-80b2-df0cd7a76b48, development, federation, _window, 2026-09-30 05:09:28.173001+00, 2026-09-30 05:08:28.173001+00).
postgres-1       | 2026-09-30 05:09:28.176 UTC [1208] STATEMENT:  INSERT INTO project_auth_saml_assertions
postgres-1       | 	      (organization_id, project_id, environment, provider, assertion_id, used_at, expires_at)
postgres-1       | 	      VALUES ($1, $2, 'development', 'federation', '_window', now(), now() - interval '1 minute')
postgres-1       | 2026-09-30 05:09:28.186 UTC [1209] ERROR:  new row for relation "project_auth_one_time_tokens" violates check constraint "project_auth_one_time_tokens_purpose_check"
postgres-1       | 2026-09-30 05:09:28.186 UTC [1209] DETAIL:  Failing row contains (95ae8a13-596a-480b-b9f9-1e015228bd38, eeb579c3-c76a-44b7-8db0-4344abac778e, 95ef3bd2-41bd-4078-80b2-df0cd7a76b48, development, null, saml_reply, aaaaaaaaaaaaaaaaaaaaaaaaaaaaaaaaaaaaaaaaaaaaaaaaaaaaaaaaaaaaaaaa, {}, 2026-09-30 05:09:28.183791+00, 2026-09-30 05:14:28.183791+00, null).
postgres-1       | 2026-09-30 05:09:28.186 UTC [1209] STATEMENT:  INSERT INTO project_auth_one_time_tokens
postgres-1       | 	      (organization_id, project_id, environment, purpose, token_hash, expires_at)
postgres-1       | 	      VALUES ($1, $2, 'development', 'saml_reply', $3, now() + interval '5 minutes')
postgres-1       | 2026-09-30 05:09:28.196 UTC [1210] ERROR:  permission denied for table project_auth_saml_assertions
postgres-1       | 2026-09-30 05:09:28.196 UTC [1210] STATEMENT:  UPDATE project_auth_saml_assertions SET assertion_id = '_other' WHERE organization_id = $1
certification-1  |  [32m✓[39m tests/postgres.integration.test.ts [2m([22m[2m57 tests[22m[2m)[22m[33m 34684[2mms[22m[39m
certification-1  |      [33m[2m✓[22m[39m finds the suspected missing index, the unused index, the bloat and the missing sample in real statistics (2.40) [33m 2518[2mms[22m[39m
certification-1  |      [33m[2m✓[22m[39m (2.49) applies a console change set through the approval path and leaves the table as described [33m 421[2mms[22m[39m
certification-1  |      [33m[2m✓[22m[39m (2.52) refuses a usable session without the second factor when the project requires it [33m 871[2mms[22m[39m
certification-1  |      [33m[2m✓[22m[39m (2.54) refuses a return target outside the allowed list of the project [33m 433[2mms[22m[39m
certification-1  |      [33m[2m✓[22m[39m (2.56) refuses the login attempt that crosses the limit and lets the next window through [33m 2012[2mms[22m[39m
certification-1  |      [33m[2m✓[22m[39m (2.60) refuses a known leaked password at sign-up when the project requires it [33m 684[2mms[22m[39m
certification-1  |      [33m[2m✓[22m[39m (2.61) runs every prepared template against a real catalog without writing [33m 340[2mms[22m[39m
certification-1  |      [33m[2m✓[22m[39m (2.67) shows what a query costs in the console without showing the query [33m 1240[2mms[22m[39m
certification-1  |      [33m[2m✓[22m[39m (2.53) delivers a table change through the running bridge process [33m 4647[2mms[22m[39m
certification-1  |      [33m[2m✓[22m[39m (2.64) forwards through the running collector process and continues after a restart [33m 4580[2mms[22m[39m
certification-1  |      [33m[2m✓[22m[39m (2.69) explains a real query plan without executing the query [33m 7817[2mms[22m[39m
certification-1  |      [33m[2m✓[22m[39m (2.70) reports the state of the real database from counters that really move [33m 1129[2mms[22m[39m
certification-1  |      [33m[2m✓[22m[39m (2.77) calls the auth hooks of a real sign-in and refuses one that wants a reserved claim [33m 805[2mms[22m[39m
certification-1  |      [33m[2m✓[22m[39m (2.85) does not forward the same audit row again after a restart when the database sets the microseconds [33m 1323[2mms[22m[39m
certification-1  | 
certification-1  | [31m⎯⎯⎯⎯⎯⎯⎯[39m[1m[41m Failed Tests 2 [49m[22m[31m⎯⎯⎯⎯⎯⎯⎯[39m
certification-1  | 
certification-1  | [41m[1m FAIL [22m[49m tests/realtime-change-chain-postgres.integration.test.ts[2m > [22mRealtime change chain PostgreSQL certification[2m > [22mkeeps order and delivers each change exactly once under a burst
certification-1  | [31m[1mError[22m: Test timed out in 5000ms.
certification-1  | If this is a long-running test, pass a timeout value as the last argument or configure it globally with "testTimeout".[39m
certification-1  | [36m [2m❯[22m tests/realtime-change-chain-postgres.integration.test.ts:[2m237:3[22m[39m
certification-1  |     [90m235|[39m   })[33m;[39m
certification-1  |     [90m236|[39m
certification-1  |     [90m237|[39m   it("keeps order and delivers each change exactly once under a burst"…
certification-1  |     [90m   |[39m   [31m^[39m
certification-1  |     [90m238|[39m     [35mconst[39m instance [33m=[39m [34mservice[39m()[33m;[39m
certification-1  |     [90m239|[39m     [35mconst[39m drained [33m=[39m [35mawait[39m [34mcaughtUpPoller[39m(instance)[33m;[39m
certification-1  | 
certification-1  | [31m[2m⎯⎯⎯⎯⎯⎯⎯⎯⎯⎯⎯⎯⎯⎯⎯⎯⎯⎯⎯⎯⎯⎯⎯⎯[1/2]⎯[22m[39m
certification-1  | 
certification-1  | [41m[1m FAIL [22m[49m tests/realtime-change-soak-postgres.integration.test.ts[2m > [22mRealtime change soak PostgreSQL certification[2m > [22mdelivers every change of a sustained writer without loss, gap or stall
certification-1  | [31m[1mAssertionError[22m: expected 5761 to be less than 5000[39m
certification-1  | [36m [2m❯[22m tests/realtime-change-soak-postgres.integration.test.ts:[2m304:17[22m[39m
certification-1  |     [90m302|[39m       [33m+[39m [32m`p95 [39m[36m${[39mp95[36m}[39m[32m ms, max [39m[36m${[39mworst[36m}[39m[32m ms`[39m[33m,[39m
certification-1  |     [90m303|[39m     )[33m;[39m
certification-1  |     [90m304|[39m     [34mexpect[39m(p95)[33m.[39m[34mtoBeLessThan[39m([34m5_000[39m)[33m;[39m
certification-1  |     [90m   |[39m                 [31m^[39m
certification-1  |     [90m305|[39m     [34mexpect[39m(worst)[33m.[39m[34mtoBeLessThan[39m([34m15_000[39m)[33m;[39m
certification-1  |     [90m306|[39m
certification-1  | 
certification-1  | [31m[2m⎯⎯⎯⎯⎯⎯⎯⎯⎯⎯⎯⎯⎯⎯⎯⎯⎯⎯⎯⎯⎯⎯⎯⎯[2/2]⎯[22m[39m
certification-1  | 
certification-1  | 
certification-1  | [2m Test Files [22m [1m[31m2 failed[39m[22m[2m | [22m[1m[32m29 passed[39m[22m[90m (31)[39m
certification-1  | [2m      Tests [22m [1m[31m2 failed[39m[22m[2m | [22m[1m[32m231 passed[39m[22m[90m (233)[39m
certification-1  | [2m   Start at [22m 05:08:18
certification-1  | [2m   Duration [22m 70.27s[2m (transform 159.75s, setup 0ms, import 238.28s, tests 308.28s, environment 58ms)[22m
certification-1  | 
[Kcertification-1 exited with code 1
 Compose Stopping Aborting on container exit...
 Container qkern-slice-saml-certification-1 Stopping 
 Container qkern-slice-saml-certification-1 Stopped 
 Container qkern-slice-saml-postgres-1 Stopping 
 Container qkern-slice-saml-vault-1 Stopping 
postgres-1       | 2026-09-30 05:09:29.430 UTC [1] LOG:  received fast shutdown request
postgres-1       | 2026-09-30 05:09:29.430 UTC [1] LOG:  aborting any active transactions
vault-1          | ==> Vault shutdown triggered
vault-1          | 2026-09-30T05:09:29.432Z [INFO]  core: marked as sealed
vault-1          | 2026-09-30T05:09:29.433Z [INFO]  core: pre-seal teardown starting
postgres-1       | 2026-09-30 05:09:29.435 UTC [1] LOG:  background worker "logical replication launcher" (PID 308) exited with exit code 1
vault-1          | 2026-09-30T05:09:29.435Z [INFO]  rollback: stopping rollback manager
postgres-1       | 2026-09-30 05:09:29.435 UTC [303] LOG:  shutting down
postgres-1       | 2026-09-30 05:09:29.436 UTC [303] LOG:  checkpoint starting: shutdown immediate
vault-1          | 2026-09-30T05:09:29.436Z [INFO]  core: pre-seal teardown complete
vault-1          | 2026-09-30T05:09:29.436Z [INFO]  core: stopping cluster listeners
vault-1          | 2026-09-30T05:09:29.436Z [INFO]  core.cluster-listener: forwarding rpc listeners stopped
postgres-1       | 2026-09-30 05:09:29.439 UTC [303] LOG:  checkpoint complete: wrote 227 buffers (1.4%); 0 WAL file(s) added, 0 removed, 0 recycled; write=0.003 s, sync=0.001 s, total=0.004 s; sync files=179, longest=0.001 s, average=0.000 s; distance=1038 kB, estimate=24485 kB; lsn=0/687D0D0, redo lsn=0/687D0D0
postgres-1       | 2026-09-30 05:09:29.452 UTC [1] LOG:  database system is shut down
vault-1          | 2026-09-30T05:09:29.782Z [INFO]  core.cluster-listener: rpc listeners successfully shut down
vault-1          | 2026-09-30T05:09:29.782Z [INFO]  core: cluster listeners successfully shut down
vault-1          | 2026-09-30T05:09:29.784Z [INFO]  core: vault is sealed
 Container qkern-slice-saml-postgres-1 Stopped 
[Kpostgres-1 exited with code 0
 Container qkern-slice-saml-vault-1 Stopped 
[Kvault-1 exited with code 0

 Container qkern-slice-saml-certification-1 Stopping 
 Container qkern-slice-saml-certification-1 Stopped 
 Container qkern-slice-saml-certification-1 Removing 
 Container qkern-slice-saml-certification-1 Removed 
 Container qkern-slice-saml-postgres-1 Stopping 
 Container qkern-slice-saml-vault-1 Stopping 
 Container qkern-slice-saml-vault-1 Stopped 
 Container qkern-slice-saml-vault-1 Removing 
 Container qkern-slice-saml-postgres-1 Stopped 
 Container qkern-slice-saml-postgres-1 Removing 
 Container qkern-slice-saml-postgres-1 Removed 
 Container qkern-slice-saml-vault-1 Removed 
 Network qkern-slice-saml_default Removing 
 Network qkern-slice-saml_default Removed 
EXIT=1
