
> qkern-platform@2.67.0 test:postgres:docker
> node scripts/postgres-certification.mjs

 Network qkern-v023-certification_default Creating 
 Network qkern-v023-certification_default Created 
 Container qkern-v023-certification-postgres-1 Creating 
 Container qkern-v023-certification-vault-1 Creating 
 Container qkern-v023-certification-vault-1 Created 
 Container qkern-v023-certification-postgres-1 Created 
 Container qkern-v023-certification-certification-1 Creating 
 Container qkern-v023-certification-certification-1 Created 
Attaching to certification-1, postgres-1, vault-1
 Container qkern-v023-certification-postgres-1 Starting 
 Container qkern-v023-certification-vault-1 Starting 
 Container qkern-v023-certification-vault-1 Started 
 Container qkern-v023-certification-postgres-1 Started 
 Container qkern-v023-certification-postgres-1 Waiting 
 Container qkern-v023-certification-vault-1 Waiting 
postgres-1  | The files belonging to this database system will be owned by user "postgres".
postgres-1  | This user must also own the server process.
postgres-1  | 
postgres-1  | The database cluster will be initialized with locale "en_US.utf8".
postgres-1  | The default database encoding has accordingly been set to "UTF8".
postgres-1  | The default text search configuration will be set to "english".
postgres-1  | 
postgres-1  | Data page checksums are disabled.
postgres-1  | 
postgres-1  | fixing permissions on existing directory /var/lib/postgresql/data ... ok
postgres-1  | creating subdirectories ... ok
postgres-1  | selecting dynamic shared memory implementation ... posix
postgres-1  | selecting default "max_connections" ... 100
postgres-1  | selecting default "shared_buffers" ... 128MB
postgres-1  | selecting default time zone ... UTC
postgres-1  | creating configuration files ... ok
postgres-1  | running bootstrap script ... ok
postgres-1  | sh: locale: not found
postgres-1  | 2026-09-30 05:37:20.479 UTC [45] WARNING:  no usable system locales were found
postgres-1  | performing post-bootstrap initialization ... ok
postgres-1  | initdb: warning: enabling "trust" authentication for local connections
postgres-1  | initdb: hint: You can change this by editing pg_hba.conf or using the option -A, or --auth-local and --auth-host, the next time you run initdb.
postgres-1  | syncing data to disk ... ok
postgres-1  | 
postgres-1  | 
postgres-1  | Success. You can now start the database server using:
postgres-1  | 
postgres-1  |     pg_ctl -D /var/lib/postgresql/data -l logfile start
postgres-1  | 
postgres-1  | waiting for server to start....2026-09-30 05:37:22.516 UTC [59] LOG:  starting PostgreSQL 17.10 on x86_64-pc-linux-musl, compiled by gcc (Alpine 15.2.0) 15.2.0, 64-bit
postgres-1  | 2026-09-30 05:37:22.523 UTC [59] LOG:  listening on Unix socket "/var/run/postgresql/.s.PGSQL.5432"
postgres-1  | 2026-09-30 05:37:22.534 UTC [62] LOG:  database system was shut down at 2026-09-30 05:37:22 UTC
postgres-1  | 2026-09-30 05:37:22.582 UTC [59] LOG:  database system is ready to accept connections
postgres-1  |  done
postgres-1  | server started
postgres-1  | CREATE DATABASE
postgres-1  | 
postgres-1  | 
postgres-1  | /usr/local/bin/docker-entrypoint.sh: running /docker-entrypoint-initdb.d/000-certification-init.sh
postgres-1  | certification-init: applying 0001_control_plane.sql
postgres-1  | CREATE EXTENSION
postgres-1  | CREATE TYPE
postgres-1  | CREATE TYPE
postgres-1  | CREATE TABLE
postgres-1  | CREATE TABLE
postgres-1  | CREATE TABLE
postgres-1  | CREATE TABLE
postgres-1  | CREATE INDEX
postgres-1  | CREATE TABLE
postgres-1  | CREATE TABLE
postgres-1  | CREATE INDEX
postgres-1  | CREATE TABLE
postgres-1  | CREATE INDEX
postgres-1  | CREATE TABLE
postgres-1  | CREATE TABLE
postgres-1  | CREATE INDEX
postgres-1  | ALTER TABLE
postgres-1  | ALTER TABLE
postgres-1  | ALTER TABLE
postgres-1  | ALTER TABLE
postgres-1  | ALTER TABLE
postgres-1  | CREATE POLICY
postgres-1  | CREATE POLICY
postgres-1  | CREATE POLICY
postgres-1  | CREATE POLICY
postgres-1  | CREATE POLICY
postgres-1  | certification-init: applying 0002_repository_hardening.sql
postgres-1  | BEGIN
postgres-1  | CREATE FUNCTION
postgres-1  | ALTER TABLE
postgres-1  | ALTER TABLE
postgres-1  | ALTER TABLE
postgres-1  | ALTER TABLE
postgres-1  | ALTER TABLE
postgres-1  | ALTER TABLE
postgres-1  | UPDATE 0
postgres-1  | ALTER TABLE
postgres-1  | CREATE INDEX
postgres-1  | CREATE INDEX
postgres-1  | CREATE FUNCTION
postgres-1  | CREATE TRIGGER
postgres-1  | CREATE TRIGGER
postgres-1  | CREATE TRIGGER
postgres-1  | CREATE FUNCTION
postgres-1  | CREATE FUNCTION
postgres-1  | CREATE TRIGGER
postgres-1  | CREATE TRIGGER
postgres-1  | ALTER TABLE
postgres-1  | ALTER TABLE
postgres-1  | ALTER TABLE
postgres-1  | ALTER TABLE
postgres-1  | ALTER TABLE
postgres-1  | ALTER TABLE
postgres-1  | ALTER TABLE
postgres-1  | ALTER TABLE
postgres-1  | ALTER TABLE
postgres-1  | ALTER TABLE
postgres-1  | ALTER TABLE
postgres-1  | ALTER TABLE
postgres-1  | ALTER TABLE
postgres-1  | ALTER TABLE
postgres-1  | ALTER TABLE
postgres-1  | ALTER TABLE
postgres-1  | DROP POLICY
postgres-1  | DROP POLICY
postgres-1  | DROP POLICY
postgres-1  | DROP POLICY
postgres-1  | DROP POLICY
postgres-1  | CREATE POLICY
postgres-1  | CREATE POLICY
postgres-1  | CREATE POLICY
postgres-1  | CREATE POLICY
postgres-1  | CREATE POLICY
postgres-1  | CREATE POLICY
postgres-1  | CREATE POLICY
postgres-1  | CREATE POLICY
postgres-1  | CREATE POLICY
postgres-1  | CREATE POLICY
postgres-1  | CREATE POLICY
postgres-1  | CREATE POLICY
postgres-1  | CREATE POLICY
postgres-1  | CREATE POLICY
postgres-1  | CREATE POLICY
postgres-1  | CREATE POLICY
postgres-1  | CREATE POLICY
postgres-1  | CREATE POLICY
postgres-1  | CREATE POLICY
postgres-1  | CREATE POLICY
postgres-1  | CREATE POLICY
postgres-1  | CREATE POLICY
postgres-1  | CREATE POLICY
postgres-1  | CREATE POLICY
postgres-1  | DO
postgres-1  | REVOKE
postgres-1  | GRANT
postgres-1  | GRANT
postgres-1  | GRANT
postgres-1  | GRANT
postgres-1  | GRANT
postgres-1  | GRANT
postgres-1  | GRANT
postgres-1  | GRANT
postgres-1  | GRANT
postgres-1  | GRANT
postgres-1  | GRANT
postgres-1  | GRANT
postgres-1  | GRANT
postgres-1  | COMMIT
postgres-1  | certification-init: applying 0003_auth_and_memberships.sql
postgres-1  | BEGIN
postgres-1  | ALTER TABLE
postgres-1  | ALTER TABLE
postgres-1  | UPDATE 0
postgres-1  | ALTER TABLE
postgres-1  | CREATE INDEX
postgres-1  | CREATE TRIGGER
postgres-1  | CREATE TABLE
postgres-1  | CREATE INDEX
postgres-1  | CREATE INDEX
postgres-1  | CREATE FUNCTION
postgres-1  | DO
postgres-1  | REVOKE
postgres-1  | REVOKE
postgres-1  | GRANT
postgres-1  | GRANT
postgres-1  | GRANT
postgres-1  | GRANT
postgres-1  | COMMIT
postgres-1  | certification-init: applying 0004_artifact_and_workspace_integrity.sql
postgres-1  | BEGIN
postgres-1  | ALTER TABLE
postgres-1  | CREATE INDEX
postgres-1  | ALTER TABLE
postgres-1  | ALTER TABLE
postgres-1  | ALTER TABLE
postgres-1  | CREATE FUNCTION
postgres-1  | CREATE TRIGGER
postgres-1  | CREATE FUNCTION
postgres-1  | CREATE TRIGGER
postgres-1  | REVOKE
postgres-1  | GRANT
postgres-1  | REVOKE
postgres-1  | GRANT
postgres-1  | GRANT
postgres-1  | GRANT
postgres-1  | COMMIT
postgres-1  | certification-init: applying 0005_migration_apply_queue.sql
postgres-1  | BEGIN
postgres-1  | CREATE TYPE
postgres-1  | CREATE TYPE
postgres-1  | CREATE TABLE
postgres-1  | CREATE INDEX
postgres-1  | CREATE INDEX
postgres-1  | CREATE TABLE
postgres-1  | CREATE INDEX
postgres-1  | CREATE TRIGGER
postgres-1  | CREATE TRIGGER
postgres-1  | CREATE FUNCTION
postgres-1  | CREATE TRIGGER
postgres-1  | CREATE FUNCTION
postgres-1  | CREATE TRIGGER
postgres-1  | ALTER TABLE
postgres-1  | ALTER TABLE
postgres-1  | ALTER TABLE
postgres-1  | ALTER TABLE
postgres-1  | CREATE POLICY
postgres-1  | CREATE POLICY
postgres-1  | CREATE POLICY
postgres-1  | CREATE POLICY
postgres-1  | CREATE POLICY
postgres-1  | CREATE POLICY
postgres-1  | REVOKE
postgres-1  | REVOKE
postgres-1  | REVOKE
postgres-1  | GRANT
postgres-1  | GRANT
postgres-1  | GRANT
postgres-1  | GRANT
postgres-1  | GRANT
postgres-1  | GRANT
postgres-1  | GRANT
postgres-1  | GRANT
postgres-1  | GRANT
postgres-1  | COMMIT
postgres-1  | certification-init: applying 0006_worker_runtime_boundary.sql
postgres-1  | BEGIN
postgres-1  | DO
postgres-1  | ALTER TABLE
postgres-1  | ALTER TABLE
postgres-1  | UPDATE 0
postgres-1  | ALTER TABLE
postgres-1  | REVOKE
postgres-1  | REVOKE
postgres-1  | REVOKE
postgres-1  | GRANT
postgres-1  | REVOKE
postgres-1  | REVOKE
postgres-1  | GRANT
postgres-1  | GRANT
postgres-1  | GRANT
postgres-1  | GRANT
postgres-1  | GRANT
postgres-1  | GRANT
postgres-1  | GRANT
postgres-1  | GRANT
postgres-1  | GRANT
postgres-1  | GRANT
postgres-1  | GRANT
postgres-1  | COMMIT
postgres-1  | certification-init: applying 0007_migration_claim_sequence.sql
postgres-1  | BEGIN
postgres-1  | ALTER TABLE
postgres-1  | REVOKE
postgres-1  | GRANT
postgres-1  | COMMIT
postgres-1  | certification-init: applying 0008_migration_reconciliation_quarantine.sql
postgres-1  | ALTER TYPE
postgres-1  | BEGIN
postgres-1  | ALTER TABLE
postgres-1  | REVOKE
postgres-1  | GRANT
postgres-1  | COMMIT
postgres-1  | certification-init: applying 0009_migration_review_commands.sql
postgres-1  | BEGIN
postgres-1  | CREATE TYPE
postgres-1  | ALTER TABLE
postgres-1  | CREATE TABLE
postgres-1  | CREATE INDEX
postgres-1  | CREATE INDEX
postgres-1  | CREATE TRIGGER
postgres-1  | ALTER TABLE
postgres-1  | ALTER TABLE
postgres-1  | CREATE POLICY
postgres-1  | CREATE POLICY
postgres-1  | CREATE POLICY
postgres-1  | REVOKE
postgres-1  | GRANT
postgres-1  | GRANT
postgres-1  | GRANT
postgres-1  | GRANT
postgres-1  | REVOKE
postgres-1  | GRANT
postgres-1  | COMMIT
postgres-1  | certification-init: applying 0010_migration_incident_escalations.sql
postgres-1  | BEGIN
postgres-1  | CREATE TYPE
postgres-1  | CREATE TYPE
postgres-1  | CREATE TABLE
postgres-1  | CREATE INDEX
postgres-1  | CREATE INDEX
postgres-1  | CREATE TRIGGER
postgres-1  | CREATE FUNCTION
postgres-1  | CREATE TRIGGER
postgres-1  | ALTER TABLE
postgres-1  | ALTER TABLE
postgres-1  | CREATE POLICY
postgres-1  | CREATE POLICY
postgres-1  | CREATE POLICY
postgres-1  | REVOKE
postgres-1  | REVOKE
postgres-1  | GRANT
postgres-1  | GRANT
postgres-1  | GRANT
postgres-1  | GRANT
postgres-1  | GRANT
postgres-1  | COMMIT
postgres-1  | certification-init: applying 0011_migration_incident_outbox.sql
postgres-1  | BEGIN
postgres-1  | CREATE TABLE
postgres-1  | CREATE INDEX
postgres-1  | CREATE TRIGGER
postgres-1  | INSERT 0 0
postgres-1  | ALTER TABLE
postgres-1  | ALTER TABLE
postgres-1  | CREATE POLICY
postgres-1  | CREATE POLICY
postgres-1  | CREATE POLICY
postgres-1  | REVOKE
postgres-1  | GRANT
postgres-1  | GRANT
postgres-1  | GRANT
postgres-1  | COMMIT
postgres-1  | certification-init: applying 0012_migration_incident_dead_letters.sql
postgres-1  | ALTER TYPE
postgres-1  | BEGIN
postgres-1  | ALTER TABLE
postgres-1  | CREATE INDEX
postgres-1  | CREATE TYPE
postgres-1  | CREATE TABLE
postgres-1  | CREATE INDEX
postgres-1  | CREATE INDEX
postgres-1  | CREATE TRIGGER
postgres-1  | CREATE FUNCTION
postgres-1  | CREATE TRIGGER
postgres-1  | ALTER TABLE
postgres-1  | ALTER TABLE
postgres-1  | CREATE POLICY
postgres-1  | CREATE POLICY
postgres-1  | CREATE POLICY
postgres-1  | REVOKE
postgres-1  | REVOKE
postgres-1  | GRANT
postgres-1  | GRANT
postgres-1  | GRANT
postgres-1  | GRANT
postgres-1  | GRANT
postgres-1  | COMMIT
postgres-1  | certification-init: applying 0013_migration_incident_delivery_health.sql
postgres-1  | BEGIN
postgres-1  | CREATE FUNCTION
postgres-1  | REVOKE
postgres-1  | GRANT
postgres-1  | COMMIT
postgres-1  | certification-init: applying 0014_migration_incident_delivery_visibility.sql
postgres-1  | BEGIN
postgres-1  | REVOKE
postgres-1  | DROP FUNCTION
postgres-1  | CREATE FUNCTION
postgres-1  | CREATE FUNCTION
postgres-1  | REVOKE
postgres-1  | REVOKE
postgres-1  | GRANT
postgres-1  | GRANT
postgres-1  | COMMIT
postgres-1  | certification-init: applying 0015_migration_incident_delivery_failure_classification.sql
postgres-1  | BEGIN
postgres-1  | ALTER TABLE
postgres-1  | REVOKE
postgres-1  | DROP FUNCTION
postgres-1  | CREATE FUNCTION
postgres-1  | REVOKE
postgres-1  | GRANT
postgres-1  | COMMIT
postgres-1  | certification-init: applying 0016_migration_incident_delivery_recovery_binding.sql
postgres-1  | BEGIN
postgres-1  | ALTER TABLE
postgres-1  | LOCK TABLE
postgres-1  | UPDATE 0
postgres-1  | UPDATE 0
postgres-1  | ALTER TABLE
postgres-1  | CREATE FUNCTION
postgres-1  | REVOKE
postgres-1  | GRANT
postgres-1  | COMMIT
postgres-1  | certification-init: applying 0017_migration_incident_verified_resolution.sql
postgres-1  | ALTER TYPE
postgres-1  | BEGIN
postgres-1  | CREATE TYPE
postgres-1  | CREATE TYPE
postgres-1  | CREATE TYPE
postgres-1  | ALTER TABLE
postgres-1  | CREATE TABLE
postgres-1  | CREATE INDEX
postgres-1  | CREATE INDEX
postgres-1  | CREATE TRIGGER
postgres-1  | CREATE FUNCTION
postgres-1  | CREATE FUNCTION
postgres-1  | CREATE FUNCTION
postgres-1  | CREATE TRIGGER
postgres-1  | ALTER TABLE
postgres-1  | ALTER TABLE
postgres-1  | CREATE POLICY
postgres-1  | CREATE POLICY
postgres-1  | CREATE POLICY
postgres-1  | REVOKE
postgres-1  | REVOKE
postgres-1  | GRANT
postgres-1  | GRANT
postgres-1  | GRANT
postgres-1  | GRANT
postgres-1  | GRANT
postgres-1  | COMMIT
postgres-1  | certification-init: applying 0018_migration_incident_delivery_recovery_generation.sql
postgres-1  | BEGIN
postgres-1  | ALTER TABLE
postgres-1  | LOCK TABLE
postgres-1  | UPDATE 0
postgres-1  | UPDATE 0
postgres-1  | ALTER TABLE
postgres-1  | ALTER TABLE
postgres-1  | CREATE FUNCTION
postgres-1  | REVOKE
postgres-1  | GRANT
postgres-1  | COMMIT
postgres-1  | certification-init: applying 0019_migration_apply_delivery_resilience.sql
postgres-1  | BEGIN
postgres-1  | ALTER TABLE
postgres-1  | CREATE INDEX
postgres-1  | CREATE TYPE
postgres-1  | CREATE TABLE
postgres-1  | CREATE INDEX
postgres-1  | CREATE INDEX
postgres-1  | CREATE TRIGGER
postgres-1  | CREATE FUNCTION
postgres-1  | CREATE TRIGGER
postgres-1  | ALTER TABLE
postgres-1  | ALTER TABLE
postgres-1  | CREATE POLICY
postgres-1  | CREATE POLICY
postgres-1  | CREATE POLICY
postgres-1  | CREATE FUNCTION
postgres-1  | CREATE FUNCTION
postgres-1  | REVOKE
postgres-1  | REVOKE
postgres-1  | REVOKE
postgres-1  | REVOKE
postgres-1  | REVOKE
postgres-1  | GRANT
postgres-1  | GRANT
postgres-1  | GRANT
postgres-1  | GRANT
postgres-1  | GRANT
postgres-1  | GRANT
postgres-1  | GRANT
postgres-1  | COMMIT
postgres-1  | certification-init: applying 0020_project_database_provisioning.sql
postgres-1  | BEGIN
postgres-1  | DO
postgres-1  | CREATE TYPE
postgres-1  | CREATE TABLE
postgres-1  | CREATE TABLE
postgres-1  | ALTER TABLE
postgres-1  | CREATE INDEX
postgres-1  | CREATE TRIGGER
postgres-1  | ALTER TABLE
postgres-1  | ALTER TABLE
postgres-1  | ALTER TABLE
postgres-1  | ALTER TABLE
postgres-1  | CREATE POLICY
postgres-1  | CREATE POLICY
postgres-1  | CREATE FUNCTION
postgres-1  | CREATE FUNCTION
postgres-1  | REVOKE
postgres-1  | REVOKE
postgres-1  | REVOKE
postgres-1  | REVOKE
postgres-1  | REVOKE
postgres-1  | GRANT
postgres-1  | GRANT
postgres-1  | GRANT
postgres-1  | GRANT
postgres-1  | GRANT
postgres-1  | GRANT
postgres-1  | GRANT
postgres-1  | GRANT
postgres-1  | GRANT
postgres-1  | GRANT
postgres-1  | GRANT
postgres-1  | GRANT
postgres-1  | GRANT
postgres-1  | GRANT
postgres-1  | GRANT
postgres-1  | COMMIT
postgres-1  | certification-init: applying 0021_project_database_provisioning_health.sql
postgres-1  | BEGIN
postgres-1  | CREATE TABLE
postgres-1  | CREATE INDEX
postgres-1  | ALTER TABLE
postgres-1  | ALTER TABLE
postgres-1  | CREATE POLICY
postgres-1  | CREATE FUNCTION
postgres-1  | REVOKE
postgres-1  | REVOKE
postgres-1  | GRANT
postgres-1  | GRANT
postgres-1  | GRANT
postgres-1  | COMMIT
postgres-1  | certification-init: applying 0022_project_automation_policies.sql
postgres-1  | BEGIN
postgres-1  | CREATE TABLE
postgres-1  | ALTER TABLE
postgres-1  | UPDATE 0
postgres-1  | ALTER TABLE
postgres-1  | ALTER TABLE
postgres-1  | ALTER TABLE
postgres-1  | CREATE POLICY
postgres-1  | CREATE POLICY
postgres-1  | CREATE POLICY
postgres-1  | REVOKE
postgres-1  | GRANT
postgres-1  | GRANT
postgres-1  | COMMIT
postgres-1  | certification-init: applying 0023_project_api_keys.sql
postgres-1  | BEGIN
postgres-1  | CREATE TABLE
postgres-1  | CREATE INDEX
postgres-1  | CREATE INDEX
postgres-1  | CREATE FUNCTION
postgres-1  | CREATE TRIGGER
postgres-1  | ALTER TABLE
postgres-1  | CREATE POLICY
postgres-1  | CREATE POLICY
postgres-1  | CREATE POLICY
postgres-1  | CREATE FUNCTION
postgres-1  | REVOKE
postgres-1  | REVOKE
postgres-1  | REVOKE
postgres-1  | GRANT
postgres-1  | GRANT
postgres-1  | GRANT
postgres-1  | GRANT
postgres-1  | COMMIT
postgres-1  | certification-init: applying 0024_project_auth.sql
postgres-1  | BEGIN
postgres-1  | CREATE TABLE
postgres-1  | CREATE INDEX
postgres-1  | CREATE TABLE
postgres-1  | CREATE INDEX
postgres-1  | CREATE INDEX
postgres-1  | CREATE TABLE
postgres-1  | CREATE INDEX
postgres-1  | CREATE TABLE
postgres-1  | CREATE TABLE
postgres-1  | CREATE FUNCTION
postgres-1  | CREATE TRIGGER
postgres-1  | CREATE TRIGGER
postgres-1  | CREATE TRIGGER
postgres-1  | CREATE TRIGGER
postgres-1  | CREATE TRIGGER
postgres-1  | REVOKE
postgres-1  | REVOKE
postgres-1  | GRANT
postgres-1  | GRANT
postgres-1  | GRANT
postgres-1  | GRANT
postgres-1  | GRANT
postgres-1  | GRANT
postgres-1  | GRANT
postgres-1  | GRANT
postgres-1  | GRANT
postgres-1  | COMMIT
postgres-1  | certification-init: applying 0025_project_storage.sql
postgres-1  | BEGIN
postgres-1  | CREATE TABLE
postgres-1  | CREATE INDEX
postgres-1  | CREATE TABLE
postgres-1  | CREATE INDEX
postgres-1  | CREATE INDEX
postgres-1  | CREATE INDEX
postgres-1  | CREATE TABLE
postgres-1  | CREATE INDEX
postgres-1  | CREATE INDEX
postgres-1  | CREATE FUNCTION
postgres-1  | CREATE FUNCTION
postgres-1  | CREATE FUNCTION
postgres-1  | CREATE TRIGGER
postgres-1  | CREATE TRIGGER
postgres-1  | CREATE TRIGGER
postgres-1  | ALTER TABLE
postgres-1  | ALTER TABLE
postgres-1  | ALTER TABLE
postgres-1  | CREATE POLICY
postgres-1  | CREATE POLICY
postgres-1  | CREATE POLICY
postgres-1  | CREATE POLICY
postgres-1  | CREATE POLICY
postgres-1  | CREATE POLICY
postgres-1  | CREATE POLICY
postgres-1  | CREATE POLICY
postgres-1  | CREATE POLICY
postgres-1  | CREATE POLICY
postgres-1  | REVOKE
postgres-1  | REVOKE
postgres-1  | REVOKE
postgres-1  | REVOKE
postgres-1  | GRANT
postgres-1  | GRANT
postgres-1  | GRANT
postgres-1  | GRANT
postgres-1  | GRANT
postgres-1  | GRANT
postgres-1  | GRANT
postgres-1  | GRANT
postgres-1  | GRANT
postgres-1  | COMMIT
postgres-1  | certification-init: applying 0026_project_queues.sql
postgres-1  | BEGIN
postgres-1  | CREATE TABLE
postgres-1  | CREATE INDEX
postgres-1  | CREATE TABLE
postgres-1  | CREATE INDEX
postgres-1  | CREATE INDEX
postgres-1  | CREATE INDEX
postgres-1  | CREATE INDEX
postgres-1  | CREATE INDEX
postgres-1  | CREATE FUNCTION
postgres-1  | CREATE FUNCTION
postgres-1  | CREATE FUNCTION
postgres-1  | CREATE TRIGGER
postgres-1  | CREATE TRIGGER
postgres-1  | CREATE TRIGGER
postgres-1  | ALTER TABLE
postgres-1  | ALTER TABLE
postgres-1  | CREATE POLICY
postgres-1  | CREATE POLICY
postgres-1  | CREATE POLICY
postgres-1  | CREATE POLICY
postgres-1  | CREATE POLICY
postgres-1  | CREATE POLICY
postgres-1  | REVOKE
postgres-1  | REVOKE
postgres-1  | REVOKE
postgres-1  | REVOKE
postgres-1  | GRANT
postgres-1  | GRANT
postgres-1  | GRANT
postgres-1  | GRANT
postgres-1  | GRANT
postgres-1  | GRANT
postgres-1  | COMMIT
postgres-1  | certification-init: applying 0027_project_queue_dead_letter_replay.sql
postgres-1  | BEGIN
postgres-1  | ALTER TABLE
postgres-1  | CREATE INDEX
postgres-1  | CREATE INDEX
postgres-1  | CREATE FUNCTION
postgres-1  | CREATE TRIGGER
postgres-1  | REVOKE
postgres-1  | GRANT
postgres-1  | COMMIT
postgres-1  | certification-init: applying 0028_usage_metering.sql
postgres-1  | BEGIN
postgres-1  | CREATE TABLE
postgres-1  | CREATE TABLE
postgres-1  | CREATE TABLE
postgres-1  | CREATE INDEX
postgres-1  | CREATE INDEX
postgres-1  | CREATE FUNCTION
postgres-1  | CREATE FUNCTION
postgres-1  | CREATE FUNCTION
postgres-1  | CREATE TRIGGER
postgres-1  | CREATE TRIGGER
postgres-1  | CREATE TRIGGER
postgres-1  | ALTER TABLE
postgres-1  | ALTER TABLE
postgres-1  | ALTER TABLE
postgres-1  | CREATE POLICY
postgres-1  | CREATE POLICY
postgres-1  | CREATE POLICY
postgres-1  | CREATE POLICY
postgres-1  | CREATE POLICY
postgres-1  | CREATE POLICY
postgres-1  | CREATE POLICY
postgres-1  | CREATE POLICY
postgres-1  | REVOKE
postgres-1  | REVOKE
postgres-1  | REVOKE
postgres-1  | REVOKE
postgres-1  | GRANT
postgres-1  | GRANT
postgres-1  | GRANT
postgres-1  | GRANT
postgres-1  | GRANT
postgres-1  | GRANT
postgres-1  | GRANT
postgres-1  | GRANT
postgres-1  | COMMIT
postgres-1  | certification-init: applying 0029_project_queue_definition_row_lock.sql
postgres-1  | GRANT
postgres-1  | CREATE POLICY
postgres-1  | certification-init: applying 0030_realtime_event_log.sql
postgres-1  | CREATE TABLE
postgres-1  | CREATE TABLE
postgres-1  | CREATE INDEX
postgres-1  | CREATE INDEX
postgres-1  | CREATE FUNCTION
postgres-1  | CREATE TRIGGER
postgres-1  | ALTER TABLE
postgres-1  | ALTER TABLE
postgres-1  | CREATE POLICY
postgres-1  | CREATE POLICY
postgres-1  | CREATE POLICY
postgres-1  | CREATE POLICY
postgres-1  | CREATE POLICY
postgres-1  | CREATE POLICY
postgres-1  | REVOKE
postgres-1  | REVOKE
postgres-1  | GRANT
postgres-1  | GRANT
postgres-1  | GRANT
postgres-1  | GRANT
postgres-1  | certification-init: applying 0031_project_cron.sql
postgres-1  | CREATE TABLE
postgres-1  | CREATE INDEX
postgres-1  | CREATE FUNCTION
postgres-1  | CREATE TRIGGER
postgres-1  | ALTER TABLE
postgres-1  | CREATE POLICY
postgres-1  | CREATE POLICY
postgres-1  | CREATE POLICY
postgres-1  | CREATE POLICY
postgres-1  | REVOKE
postgres-1  | REVOKE
postgres-1  | GRANT
postgres-1  | GRANT
postgres-1  | GRANT
postgres-1  | certification-init: applying 0032_project_webhooks.sql
postgres-1  | CREATE TABLE
postgres-1  | CREATE TABLE
postgres-1  | CREATE INDEX
postgres-1  | CREATE INDEX
postgres-1  | CREATE FUNCTION
postgres-1  | CREATE TRIGGER
postgres-1  | ALTER TABLE
postgres-1  | ALTER TABLE
postgres-1  | CREATE POLICY
postgres-1  | CREATE POLICY
postgres-1  | CREATE POLICY
postgres-1  | CREATE POLICY
postgres-1  | CREATE POLICY
postgres-1  | CREATE POLICY
postgres-1  | CREATE POLICY
postgres-1  | REVOKE
postgres-1  | REVOKE
postgres-1  | GRANT
postgres-1  | GRANT
postgres-1  | CREATE POLICY
postgres-1  | GRANT
postgres-1  | GRANT
postgres-1  | GRANT
postgres-1  | certification-init: applying 0033_project_functions.sql
postgres-1  | CREATE TABLE
postgres-1  | CREATE INDEX
postgres-1  | CREATE FUNCTION
postgres-1  | CREATE TRIGGER
postgres-1  | ALTER TABLE
postgres-1  | CREATE POLICY
postgres-1  | CREATE POLICY
postgres-1  | CREATE POLICY
postgres-1  | CREATE POLICY
postgres-1  | REVOKE
postgres-1  | REVOKE
postgres-1  | GRANT
postgres-1  | GRANT
postgres-1  | GRANT
postgres-1  | certification-init: applying 0034_project_functions_registry.sql
postgres-1  | ALTER TABLE
postgres-1  | ALTER TABLE
postgres-1  | certification-init: applying 0035_project_function_slots.sql
postgres-1  | CREATE TABLE
postgres-1  | CREATE INDEX
postgres-1  | CREATE FUNCTION
postgres-1  | CREATE TRIGGER
postgres-1  | ALTER TABLE
postgres-1  | CREATE POLICY
postgres-1  | CREATE POLICY
postgres-1  | CREATE POLICY
postgres-1  | REVOKE
postgres-1  | REVOKE
postgres-1  | GRANT
postgres-1  | GRANT
postgres-1  | certification-init: applying 0036_provisioner_heartbeat_upsert_grant.sql
postgres-1  | BEGIN
postgres-1  | GRANT
postgres-1  | COMMIT
postgres-1  | certification-init: applying 0037_provisioner_binding_returning_grant.sql
postgres-1  | BEGIN
postgres-1  | GRANT
postgres-1  | COMMIT
postgres-1  | certification-init: applying 0038_runtime_outbox_arbiter_grant.sql
postgres-1  | BEGIN
postgres-1  | GRANT
postgres-1  | COMMIT
postgres-1  | certification-init: applying 0039_billing_rate_cards.sql
postgres-1  | BEGIN
postgres-1  | CREATE TABLE
postgres-1  | CREATE INDEX
postgres-1  | ALTER TABLE
postgres-1  | ALTER TABLE
postgres-1  | CREATE POLICY
postgres-1  | CREATE POLICY
postgres-1  | REVOKE
postgres-1  | GRANT
postgres-1  | GRANT
postgres-1  | COMMIT
postgres-1  | certification-init: applying 0040_billing_invoices.sql
postgres-1  | BEGIN
postgres-1  | CREATE TABLE
postgres-1  | CREATE TABLE
postgres-1  | ALTER TABLE
postgres-1  | ALTER TABLE
postgres-1  | ALTER TABLE
postgres-1  | ALTER TABLE
postgres-1  | CREATE POLICY
postgres-1  | CREATE POLICY
postgres-1  | CREATE POLICY
postgres-1  | CREATE POLICY
postgres-1  | REVOKE
postgres-1  | GRANT
postgres-1  | GRANT
postgres-1  | GRANT
postgres-1  | GRANT
postgres-1  | GRANT
postgres-1  | COMMIT
postgres-1  | certification-init: applying 0041_project_storage_multipart.sql
postgres-1  | BEGIN
postgres-1  | ALTER TABLE
postgres-1  | ALTER TABLE
postgres-1  | COMMIT
postgres-1  | certification-init: applying 0042_project_function_deployments.sql
postgres-1  | BEGIN
postgres-1  | CREATE TABLE
postgres-1  | CREATE INDEX
postgres-1  | ALTER TABLE
postgres-1  | ALTER TABLE
postgres-1  | CREATE POLICY
postgres-1  | CREATE POLICY
postgres-1  | CREATE FUNCTION
postgres-1  | CREATE FUNCTION
postgres-1  | REVOKE
postgres-1  | REVOKE
postgres-1  | GRANT
postgres-1  | GRANT
postgres-1  | COMMIT
postgres-1  | certification-init: applying 0043_project_storage_upload_id_check_fix.sql
postgres-1  | ALTER TABLE
postgres-1  | ALTER TABLE
postgres-1  | certification-init: applying 0044_billing_invoice_numbers.sql
postgres-1  | BEGIN
postgres-1  | CREATE TABLE
postgres-1  | ALTER TABLE
postgres-1  | ALTER TABLE
postgres-1  | CREATE POLICY
postgres-1  | CREATE POLICY
postgres-1  | CREATE POLICY
postgres-1  | ALTER TABLE
postgres-1  | ALTER TABLE
postgres-1  | UPDATE 0
postgres-1  | ALTER TABLE
postgres-1  | ALTER TABLE
postgres-1  | UPDATE 0
postgres-1  | INSERT 0 0
postgres-1  | ALTER TABLE
postgres-1  | CREATE INDEX
postgres-1  | GRANT
postgres-1  | GRANT
postgres-1  | GRANT
postgres-1  | COMMIT
postgres-1  | certification-init: applying 0045_project_function_invocations.sql
postgres-1  | BEGIN
postgres-1  | CREATE TABLE
postgres-1  | CREATE INDEX
postgres-1  | ALTER TABLE
postgres-1  | ALTER TABLE
postgres-1  | CREATE POLICY
postgres-1  | CREATE POLICY
postgres-1  | REVOKE
postgres-1  | GRANT
postgres-1  | GRANT
postgres-1  | COMMIT
postgres-1  | certification-init: applying 0046_project_auth_audit.sql
postgres-1  | BEGIN
postgres-1  | GRANT
postgres-1  | GRANT
postgres-1  | GRANT
postgres-1  | GRANT
postgres-1  | CREATE POLICY
postgres-1  | COMMIT
postgres-1  | certification-init: applying 0047_audit_chain_order.sql
postgres-1  | BEGIN
postgres-1  | CREATE FUNCTION
postgres-1  | COMMIT
postgres-1  | certification-init: applying 0048_project_auth_mfa_enforcement.sql
postgres-1  | BEGIN
postgres-1  | CREATE TABLE
postgres-1  | ALTER TABLE
postgres-1  | ALTER TABLE
postgres-1  | CREATE FUNCTION
postgres-1  | CREATE TRIGGER
postgres-1  | REVOKE
postgres-1  | REVOKE
postgres-1  | GRANT
postgres-1  | GRANT
postgres-1  | GRANT
postgres-1  | COMMIT
postgres-1  | certification-init: applying 0049_project_database_webhooks.sql
postgres-1  | CREATE TABLE
postgres-1  | CREATE INDEX
postgres-1  | ALTER TABLE
postgres-1  | CREATE POLICY
postgres-1  | CREATE POLICY
postgres-1  | CREATE POLICY
postgres-1  | REVOKE
postgres-1  | GRANT
postgres-1  | certification-init: applying 0050_project_database_webhook_cursors.sql
postgres-1  | CREATE TABLE
postgres-1  | ALTER TABLE
postgres-1  | CREATE POLICY
postgres-1  | CREATE POLICY
postgres-1  | CREATE POLICY
postgres-1  | REVOKE
postgres-1  | GRANT
postgres-1  | certification-init: applying 0051_project_auth_return_targets.sql
postgres-1  | BEGIN
postgres-1  | ALTER TABLE
postgres-1  | ALTER TABLE
postgres-1  | REVOKE
postgres-1  | GRANT
postgres-1  | COMMIT
postgres-1  | certification-init: applying 0052_project_auth_rate_limits.sql
postgres-1  | BEGIN
postgres-1  | ALTER TABLE
postgres-1  | ALTER TABLE
postgres-1  | CREATE TABLE
postgres-1  | CREATE INDEX
postgres-1  | REVOKE
postgres-1  | GRANT
postgres-1  | REVOKE
postgres-1  | GRANT
postgres-1  | COMMIT
postgres-1  | certification-init: applying 0053_project_auth_password_protection.sql
postgres-1  | BEGIN
postgres-1  | ALTER TABLE
postgres-1  | ALTER TABLE
postgres-1  | REVOKE
postgres-1  | GRANT
postgres-1  | COMMIT
postgres-1  | certification-init: applying 0054_project_log_drains.sql
postgres-1  | BEGIN
postgres-1  | CREATE FUNCTION
postgres-1  | REVOKE
postgres-1  | GRANT
postgres-1  | CREATE TABLE
postgres-1  | CREATE INDEX
postgres-1  | ALTER TABLE
postgres-1  | CREATE POLICY
postgres-1  | CREATE POLICY
postgres-1  | CREATE POLICY
postgres-1  | REVOKE
postgres-1  | GRANT
postgres-1  | COMMIT
postgres-1  | certification-init: applying 0055_user_console_settings.sql
postgres-1  | BEGIN
postgres-1  | CREATE TABLE
postgres-1  | CREATE TRIGGER
postgres-1  | REVOKE
postgres-1  | GRANT
postgres-1  | COMMIT
postgres-1  | certification-init: applying 0056_project_log_drain_cursors.sql
postgres-1  | BEGIN
postgres-1  | CREATE TABLE
postgres-1  | ALTER TABLE
postgres-1  | CREATE POLICY
postgres-1  | CREATE POLICY
postgres-1  | CREATE POLICY
postgres-1  | REVOKE
postgres-1  | GRANT
postgres-1  | COMMIT
postgres-1  | certification-init: applying 0057_project_dashboard_webhooks.sql
postgres-1  | BEGIN
postgres-1  | CREATE FUNCTION
postgres-1  | REVOKE
postgres-1  | GRANT
postgres-1  | CREATE TABLE
postgres-1  | CREATE INDEX
postgres-1  | ALTER TABLE
postgres-1  | CREATE POLICY
postgres-1  | CREATE POLICY
postgres-1  | CREATE POLICY
postgres-1  | REVOKE
postgres-1  | GRANT
postgres-1  | CREATE TABLE
postgres-1  | ALTER TABLE
postgres-1  | CREATE POLICY
postgres-1  | CREATE POLICY
postgres-1  | CREATE POLICY
postgres-1  | REVOKE
postgres-1  | GRANT
postgres-1  | COMMIT
postgres-1  | certification-init: applying 0058_project_auth_hooks.sql
postgres-1  | BEGIN
postgres-1  | ALTER TABLE
postgres-1  | ALTER TABLE
postgres-1  | ALTER TABLE
postgres-1  | ALTER TABLE
postgres-1  | REVOKE
postgres-1  | GRANT
postgres-1  | COMMIT
postgres-1  | certification-init: applying 0059_project_storage_s3_access_keys.sql
postgres-1  | BEGIN
postgres-1  | CREATE TABLE
postgres-1  | CREATE INDEX
postgres-1  | CREATE INDEX
postgres-1  | CREATE TABLE
postgres-1  | CREATE INDEX
postgres-1  | CREATE FUNCTION
postgres-1  | CREATE TRIGGER
postgres-1  | ALTER TABLE
postgres-1  | ALTER TABLE
postgres-1  | CREATE POLICY
postgres-1  | CREATE POLICY
postgres-1  | CREATE POLICY
postgres-1  | CREATE POLICY
postgres-1  | CREATE POLICY
postgres-1  | CREATE POLICY
postgres-1  | REVOKE
postgres-1  | REVOKE
postgres-1  | REVOKE
postgres-1  | GRANT
postgres-1  | GRANT
postgres-1  | GRANT
postgres-1  | GRANT
postgres-1  | COMMIT
postgres-1  | certification-init: applying 0060_project_auth_passkeys.sql
postgres-1  | BEGIN
postgres-1  | CREATE TABLE
postgres-1  | CREATE INDEX
postgres-1  | ALTER TABLE
postgres-1  | ALTER TABLE
postgres-1  | CREATE TRIGGER
postgres-1  | REVOKE
postgres-1  | GRANT
postgres-1  | GRANT
postgres-1  | COMMIT
postgres-1  | certification-init: applying 0061_project_auth_third_party_providers.sql
postgres-1  | BEGIN
postgres-1  | CREATE TABLE
postgres-1  | ALTER TABLE
postgres-1  | ALTER TABLE
postgres-1  | ALTER TABLE
postgres-1  | ALTER TABLE
postgres-1  | ALTER TABLE
postgres-1  | REVOKE
postgres-1  | GRANT
postgres-1  | COMMIT
postgres-1  | certification-init: applying 0062_project_auth_oauth_server.sql
postgres-1  | BEGIN
postgres-1  | CREATE TABLE
postgres-1  | ALTER TABLE
postgres-1  | ALTER TABLE
postgres-1  | ALTER TABLE
postgres-1  | REVOKE
postgres-1  | GRANT
postgres-1  | CREATE TABLE
postgres-1  | ALTER TABLE
postgres-1  | ALTER TABLE
postgres-1  | ALTER TABLE
postgres-1  | CREATE TRIGGER
postgres-1  | REVOKE
postgres-1  | GRANT
postgres-1  | GRANT
postgres-1  | CREATE TABLE
postgres-1  | ALTER TABLE
postgres-1  | ALTER TABLE
postgres-1  | REVOKE
postgres-1  | GRANT
postgres-1  | COMMIT
postgres-1  | certification-init: applying 0063_project_auth_expiry_retention.sql
postgres-1  | BEGIN
postgres-1  | CREATE INDEX
postgres-1  | CREATE INDEX
postgres-1  | CREATE INDEX
postgres-1  | GRANT
postgres-1  | GRANT
postgres-1  | GRANT
postgres-1  | COMMIT
postgres-1  | certification-init: applying 0064_project_auth_oauth_consents.sql
postgres-1  | BEGIN
postgres-1  | CREATE TABLE
postgres-1  | ALTER TABLE
postgres-1  | ALTER TABLE
postgres-1  | CREATE INDEX
postgres-1  | CREATE INDEX
postgres-1  | CREATE TRIGGER
postgres-1  | CREATE FUNCTION
postgres-1  | CREATE TRIGGER
postgres-1  | REVOKE
postgres-1  | REVOKE
postgres-1  | GRANT
postgres-1  | GRANT
postgres-1  | GRANT
postgres-1  | ALTER TABLE
postgres-1  | ALTER TABLE
postgres-1  | COMMIT
postgres-1  | certification-init: applying 0065_project_storage_s3_access_key_secrets.sql
postgres-1  | BEGIN
postgres-1  | ALTER TABLE
postgres-1  | CREATE FUNCTION
postgres-1  | CREATE FUNCTION
postgres-1  | REVOKE
postgres-1  | GRANT
postgres-1  | COMMIT
postgres-1  | certification-init: applying 0066_project_cron_time_zone.sql
postgres-1  | ALTER TABLE
postgres-1  | certification-init: applying 0069_project_function_invocation_output.sql
postgres-1  | BEGIN
postgres-1  | CREATE TABLE
postgres-1  | CREATE INDEX
postgres-1  | ALTER TABLE
postgres-1  | ALTER TABLE
postgres-1  | CREATE POLICY
postgres-1  | CREATE POLICY
postgres-1  | REVOKE
postgres-1  | GRANT
postgres-1  | GRANT
postgres-1  | COMMIT
postgres-1  | certification-init: applying 0070_project_auth_saml.sql
postgres-1  | BEGIN
postgres-1  | CREATE TABLE
postgres-1  | CREATE INDEX
postgres-1  | ALTER TABLE
postgres-1  | ALTER TABLE
postgres-1  | ALTER TABLE
postgres-1  | ALTER TABLE
postgres-1  | CREATE TRIGGER
postgres-1  | REVOKE
postgres-1  | GRANT
postgres-1  | COMMIT
postgres-1  | certification-init: applying 0071_project_storage_s3_multipart.sql
postgres-1  | BEGIN
postgres-1  | ALTER TABLE
postgres-1  | ALTER TABLE
postgres-1  | ALTER TABLE
postgres-1  | ALTER TABLE
postgres-1  | ALTER TABLE
postgres-1  | ALTER TABLE
postgres-1  | ALTER TABLE
postgres-1  | ALTER TABLE
postgres-1  | CREATE TABLE
postgres-1  | CREATE INDEX
postgres-1  | CREATE FUNCTION
postgres-1  | GRANT
postgres-1  | REVOKE
postgres-1  | ALTER TABLE
postgres-1  | CREATE POLICY
postgres-1  | CREATE POLICY
postgres-1  | CREATE POLICY
postgres-1  | CREATE POLICY
postgres-1  | GRANT
postgres-1  | GRANT
postgres-1  | COMMIT
postgres-1  | certification-init: applied 69 migrations
postgres-1  | CREATE EXTENSION
postgres-1  | CREATE ROLE
postgres-1  | CREATE ROLE
postgres-1  | CREATE ROLE
postgres-1  | CREATE ROLE
postgres-1  | CREATE ROLE
postgres-1  | GRANT ROLE
postgres-1  | GRANT ROLE
postgres-1  | GRANT ROLE
postgres-1  | GRANT ROLE
postgres-1  | 2026-09-30 05:37:33.471 UTC [343] WARNING:  role "qkern_app" has not been granted membership in role "qkern_auth" by role "qkern"
postgres-1  | REVOKE ROLE
postgres-1  | WARNING:  role "qkern_app" has not been granted membership in role "qkern_auth" by role "qkern"
postgres-1  | 2026-09-30 05:37:33.471 UTC [343] WARNING:  role "qkern_app" has not been granted membership in role "qkern_worker" by role "qkern"
postgres-1  | WARNING:  role "qkern_app" has not been granted membership in role "qkern_worker" by role "qkern"
postgres-1  | REVOKE ROLE
postgres-1  | 2026-09-30 05:37:33.473 UTC [343] WARNING:  role "qkern_app" has not been granted membership in role "qkern_provisioner" by role "qkern"
postgres-1  | WARNING:  role "qkern_app" has not been granted membership in role "qkern_provisioner" by role "qkern"
postgres-1  | REVOKE ROLE
postgres-1  | 2026-09-30 05:37:33.473 UTC [343] WARNING:  role "qkern_auth_app" has not been granted membership in role "qkern_runtime" by role "qkern"
postgres-1  | REVOKE ROLE
postgres-1  | 2026-09-30 05:37:33.474 UTC [343] WARNING:  role "qkern_auth_app" has not been granted membership in role "qkern_worker" by role "qkern"
postgres-1  | WARNING:  role "qkern_auth_app" has not been granted membership in role "qkern_runtime" by role "qkern"
postgres-1  | WARNING:  role "qkern_auth_app" has not been granted membership in role "qkern_worker" by role "qkern"
postgres-1  | REVOKE ROLE
postgres-1  | 2026-09-30 05:37:33.474 UTC [343] WARNING:  role "qkern_auth_app" has not been granted membership in role "qkern_provisioner" by role "qkern"
postgres-1  | WARNING:  role "qkern_auth_app" has not been granted membership in role "qkern_provisioner" by role "qkern"
postgres-1  | REVOKE ROLE
postgres-1  | 2026-09-30 05:37:33.476 UTC [343] WARNING:  role "qkern_worker_app" has not been granted membership in role "qkern_runtime" by role "qkern"
postgres-1  | 2026-09-30 05:37:33.476 UTC [343] WARNING:  role "qkern_worker_app" has not been granted membership in role "qkern_auth" by role "qkern"
postgres-1  | 2026-09-30 05:37:33.476 UTC [343] WARNING:  role "qkern_worker_app" has not been granted membership in role "qkern_provisioner" by role "qkern"
postgres-1  | REVOKE ROLE
postgres-1  | WARNING:  role "qkern_worker_app" has not been granted membership in role "qkern_runtime" by role "qkern"
postgres-1  | WARNING:  role "qkern_worker_app" has not been granted membership in role "qkern_auth" by role "qkern"
postgres-1  | WARNING:  role "qkern_worker_app" has not been granted membership in role "qkern_provisioner" by role "qkern"
postgres-1  | 2026-09-30 05:37:33.476 UTC [343] WARNING:  role "qkern_provisioner_app" has not been granted membership in role "qkern_runtime" by role "qkern"
postgres-1  | 2026-09-30 05:37:33.477 UTC [343] WARNING:  role "qkern_provisioner_app" has not been granted membership in role "qkern_auth" by role "qkern"
postgres-1  | 2026-09-30 05:37:33.477 UTC [343] WARNING:  role "qkern_provisioner_app" has not been granted membership in role "qkern_worker" by role "qkern"
postgres-1  | WARNING:  role "qkern_provisioner_app" has not been granted membership in role "qkern_runtime" by role "qkern"
postgres-1  | WARNING:  role "qkern_provisioner_app" has not been granted membership in role "qkern_auth" by role "qkern"
postgres-1  | WARNING:  role "qkern_provisioner_app" has not been granted membership in role "qkern_worker" by role "qkern"
postgres-1  | REVOKE ROLE
postgres-1  | 2026-09-30 05:37:33.478 UTC [343] WARNING:  role "qkern_project_api_app" has not been granted membership in role "qkern_runtime" by role "qkern"
postgres-1  | 2026-09-30 05:37:33.478 UTC [343] WARNING:  role "qkern_project_api_app" has not been granted membership in role "qkern_auth" by role "qkern"
postgres-1  | 2026-09-30 05:37:33.478 UTC [343] WARNING:  role "qkern_project_api_app" has not been granted membership in role "qkern_worker" by role "qkern"
postgres-1  | 2026-09-30 05:37:33.478 UTC [343] WARNING:  role "qkern_project_api_app" has not been granted membership in role "qkern_provisioner" by role "qkern"
postgres-1  | WARNING:  role "qkern_project_api_app" has not been granted membership in role "qkern_runtime" by role "qkern"
postgres-1  | WARNING:  role "qkern_project_api_app" has not been granted membership in role "qkern_auth" by role "qkern"
postgres-1  | WARNING:  role "qkern_project_api_app" has not been granted membership in role "qkern_worker" by role "qkern"
postgres-1  | WARNING:  role "qkern_project_api_app" has not been granted membership in role "qkern_provisioner" by role "qkern"
postgres-1  | REVOKE ROLE
postgres-1  | ALTER ROLE
postgres-1  | ALTER ROLE
postgres-1  | ALTER ROLE
postgres-1  | ALTER ROLE
postgres-1  | ALTER ROLE
postgres-1  | ALTER ROLE
postgres-1  | ALTER ROLE
postgres-1  | ALTER ROLE
postgres-1  | ALTER ROLE
postgres-1  | ALTER ROLE
postgres-1  | ALTER ROLE
postgres-1  | ALTER ROLE
postgres-1  | ALTER ROLE
postgres-1  | ALTER ROLE
postgres-1  | ALTER ROLE
postgres-1  | project-database: kein Passwort gesetzt, lokale Projektdatenbank wird nicht angelegt
postgres-1  | 
postgres-1  | 2026-09-30 05:37:33.524 UTC [59] LOG:  received fast shutdown request
postgres-1  | 2026-09-30 05:37:33.524 UTC [59] LOG:  aborting any active transactions
postgres-1  | waiting for server to shut down....2026-09-30 05:37:33.531 UTC [59] LOG:  background worker "logical replication launcher" (PID 65) exited with exit code 1
postgres-1  | 2026-09-30 05:37:33.555 UTC [60] LOG:  shutting down
postgres-1  | 2026-09-30 05:37:33.555 UTC [60] LOG:  checkpoint starting: shutdown immediate
postgres-1  | 2026-09-30 05:37:33.686 UTC [60] LOG:  checkpoint complete: wrote 1266 buffers (7.7%); 0 WAL file(s) added, 0 removed, 0 recycled; write=0.127 s, sync=0.004 s, total=0.131 s; sync files=744, longest=0.001 s, average=0.001 s; distance=8622 kB, estimate=8622 kB; lsn=0/1D5DA28, redo lsn=0/1D5DA28
postgres-1  | 2026-09-30 05:37:33.720 UTC [59] LOG:  database system is shut down
postgres-1  |  done
postgres-1  | server stopped
postgres-1  | 
postgres-1  | PostgreSQL init process complete; ready for start up.
postgres-1  | 
postgres-1  | 2026-09-30 05:37:34.066 UTC [1] LOG:  starting PostgreSQL 17.10 on x86_64-pc-linux-musl, compiled by gcc (Alpine 15.2.0) 15.2.0, 64-bit
postgres-1  | 2026-09-30 05:37:34.068 UTC [1] LOG:  listening on IPv4 address "0.0.0.0", port 5432
postgres-1  | 2026-09-30 05:37:34.068 UTC [1] LOG:  listening on IPv6 address "::", port 5432
postgres-1  | 2026-09-30 05:37:34.074 UTC [1] LOG:  listening on Unix socket "/var/run/postgresql/.s.PGSQL.5432"
postgres-1  | 2026-09-30 05:37:34.086 UTC [349] LOG:  database system was shut down at 2026-09-30 05:37:33 UTC
postgres-1  | 2026-09-30 05:37:34.247 UTC [1] LOG:  database system is ready to accept connections
 Container qkern-v023-certification-postgres-1 Healthy 
vault-1     | ==> Vault server configuration:
vault-1     | 
vault-1     | Administrative Namespace: 
vault-1     |              Api Address: http://0.0.0.0:8200
vault-1     |                      Cgo: disabled
vault-1     |          Cluster Address: https://0.0.0.0:8201
vault-1     |    Environment Variables: GOTRACEBACK, HOME, HOSTNAME, NAME, PATH, PWD, SHLVL, VAULT_DEV_LISTEN_ADDRESS, VAULT_DEV_ROOT_TOKEN_ID, VERSION
vault-1     |               Go Version: go1.23.3
vault-1     |               Listener 1: tcp (addr: "0.0.0.0:8200", cluster address: "0.0.0.0:8201", disable_request_limiter: "false", max_request_duration: "1m30s", max_request_size: "33554432", tls: "disabled")
vault-1     |                Log Level: 
vault-1     |                    Mlock: supported: true, enabled: false
vault-1     |            Recovery Mode: false
vault-1     |                  Storage: inmem
vault-1     |                  Version: Vault v1.18.3, built 2024-12-16T14:00:53Z
vault-1     |              Version Sha: 7ae4eca5403bf574f142cd8f987b8d83bafcd1de
vault-1     | 
vault-1     | ==> Vault server started! Log data will stream in below:
vault-1     | 
vault-1     | 2026-09-30T05:37:45.604Z [INFO]  proxy environment: http_proxy="" https_proxy="" no_proxy=""
vault-1     | 2026-09-30T05:37:45.609Z [INFO]  incrementing seal generation: generation=1
vault-1     | 2026-09-30T05:37:45.610Z [WARN]  no `api_addr` value specified in config or in VAULT_API_ADDR; falling back to detection if possible, but this value should be manually set
vault-1     | 2026-09-30T05:37:45.619Z [INFO]  core: Initializing version history cache for core
vault-1     | 2026-09-30T05:37:45.620Z [INFO]  events: Starting event system
vault-1     | 2026-09-30T05:37:45.630Z [INFO]  core: security barrier not initialized
vault-1     | 2026-09-30T05:37:45.631Z [INFO]  core: security barrier initialized: stored=1 shares=1 threshold=1
vault-1     | 2026-09-30T05:37:45.638Z [INFO]  core: post-unseal setup starting
vault-1     | 2026-09-30T05:37:45.651Z [INFO]  core: loaded wrapping token key
vault-1     | 2026-09-30T05:37:45.651Z [INFO]  core: successfully setup plugin runtime catalog
vault-1     | 2026-09-30T05:37:45.651Z [INFO]  core: successfully setup plugin catalog: plugin-directory=""
vault-1     | 2026-09-30T05:37:45.651Z [INFO]  core: no mounts; adding default mount table
vault-1     | 2026-09-30T05:37:45.662Z [INFO]  core: successfully mounted: type=cubbyhole version="v1.18.3+builtin.vault" path=cubbyhole/ namespace="ID: root. Path: "
vault-1     | 2026-09-30T05:37:45.675Z [INFO]  core: successfully mounted: type=system version="v1.18.3+builtin.vault" path=sys/ namespace="ID: root. Path: "
vault-1     | 2026-09-30T05:37:45.680Z [INFO]  core: successfully mounted: type=identity version="v1.18.3+builtin.vault" path=identity/ namespace="ID: root. Path: "
vault-1     | 2026-09-30T05:37:45.687Z [INFO]  core: successfully mounted: type=token version="v1.18.3+builtin.vault" path=token/ namespace="ID: root. Path: "
vault-1     | 2026-09-30T05:37:45.688Z [INFO]  rollback: Starting the rollback manager with 256 workers
vault-1     | 2026-09-30T05:37:45.688Z [INFO]  rollback: starting rollback manager
vault-1     | 2026-09-30T05:37:45.689Z [INFO]  core: restoring leases
vault-1     | 2026-09-30T05:37:45.691Z [INFO]  identity: entities restored
vault-1     | 2026-09-30T05:37:45.691Z [INFO]  identity: groups restored
vault-1     | 2026-09-30T05:37:45.692Z [INFO]  expiration: lease restore complete
vault-1     | 2026-09-30T05:37:45.693Z [INFO]  core: Recorded vault version: vault version=1.18.3 upgrade time="2026-09-30 05:37:45.69341488 +0000 UTC" build date=2024-12-16T14:00:53Z
vault-1     | 2026-09-30T05:37:45.699Z [INFO]  core: post-unseal setup complete
vault-1     | 2026-09-30T05:37:45.705Z [INFO]  core: root token generated
vault-1     | 2026-09-30T05:37:45.705Z [INFO]  core: pre-seal teardown starting
vault-1     | 2026-09-30T05:37:45.705Z [INFO]  rollback: stopping rollback manager
vault-1     | 2026-09-30T05:37:45.706Z [INFO]  core: pre-seal teardown complete
vault-1     | 2026-09-30T05:37:45.707Z [INFO]  core.cluster-listener.tcp: starting listener: listener_address=0.0.0.0:8201
vault-1     | 2026-09-30T05:37:45.710Z [INFO]  core.cluster-listener: serving cluster requests: cluster_listen_address=[::]:8201
vault-1     | 2026-09-30T05:37:45.711Z [INFO]  core: post-unseal setup starting
vault-1     | 2026-09-30T05:37:45.712Z [INFO]  core: loaded wrapping token key
vault-1     | 2026-09-30T05:37:45.712Z [INFO]  core: successfully setup plugin runtime catalog
vault-1     | 2026-09-30T05:37:45.712Z [INFO]  core: successfully setup plugin catalog: plugin-directory=""
vault-1     | 2026-09-30T05:37:45.729Z [INFO]  core: successfully mounted: type=system version="v1.18.3+builtin.vault" path=sys/ namespace="ID: root. Path: "
vault-1     | 2026-09-30T05:37:45.732Z [INFO]  core: successfully mounted: type=identity version="v1.18.3+builtin.vault" path=identity/ namespace="ID: root. Path: "
vault-1     | 2026-09-30T05:37:45.732Z [INFO]  core: successfully mounted: type=cubbyhole version="v1.18.3+builtin.vault" path=cubbyhole/ namespace="ID: root. Path: "
vault-1     | 2026-09-30T05:37:45.747Z [INFO]  core: successfully mounted: type=token version="v1.18.3+builtin.vault" path=token/ namespace="ID: root. Path: "
vault-1     | 2026-09-30T05:37:45.749Z [INFO]  rollback: Starting the rollback manager with 256 workers
vault-1     | 2026-09-30T05:37:45.749Z [INFO]  rollback: starting rollback manager
vault-1     | 2026-09-30T05:37:45.750Z [INFO]  core: restoring leases
vault-1     | 2026-09-30T05:37:45.755Z [INFO]  expiration: lease restore complete
vault-1     | 2026-09-30T05:37:45.757Z [INFO]  identity: entities restored
vault-1     | 2026-09-30T05:37:45.757Z [INFO]  identity: groups restored
vault-1     | 2026-09-30T05:37:45.762Z [INFO]  core: post-unseal setup complete
vault-1     | 2026-09-30T05:37:45.762Z [INFO]  core: vault is unsealed
vault-1     | 2026-09-30T05:37:45.780Z [INFO]  expiration: revoked lease: lease_id=auth/token/root/hac5d81c4dd961cafbc7d7f0ce65b0d930a2188df0663e612373f6447edb7e8c4
vault-1     | 2026-09-30T05:37:45.838Z [INFO]  core: successful mount: namespace="" path=secret/ type=kv version="v0.20.0+builtin"
vault-1     | WARNING! dev mode is enabled! In this mode, Vault runs entirely in-memory
vault-1     | and starts unsealed with a single unseal key. The root token is already
vault-1     | authenticated to the CLI, so you can immediately begin using Vault.
vault-1     | 
vault-1     | You may need to set the following environment variables:
vault-1     | 
vault-1     |     $ export VAULT_ADDR='http://0.0.0.0:8200'
vault-1     | 
vault-1     | The unseal key and root token are displayed below in case you want to
vault-1     | seal/unseal the Vault or re-authenticate.
vault-1     | 
vault-1     | Unseal Key: x9l1CZpY4q+Wz8TJwL0xL02EtvXkJw97bC2F+WphedI=
vault-1     | Root Token: qkern-certification-root-token
vault-1     | 
vault-1     | Development mode should NOT be used in production installations!
vault-1     | 
 Container qkern-v023-certification-vault-1 Healthy 
 Container qkern-v023-certification-certification-1 Starting 
 Container qkern-v023-certification-certification-1 Started 
certification-1  | vault-seed: one signing secret written
certification-1  | 
certification-1  | added 240 packages, and audited 241 packages in 1m
certification-1  | 
certification-1  | 61 packages are looking for funding
certification-1  |   run `npm fund` for details
certification-1  | 
certification-1  | 10 vulnerabilities (6 moderate, 3 high, 1 critical)
certification-1  | 
certification-1  | To address issues that do not require attention, run:
certification-1  |   npm audit fix
certification-1  | 
certification-1  | To address all issues, run:
certification-1  |   npm audit fix --force
certification-1  | 
certification-1  | Run `npm audit` for details.
certification-1  | npm notice
certification-1  | npm notice New major version of npm available! 11.17.0 -> 12.1.0
certification-1  | npm notice Changelog: https://github.com/npm/cli/releases/tag/v12.1.0
certification-1  | npm notice To update run: npm install -g npm@12.1.0
certification-1  | npm notice
certification-1  | 
certification-1  | > qkern-platform@2.67.0 test:postgres
certification-1  | > vitest run tests/postgres.integration.test.ts tests/postgres-incident-recovery.integration.test.ts tests/generated-data-postgres.integration.test.ts tests/project-auth-postgres.integration.test.ts tests/project-storage-postgres.integration.test.ts tests/project-queues-postgres.integration.test.ts tests/usage-metering-postgres.integration.test.ts tests/realtime-postgres.integration.test.ts tests/realtime-change-feed-postgres.integration.test.ts tests/realtime-change-chain-postgres.integration.test.ts tests/realtime-change-soak-postgres.integration.test.ts tests/project-queues-multi-instance.integration.test.ts tests/compute-cron-postgres.integration.test.ts tests/compute-webhook-postgres.integration.test.ts tests/compute-webhook-chain.integration.test.ts tests/compute-definitions-postgres.integration.test.ts tests/compute-functions-postgres.integration.test.ts tests/usage-emitters-postgres.integration.test.ts tests/migration-process-postgres.integration.test.ts tests/realtime-process-postgres.integration.test.ts tests/provisioning-port-postgres.integration.test.ts tests/migration-enqueue-postgres.integration.test.ts tests/sql-privilege-clause-contract.integration.test.ts tests/queue-connection-pressure-postgres.integration.test.ts tests/usage-billing-postgres.integration.test.ts tests/billing-invoice-postgres.integration.test.ts tests/data-plane-query-postgres.integration.test.ts tests/data-plane-triggers-postgres.integration.test.ts tests/data-plane-functions-postgres.integration.test.ts tests/data-plane-catalog-postgres.integration.test.ts tests/data-plane-catalog-wide-postgres.integration.test.ts
certification-1  | 
certification-1  | 
certification-1  | [1m[30m[46m RUN [49m[39m[22m [36mv4.1.10 [39m[90m/workspace/qkern[39m
certification-1  | 
postgres-1       | 2026-09-30 05:39:43.909 UTC [898] ERROR:  permission denied for table project_database_provisioning_jobs
postgres-1       | 2026-09-30 05:39:43.909 UTC [898] STATEMENT:  SELECT 1 FROM project_database_provisioning_jobs LIMIT 1
postgres-1       | 2026-09-30 05:39:44.034 UTC [898] ERROR:  permission denied for table project_database_bindings
postgres-1       | 2026-09-30 05:39:44.034 UTC [898] STATEMENT:  SELECT 1 FROM project_database_bindings LIMIT 1
certification-1  |  [32m✓[39m tests/provisioning-port-postgres.integration.test.ts [2m([22m[2m6 tests[22m[2m)[22m[33m 1754[2mms[22m[39m
certification-1  |      [33m[2m✓[22m[39m writes and refreshes its heartbeat [33m 302[2mms[22m[39m
certification-1  |      [33m[2m✓[22m[39m (2.88) hands the web runtime the order of its own tenant and never a field of the binding [33m 1086[2mms[22m[39m
postgres-1       | 2026-09-30 05:39:44.863 UTC [883] ERROR:  new row violates row-level security policy for table "items"
postgres-1       | 2026-09-30 05:39:44.863 UTC [883] CONTEXT:  SQL function "add_item" statement 1
postgres-1       | 2026-09-30 05:39:44.863 UTC [883] STATEMENT:  SELECT "generated_0db7ed0b_f1c2_4274_8e3f_0c41c82b9aa2"."add_item"("item_name" => $1::text, "item_owner" => $2::text) AS result
postgres-1       | 2026-09-30 05:39:44.905 UTC [930] ERROR:  relation "change_feed" already exists
postgres-1       | 2026-09-30 05:39:44.905 UTC [930] STATEMENT:  -- Run once after 0002_qkern_migration_fence.sql as the trusted project database
postgres-1       | 	-- provisioner. Provides trigger-based change capture for Realtime.
postgres-1       | 	--
postgres-1       | 	-- ## Warum Trigger und nicht logische Replikation
postgres-1       | 	--
postgres-1       | 	-- Logische Replikation sieht jede Aenderung ohne Schemaeingriff, verlangt aber
postgres-1       | 	-- eine Rolle mit Replikationsrecht und einen Slot. Beides steht im direkten
postgres-1       | 	-- Widerspruch zu diesem Schema: 0001 prueft fuer jede beteiligte Rolle
postgres-1       | 	-- ausdruecklich rolreplication = false. Ein hängender Konsument laesst den Slot
postgres-1       | 	-- ausserdem unbegrenzt WAL halten, bis die Platte voll ist -- ein
postgres-1       | 	-- Betriebsrisiko, das der Kunde traegt und QKERN nicht begrenzen kann.
postgres-1       | 	--
postgres-1       | 	-- Trigger sind begrenzbar: der Feed hat Groessengrenzen und Aufbewahrung, und
postgres-1       | 	-- das Anschalten je Tabelle ist eine Schemaaenderung, die den vorhandenen
postgres-1       | 	-- Change-Set- und Approval-Weg durchlaeuft.
postgres-1       | 	--
postgres-1       | 	-- ## Warum keine Zeilenwerte gespeichert werden
postgres-1       | 	--
postgres-1       | 	-- Der Feed haelt ausschliesslich die Primaerschluesselwerte. Die eigentlichen
postgres-1       | 	-- Zeilenwerte werden je Abonnent frisch gelesen, und zwar mit dessen Claims.
postgres-1       | 	-- Row Level Security autorisiert und erzeugt die Nutzlast damit in einem
postgres-1       | 	-- Schritt. Wuerden die Werte hier liegen, muesste eine zweite, unabhaengige
postgres-1       | 	-- Sichtbarkeitspruefung sie korrekt filtern -- eine Kopie der RLS-Logik
postgres-1       | 	-- ausserhalb der Datenbank und damit eine dauerhafte Fehlerquelle.
postgres-1       | 	
postgres-1       | 	BEGIN;
postgres-1       | 	
postgres-1       | 	CREATE TABLE qkern_internal.change_feed (
postgres-1       | 	  position bigint GENERATED ALWAYS AS IDENTITY PRIMARY KEY,
postgres-1       | 	  schema_name text NOT NULL CHECK (schema_name ~ '^[a-z_][a-z0-9_]{0,62}$'),
postgres-1       | 	  table_name text NOT NULL CHECK (table_name ~ '^[a-z_][a-z0-9_]{0,62}$'),
postgres-1       | 	  operation text NOT NULL CHECK (operation IN ('insert', 'update', 'delete')),
postgres-1       | 	  -- Nur Primaerschluesselwerte. Die Grenze verhindert, dass ein zusammengesetzter
postgres-1       | 	  -- Schluessel den Feed aufblaeht.
postgres-1       | 	  row_key jsonb NOT NULL CHECK (octet_length(row_key::text) <= 4096),
postgres-1       | 	  committed_at timestamptz NOT NULL DEFAULT now()
postgres-1       | 	);
postgres-1       | 	
postgres-1       | 	CREATE INDEX change_feed_retention_idx ON qkern_internal.change_feed (committed_at);
postgres-1       | 	
postgres-1       | 	ALTER TABLE qkern_internal.change_feed OWNER TO qkern_ledger_owner;
postgres-1       | 	
postgres-1       | 	-- SECURITY DEFINER: Der Schreiber einer Zeile besitzt keine Rechte auf dem
postgres-1       | 	-- Feed und soll sie auch nicht bekommen. Der Trigger schreibt stellvertretend.
postgres-1       | 	-- search_path wird fest gesetzt, damit kein Aufrufer die aufgeloesten Objekte
postgres-1       | 	-- umlenken kann.
postgres-1       | 	CREATE OR REPLACE FUNCTION qkern_internal.capture_change()
postgres-1       | 	RETURNS trigger
postgres-1       | 	LANGUAGE plpgsql
postgres-1       | 	SECURITY DEFINER
postgres-1       | 	SET search_path = qkern_internal, pg_catalog
postgres-1       | 	AS $$
postgres-1       | 	DECLARE
postgres-1       | 	  key_columns text[];
postgres-1       | 	  source record;
postgres-1       | 	  key jsonb;
postgres-1       | 	BEGIN
postgres-1       | 	  SELECT array_agg(attribute.attname ORDER BY attribute.attnum)
postgres-1       | 	    INTO key_columns
postgres-1       | 	    FROM pg_index index
postgres-1       | 	    JOIN pg_attribute attribute
postgres-1       | 	      ON attribute.attrelid = index.indrelid AND attribute.attnum = ANY (index.indkey)
postgres-1       | 	   WHERE index.indrelid = TG_RELID AND index.indisprimary;
postgres-1       | 	
postgres-1       | 	  IF key_columns IS NULL THEN
postgres-1       | 	    RAISE EXCEPTION 'change capture requires a primary key on %.%', TG_TABLE_SCHEMA, TG_TABLE_NAME
postgres-1       | 	      USING ERRCODE = '55000';
postgres-1       | 	  END IF;
postgres-1       | 	
postgres-1       | 	  source := CASE WHEN TG_OP = 'DELETE' THEN OLD ELSE NEW END;
postgres-1       | 	  SELECT jsonb_object_agg(entry.key, entry.value)
postgres-1       | 	    INTO key
postgres-1       | 	    FROM jsonb_each(to_jsonb(source)) AS entry
postgres-1       | 	   WHERE entry.key = ANY (key_columns);
postgres-1       | 	
postgres-1       | 	  INSERT INTO qkern_internal.change_feed (schema_name, table_name, operation, row_key)
postgres-1       | 	  VALUES (TG_TABLE_SCHEMA, TG_TABLE_NAME, lower(TG_OP), key);
postgres-1       | 	
postgres-1       | 	  RETURN NULL;
postgres-1       | 	END;
postgres-1       | 	$$;
postgres-1       | 	
postgres-1       | 	ALTER FUNCTION qkern_internal.capture_change() OWNER TO qkern_ledger_owner;
postgres-1       | 	
postgres-1       | 	REVOKE ALL ON qkern_internal.change_feed FROM PUBLIC;
postgres-1       | 	REVOKE ALL ON FUNCTION qkern_internal.capture_change() FROM PUBLIC;
postgres-1       | 	
postgres-1       | 	-- Die Laufzeitrolle liest den Feed und raeumt ihn auf. Sie darf ihn niemals
postgres-1       | 	-- schreiben: ein erfundenes Aenderungsereignis wuerde einen Lesevorgang mit
postgres-1       | 	-- fremden Claims ausloesen.
postgres-1       | 	GRANT USAGE ON SCHEMA qkern_internal TO qkern_project_api_app;
postgres-1       | 	GRANT SELECT, DELETE ON qkern_internal.change_feed TO qkern_project_api_app;
postgres-1       | 	
postgres-1       | 	COMMIT;
postgres-1       | 	
postgres-1       | 2026-09-30 05:39:44.963 UTC [922] ERROR:  project storage object identity is immutable
postgres-1       | 2026-09-30 05:39:44.963 UTC [922] CONTEXT:  PL/pgSQL function qkern_reject_project_storage_object_mutation() line 12 at RAISE
postgres-1       | 2026-09-30 05:39:44.963 UTC [922] STATEMENT:  UPDATE project_storage_objects SET deleted_at=coalesce(deleted_at,$5)
postgres-1       | 	        WHERE organization_id=$1 AND project_id=$2 AND environment=$3 AND id=$4
postgres-1       | 	        RETURNING id,organization_id,project_id,environment,bucket_id,object_key,owner_subject,
postgres-1       | 	  provider_key,size_bytes,content_type,checksum_sha256,etag,status,created_at,delete_after,deleted_at
certification-1  |  [32m✓[39m tests/generated-data-postgres.integration.test.ts [2m([22m[2m9 tests[22m[2m)[22m[33m 2488[2mms[22m[39m
certification-1  |      [33m[2m✓[22m[39m serves a quoted, camel-cased table under RLS and lists it in the schema [33m 657[2mms[22m[39m
certification-1  |      [33m[2m✓[22m[39m serves a schema with capitals exactly and never merges it with its lowercase twin (2.33) [33m 463[2mms[22m[39m
postgres-1       | 2026-09-30 05:39:45.389 UTC [936] ERROR:  permission denied for table project_cron_definitions
postgres-1       | 2026-09-30 05:39:45.389 UTC [936] STATEMENT:  UPDATE project_cron_definitions SET time_zone='UTC' WHERE id=$1
postgres-1       | 2026-09-30 05:39:45.448 UTC [919] ERROR:  duplicate key value violates unique constraint "project_cron_definitions_name_key"
postgres-1       | 2026-09-30 05:39:45.448 UTC [919] STATEMENT:  INSERT INTO project_cron_definitions
postgres-1       | 	           (organization_id, project_id, environment, name, expression, queue, payload, enabled,
postgres-1       | 	            time_zone)
postgres-1       | 	         VALUES ($1,$2,$3,$4,$5,$6,$7,$8,$9)
postgres-1       | 	         RETURNING id, organization_id, project_id, environment, name, expression, queue,
postgres-1       | 	  payload, enabled, time_zone, last_dispatched_at, created_at
postgres-1       | 2026-09-30 05:39:45.868 UTC [947] ERROR:  permission denied for table project_cron_definitions
postgres-1       | 2026-09-30 05:39:45.868 UTC [947] STATEMENT:  UPDATE project_cron_definitions SET expression='*/1 * * * *' WHERE id=$1
certification-1  |  [32m✓[39m tests/project-storage-postgres.integration.test.ts [2m([22m[2m8 tests[22m[2m)[22m[33m 2152[2mms[22m[39m
certification-1  |      [33m[2m✓[22m[39m persists an exact verified upload and moves quota from reserved to used [33m 382[2mms[22m[39m
certification-1  |      [33m[2m✓[22m[39m (2.51) lists objects with their scanner verdict without exposing a provider key [33m 478[2mms[22m[39m
postgres-1       | 2026-09-30 05:39:45.975 UTC [874] ERROR:  webhook delivery content is immutable
postgres-1       | 2026-09-30 05:39:45.975 UTC [874] CONTEXT:  PL/pgSQL function qkern_validate_project_webhook_delivery_update() line 8 at RAISE
postgres-1       | 2026-09-30 05:39:45.975 UTC [874] STATEMENT:  UPDATE project_webhook_deliveries SET payload='{"tampered":true}'::jsonb WHERE id=$1
postgres-1       | 2026-09-30 05:39:46.042 UTC [951] ERROR:  permission denied for table project_functions
postgres-1       | 2026-09-30 05:39:46.042 UTC [951] STATEMENT:  UPDATE project_functions SET image=$2 WHERE id=$1
postgres-1       | 2026-09-30 05:39:46.128 UTC [957] ERROR:  permission denied for table project_functions
postgres-1       | 2026-09-30 05:39:46.128 UTC [957] STATEMENT:  UPDATE project_functions SET memory_mib=2048 WHERE id=$1
postgres-1       | 2026-09-30 05:39:46.195 UTC [935] ERROR:  new row for relation "project_functions" violates check constraint "project_functions_image_check"
postgres-1       | 2026-09-30 05:39:46.195 UTC [935] DETAIL:  Failing row contains (dc79d6d5-f24e-4252-ad5a-c5b1d4bb9f7f, 5d795d1d-cf96-43d3-bf32-7c0f8c0a4ca4, 82eee940-7221-454c-959c-3f88408e0ab5, development, tagged-77c02a91, nodejs24, registry.example.com/qkern/probe:latest, handler.mjs, 30000, 128, 1, {}, {}, t, 2026-09-30 05:39:46.147011+00).
postgres-1       | 2026-09-30 05:39:46.195 UTC [935] STATEMENT:  INSERT INTO project_functions
postgres-1       | 	         (organization_id, project_id, environment, name, runtime, image, entrypoint)
postgres-1       | 	       VALUES ($1,$2,'development',$3,'nodejs24','registry.example.com/qkern/probe:latest','handler.mjs')
postgres-1       | 2026-09-30 05:39:46.228 UTC [938] ERROR:  duplicate key value violates unique constraint "project_functions_name_key"
postgres-1       | 2026-09-30 05:39:46.228 UTC [938] STATEMENT:  INSERT INTO project_functions
postgres-1       | 	           (organization_id, project_id, environment, name, runtime, image, entrypoint,
postgres-1       | 	            timeout_ms, memory_mib, max_concurrency, egress_origins, secret_refs, enabled)
postgres-1       | 	         VALUES ($1,$2,$3,$4,'nodejs24',$5,$6,$7,$8,$9,$10,$11,$12)
postgres-1       | 	         RETURNING id, organization_id, project_id, environment, name, runtime, image,
postgres-1       | 	  entrypoint, timeout_ms, memory_mib, max_concurrency, egress_origins, secret_refs, enabled,
postgres-1       | 	  created_at
postgres-1       | 2026-09-30 05:39:46.239 UTC [905] ERROR:  new row for relation "migration_incident_delivery_commands" violates check constraint "migration_incident_delivery_commands_expected_failure_code"
postgres-1       | 2026-09-30 05:39:46.239 UTC [905] DETAIL:  Failing row contains (f0ba7779-919f-470a-a0aa-a5e798144455, 69a9de4c-438c-4a9b-a53e-f5c6edd0e8e4, 09ba4662-5d67-4014-8413-5a4de718af88, constraint-test, destination_recovered, pending, null, 2026-09-30 05:39:46.237714+00, 2026-09-30 05:39:46.237714+00, null, null).
postgres-1       | 2026-09-30 05:39:46.239 UTC [905] STATEMENT:  INSERT INTO migration_incident_delivery_commands
postgres-1       | 	           (organization_id, migration_incident_id, requested_by, reason_code,
postgres-1       | 	            expected_failure_code, expected_retry_cycle)
postgres-1       | 	         VALUES ($1, $2, 'constraint-test', 'destination_recovered', NULL, NULL)
postgres-1       | 2026-09-30 05:39:46.388 UTC [959] ERROR:  permission denied for table project_webhooks
postgres-1       | 2026-09-30 05:39:46.388 UTC [959] STATEMENT:  UPDATE project_webhooks SET url='https://elsewhere.example.com/hooks' WHERE id=$1
postgres-1       | 2026-09-30 05:39:46.461 UTC [967] ERROR:  new row for relation "migration_incident_delivery_commands" violates check constraint "migration_incident_delivery_commands_expected_retry_cycle"
postgres-1       | 2026-09-30 05:39:46.461 UTC [967] DETAIL:  Failing row contains (a54f8aec-ea6c-4575-be10-ec8297baa402, 69a9de4c-438c-4a9b-a53e-f5c6edd0e8e4, 09ba4662-5d67-4014-8413-5a4de718af88, constraint-test, destination_recovered, pending, null, 2026-09-30 05:39:46.457874+00, 2026-09-30 05:39:46.457874+00, PUBLISH_FAILED, null).
postgres-1       | 2026-09-30 05:39:46.461 UTC [967] STATEMENT:  INSERT INTO migration_incident_delivery_commands
postgres-1       | 	           (organization_id, migration_incident_id, requested_by, reason_code,
postgres-1       | 	            expected_failure_code, expected_retry_cycle)
postgres-1       | 	         VALUES ($1, $2, 'constraint-test', 'destination_recovered', 'PUBLISH_FAILED', NULL)
postgres-1       | 2026-09-30 05:39:46.529 UTC [960] ERROR:  a settled webhook delivery is final
postgres-1       | 2026-09-30 05:39:46.529 UTC [960] CONTEXT:  PL/pgSQL function qkern_validate_project_webhook_delivery_update() line 14 at RAISE
postgres-1       | 2026-09-30 05:39:46.529 UTC [960] STATEMENT:  UPDATE project_webhook_deliveries SET status='pending' WHERE id=$1
certification-1  |  [32m✓[39m tests/project-queues-postgres.integration.test.ts [2m([22m[2m9 tests[22m[2m)[22m[33m 2898[2mms[22m[39m
certification-1  |      [33m[2m✓[22m[39m persists only the dedupe verifier and returns the same durable receipt [33m 367[2mms[22m[39m
certification-1  |      [33m[2m✓[22m[39m claims each ready row at most once across concurrent workers [33m 304[2mms[22m[39m
certification-1  |      [33m[2m✓[22m[39m consumes an enqueued message and calls the function [33m 328[2mms[22m[39m
certification-1  |      [33m[2m✓[22m[39m retries when the function is unavailable [33m 324[2mms[22m[39m
certification-1  |      [33m[2m✓[22m[39m keeps a foreign queue untouched [33m 455[2mms[22m[39m
postgres-1       | 2026-09-30 05:39:47.386 UTC [993] ERROR:  cron progress must not move backwards
postgres-1       | 2026-09-30 05:39:47.386 UTC [993] CONTEXT:  PL/pgSQL function qkern_validate_project_cron_update() line 10 at RAISE
postgres-1       | 2026-09-30 05:39:47.386 UTC [993] STATEMENT:  UPDATE project_cron_definitions
postgres-1       | 	            SET last_dispatched_at=$3, updated_at=now()
postgres-1       | 	          WHERE organization_id=$1 AND id=$2
postgres-1       | 2026-09-30 05:39:47.421 UTC [992] ERROR:  cron progress must not move backwards
postgres-1       | 2026-09-30 05:39:47.421 UTC [992] CONTEXT:  PL/pgSQL function qkern_validate_project_cron_update() line 10 at RAISE
postgres-1       | 2026-09-30 05:39:47.421 UTC [992] STATEMENT:  UPDATE project_cron_definitions
postgres-1       | 	            SET last_dispatched_at=$3, updated_at=now()
postgres-1       | 	          WHERE organization_id=$1 AND id=$2
certification-1  |  [32m✓[39m tests/compute-webhook-postgres.integration.test.ts [2m([22m[2m10 tests[22m[2m)[22m[33m 4634[2mms[22m[39m
certification-1  |      [33m[2m✓[22m[39m persists a delivery and hands it to exactly one of many claimants [33m 660[2mms[22m[39m
certification-1  |      [33m[2m✓[22m[39m stores only the lease verifier, never the raw token [33m 457[2mms[22m[39m
certification-1  |      [33m[2m✓[22m[39m refuses a settlement from the wrong worker or a stale token [33m 674[2mms[22m[39m
certification-1  |      [33m[2m✓[22m[39m schedules a retry with a server-computed delay [33m 529[2mms[22m[39m
certification-1  |      [33m[2m✓[22m[39m keeps the payload of a delivery immutable [33m 461[2mms[22m[39m
certification-1  |      [33m[2m✓[22m[39m keeps a settled delivery final [33m 501[2mms[22m[39m
certification-1  |      [33m[2m✓[22m[39m hides deliveries of a different organization [33m 401[2mms[22m[39m
postgres-1       | 2026-09-30 05:39:47.727 UTC [975] ERROR:  migration incident resolution requires worker-verified ledger evidence
postgres-1       | 2026-09-30 05:39:47.727 UTC [975] CONTEXT:  PL/pgSQL function qkern_validate_migration_incident_acknowledgement() line 49 at RAISE
postgres-1       | 2026-09-30 05:39:47.727 UTC [975] STATEMENT:  UPDATE migration_incidents
postgres-1       | 	       SET status = 'resolved',
postgres-1       | 	           resolution_code = 'target_ledger_match'::qkern_migration_incident_resolution_code
postgres-1       | 	       WHERE organization_id = $1 AND migration_job_id = $2
postgres-1       | 	         AND status IN ('open', 'acknowledged')
postgres-1       | 	       RETURNING 
postgres-1       | 	  id, organization_id, migration_job_id, project_id, environment, change_set_id,
postgres-1       | 	  kind, severity, status, detected_review_cycle, detected_reconciliation_attempt,
postgres-1       | 	  acknowledged_by, acknowledgement_code, acknowledged_at,
postgres-1       | 	  resolved_by, resolution_code, resolved_at, created_at, updated_at
postgres-1       | 2026-09-30 05:39:47.968 UTC [1003] ERROR:  permission denied for table project_functions
postgres-1       | 2026-09-30 05:39:47.968 UTC [1003] STATEMENT:  UPDATE project_functions SET image=$1 WHERE id=$2
postgres-1       | 2026-09-30 05:39:48.019 UTC [995] ERROR:  cron progress must not move backwards
postgres-1       | 2026-09-30 05:39:48.019 UTC [995] CONTEXT:  PL/pgSQL function qkern_validate_project_cron_update() line 10 at RAISE
postgres-1       | 2026-09-30 05:39:48.019 UTC [995] STATEMENT:  UPDATE project_cron_definitions
postgres-1       | 	            SET last_dispatched_at=$3, updated_at=now()
postgres-1       | 	          WHERE organization_id=$1 AND id=$2
postgres-1       | 2026-09-30 05:39:48.100 UTC [1006] ERROR:  permission denied for table project_auth_users
postgres-1       | 2026-09-30 05:39:48.100 UTC [1006] STATEMENT:  SELECT id FROM project_auth_users LIMIT 1
postgres-1       | 2026-09-30 05:39:48.319 UTC [347] LOG:  checkpoint starting: immediate force wait
postgres-1       | 2026-09-30 05:39:48.461 UTC [904] ERROR:  realtime events are append-only
postgres-1       | 2026-09-30 05:39:48.461 UTC [904] CONTEXT:  PL/pgSQL function qkern_reject_realtime_event_update() line 3 at RAISE
postgres-1       | 2026-09-30 05:39:48.461 UTC [904] STATEMENT:  UPDATE realtime_events SET event='tampered'
postgres-1       | 	        WHERE organization_id=$1 AND channel=$2
postgres-1       | 2026-09-30 05:39:48.510 UTC [994] ERROR:  cron progress must not move backwards
postgres-1       | 2026-09-30 05:39:48.510 UTC [994] CONTEXT:  PL/pgSQL function qkern_validate_project_cron_update() line 10 at RAISE
postgres-1       | 2026-09-30 05:39:48.510 UTC [994] STATEMENT:  UPDATE project_cron_definitions
postgres-1       | 	            SET last_dispatched_at=$3, updated_at=now()
postgres-1       | 	          WHERE organization_id=$1 AND id=$2
postgres-1       | 2026-09-30 05:39:48.551 UTC [879] ERROR:  cron progress must not move backwards
postgres-1       | 2026-09-30 05:39:48.551 UTC [879] CONTEXT:  PL/pgSQL function qkern_validate_project_cron_update() line 10 at RAISE
postgres-1       | 2026-09-30 05:39:48.551 UTC [879] STATEMENT:  UPDATE project_cron_definitions SET last_dispatched_at=$2 WHERE id=$1
postgres-1       | 2026-09-30 05:39:48.714 UTC [1017] ERROR:  cron identity is immutable
postgres-1       | 2026-09-30 05:39:48.714 UTC [1017] CONTEXT:  PL/pgSQL function qkern_validate_project_cron_update() line 6 at RAISE
postgres-1       | 2026-09-30 05:39:48.714 UTC [1017] STATEMENT:  UPDATE project_cron_definitions SET project_id=$2 WHERE id=$1
certification-1  | [90mstderr[2m | tests/realtime-change-soak-postgres.integration.test.ts[2m > [22m[2mRealtime change soak PostgreSQL certification[2m > [22m[2mdelivers every change of a sustained writer without loss, gap or stall
certification-1  | [22m[39msoak: 120 Aenderungen, p50 843 ms, p95 1984 ms, max 2270 ms
certification-1  | 
certification-1  |  [32m✓[39m tests/compute-definitions-postgres.integration.test.ts [2m([22m[2m10 tests[22m[2m)[22m[33m 5210[2mms[22m[39m
certification-1  |      [33m[2m✓[22m[39m creates, lists and pauses a cron definition through the unprivileged runtime role [33m 708[2mms[22m[39m
certification-1  |      [33m[2m✓[22m[39m stores the time zone of a cron definition, defaults it to UTC and keeps it immutable [33m 769[2mms[22m[39m
certification-1  |      [33m[2m✓[22m[39m denies the runtime role any change beyond the enabled flag [33m 969[2mms[22m[39m
certification-1  |      [33m[2m✓[22m[39m deletes a disabled webhook together with its pending deliveries [33m 978[2mms[22m[39m
certification-1  |      [33m[2m✓[22m[39m deploys images only through the door that writes their history [33m 761[2mms[22m[39m
certification-1  | [90mstderr[2m | tests/realtime-change-soak-postgres.integration.test.ts[2m > [22m[2mRealtime change soak PostgreSQL certification[2m > [22m[2mdelivers every change of a sustained writer without loss, gap or stall
certification-1  | [22m[39msoak: 5 Buchungen fuer 120 Nachrichten
certification-1  | 
certification-1  |  [32m✓[39m tests/realtime-change-soak-postgres.integration.test.ts [2m([22m[2m1 test[22m[2m)[22m[33m 4796[2mms[22m[39m
certification-1  |      [33m[2m✓[22m[39m delivers every change of a sustained writer without loss, gap or stall [33m 3557[2mms[22m[39m
postgres-1       | 2026-09-30 05:39:49.202 UTC [1021] ERROR:  relation "change_feed" already exists
postgres-1       | 2026-09-30 05:39:49.202 UTC [1021] STATEMENT:  -- Run once after 0002_qkern_migration_fence.sql as the trusted project database
postgres-1       | 	-- provisioner. Provides trigger-based change capture for Realtime.
postgres-1       | 	--
postgres-1       | 	-- ## Warum Trigger und nicht logische Replikation
postgres-1       | 	--
postgres-1       | 	-- Logische Replikation sieht jede Aenderung ohne Schemaeingriff, verlangt aber
postgres-1       | 	-- eine Rolle mit Replikationsrecht und einen Slot. Beides steht im direkten
postgres-1       | 	-- Widerspruch zu diesem Schema: 0001 prueft fuer jede beteiligte Rolle
postgres-1       | 	-- ausdruecklich rolreplication = false. Ein hängender Konsument laesst den Slot
postgres-1       | 	-- ausserdem unbegrenzt WAL halten, bis die Platte voll ist -- ein
postgres-1       | 	-- Betriebsrisiko, das der Kunde traegt und QKERN nicht begrenzen kann.
postgres-1       | 	--
postgres-1       | 	-- Trigger sind begrenzbar: der Feed hat Groessengrenzen und Aufbewahrung, und
postgres-1       | 	-- das Anschalten je Tabelle ist eine Schemaaenderung, die den vorhandenen
postgres-1       | 	-- Change-Set- und Approval-Weg durchlaeuft.
postgres-1       | 	--
postgres-1       | 	-- ## Warum keine Zeilenwerte gespeichert werden
postgres-1       | 	--
postgres-1       | 	-- Der Feed haelt ausschliesslich die Primaerschluesselwerte. Die eigentlichen
postgres-1       | 	-- Zeilenwerte werden je Abonnent frisch gelesen, und zwar mit dessen Claims.
postgres-1       | 	-- Row Level Security autorisiert und erzeugt die Nutzlast damit in einem
postgres-1       | 	-- Schritt. Wuerden die Werte hier liegen, muesste eine zweite, unabhaengige
postgres-1       | 	-- Sichtbarkeitspruefung sie korrekt filtern -- eine Kopie der RLS-Logik
postgres-1       | 	-- ausserhalb der Datenbank und damit eine dauerhafte Fehlerquelle.
postgres-1       | 	
postgres-1       | 	BEGIN;
postgres-1       | 	
postgres-1       | 	CREATE TABLE qkern_internal.change_feed (
postgres-1       | 	  position bigint GENERATED ALWAYS AS IDENTITY PRIMARY KEY,
postgres-1       | 	  schema_name text NOT NULL CHECK (schema_name ~ '^[a-z_][a-z0-9_]{0,62}$'),
postgres-1       | 	  table_name text NOT NULL CHECK (table_name ~ '^[a-z_][a-z0-9_]{0,62}$'),
postgres-1       | 	  operation text NOT NULL CHECK (operation IN ('insert', 'update', 'delete')),
postgres-1       | 	  -- Nur Primaerschluesselwerte. Die Grenze verhindert, dass ein zusammengesetzter
postgres-1       | 	  -- Schluessel den Feed aufblaeht.
postgres-1       | 	  row_key jsonb NOT NULL CHECK (octet_length(row_key::text) <= 4096),
postgres-1       | 	  committed_at timestamptz NOT NULL DEFAULT now()
postgres-1       | 	);
postgres-1       | 	
postgres-1       | 	CREATE INDEX change_feed_retention_idx ON qkern_internal.change_feed (committed_at);
postgres-1       | 	
postgres-1       | 	ALTER TABLE qkern_internal.change_feed OWNER TO qkern_ledger_owner;
postgres-1       | 	
postgres-1       | 	-- SECURITY DEFINER: Der Schreiber einer Zeile besitzt keine Rechte auf dem
postgres-1       | 	-- Feed und soll sie auch nicht bekommen. Der Trigger schreibt stellvertretend.
postgres-1       | 	-- search_path wird fest gesetzt, damit kein Aufrufer die aufgeloesten Objekte
postgres-1       | 	-- umlenken kann.
postgres-1       | 	CREATE OR REPLACE FUNCTION qkern_internal.capture_change()
postgres-1       | 	RETURNS trigger
postgres-1       | 	LANGUAGE plpgsql
postgres-1       | 	SECURITY DEFINER
postgres-1       | 	SET search_path = qkern_internal, pg_catalog
postgres-1       | 	AS $$
postgres-1       | 	DECLARE
postgres-1       | 	  key_columns text[];
postgres-1       | 	  source record;
postgres-1       | 	  key jsonb;
postgres-1       | 	BEGIN
postgres-1       | 	  SELECT array_agg(attribute.attname ORDER BY attribute.attnum)
postgres-1       | 	    INTO key_columns
postgres-1       | 	    FROM pg_index index
postgres-1       | 	    JOIN pg_attribute attribute
postgres-1       | 	      ON attribute.attrelid = index.indrelid AND attribute.attnum = ANY (index.indkey)
postgres-1       | 	   WHERE index.indrelid = TG_RELID AND index.indisprimary;
postgres-1       | 	
postgres-1       | 	  IF key_columns IS NULL THEN
postgres-1       | 	    RAISE EXCEPTION 'change capture requires a primary key on %.%', TG_TABLE_SCHEMA, TG_TABLE_NAME
postgres-1       | 	      USING ERRCODE = '55000';
postgres-1       | 	  END IF;
postgres-1       | 	
postgres-1       | 	  source := CASE WHEN TG_OP = 'DELETE' THEN OLD ELSE NEW END;
postgres-1       | 	  SELECT jsonb_object_agg(entry.key, entry.value)
postgres-1       | 	    INTO key
postgres-1       | 	    FROM jsonb_each(to_jsonb(source)) AS entry
postgres-1       | 	   WHERE entry.key = ANY (key_columns);
postgres-1       | 	
postgres-1       | 	  INSERT INTO qkern_internal.change_feed (schema_name, table_name, operation, row_key)
postgres-1       | 	  VALUES (TG_TABLE_SCHEMA, TG_TABLE_NAME, lower(TG_OP), key);
postgres-1       | 	
postgres-1       | 	  RETURN NULL;
postgres-1       | 	END;
postgres-1       | 	$$;
postgres-1       | 	
postgres-1       | 	ALTER FUNCTION qkern_internal.capture_change() OWNER TO qkern_ledger_owner;
postgres-1       | 	
postgres-1       | 	REVOKE ALL ON qkern_internal.change_feed FROM PUBLIC;
postgres-1       | 	REVOKE ALL ON FUNCTION qkern_internal.capture_change() FROM PUBLIC;
postgres-1       | 	
postgres-1       | 	-- Die Laufzeitrolle liest den Feed und raeumt ihn auf. Sie darf ihn niemals
postgres-1       | 	-- schreiben: ein erfundenes Aenderungsereignis wuerde einen Lesevorgang mit
postgres-1       | 	-- fremden Claims ausloesen.
postgres-1       | 	GRANT USAGE ON SCHEMA qkern_internal TO qkern_project_api_app;
postgres-1       | 	GRANT SELECT, DELETE ON qkern_internal.change_feed TO qkern_project_api_app;
postgres-1       | 	
postgres-1       | 	COMMIT;
postgres-1       | 	
postgres-1       | 2026-09-30 05:39:49.250 UTC [347] LOG:  checkpoint complete: wrote 1659 buffers (10.1%); 0 WAL file(s) added, 0 removed, 1 recycled; write=0.871 s, sync=0.004 s, total=0.938 s; sync files=582, longest=0.001 s, average=0.001 s; distance=12305 kB, estimate=12305 kB; lsn=0/29CAA90, redo lsn=0/2961FF8
postgres-1       | 2026-09-30 05:39:49.306 UTC [987] ERROR:  new row violates row-level security policy "audit_logs_project_auth_insert" for table "audit_logs"
postgres-1       | 2026-09-30 05:39:49.306 UTC [987] STATEMENT:  INSERT INTO audit_logs
postgres-1       | 	         (organization_id, project_id, environment, actor_type, actor_ref, action, resource_ref,
postgres-1       | 	          status, redacted_metadata, previous_hash, entry_hash)
postgres-1       | 	       VALUES ($1, $2, $3, $4, $5, $6, $7, $8, $9::jsonb, NULL, repeat('0', 64))
postgres-1       | 	       RETURNING id, organization_id, project_id, environment, actor_type, actor_ref, action, resource_ref,
postgres-1       | 	                 status, redacted_metadata, previous_hash, entry_hash, created_at
postgres-1       | 2026-09-30 05:39:49.524 UTC [965] ERROR:  function slots are immutable
postgres-1       | 2026-09-30 05:39:49.524 UTC [965] CONTEXT:  PL/pgSQL function qkern_reject_project_function_slot_update() line 3 at RAISE
postgres-1       | 2026-09-30 05:39:49.524 UTC [965] STATEMENT:  UPDATE project_function_slots SET expires_at = now() + interval '1 hour'
postgres-1       | 	        WHERE organization_id=$1 AND function_id=$2
certification-1  |  [32m✓[39m tests/postgres-incident-recovery.integration.test.ts [2m([22m[2m6 tests[22m[2m)[22m[33m 7090[2mms[22m[39m
certification-1  |      [33m[2m✓[22m[39m closes PostgreSQL CHECK-NULL bypasses for every new pending command [33m 356[2mms[22m[39m
certification-1  |      [33m[2m✓[22m[39m allows incident resolution only after worker-verified applied state [33m 642[2mms[22m[39m
certification-1  |  [32m✓[39m tests/realtime-postgres.integration.test.ts [2m([22m[2m7 tests[22m[2m)[22m[33m 5782[2mms[22m[39m
certification-1  |      [33m[2m✓[22m[39m delivers a broadcast to a subscriber on a second instance through PostgreSQL [33m 989[2mms[22m[39m
certification-1  |      [33m[2m✓[22m[39m assigns one global sequence per channel across instances [33m 1046[2mms[22m[39m
certification-1  |      [33m[2m✓[22m[39m keeps the event log invisible to a different organization [33m 1382[2mms[22m[39m
certification-1  |      [33m[2m✓[22m[39m refuses to change a stored event [33m 620[2mms[22m[39m
certification-1  |      [33m[2m✓[22m[39m removes what is old and keeps what is not [33m 459[2mms[22m[39m
postgres-1       | 2026-09-30 05:39:49.626 UTC [1035] ERROR:  change capture requires a primary key on public.cdc_keyless_177932d63ed6
postgres-1       | 2026-09-30 05:39:49.626 UTC [1035] CONTEXT:  PL/pgSQL function capture_change() line 15 at RAISE
postgres-1       | 2026-09-30 05:39:49.626 UTC [1035] STATEMENT:  INSERT INTO public.cdc_keyless_177932d63ed6 (label) VALUES ('orphan')
certification-1  |  [32m✓[39m tests/compute-functions-postgres.integration.test.ts [2m([22m[2m13 tests[22m[2m)[22m[33m 5002[2mms[22m[39m
certification-1  |      [33m[2m✓[22m[39m creates, lists and pauses a function through the unprivileged runtime role [33m 624[2mms[22m[39m
certification-1  |      [33m[2m✓[22m[39m denies the runtime role any change beyond the enabled flag [33m 313[2mms[22m[39m
certification-1  |      [33m[2m✓[22m[39m stops a second instance once the shared limit is reached [33m 1786[2mms[22m[39m
certification-1  |      [33m[2m✓[22m[39m hands the place on once the first instance is done [33m 374[2mms[22m[39m
certification-1  |      [33m[2m✓[22m[39m counts the places of one definition only [33m 506[2mms[22m[39m
certification-1  | [90mstdout[2m | tests/sql-privilege-clause-contract.integration.test.ts[2m > [22m[2mSQL privilege clause contract[2m > [22m[2mfinds statements to check
certification-1  | [22m[39mprivilege clause contract: 141 Anweisungen, 12 Spaltenlisten nicht auswertbar, 944 Platzhalter offen
certification-1  | 
postgres-1       | 2026-09-30 05:39:49.785 UTC [1041] ERROR:  permission denied for table change_feed
postgres-1       | 2026-09-30 05:39:49.785 UTC [1041] STATEMENT:  INSERT INTO qkern_internal.change_feed (schema_name, table_name, operation, row_key)
postgres-1       | 	       VALUES ('public', 'forged', 'insert', '{"id":"forged"}'::jsonb)
certification-1  |  [32m✓[39m tests/realtime-change-feed-postgres.integration.test.ts [2m([22m[2m6 tests[22m[2m)[22m[33m 1259[2mms[22m[39m
certification-1  |  [32m✓[39m tests/project-auth-postgres.integration.test.ts [2m([22m[2m4 tests[22m[2m)[22m[33m 3549[2mms[22m[39m
certification-1  |      [33m[2m✓[22m[39m persists app users only through the auth role and keeps runtime access closed [33m 1179[2mms[22m[39m
certification-1  |      [33m[2m✓[22m[39m lists active sessions and revokes one family or all of one user in PostgreSQL (2.34) [33m 507[2mms[22m[39m
certification-1  |      [33m[2m✓[22m[39m records auth events through the auth role into the intact platform audit chain (2.35) [33m 562[2mms[22m[39m
certification-1  |  [32m✓[39m tests/compute-webhook-chain.integration.test.ts [2m([22m[2m6 tests[22m[2m)[22m[33m 3822[2mms[22m[39m
certification-1  |      [33m[2m✓[22m[39m carries an enqueued event all the way to a verified, acknowledged delivery [33m 786[2mms[22m[39m
certification-1  |      [33m[2m✓[22m[39m treats a receiver that does not echo the delivery id as a failure [33m 824[2mms[22m[39m
certification-1  |      [33m[2m✓[22m[39m dead-letters after the attempt limit of the definition [33m 643[2mms[22m[39m
certification-1  |      [33m[2m✓[22m[39m recovers a delivery whose deliverer died mid-attempt [33m 327[2mms[22m[39m
postgres-1       | 2026-09-30 05:39:51.260 UTC [1064] ERROR:  permission denied for table billing_rate_cards
postgres-1       | 2026-09-30 05:39:51.260 UTC [1064] STATEMENT:  UPDATE billing_rate_cards SET unit_price_micros = 1 WHERE organization_id = $1
postgres-1       | 2026-09-30 05:39:51.268 UTC [1064] ERROR:  permission denied for table billing_rate_cards
postgres-1       | 2026-09-30 05:39:51.268 UTC [1064] STATEMENT:  DELETE FROM billing_rate_cards WHERE organization_id = $1
certification-1  |  [32m✓[39m tests/usage-billing-postgres.integration.test.ts [2m([22m[2m4 tests[22m[2m)[22m[33m 1913[2mms[22m[39m
certification-1  |      [33m[2m✓[22m[39m projects real usage against the effective rate card [33m 424[2mms[22m[39m
postgres-1       | 2026-09-30 05:39:51.508 UTC [1073] WARNING:  "wal_level" is insufficient to publish logical changes
postgres-1       | 2026-09-30 05:39:51.508 UTC [1073] HINT:  Set "wal_level" to "logical" before creating subscriptions.
certification-1  |  [32m✓[39m tests/data-plane-catalog-wide-postgres.integration.test.ts [2m([22m[2m4 tests[22m[2m)[22m[33m 986[2mms[22m[39m
certification-1  |  [32m✓[39m tests/queue-connection-pressure-postgres.integration.test.ts [2m([22m[2m1 test[22m[2m)[22m[33m 568[2mms[22m[39m
certification-1  |  [32m✓[39m tests/data-plane-triggers-postgres.integration.test.ts [2m([22m[2m1 test[22m[2m)[22m[33m 402[2mms[22m[39m
postgres-1       | 2026-09-30 05:39:52.493 UTC [1094] ERROR:  permission denied for table migration_outbox
postgres-1       | 2026-09-30 05:39:52.493 UTC [1094] STATEMENT:  SELECT status FROM migration_outbox
postgres-1       | 2026-09-30 05:39:52.506 UTC [1094] ERROR:  permission denied for table migration_outbox
postgres-1       | 2026-09-30 05:39:52.506 UTC [1094] STATEMENT:  SELECT lease_owner FROM migration_outbox
postgres-1       | 2026-09-30 05:39:52.509 UTC [1094] ERROR:  permission denied for table migration_outbox
postgres-1       | 2026-09-30 05:39:52.509 UTC [1094] STATEMENT:  SELECT lease_token FROM migration_outbox
postgres-1       | 2026-09-30 05:39:52.513 UTC [1094] ERROR:  permission denied for table migration_outbox
postgres-1       | 2026-09-30 05:39:52.513 UTC [1094] STATEMENT:  SELECT lease_expires_at FROM migration_outbox
postgres-1       | 2026-09-30 05:39:52.526 UTC [1094] ERROR:  permission denied for table migration_outbox
postgres-1       | 2026-09-30 05:39:52.526 UTC [1094] STATEMENT:  SELECT failure_count FROM migration_outbox
postgres-1       | 2026-09-30 05:39:52.529 UTC [1094] ERROR:  permission denied for table migration_outbox
postgres-1       | 2026-09-30 05:39:52.529 UTC [1094] STATEMENT:  SELECT available_at FROM migration_outbox
certification-1  |  [32m✓[39m tests/migration-enqueue-postgres.integration.test.ts [2m([22m[2m3 tests[22m[2m)[22m[33m 894[2mms[22m[39m
certification-1  |  [32m✓[39m tests/data-plane-catalog-postgres.integration.test.ts [2m([22m[2m3 tests[22m[2m)[22m[33m 1168[2mms[22m[39m
certification-1  |  [32m✓[39m tests/data-plane-query-postgres.integration.test.ts [2m([22m[2m2 tests[22m[2m)[22m[33m 389[2mms[22m[39m
certification-1  |  [32m✓[39m tests/usage-metering-postgres.integration.test.ts [2m([22m[2m4 tests[22m[2m)[22m[33m 1408[2mms[22m[39m
certification-1  |      [33m[2m✓[22m[39m serializes concurrent hard-quota decisions and persists verifier-only events [33m 999[2mms[22m[39m
certification-1  |  [32m✓[39m tests/data-plane-functions-postgres.integration.test.ts [2m([22m[2m1 test[22m[2m)[22m[33m 636[2mms[22m[39m
certification-1  |      [33m[2m✓[22m[39m lists functions and procedures with signature, return, volatility and security, and hides aggregates and other schemas [33m 396[2mms[22m[39m
certification-1  |  [32m✓[39m tests/sql-privilege-clause-contract.integration.test.ts [2m([22m[2m2 tests[22m[2m)[22m[33m 5379[2mms[22m[39m
certification-1  |      [33m[2m✓[22m[39m finds statements to check [33m 640[2mms[22m[39m
certification-1  |      [33m[2m✓[22m[39m grants every write role the read right its clauses require [33m 4274[2mms[22m[39m
certification-1  |  [32m✓[39m tests/usage-emitters-postgres.integration.test.ts [2m([22m[2m20 tests[22m[2m)[22m[33m 7433[2mms[22m[39m
certification-1  |      [33m[2m✓[22m[39m counts a real enqueue in the durable ledger [33m 1164[2mms[22m[39m
certification-1  |      [33m[2m✓[22m[39m lets an observed limit run over instead of blocking [33m 757[2mms[22m[39m
certification-1  |      [33m[2m✓[22m[39m counts a deduplicated enqueue as its own operation [33m 738[2mms[22m[39m
certification-1  |      [33m[2m✓[22m[39m counts every simultaneous enqueue across queues exactly once [33m 1149[2mms[22m[39m
certification-1  |        [33m[2m✓[22m[39m counts the rows a real read actually returned [33m 318[2mms[22m[39m
certification-1  |        [33m[2m✓[22m[39m counts the bytes a real download grant released [33m 656[2mms[22m[39m
certification-1  |        [33m[2m✓[22m[39m stops API requests at the HTTP boundary once the quota is exhausted [33m 359[2mms[22m[39m
certification-1  |      [33m[2m✓[22m[39m pages through every event exactly once [33m 511[2mms[22m[39m
postgres-1       | 2026-09-30 05:39:57.856 UTC [1137] FATAL:  terminating connection due to administrator command
postgres-1       | 2026-09-30 05:39:57.966 UTC [347] LOG:  checkpoint starting: immediate force wait
postgres-1       | 2026-09-30 05:39:58.030 UTC [347] LOG:  checkpoint complete: wrote 352 buffers (2.1%); 0 WAL file(s) added, 0 removed, 0 recycled; write=0.061 s, sync=0.001 s, total=0.065 s; sync files=247, longest=0.001 s, average=0.001 s; distance=1763 kB, estimate=11251 kB; lsn=0/2B1AFB8, redo lsn=0/2B1AF60
certification-1  |  [32m✓[39m tests/migration-process-postgres.integration.test.ts [2m([22m[2m3 tests[22m[2m)[22m[33m 15684[2mms[22m[39m
certification-1  |      [33m[2m✓[22m[39m applies a queued statement to the real project database [33m 8142[2mms[22m[39m
certification-1  |      [33m[2m✓[22m[39m keeps a tampered statement out of the project database [33m 2620[2mms[22m[39m
certification-1  |      [33m[2m✓[22m[39m names the violated boundary condition without describing the database [33m 2077[2mms[22m[39m
postgres-1       | 2026-09-30 05:39:59.469 UTC [1169] ERROR:  permission denied for table users
postgres-1       | 2026-09-30 05:39:59.469 UTC [1169] STATEMENT:  SELECT id FROM users LIMIT 1
postgres-1       | 2026-09-30 05:39:59.537 UTC [1171] ERROR:  permission denied for table projects
postgres-1       | 2026-09-30 05:39:59.537 UTC [1171] STATEMENT:  SELECT id FROM projects LIMIT 1
certification-1  |  [32m✓[39m tests/realtime-change-chain-postgres.integration.test.ts [2m([22m[2m6 tests[22m[2m)[22m[33m 16317[2mms[22m[39m
certification-1  |      [33m[2m✓[22m[39m carries a change from the trigger to a subscriber that may see it [33m 597[2mms[22m[39m
certification-1  |      [33m[2m✓[22m[39m gives two subscribers different subsets of the same change stream [33m 309[2mms[22m[39m
certification-1  |      [33m[2m✓[22m[39m keeps order and delivers each change exactly once under a burst [33m 3812[2mms[22m[39m
certification-1  |      [33m[2m✓[22m[39m keeps every subscriber's subset correct with many subscribers at once [33m 10551[2mms[22m[39m
certification-1  |  [32m✓[39m tests/realtime-process-postgres.integration.test.ts [2m([22m[2m3 tests[22m[2m)[22m[33m 17313[2mms[22m[39m
certification-1  |      [33m[2m✓[22m[39m serves a real client from the shipped process [33m 12207[2mms[22m[39m
certification-1  |      [33m[2m✓[22m[39m refuses production with an ephemeral log and names the condition [33m 2246[2mms[22m[39m
certification-1  |      [33m[2m✓[22m[39m serves a client on a public bind after the explicit opt-in [33m 2467[2mms[22m[39m
certification-1  |  [32m✓[39m tests/billing-invoice-postgres.integration.test.ts [2m([22m[2m6 tests[22m[2m)[22m[33m 18968[2mms[22m[39m
certification-1  |      [33m[2m✓[22m[39m issues the closed month's invoice from the shipped process [33m 6474[2mms[22m[39m
certification-1  |      [33m[2m✓[22m[39m leaves the issued invoice untouched on a second run [33m 4343[2mms[22m[39m
certification-1  |      [33m[2m✓[22m[39m refuses an open period at its configuration boundary [33m 1499[2mms[22m[39m
certification-1  |      [33m[2m✓[22m[39m issues exactly one invoice when two runs race for the same period [33m 1309[2mms[22m[39m
certification-1  |      [33m[2m✓[22m[39m numbers invoices gaplessly per organization and stamps the due date [33m 4627[2mms[22m[39m
certification-1  |  [32m✓[39m tests/compute-cron-postgres.integration.test.ts [2m([22m[2m12 tests[22m[2m)[22m[33m 19275[2mms[22m[39m
certification-1  |      [33m[2m✓[22m[39m dispatches a due occurrence into the queue and advances the progress [33m 590[2mms[22m[39m
certification-1  |      [33m[2m✓[22m[39m dispatches a list-range-weekday expression through the real progress [33m 515[2mms[22m[39m
certification-1  |      [33m[2m✓[22m[39m dispatches a weekday-name expression and an @ shortcut through the real progress [33m 558[2mms[22m[39m
certification-1  |      [33m[2m✓[22m[39m dispatches a zoned schedule through the real progress across the missing hour [33m 463[2mms[22m[39m
certification-1  |      [33m[2m✓[22m[39m dispatches L, # and W schedules through the real progress [33m 1704[2mms[22m[39m
certification-1  |      [33m[2m✓[22m[39m produces exactly one message when two schedulers fire the same occurrence [33m 1628[2mms[22m[39m
certification-1  |      [33m[2m✓[22m[39m hides definitions of a different organization [33m 605[2mms[22m[39m
certification-1  |      [33m[2m✓[22m[39m dispatches from the shipped process [33m 8502[2mms[22m[39m
certification-1  |      [33m[2m✓[22m[39m reports ready while the cron loop is doing its rounds [33m 1938[2mms[22m[39m
certification-1  |      [33m[2m✓[22m[39m stops reporting ready when every definition fails [33m 2254[2mms[22m[39m
certification-1  |  [32m✓[39m tests/project-queues-multi-instance.integration.test.ts [2m([22m[2m6 tests[22m[2m)[22m[33m 20078[2mms[22m[39m
certification-1  |      [33m[2m✓[22m[39m claims every message exactly once across six competing instances [33m 7701[2mms[22m[39m
certification-1  |      [33m[2m✓[22m[39m gives a message to exactly one instance when many claim at the same moment [33m 1092[2mms[22m[39m
certification-1  |      [33m[2m✓[22m[39m fences a vanished worker: the lease survives, the stale token does not [33m 6834[2mms[22m[39m
certification-1  |      [33m[2m✓[22m[39m keeps retry authority on the server when instances fail concurrently [33m 917[2mms[22m[39m
certification-1  |      [33m[2m✓[22m[39m enforces the capacity limit even when instances enqueue at the same time [33m 2808[2mms[22m[39m
certification-1  |      [33m[2m✓[22m[39m deduplicates the same key across instances, not just within one [33m 414[2mms[22m[39m
postgres-1       | 2026-09-30 05:40:05.829 UTC [1160] ERROR:  new row for relation "project_queue_messages" violates check constraint "project_queue_messages_dedupe_pair"
postgres-1       | 2026-09-30 05:40:05.829 UTC [1160] DETAIL:  Failing row contains (3c7ca47c-d630-4b77-922e-fd21b49a0770, 4cb52f95-33a0-42ff-b7ad-f120d61a68cb, 290b8d4e-435f-4ce9-b8e0-1eaf18654390, development, 00ccca47-2022-4906-a009-a9a1594def3b, {}, available, probe, ffffffffffffffffffffffffffffffffffffffffffffffffffffffffffffffff, null, 0, 2026-09-30 05:40:05.828824+00, null, null, 0, null, null, 2026-09-30 05:40:05.828824+00, null, null, null).
postgres-1       | 2026-09-30 05:40:05.829 UTC [1160] STATEMENT:  INSERT INTO project_queue_messages
postgres-1       | 	        (organization_id,project_id,environment,queue_id,payload,owner_subject,dedupe_key_hash)
postgres-1       | 	        VALUES ($1,$2,'development',$3,'{}'::jsonb,'probe',$4)
postgres-1       | 2026-09-30 05:40:06.025 UTC [1242] FATAL:  database "absent_6ef3ea3c_b40b_4eec_916f_b62972c57318" does not exist
postgres-1       | 2026-09-30 05:40:07.231 UTC [347] LOG:  checkpoint starting: immediate force wait
postgres-1       | 2026-09-30 05:40:07.299 UTC [347] LOG:  checkpoint complete: wrote 209 buffers (1.3%); 0 WAL file(s) added, 0 removed, 2 recycled; write=0.058 s, sync=0.004 s, total=0.068 s; sync files=187, longest=0.001 s, average=0.001 s; distance=25162 kB, estimate=25162 kB; lsn=0/43AD890, redo lsn=0/43AD838
postgres-1       | 2026-09-30 05:40:14.977 UTC [1174] ERROR:  new row for relation "project_auth_settings" violates check constraint "project_auth_settings_rate_limits_check"
postgres-1       | 2026-09-30 05:40:14.977 UTC [1174] DETAIL:  Failing row contains (5eb33cc9-36a3-4d9f-b604-0d032ecfeec9, 2e6eafdd-8fc6-468f-9779-c8a8a632e7ab, development, f, 2026-09-26 12:00:00+00, {}, 0, 900, 5, 3600, 2, 900, f, 12, named, null, 2000, null, 2000, {}).
postgres-1       | 2026-09-30 05:40:14.977 UTC [1174] STATEMENT:  UPDATE project_auth_settings SET sign_in_max = 0
postgres-1       | 	       WHERE organization_id = $1 AND project_id = $2 AND environment = 'development'
postgres-1       | 2026-09-30 05:40:17.390 UTC [1282] ERROR:  new row for relation "project_auth_settings" violates check constraint "project_auth_settings_password_protection_check"
postgres-1       | 2026-09-30 05:40:17.390 UTC [1282] DETAIL:  Failing row contains (5f2db5c6-29ec-4e6b-80e0-2af6af17ba4c, 5637da48-9826-49e1-ad58-c9ecfceab6cb, development, f, 2026-09-26 13:00:00+00, {}, 10, 900, 5, 3600, 60, 3600, t, 11, generic, null, 2000, null, 2000, {}).
postgres-1       | 2026-09-30 05:40:17.390 UTC [1282] STATEMENT:  UPDATE project_auth_settings SET password_min_length = 11
postgres-1       | 	         WHERE organization_id = $1 AND project_id = $2 AND environment = 'development'
postgres-1       | 2026-09-30 05:40:17.613 UTC [1293] ERROR:  new row for relation "project_auth_settings" violates check constraint "project_auth_settings_password_protection_check"
postgres-1       | 2026-09-30 05:40:17.613 UTC [1293] DETAIL:  Failing row contains (5f2db5c6-29ec-4e6b-80e0-2af6af17ba4c, 5637da48-9826-49e1-ad58-c9ecfceab6cb, development, f, 2026-09-26 13:00:00+00, {}, 10, 900, 5, 3600, 60, 3600, t, 129, generic, null, 2000, null, 2000, {}).
postgres-1       | 2026-09-30 05:40:17.613 UTC [1293] STATEMENT:  UPDATE project_auth_settings SET password_min_length = 129
postgres-1       | 	         WHERE organization_id = $1 AND project_id = $2 AND environment = 'development'
postgres-1       | 2026-09-30 05:40:17.674 UTC [1294] ERROR:  new row for relation "project_auth_settings" violates check constraint "project_auth_settings_password_protection_check"
postgres-1       | 2026-09-30 05:40:17.674 UTC [1294] DETAIL:  Failing row contains (5f2db5c6-29ec-4e6b-80e0-2af6af17ba4c, 5637da48-9826-49e1-ad58-c9ecfceab6cb, development, f, 2026-09-26 13:00:00+00, {}, 10, 900, 5, 3600, 60, 3600, t, 14, loud, null, 2000, null, 2000, {}).
postgres-1       | 2026-09-30 05:40:17.674 UTC [1294] STATEMENT:  UPDATE project_auth_settings SET leaked_password_notice = 'loud'
postgres-1       | 	         WHERE organization_id = $1 AND project_id = $2 AND environment = 'development'
postgres-1       | 2026-09-30 05:40:23.587 UTC [347] LOG:  checkpoint starting: immediate force wait
postgres-1       | 2026-09-30 05:40:23.632 UTC [347] LOG:  checkpoint complete: wrote 159 buffers (1.0%); 0 WAL file(s) added, 0 removed, 0 recycled; write=0.042 s, sync=0.001 s, total=0.047 s; sync files=132, longest=0.001 s, average=0.001 s; distance=5177 kB, estimate=23163 kB; lsn=0/48BBD70, redo lsn=0/48BBD18
postgres-1       | 2026-09-30 05:40:32.911 UTC [347] LOG:  checkpoint starting: immediate force wait
postgres-1       | 2026-09-30 05:40:32.921 UTC [347] LOG:  checkpoint complete: wrote 69 buffers (0.4%); 0 WAL file(s) added, 0 removed, 0 recycled; write=0.009 s, sync=0.001 s, total=0.012 s; sync files=59, longest=0.001 s, average=0.001 s; distance=4598 kB, estimate=21307 kB; lsn=0/4D396C8, redo lsn=0/4D39670
postgres-1       | 2026-09-30 05:40:33.035 UTC [1240] ERROR:  new row for relation "user_console_settings" violates check constraint "user_console_settings_language_check"
postgres-1       | 2026-09-30 05:40:33.035 UTC [1240] DETAIL:  Failing row contains (48cd39b7-7455-42cb-8b00-228234181b0d, es, de-CH, browser, overview, system, 2026-09-30 05:40:33.035258+00, 2026-09-30 05:40:33.035258+00).
postgres-1       | 2026-09-30 05:40:33.035 UTC [1240] STATEMENT:  INSERT INTO user_console_settings (user_id, language) VALUES ($1, $2)
postgres-1       | 2026-09-30 05:40:33.073 UTC [1379] ERROR:  new row for relation "user_console_settings" violates check constraint "user_console_settings_format_locale_check"
postgres-1       | 2026-09-30 05:40:33.073 UTC [1379] DETAIL:  Failing row contains (48cd39b7-7455-42cb-8b00-228234181b0d, browser, de-AT, browser, overview, system, 2026-09-30 05:40:33.070347+00, 2026-09-30 05:40:33.070347+00).
postgres-1       | 2026-09-30 05:40:33.073 UTC [1379] STATEMENT:  INSERT INTO user_console_settings (user_id, format_locale) VALUES ($1, $2)
postgres-1       | 2026-09-30 05:40:33.112 UTC [1380] ERROR:  new row for relation "user_console_settings" violates check constraint "user_console_settings_theme_check"
postgres-1       | 2026-09-30 05:40:33.112 UTC [1380] DETAIL:  Failing row contains (48cd39b7-7455-42cb-8b00-228234181b0d, browser, de-CH, browser, overview, sepia, 2026-09-30 05:40:33.107293+00, 2026-09-30 05:40:33.107293+00).
postgres-1       | 2026-09-30 05:40:33.112 UTC [1380] STATEMENT:  INSERT INTO user_console_settings (user_id, theme) VALUES ($1, $2)
postgres-1       | 2026-09-30 05:40:33.159 UTC [1381] ERROR:  new row for relation "user_console_settings" violates check constraint "user_console_settings_time_zone_check"
postgres-1       | 2026-09-30 05:40:33.159 UTC [1381] DETAIL:  Failing row contains (48cd39b7-7455-42cb-8b00-228234181b0d, browser, de-CH, kein zonenname mit leerzeichen, overview, system, 2026-09-30 05:40:33.149784+00, 2026-09-30 05:40:33.149784+00).
postgres-1       | 2026-09-30 05:40:33.159 UTC [1381] STATEMENT:  INSERT INTO user_console_settings (user_id, time_zone) VALUES ($1, $2)
postgres-1       | 2026-09-30 05:40:33.187 UTC [1382] ERROR:  new row for relation "user_console_settings" violates check constraint "user_console_settings_start_view_check"
postgres-1       | 2026-09-30 05:40:33.187 UTC [1382] DETAIL:  Failing row contains (48cd39b7-7455-42cb-8b00-228234181b0d, browser, de-CH, browser, Nicht Erlaubt, system, 2026-09-30 05:40:33.184757+00, 2026-09-30 05:40:33.184757+00).
postgres-1       | 2026-09-30 05:40:33.187 UTC [1382] STATEMENT:  INSERT INTO user_console_settings (user_id, start_view) VALUES ($1, $2)
postgres-1       | 2026-09-30 05:40:33.221 UTC [1295] ERROR:  permission denied for table users
postgres-1       | 2026-09-30 05:40:33.221 UTC [1295] STATEMENT:  UPDATE users SET status = 'disabled' WHERE id = $1
postgres-1       | 2026-09-30 05:40:51.336 UTC [1450] ERROR:  relation "plaene_3274dd7a_b75b_4bc9_bd69_85261806d5cf.gibt_es_nicht" does not exist at character 73
postgres-1       | 2026-09-30 05:40:51.336 UTC [1450] STATEMENT:  EXPLAIN (FORMAT JSON, COSTS ON, VERBOSE OFF, SUMMARY ON) SELECT id FROM "plaene_3274dd7a_b75b_4bc9_bd69_85261806d5cf".gibt_es_nicht
postgres-1       | 2026-09-30 05:40:51.499 UTC [1383] ERROR:  division by zero
postgres-1       | 2026-09-30 05:40:51.499 UTC [1383] STATEMENT:  SELECT 1 / 0
postgres-1       | 2026-09-30 05:40:51.540 UTC [1479] ERROR:  division by zero
postgres-1       | 2026-09-30 05:40:51.540 UTC [1479] STATEMENT:  SELECT 1 / 0
postgres-1       | 2026-09-30 05:40:51.569 UTC [1480] ERROR:  division by zero
postgres-1       | 2026-09-30 05:40:51.569 UTC [1480] STATEMENT:  SELECT 1 / 0
postgres-1       | 2026-09-30 05:40:51.613 UTC [1481] ERROR:  division by zero
postgres-1       | 2026-09-30 05:40:51.613 UTC [1481] STATEMENT:  SELECT 1 / 0
postgres-1       | 2026-09-30 05:40:51.643 UTC [1482] ERROR:  division by zero
postgres-1       | 2026-09-30 05:40:51.643 UTC [1482] STATEMENT:  SELECT 1 / 0
postgres-1       | 2026-09-30 05:40:51.692 UTC [1483] ERROR:  division by zero
postgres-1       | 2026-09-30 05:40:51.692 UTC [1483] STATEMENT:  SELECT 1 / 0
postgres-1       | 2026-09-30 05:40:51.746 UTC [1484] ERROR:  division by zero
postgres-1       | 2026-09-30 05:40:51.746 UTC [1484] STATEMENT:  SELECT 1 / 0
postgres-1       | 2026-09-30 05:40:51.788 UTC [1485] ERROR:  division by zero
postgres-1       | 2026-09-30 05:40:51.788 UTC [1485] STATEMENT:  SELECT 1 / 0
postgres-1       | 2026-09-30 05:40:51.840 UTC [1486] ERROR:  division by zero
postgres-1       | 2026-09-30 05:40:51.840 UTC [1486] STATEMENT:  SELECT 1 / 0
postgres-1       | 2026-09-30 05:40:51.890 UTC [1487] ERROR:  division by zero
postgres-1       | 2026-09-30 05:40:51.890 UTC [1487] STATEMENT:  SELECT 1 / 0
postgres-1       | 2026-09-30 05:40:56.445 UTC [1508] ERROR:  permission denied for table pg_user_mapping
postgres-1       | 2026-09-30 05:40:56.445 UTC [1508] STATEMENT:  SELECT umoptions FROM pg_catalog.pg_user_mapping
postgres-1       | 2026-09-30 05:40:56.592 UTC [1488] WARNING:  "wal_level" is insufficient to publish logical changes
postgres-1       | 2026-09-30 05:40:56.592 UTC [1488] HINT:  Set "wal_level" to "logical" before creating subscriptions.
postgres-1       | 2026-09-30 05:40:56.625 UTC [1510] ERROR:  permission denied for table pg_subscription
postgres-1       | 2026-09-30 05:40:56.625 UTC [1510] STATEMENT:  SELECT subconninfo FROM pg_catalog.pg_subscription
postgres-1       | 2026-09-30 05:40:58.083 UTC [1385] ERROR:  permission denied for table project_storage_s3_access_keys
postgres-1       | 2026-09-30 05:40:58.083 UTC [1385] STATEMENT:  DELETE FROM project_storage_s3_access_keys WHERE id = $1
postgres-1       | 2026-09-30 05:40:58.099 UTC [1172] ERROR:  permission denied for table project_storage_s3_access_keys
postgres-1       | 2026-09-30 05:40:58.099 UTC [1172] STATEMENT:  UPDATE project_storage_s3_access_keys SET name = 'anders' WHERE id = $1
postgres-1       | 2026-09-30 05:40:58.111 UTC [1488] ERROR:  project storage S3 access keys are immutable except for one-way revocation
postgres-1       | 2026-09-30 05:40:58.111 UTC [1488] CONTEXT:  PL/pgSQL function qkern_reject_project_storage_s3_access_key_mutation() line 14 at RAISE
postgres-1       | 2026-09-30 05:40:58.111 UTC [1488] STATEMENT:  UPDATE project_storage_s3_access_keys SET revoked_at = now() + interval '1 hour' WHERE id = $1
postgres-1       | 2026-09-30 05:40:58.313 UTC [1522] ERROR:  project storage S3 access keys are immutable except for one-way revocation
postgres-1       | 2026-09-30 05:40:58.313 UTC [1522] CONTEXT:  PL/pgSQL function qkern_reject_project_storage_s3_access_key_mutation() line 14 at RAISE
postgres-1       | 2026-09-30 05:40:58.313 UTC [1522] STATEMENT:  UPDATE project_storage_s3_access_keys SET secret_ciphertext = $2 WHERE id = $1
postgres-1       | 2026-09-30 05:41:00.403 UTC [1384] ERROR:  new row for relation "project_auth_settings" violates check constraint "project_auth_settings_hook_claims_check"
postgres-1       | 2026-09-30 05:41:00.403 UTC [1384] DETAIL:  Failing row contains (ed72cb80-db8b-4b67-a6e7-fa38d7f93182, d2e00eb4-7d9a-43a8-8697-81297b2f76fb, development, f, 2026-09-30 05:41:00.094+00, {}, 10, 900, 5, 3600, 60, 3600, f, 12, named, null, 2000, hook-claims-6a2b4f6c, 2000, {role}).
postgres-1       | 2026-09-30 05:41:00.403 UTC [1384] STATEMENT:  UPDATE project_auth_settings SET access_token_hook_function = $1, access_token_hook_claims = ARRAY['role']::text[] WHERE organization_id = 'ed72cb80-db8b-4b67-a6e7-fa38d7f93182' AND project_id = 'd2e00eb4-7d9a-43a8-8697-81297b2f76fb'
postgres-1       | 	      AND environment = 'development'
postgres-1       | 2026-09-30 05:41:00.443 UTC [1533] ERROR:  new row for relation "project_auth_settings" violates check constraint "project_auth_settings_hook_timeout_check"
postgres-1       | 2026-09-30 05:41:00.443 UTC [1533] DETAIL:  Failing row contains (ed72cb80-db8b-4b67-a6e7-fa38d7f93182, d2e00eb4-7d9a-43a8-8697-81297b2f76fb, development, f, 2026-09-30 05:41:00.094+00, {}, 10, 900, 5, 3600, 60, 3600, f, 12, named, null, 0, null, 2000, {}).
postgres-1       | 2026-09-30 05:41:00.443 UTC [1533] STATEMENT:  UPDATE project_auth_settings SET sign_in_hook_timeout_ms = 0 WHERE organization_id = 'ed72cb80-db8b-4b67-a6e7-fa38d7f93182' AND project_id = 'd2e00eb4-7d9a-43a8-8697-81297b2f76fb'
postgres-1       | 	      AND environment = 'development'
postgres-1       | 2026-09-30 05:41:00.474 UTC [1534] ERROR:  new row for relation "project_auth_settings" violates check constraint "project_auth_settings_hook_function_check"
postgres-1       | 2026-09-30 05:41:00.474 UTC [1534] DETAIL:  Failing row contains (ed72cb80-db8b-4b67-a6e7-fa38d7f93182, d2e00eb4-7d9a-43a8-8697-81297b2f76fb, development, f, 2026-09-30 05:41:00.094+00, {}, 10, 900, 5, 3600, 60, 3600, f, 12, named, Nope!, 2000, null, 2000, {}).
postgres-1       | 2026-09-30 05:41:00.474 UTC [1534] STATEMENT:  UPDATE project_auth_settings SET sign_in_hook_function = 'Nope!' WHERE organization_id = 'ed72cb80-db8b-4b67-a6e7-fa38d7f93182' AND project_id = 'd2e00eb4-7d9a-43a8-8697-81297b2f76fb'
postgres-1       | 	      AND environment = 'development'
postgres-1       | 2026-09-30 05:41:00.508 UTC [1535] ERROR:  new row for relation "project_auth_settings" violates check constraint "project_auth_settings_hook_claims_check"
postgres-1       | 2026-09-30 05:41:00.508 UTC [1535] DETAIL:  Failing row contains (ed72cb80-db8b-4b67-a6e7-fa38d7f93182, d2e00eb4-7d9a-43a8-8697-81297b2f76fb, development, f, 2026-09-30 05:41:00.094+00, {}, 10, 900, 5, 3600, 60, 3600, f, 12, named, null, 2000, null, 2000, {tenant}).
postgres-1       | 2026-09-30 05:41:00.508 UTC [1535] STATEMENT:  UPDATE project_auth_settings SET access_token_hook_function = NULL, access_token_hook_claims = ARRAY['tenant']::text[] WHERE organization_id = 'ed72cb80-db8b-4b67-a6e7-fa38d7f93182' AND project_id = 'd2e00eb4-7d9a-43a8-8697-81297b2f76fb'
postgres-1       | 	      AND environment = 'development'
postgres-1       | 2026-09-30 05:41:00.950 UTC [1536] ERROR:  permission denied for table project_auth_passkeys
postgres-1       | 2026-09-30 05:41:00.950 UTC [1536] STATEMENT:  UPDATE project_auth_passkeys SET public_key = $1
postgres-1       | 	        WHERE organization_id = $2 AND project_id = $3
postgres-1       | 2026-09-30 05:41:01.944 UTC [1537] ERROR:  new row for relation "project_auth_third_party_providers" violates check constraint "project_auth_third_party_providers_role_check"
postgres-1       | 2026-09-30 05:41:01.944 UTC [1537] DETAIL:  Failing row contains (83092c0e-87d3-4754-9a95-a4ac5ab56225, 7f4c5192-558a-404d-801c-8a7891860329, e295db09-b628-4dad-832a-82d2fcdb4e17, development, direkt, https://direkt.example.com, https://aussteller-2-80.example.com/.well-known/jwks.json, {qkern-app-2-80}, sub, null, service_role, 2026-09-30 05:41:01.941901+00).
postgres-1       | 2026-09-30 05:41:01.944 UTC [1537] STATEMENT:  INSERT INTO project_auth_third_party_providers
postgres-1       | 	        (id, organization_id, project_id, environment, name, issuer, jwks_uri, audiences, default_role)
postgres-1       | 	        VALUES ($1,$2,$3,$4,'direkt','https://direkt.example.com',$5,ARRAY[$6]::text[],'service_role')
postgres-1       | 2026-09-30 05:41:02.096 UTC [1544] ERROR:  permission denied for table project_auth_third_party_providers
postgres-1       | 2026-09-30 05:41:02.096 UTC [1544] STATEMENT:  UPDATE project_auth_third_party_providers SET jwks_uri = $1 WHERE issuer = $2
postgres-1       | 2026-09-30 05:41:06.421 UTC [1569] ERROR:  new row violates row-level security policy for table "notizen"
postgres-1       | 2026-09-30 05:41:06.421 UTC [1569] STATEMENT:  INSERT INTO "graphqlw_fe653dd6_8118_4043_aa7a_aaab50c25249"."notizen" ("besitzer", "inhalt", "menge")
postgres-1       | 	         VALUES ($1, $2, $3)
postgres-1       | 	         RETURNING "id", "besitzer", "inhalt", "menge"
postgres-1       | 2026-09-30 05:41:06.471 UTC [1569] ERROR:  new row violates row-level security policy for table "notizen"
postgres-1       | 2026-09-30 05:41:06.471 UTC [1569] STATEMENT:  UPDATE "graphqlw_fe653dd6_8118_4043_aa7a_aaab50c25249"."notizen" SET "besitzer" = $1
postgres-1       | 	       WHERE "menge" = $2 RETURNING "id", "besitzer", "inhalt", "menge"
postgres-1       | 2026-09-30 05:41:07.178 UTC [1580] ERROR:  permission denied for table project_auth_oauth_clients
postgres-1       | 2026-09-30 05:41:07.178 UTC [1580] STATEMENT:  UPDATE project_auth_oauth_clients SET scopes = ARRAY['data:write']::text[] WHERE id = $1
postgres-1       | 2026-09-30 05:41:07.190 UTC [1548] ERROR:  new row for relation "project_auth_oauth_codes" violates check constraint "project_auth_oauth_codes_pkce_check"
postgres-1       | 2026-09-30 05:41:07.190 UTC [1548] DETAIL:  Failing row contains (f68ee3a3-45e6-4529-ab6a-ef086936630d, 5f3483fd-dc02-4702-9a66-37f3b362cc14, 2037a049-08a5-427e-bdc3-6be548d636fb, development, 0014d071-4acc-4bfd-80e1-d9a87185f918, 2e53b883-6bd5-4369-bbe1-87561c9c37d2, https://app.test/oauth/zurueck, {data:read}, direkt-760d6dd1-4093-40d6-8c44-7b5534c372c7, wUBv3tTpgFEN1y1u_nqmiQqHkAxRKtlkah8yUVb94OM, plain, 2026-09-30 05:41:07.184257+00, 2026-09-30 05:42:07.184257+00, null, null).
postgres-1       | 2026-09-30 05:41:07.190 UTC [1548] STATEMENT:  INSERT INTO project_auth_oauth_codes
postgres-1       | 	        (id, organization_id, project_id, environment, client_id, auth_user_id, redirect_uri,
postgres-1       | 	         scopes, code_hash, code_challenge, code_challenge_method, expires_at)
postgres-1       | 	        VALUES ($1,$2,$3,'development',$4,$5,$6,ARRAY['data:read']::text[],$7,$8,'plain',now() + interval '1 minute')
postgres-1       | 2026-09-30 05:41:08.436 UTC [347] LOG:  checkpoint starting: immediate force wait
postgres-1       | 2026-09-30 05:41:08.470 UTC [347] LOG:  checkpoint complete: wrote 321 buffers (2.0%); 0 WAL file(s) added, 0 removed, 2 recycled; write=0.032 s, sync=0.002 s, total=0.034 s; sync files=262, longest=0.001 s, average=0.001 s; distance=26861 kB, estimate=26861 kB; lsn=0/6774BB0, redo lsn=0/6774B58
postgres-1       | 2026-09-30 05:41:08.597 UTC [1521] ERROR:  permission denied for table project_auth_one_time_tokens
postgres-1       | 2026-09-30 05:41:08.597 UTC [1521] STATEMENT:  DELETE FROM project_auth_one_time_tokens WHERE organization_id = $1
postgres-1       | 2026-09-30 05:41:08.627 UTC [1595] ERROR:  permission denied for table project_auth_oauth_tokens
postgres-1       | 2026-09-30 05:41:08.627 UTC [1595] STATEMENT:  DELETE FROM project_auth_oauth_tokens WHERE organization_id = $1
postgres-1       | 2026-09-30 05:41:10.227 UTC [1583] ERROR:  permission denied for table project_auth_oauth_consents
postgres-1       | 2026-09-30 05:41:10.227 UTC [1583] STATEMENT:  DELETE FROM project_auth_oauth_consents WHERE id = $1
postgres-1       | 2026-09-30 05:41:10.232 UTC [1581] ERROR:  project auth oauth consents are immutable except for one-way revocation
postgres-1       | 2026-09-30 05:41:10.232 UTC [1581] CONTEXT:  PL/pgSQL function qkern_reject_project_auth_oauth_consent_mutation() line 8 at RAISE
postgres-1       | 2026-09-30 05:41:10.232 UTC [1581] STATEMENT:  UPDATE project_auth_oauth_consents SET revoked_at = NULL WHERE id = $1
postgres-1       | 2026-09-30 05:41:10.277 UTC [1597] ERROR:  permission denied for table project_auth_oauth_consents
postgres-1       | 2026-09-30 05:41:10.277 UTC [1597] STATEMENT:  UPDATE project_auth_oauth_consents SET scopes = ARRAY['data:write']::text[] WHERE id = $1
postgres-1       | 2026-09-30 05:41:10.555 UTC [1523] ERROR:  update or delete on table "users" violates foreign key constraint "organizations_created_by_fkey" on table "organizations"
postgres-1       | 2026-09-30 05:41:10.555 UTC [1523] DETAIL:  Key (id)=(8690b564-00e2-49c7-9da3-625474eef280) is still referenced from table "organizations".
postgres-1       | 2026-09-30 05:41:10.555 UTC [1523] STATEMENT:  DELETE FROM users WHERE id = $1
postgres-1       | 2026-09-30 05:41:10.641 UTC [1602] ERROR:  extension "vector" is not available
postgres-1       | 2026-09-30 05:41:10.641 UTC [1602] DETAIL:  Could not open extension control file "/usr/local/share/postgresql/extension/vector.control": No such file or directory.
postgres-1       | 2026-09-30 05:41:10.641 UTC [1602] HINT:  The extension must first be installed on the system where PostgreSQL is running.
postgres-1       | 2026-09-30 05:41:10.641 UTC [1602] STATEMENT:  CREATE EXTENSION vector
postgres-1       | 2026-09-30 05:41:10.786 UTC [1608] ERROR:  array is too long
postgres-1       | 2026-09-30 05:41:10.786 UTC [1608] DETAIL:  A cube cannot have more than 100 dimensions.
postgres-1       | 2026-09-30 05:41:10.786 UTC [1608] STATEMENT:  SELECT cube(array_fill(0::float8, ARRAY[$1::int]))
postgres-1       | 2026-09-30 05:41:11.620 UTC [1612] ERROR:  update or delete on table "users" violates foreign key constraint "organizations_created_by_fkey" on table "organizations"
postgres-1       | 2026-09-30 05:41:11.620 UTC [1612] DETAIL:  Key (id)=(a4db8fd8-2d2d-47db-aaa3-5ca057c65907) is still referenced from table "organizations".
postgres-1       | 2026-09-30 05:41:11.620 UTC [1612] STATEMENT:  DELETE FROM users WHERE id = $1
postgres-1       | 2026-09-30 05:41:12.458 UTC [1613] ERROR:  permission denied for table project_function_invocation_output
postgres-1       | 2026-09-30 05:41:12.458 UTC [1613] STATEMENT:  UPDATE project_function_invocation_output SET truncated = true
postgres-1       | 2026-09-30 05:41:12.462 UTC [1613] ERROR:  permission denied for table project_function_invocation_output
postgres-1       | 2026-09-30 05:41:12.462 UTC [1613] STATEMENT:  DELETE FROM project_function_invocation_output
postgres-1       | 2026-09-30 05:41:12.469 UTC [1614] ERROR:  new row for relation "project_function_invocation_output" violates check constraint "project_function_invocation_output_line_count_check"
postgres-1       | 2026-09-30 05:41:12.469 UTC [1614] DETAIL:  Failing row contains (6cd9b9a3-f41d-49df-9bec-c5656c2199ee, 79d0d89b-6bb2-4a07-ae2d-7bb285e3bea9, 5f6d6226-848b-4adc-b994-ace45ba3a85b, development, 0f8ad890-463f-40fa-bb21-6961c254e510, ed2a5237-2654-4da1-ac6e-0a6517987b48, 2026-09-30 05:41:12.465595+00, 501, 501, 0, 0, f, 0, [{"at": "2026-09-29T10:00:00.000Z", "cut": false, "text": "x", "...).
postgres-1       | 2026-09-30 05:41:12.469 UTC [1614] STATEMENT:  INSERT INTO project_function_invocation_output
postgres-1       | 	         (organization_id, project_id, environment, function_id, invocation_id,
postgres-1       | 	          line_count, stdout_lines, stderr_lines, byte_count, truncated, dropped_lines, lines)
postgres-1       | 	       VALUES ($1, $2, 'development', $3, $4, $5, $6, 0, 0, $7, $8, $9::jsonb)
postgres-1       | 2026-09-30 05:41:12.487 UTC [1616] ERROR:  new row for relation "project_function_invocation_output" violates check constraint "project_function_invocation_output_lines_shape"
postgres-1       | 2026-09-30 05:41:12.487 UTC [1616] DETAIL:  Failing row contains (3f7890cd-4e39-4a5f-a405-4c121c739377, 79d0d89b-6bb2-4a07-ae2d-7bb285e3bea9, 5f6d6226-848b-4adc-b994-ace45ba3a85b, development, 0f8ad890-463f-40fa-bb21-6961c254e510, ed2a5237-2654-4da1-ac6e-0a6517987b48, 2026-09-30 05:41:12.483449+00, 2, 2, 0, 0, f, 0, [{"at": "2026-09-29T10:00:00.000Z", "cut": false, "text": "x", "...).
postgres-1       | 2026-09-30 05:41:12.487 UTC [1616] STATEMENT:  INSERT INTO project_function_invocation_output
postgres-1       | 	         (organization_id, project_id, environment, function_id, invocation_id,
postgres-1       | 	          line_count, stdout_lines, stderr_lines, byte_count, truncated, dropped_lines, lines)
postgres-1       | 	       VALUES ($1, $2, 'development', $3, $4, $5, $6, 0, 0, $7, $8, $9::jsonb)
postgres-1       | 2026-09-30 05:41:12.510 UTC [1617] ERROR:  insert or update on table "project_function_invocation_output" violates foreign key constraint "project_function_invocation_o_organization_id_invocation_i_fkey"
postgres-1       | 2026-09-30 05:41:12.510 UTC [1617] DETAIL:  Key (organization_id, invocation_id)=(79d0d89b-6bb2-4a07-ae2d-7bb285e3bea9, 6d186fa5-6bff-4035-bb5d-3a7e7aaa8c5f) is not present in table "project_function_invocations".
postgres-1       | 2026-09-30 05:41:12.510 UTC [1617] STATEMENT:  INSERT INTO project_function_invocation_output
postgres-1       | 	         (organization_id, project_id, environment, function_id, invocation_id,
postgres-1       | 	          line_count, stdout_lines, stderr_lines, byte_count, truncated, dropped_lines, lines)
postgres-1       | 	       VALUES ($1, $2, 'development', $3, $4, $5, $6, 0, 0, $7, $8, $9::jsonb)
postgres-1       | 2026-09-30 05:41:12.529 UTC [1618] ERROR:  duplicate key value violates unique constraint "project_function_invocation_o_organization_id_invocation_id_key"
postgres-1       | 2026-09-30 05:41:12.529 UTC [1618] DETAIL:  Key (organization_id, invocation_id)=(79d0d89b-6bb2-4a07-ae2d-7bb285e3bea9, f627dba9-359b-4930-abc5-024364fa622d) already exists.
postgres-1       | 2026-09-30 05:41:12.529 UTC [1618] STATEMENT:  INSERT INTO project_function_invocation_output
postgres-1       | 	         (organization_id, project_id, environment, function_id, invocation_id,
postgres-1       | 	          line_count, stdout_lines, stderr_lines, byte_count, truncated, dropped_lines, lines)
postgres-1       | 	       VALUES ($1, $2, 'development', $3, $4, $5, $6, 0, 0, $7, $8, $9::jsonb)
postgres-1       | 2026-09-30 05:41:12.833 UTC [1599] ERROR:  duplicate key value violates unique constraint "project_auth_saml_assertion_key"
postgres-1       | 2026-09-30 05:41:12.833 UTC [1599] DETAIL:  Key (organization_id, project_id, environment, provider, assertion_id)=(445b89ec-a68c-4c5c-a8e4-7a79cc2f1b7e, 40d255fa-55b8-4d6c-b8db-2d501150d878, development, federation, _a9df27520b8f35f98ba286261a045a4eb) already exists.
postgres-1       | 2026-09-30 05:41:12.833 UTC [1599] STATEMENT:  INSERT INTO project_auth_saml_assertions
postgres-1       | 	      (organization_id, project_id, environment, provider, assertion_id, expires_at)
postgres-1       | 	      VALUES ($1, $2, 'development', 'federation', $3, now() + interval '5 minutes')
postgres-1       | 2026-09-30 05:41:12.840 UTC [1598] ERROR:  new row for relation "project_auth_saml_assertions" violates check constraint "project_auth_saml_assertions_assertion_id_check"
postgres-1       | 2026-09-30 05:41:12.840 UTC [1598] DETAIL:  Failing row contains (7078fe57-c9a4-4c7d-9c28-c1a91014089a, 445b89ec-a68c-4c5c-a8e4-7a79cc2f1b7e, 40d255fa-55b8-4d6c-b8db-2d501150d878, development, federation, 9nope, 2026-09-30 05:41:12.839977+00, 2026-09-30 05:46:12.839977+00).
postgres-1       | 2026-09-30 05:41:12.840 UTC [1598] STATEMENT:  INSERT INTO project_auth_saml_assertions
postgres-1       | 	      (organization_id, project_id, environment, provider, assertion_id, expires_at)
postgres-1       | 	      VALUES ($1, $2, 'development', 'federation', '9nope', now() + interval '5 minutes')
postgres-1       | 2026-09-30 05:41:12.860 UTC [1627] ERROR:  new row for relation "project_auth_saml_assertions" violates check constraint "project_auth_saml_assertions_provider_check"
postgres-1       | 2026-09-30 05:41:12.860 UTC [1627] DETAIL:  Failing row contains (fac98b0a-ef6b-4700-ba0c-1f1b3849e6bb, 445b89ec-a68c-4c5c-a8e4-7a79cc2f1b7e, 40d255fa-55b8-4d6c-b8db-2d501150d878, development, Federation, _abc, 2026-09-30 05:41:12.855898+00, 2026-09-30 05:46:12.855898+00).
postgres-1       | 2026-09-30 05:41:12.860 UTC [1627] STATEMENT:  INSERT INTO project_auth_saml_assertions
postgres-1       | 	      (organization_id, project_id, environment, provider, assertion_id, expires_at)
postgres-1       | 	      VALUES ($1, $2, 'development', 'Federation', '_abc', now() + interval '5 minutes')
postgres-1       | 2026-09-30 05:41:12.881 UTC [1631] ERROR:  new row for relation "project_auth_saml_assertions" violates check constraint "project_auth_saml_assertions_window"
postgres-1       | 2026-09-30 05:41:12.881 UTC [1631] DETAIL:  Failing row contains (be04c316-d0d8-4487-b8e5-5b334b0e5281, 445b89ec-a68c-4c5c-a8e4-7a79cc2f1b7e, 40d255fa-55b8-4d6c-b8db-2d501150d878, development, federation, _window, 2026-09-30 05:41:12.875193+00, 2026-09-30 05:40:12.875193+00).
postgres-1       | 2026-09-30 05:41:12.881 UTC [1631] STATEMENT:  INSERT INTO project_auth_saml_assertions
postgres-1       | 	      (organization_id, project_id, environment, provider, assertion_id, used_at, expires_at)
postgres-1       | 	      VALUES ($1, $2, 'development', 'federation', '_window', now(), now() - interval '1 minute')
postgres-1       | 2026-09-30 05:41:12.907 UTC [1632] ERROR:  new row for relation "project_auth_one_time_tokens" violates check constraint "project_auth_one_time_tokens_purpose_check"
postgres-1       | 2026-09-30 05:41:12.907 UTC [1632] DETAIL:  Failing row contains (a6e96cf6-cc0f-423a-97f1-320c3d956eb9, 445b89ec-a68c-4c5c-a8e4-7a79cc2f1b7e, 40d255fa-55b8-4d6c-b8db-2d501150d878, development, null, saml_reply, aaaaaaaaaaaaaaaaaaaaaaaaaaaaaaaaaaaaaaaaaaaaaaaaaaaaaaaaaaaaaaaa, {}, 2026-09-30 05:41:12.899974+00, 2026-09-30 05:46:12.899974+00, null).
postgres-1       | 2026-09-30 05:41:12.907 UTC [1632] STATEMENT:  INSERT INTO project_auth_one_time_tokens
postgres-1       | 	      (organization_id, project_id, environment, purpose, token_hash, expires_at)
postgres-1       | 	      VALUES ($1, $2, 'development', 'saml_reply', $3, now() + interval '5 minutes')
postgres-1       | 2026-09-30 05:41:12.932 UTC [1633] ERROR:  permission denied for table project_auth_saml_assertions
postgres-1       | 2026-09-30 05:41:12.932 UTC [1633] STATEMENT:  UPDATE project_auth_saml_assertions SET assertion_id = '_other' WHERE organization_id = $1
postgres-1       | 2026-09-30 05:41:13.057 UTC [1619] ERROR:  project storage upload verifier and identity are immutable
postgres-1       | 2026-09-30 05:41:13.057 UTC [1619] CONTEXT:  PL/pgSQL function qkern_reject_project_storage_upload_mutation() line 15 at RAISE
postgres-1       | 2026-09-30 05:41:13.057 UTC [1619] STATEMENT:  UPDATE project_storage_uploads
postgres-1       | 	      SET parts_declared = true, kind = 'single', provider_upload_id = NULL
postgres-1       | 	      WHERE id = $1
postgres-1       | 2026-09-30 05:41:13.084 UTC [1635] ERROR:  project storage upload verifier and identity are immutable
postgres-1       | 2026-09-30 05:41:13.084 UTC [1635] CONTEXT:  PL/pgSQL function qkern_reject_project_storage_upload_mutation() line 15 at RAISE
postgres-1       | 2026-09-30 05:41:13.084 UTC [1635] STATEMENT:  UPDATE project_storage_uploads SET parts_declared = false
postgres-1       | 	      WHERE id = $1
postgres-1       | 2026-09-30 05:41:13.208 UTC [1636] ERROR:  project storage upload verifier and identity are immutable
postgres-1       | 2026-09-30 05:41:13.208 UTC [1636] CONTEXT:  PL/pgSQL function qkern_reject_project_storage_upload_mutation() line 15 at RAISE
postgres-1       | 2026-09-30 05:41:13.208 UTC [1636] STATEMENT:  UPDATE project_storage_uploads SET checksum_sha256 = NULL WHERE id = $1
certification-1  |  [32m✓[39m tests/postgres.integration.test.ts [2m([22m[2m58 tests[22m[2m)[22m[33m 74312[2mms[22m[39m
certification-1  |      [33m[2m✓[22m[39m finds the suspected missing index, the unused index, the bloat and the missing sample in real statistics (2.40) [33m 4671[2mms[22m[39m
certification-1  |      [33m[2m✓[22m[39m (2.42) reconstructs the cron log from the real dedupe verifier of an enqueued occurrence [33m 450[2mms[22m[39m
certification-1  |      [33m[2m✓[22m[39m (2.43) enqueues a dedupe key into a queue without a dedupe window against the real pair constraint [33m 322[2mms[22m[39m
certification-1  |      [33m[2m✓[22m[39m (2.49) applies a console change set through the approval path and leaves the table as described [33m 888[2mms[22m[39m
certification-1  |      [33m[2m✓[22m[39m (2.52) refuses a usable session without the second factor when the project requires it [33m 1939[2mms[22m[39m
certification-1  |      [33m[2m✓[22m[39m (2.54) refuses a return target outside the allowed list of the project [33m 1108[2mms[22m[39m
certification-1  |      [33m[2m✓[22m[39m (2.56) refuses the login attempt that crosses the limit and lets the next window through [33m 4554[2mms[22m[39m
certification-1  |      [33m[2m✓[22m[39m (2.60) refuses a known leaked password at sign-up when the project requires it [33m 2606[2mms[22m[39m
certification-1  |      [33m[2m✓[22m[39m (2.59) reports the roles and the TLS state of the project database without a connection string [33m 360[2mms[22m[39m
certification-1  |      [33m[2m✓[22m[39m (2.62) tells for a real table what a signed-in user may read and write [33m 707[2mms[22m[39m
certification-1  |      [33m[2m✓[22m[39m (2.61) runs every prepared template against a real catalog without writing [33m 1715[2mms[22m[39m
certification-1  |      [33m[2m✓[22m[39m (2.67) shows what a query costs in the console without showing the query [33m 1385[2mms[22m[39m
certification-1  |      [33m[2m✓[22m[39m (2.50) turns a real table change into a signed webhook delivery [33m 1357[2mms[22m[39m
certification-1  |      [33m[2m✓[22m[39m (2.63) forwards only the fields the console already shows [33m 396[2mms[22m[39m
certification-1  |      [33m[2m✓[22m[39m (2.53) delivers a table change through the running bridge process [33m 8804[2mms[22m[39m
certification-1  |      [33m[2m✓[22m[39m (2.65) searches across the sources that have routes and says what it cannot reach [33m 455[2mms[22m[39m
certification-1  |      [33m[2m✓[22m[39m (2.64) forwards through the running collector process and continues after a restart [33m 7673[2mms[22m[39m
certification-1  |      [33m[2m✓[22m[39m (2.68) reads what this environment runs on from the real server and the real control plane [33m 916[2mms[22m[39m
certification-1  |      [33m[2m✓[22m[39m (2.69) explains a real query plan without executing the query [33m 9080[2mms[22m[39m
certification-1  |      [33m[2m✓[22m[39m (2.70) reports the state of the real database from counters that really move [33m 4956[2mms[22m[39m
certification-1  |      [33m[2m✓[22m[39m (2.74) reads a real replication slot with its backlog and carries no connection secret out [33m 806[2mms[22m[39m
certification-1  |      [33m[2m✓[22m[39m (2.75) turns a real project event into a signed dashboard webhook delivery [33m 543[2mms[22m[39m
certification-1  |      [33m[2m✓[22m[39m (2.77) calls the auth hooks of a real sign-in and refuses one that wants a reserved claim [33m 2166[2mms[22m[39m
certification-1  |      [33m[2m✓[22m[39m (2.79) registers a real passkey, signs in with a real signature and refuses replay, wrong origin and a counter that runs backwards [33m 617[2mms[22m[39m
certification-1  |      [33m[2m✓[22m[39m (2.81) counts change sets, approvals and apply jobs per fixed environment under RLS [33m 418[2mms[22m[39m
certification-1  |      [33m[2m✓[22m[39m (2.80) accepts a real foreign token through the Data API under row security and refuses the four forgeries [33m 808[2mms[22m[39m
certification-1  |      [33m[2m✓[22m[39m (2.85) does not forward the same audit row again after a restart when the database sets the microseconds [33m 3155[2mms[22m[39m
certification-1  |      [33m[2m✓[22m[39m (2.83) answers a real GraphQL query under row security and refuses depth, a table without RLS and an alias trick [33m 434[2mms[22m[39m
certification-1  |      [33m[2m✓[22m[39m (2.97) writes through GraphQL exactly the rows the policy allows, rolls the whole request back on one rejected row and refuses a table without RLS, a missing filter and an exceeded limit [33m 629[2mms[22m[39m
certification-1  |      [33m[2m✓[22m[39m (2.82) issues an OAuth code with PKCE, redeems it once, reads with the token under row security and refuses replay, a wrong verifier, a foreign return target and an ungranted scope [33m 1259[2mms[22m[39m
certification-1  |      [33m[2m✓[22m[39m (2.86) reads the realtime channels, keeps a counter past retention, counts the change feed backlog against the stored position and shows the neighbour nothing [33m 572[2mms[22m[39m
certification-1  |      [33m[2m✓[22m[39m (2.89) removes exactly the long-expired one-time artefacts, keeps the fresh ones, keeps a code whose token still lives, and lets only the auth role delete [33m 310[2mms[22m[39m
certification-1  |      [33m[2m✓[22m[39m (2.91) turns a real OAuth token into an MCP session with exactly the tools its scopes open, writes a row through it, and refuses an ungranted, an expired and a revoked token with the same answer [33m 969[2mms[22m[39m
certification-1  |      [33m[2m✓[22m[39m (2.92) records a consent as one row, issues a token on it, revokes exactly that consent so the token stops working while the row stays, and refuses a scope nobody consented to [33m 802[2mms[22m[39m
certification-1  |      [33m[2m✓[22m[39m (2.93) proves what the vector page claims: this server offers no vector type, CREATE EXTENSION vector fails, cube stops at its hard dimension limit, and a bucket written under row security has no place for an embedding [33m 501[2mms[22m[39m
certification-1  |      [33m[2m✓[22m[39m (2.94) revokes exactly one issued OAuth token so that token stops working while its consent, its neighbour token and the right to a new one all stay [33m 565[2mms[22m[39m
certification-1  |      [33m[2m✓[22m[39m (2.95) embeds neighbour rows over real foreign keys and shows exactly what the policy of the embedded table allows, refuses an unknown relation, a neighbour without row security and one embed too many [33m 734[2mms[22m[39m
certification-1  |      [33m[2m✓[22m[39m (2.99) turns a really signed SAML assertion into a session in the real database, bars the same assertion the second time at the unique constraint of 0070, and keeps that bar inside its own environment and provider [33m 448[2mms[22m[39m
certification-1  | 
certification-1  | [2m Test Files [22m [1m[32m31 passed[39m[22m[90m (31)[39m
certification-1  | [2m      Tests [22m [1m[32m234 passed[39m[22m[90m (234)[39m
certification-1  | [2m   Start at [22m 05:39:38
certification-1  | [2m   Duration [22m 95.44s[2m (transform 64.43s, setup 0ms, import 104.38s, tests 253.56s, environment 78ms)[22m
certification-1  | 
[Kcertification-1 exited with code 0
 Compose Stopping Aborting on container exit...
 Container qkern-v023-certification-certification-1 Stopping 
 Container qkern-v023-certification-certification-1 Stopped 
 Container qkern-v023-certification-vault-1 Stopping 
 Container qkern-v023-certification-postgres-1 Stopping 
postgres-1       | 2026-09-30 05:41:22.669 UTC [1] LOG:  received fast shutdown request
postgres-1       | 2026-09-30 05:41:22.669 UTC [1] LOG:  aborting any active transactions
vault-1          | ==> Vault shutdown triggered
vault-1          | 2026-09-30T05:41:22.674Z [INFO]  core: marked as sealed
vault-1          | 2026-09-30T05:41:22.684Z [INFO]  core: pre-seal teardown starting
vault-1          | 2026-09-30T05:41:22.714Z [INFO]  rollback: stopping rollback manager
postgres-1       | 2026-09-30 05:41:22.720 UTC [1] LOG:  background worker "logical replication launcher" (PID 352) exited with exit code 1
postgres-1       | 2026-09-30 05:41:22.720 UTC [347] LOG:  shutting down
postgres-1       | 2026-09-30 05:41:22.720 UTC [347] LOG:  checkpoint starting: shutdown immediate
vault-1          | 2026-09-30T05:41:22.737Z [INFO]  core: pre-seal teardown complete
vault-1          | 2026-09-30T05:41:22.749Z [INFO]  core: stopping cluster listeners
vault-1          | 2026-09-30T05:41:22.750Z [INFO]  core.cluster-listener: forwarding rpc listeners stopped
postgres-1       | 2026-09-30 05:41:22.762 UTC [347] LOG:  checkpoint complete: wrote 256 buffers (1.6%); 0 WAL file(s) added, 0 removed, 0 recycled; write=0.040 s, sync=0.001 s, total=0.042 s; sync files=196, longest=0.001 s, average=0.000 s; distance=1118 kB, estimate=24286 kB; lsn=0/688C5B0, redo lsn=0/688C5B0
postgres-1       | 2026-09-30 05:41:22.985 UTC [1] LOG:  database system is shut down
vault-1          | 2026-09-30T05:41:23.196Z [INFO]  core.cluster-listener: rpc listeners successfully shut down
vault-1          | 2026-09-30T05:41:23.196Z [INFO]  core: cluster listeners successfully shut down
vault-1          | 2026-09-30T05:41:23.204Z [INFO]  core: vault is sealed
 Container qkern-v023-certification-postgres-1 Stopped 
[Kpostgres-1 exited with code 0
 Container qkern-v023-certification-vault-1 Stopped 
[Kvault-1 exited with code 0
 Container qkern-v023-certification-certification-1 Stopping 
 Container qkern-v023-certification-certification-1 Stopped 
 Container qkern-v023-certification-certification-1 Removing 
 Container qkern-v023-certification-certification-1 Removed 
 Container qkern-v023-certification-postgres-1 Stopping 
 Container qkern-v023-certification-vault-1 Stopping 
 Container qkern-v023-certification-vault-1 Stopped 
 Container qkern-v023-certification-vault-1 Removing 
 Container qkern-v023-certification-postgres-1 Stopped 
 Container qkern-v023-certification-postgres-1 Removing 
 Container qkern-v023-certification-postgres-1 Removed 
 Container qkern-v023-certification-vault-1 Removed 
 Network qkern-v023-certification_default Removing 
 Network qkern-v023-certification_default Removed 
EXIT=0
