
> qkern-platform@2.80.0 test:postgres:docker
> node scripts/postgres-certification.mjs

 Network qkern-slice-w33_default Creating 
 Network qkern-slice-w33_default Created 
 Container qkern-slice-w33-vault-1 Creating 
 Container qkern-slice-w33-postgres-1 Creating 
 Container qkern-slice-w33-vault-1 Created 
 Container qkern-slice-w33-postgres-1 Created 
 Container qkern-slice-w33-certification-1 Creating 
 Container qkern-slice-w33-certification-1 Created 
Attaching to certification-1, postgres-1, vault-1
 Container qkern-slice-w33-vault-1 Starting 
 Container qkern-slice-w33-postgres-1 Starting 
 Container qkern-slice-w33-vault-1 Started 
 Container qkern-slice-w33-postgres-1 Started 
 Container qkern-slice-w33-vault-1 Waiting 
 Container qkern-slice-w33-postgres-1 Waiting 
postgres-1  | The files belonging to this database system will be owned by user "postgres".
postgres-1  | This user must also own the server process.
postgres-1  | 
postgres-1  | The database cluster will be initialized with locale "en_US.utf8".
postgres-1  | The default database encoding has accordingly been set to "UTF8".
postgres-1  | The default text search configuration will be set to "english".
postgres-1  | 
postgres-1  | Data page checksums are disabled.
postgres-1  | 
postgres-1  | fixing permissions on existing directory /var/lib/postgresql/data ... ok
postgres-1  | creating subdirectories ... ok
postgres-1  | selecting dynamic shared memory implementation ... posix
postgres-1  | selecting default "max_connections" ... 100
postgres-1  | selecting default "shared_buffers" ... 128MB
postgres-1  | selecting default time zone ... UTC
postgres-1  | creating configuration files ... ok
postgres-1  | running bootstrap script ... ok
postgres-1  | sh: locale: not found
postgres-1  | 2026-10-07 19:04:23.655 UTC [36] WARNING:  no usable system locales were found
postgres-1  | performing post-bootstrap initialization ... ok
postgres-1  | initdb: warning: enabling "trust" authentication for local connections
postgres-1  | initdb: hint: You can change this by editing pg_hba.conf or using the option -A, or --auth-local and --auth-host, the next time you run initdb.
postgres-1  | syncing data to disk ... ok
postgres-1  | 
postgres-1  | 
postgres-1  | Success. You can now start the database server using:
postgres-1  | 
postgres-1  |     pg_ctl -D /var/lib/postgresql/data -l logfile start
postgres-1  | 
postgres-1  | waiting for server to start....2026-10-07 19:04:24.103 UTC [42] LOG:  starting PostgreSQL 17.10 on x86_64-pc-linux-musl, compiled by gcc (Alpine 15.2.0) 15.2.0, 64-bit
postgres-1  | 2026-10-07 19:04:24.108 UTC [42] LOG:  listening on Unix socket "/var/run/postgresql/.s.PGSQL.5432"
postgres-1  | 2026-10-07 19:04:24.111 UTC [45] LOG:  database system was shut down at 2026-10-07 19:04:24 UTC
postgres-1  | 2026-10-07 19:04:24.117 UTC [42] LOG:  database system is ready to accept connections
postgres-1  |  done
postgres-1  | server started
postgres-1  | CREATE DATABASE
postgres-1  | 
postgres-1  | 
postgres-1  | /usr/local/bin/docker-entrypoint.sh: running /docker-entrypoint-initdb.d/000-certification-init.sh
postgres-1  | certification-init: applying 0001_control_plane.sql
postgres-1  | CREATE EXTENSION
postgres-1  | CREATE TYPE
postgres-1  | CREATE TYPE
postgres-1  | CREATE TABLE
postgres-1  | CREATE TABLE
postgres-1  | CREATE TABLE
postgres-1  | CREATE TABLE
postgres-1  | CREATE INDEX
postgres-1  | CREATE TABLE
postgres-1  | CREATE TABLE
postgres-1  | CREATE INDEX
postgres-1  | CREATE TABLE
postgres-1  | CREATE INDEX
postgres-1  | CREATE TABLE
postgres-1  | CREATE TABLE
postgres-1  | CREATE INDEX
postgres-1  | ALTER TABLE
postgres-1  | ALTER TABLE
postgres-1  | ALTER TABLE
postgres-1  | ALTER TABLE
postgres-1  | ALTER TABLE
postgres-1  | CREATE POLICY
postgres-1  | CREATE POLICY
postgres-1  | CREATE POLICY
postgres-1  | CREATE POLICY
postgres-1  | CREATE POLICY
postgres-1  | certification-init: applying 0002_repository_hardening.sql
postgres-1  | BEGIN
postgres-1  | CREATE FUNCTION
postgres-1  | ALTER TABLE
postgres-1  | ALTER TABLE
postgres-1  | ALTER TABLE
postgres-1  | ALTER TABLE
postgres-1  | ALTER TABLE
postgres-1  | ALTER TABLE
postgres-1  | UPDATE 0
postgres-1  | ALTER TABLE
postgres-1  | CREATE INDEX
postgres-1  | CREATE INDEX
postgres-1  | CREATE FUNCTION
postgres-1  | CREATE TRIGGER
postgres-1  | CREATE TRIGGER
postgres-1  | CREATE TRIGGER
postgres-1  | CREATE FUNCTION
postgres-1  | CREATE FUNCTION
postgres-1  | CREATE TRIGGER
postgres-1  | CREATE TRIGGER
postgres-1  | ALTER TABLE
postgres-1  | ALTER TABLE
postgres-1  | ALTER TABLE
postgres-1  | ALTER TABLE
postgres-1  | ALTER TABLE
postgres-1  | ALTER TABLE
postgres-1  | ALTER TABLE
postgres-1  | ALTER TABLE
postgres-1  | ALTER TABLE
postgres-1  | ALTER TABLE
postgres-1  | ALTER TABLE
postgres-1  | ALTER TABLE
postgres-1  | ALTER TABLE
postgres-1  | ALTER TABLE
postgres-1  | ALTER TABLE
postgres-1  | ALTER TABLE
postgres-1  | DROP POLICY
postgres-1  | DROP POLICY
postgres-1  | DROP POLICY
postgres-1  | DROP POLICY
postgres-1  | DROP POLICY
postgres-1  | CREATE POLICY
postgres-1  | CREATE POLICY
postgres-1  | CREATE POLICY
postgres-1  | CREATE POLICY
postgres-1  | CREATE POLICY
postgres-1  | CREATE POLICY
postgres-1  | CREATE POLICY
postgres-1  | CREATE POLICY
postgres-1  | CREATE POLICY
postgres-1  | CREATE POLICY
postgres-1  | CREATE POLICY
postgres-1  | CREATE POLICY
postgres-1  | CREATE POLICY
postgres-1  | CREATE POLICY
postgres-1  | CREATE POLICY
postgres-1  | CREATE POLICY
postgres-1  | CREATE POLICY
postgres-1  | CREATE POLICY
postgres-1  | CREATE POLICY
postgres-1  | CREATE POLICY
postgres-1  | CREATE POLICY
postgres-1  | CREATE POLICY
postgres-1  | CREATE POLICY
postgres-1  | CREATE POLICY
postgres-1  | DO
postgres-1  | REVOKE
postgres-1  | GRANT
postgres-1  | GRANT
postgres-1  | GRANT
postgres-1  | GRANT
postgres-1  | GRANT
postgres-1  | GRANT
postgres-1  | GRANT
postgres-1  | GRANT
postgres-1  | GRANT
postgres-1  | GRANT
postgres-1  | GRANT
postgres-1  | GRANT
postgres-1  | GRANT
postgres-1  | COMMIT
postgres-1  | certification-init: applying 0003_auth_and_memberships.sql
postgres-1  | BEGIN
postgres-1  | ALTER TABLE
postgres-1  | ALTER TABLE
postgres-1  | UPDATE 0
postgres-1  | ALTER TABLE
postgres-1  | CREATE INDEX
postgres-1  | CREATE TRIGGER
postgres-1  | CREATE TABLE
postgres-1  | CREATE INDEX
postgres-1  | CREATE INDEX
postgres-1  | CREATE FUNCTION
postgres-1  | DO
postgres-1  | REVOKE
postgres-1  | REVOKE
postgres-1  | GRANT
postgres-1  | GRANT
postgres-1  | GRANT
postgres-1  | GRANT
postgres-1  | COMMIT
postgres-1  | certification-init: applying 0004_artifact_and_workspace_integrity.sql
postgres-1  | BEGIN
postgres-1  | ALTER TABLE
postgres-1  | CREATE INDEX
postgres-1  | ALTER TABLE
postgres-1  | ALTER TABLE
postgres-1  | ALTER TABLE
postgres-1  | CREATE FUNCTION
postgres-1  | CREATE TRIGGER
postgres-1  | CREATE FUNCTION
postgres-1  | CREATE TRIGGER
postgres-1  | REVOKE
postgres-1  | GRANT
postgres-1  | REVOKE
postgres-1  | GRANT
postgres-1  | GRANT
postgres-1  | GRANT
postgres-1  | COMMIT
postgres-1  | certification-init: applying 0005_migration_apply_queue.sql
postgres-1  | BEGIN
postgres-1  | CREATE TYPE
postgres-1  | CREATE TYPE
postgres-1  | CREATE TABLE
postgres-1  | CREATE INDEX
postgres-1  | CREATE INDEX
postgres-1  | CREATE TABLE
postgres-1  | CREATE INDEX
postgres-1  | CREATE TRIGGER
postgres-1  | CREATE TRIGGER
postgres-1  | CREATE FUNCTION
postgres-1  | CREATE TRIGGER
postgres-1  | CREATE FUNCTION
postgres-1  | CREATE TRIGGER
postgres-1  | ALTER TABLE
postgres-1  | ALTER TABLE
postgres-1  | ALTER TABLE
postgres-1  | ALTER TABLE
postgres-1  | CREATE POLICY
postgres-1  | CREATE POLICY
postgres-1  | CREATE POLICY
postgres-1  | CREATE POLICY
postgres-1  | CREATE POLICY
postgres-1  | CREATE POLICY
postgres-1  | REVOKE
postgres-1  | REVOKE
postgres-1  | REVOKE
postgres-1  | GRANT
postgres-1  | GRANT
postgres-1  | GRANT
postgres-1  | GRANT
postgres-1  | GRANT
postgres-1  | GRANT
postgres-1  | GRANT
postgres-1  | GRANT
postgres-1  | GRANT
postgres-1  | COMMIT
postgres-1  | certification-init: applying 0006_worker_runtime_boundary.sql
postgres-1  | BEGIN
postgres-1  | DO
postgres-1  | ALTER TABLE
postgres-1  | ALTER TABLE
postgres-1  | UPDATE 0
postgres-1  | ALTER TABLE
postgres-1  | REVOKE
postgres-1  | REVOKE
postgres-1  | REVOKE
postgres-1  | GRANT
postgres-1  | REVOKE
postgres-1  | REVOKE
postgres-1  | GRANT
postgres-1  | GRANT
postgres-1  | GRANT
postgres-1  | GRANT
postgres-1  | GRANT
postgres-1  | GRANT
postgres-1  | GRANT
postgres-1  | GRANT
postgres-1  | GRANT
postgres-1  | GRANT
postgres-1  | GRANT
postgres-1  | COMMIT
postgres-1  | certification-init: applying 0007_migration_claim_sequence.sql
postgres-1  | BEGIN
postgres-1  | ALTER TABLE
postgres-1  | REVOKE
postgres-1  | GRANT
postgres-1  | COMMIT
postgres-1  | certification-init: applying 0008_migration_reconciliation_quarantine.sql
postgres-1  | ALTER TYPE
postgres-1  | BEGIN
postgres-1  | ALTER TABLE
postgres-1  | REVOKE
postgres-1  | GRANT
postgres-1  | COMMIT
postgres-1  | certification-init: applying 0009_migration_review_commands.sql
postgres-1  | BEGIN
postgres-1  | CREATE TYPE
postgres-1  | ALTER TABLE
postgres-1  | CREATE TABLE
postgres-1  | CREATE INDEX
postgres-1  | CREATE INDEX
postgres-1  | CREATE TRIGGER
postgres-1  | ALTER TABLE
postgres-1  | ALTER TABLE
postgres-1  | CREATE POLICY
postgres-1  | CREATE POLICY
postgres-1  | CREATE POLICY
postgres-1  | REVOKE
postgres-1  | GRANT
postgres-1  | GRANT
postgres-1  | GRANT
postgres-1  | GRANT
postgres-1  | REVOKE
postgres-1  | GRANT
postgres-1  | COMMIT
postgres-1  | certification-init: applying 0010_migration_incident_escalations.sql
postgres-1  | BEGIN
postgres-1  | CREATE TYPE
postgres-1  | CREATE TYPE
postgres-1  | CREATE TABLE
postgres-1  | CREATE INDEX
postgres-1  | CREATE INDEX
postgres-1  | CREATE TRIGGER
postgres-1  | CREATE FUNCTION
postgres-1  | CREATE TRIGGER
postgres-1  | ALTER TABLE
postgres-1  | ALTER TABLE
postgres-1  | CREATE POLICY
postgres-1  | CREATE POLICY
postgres-1  | CREATE POLICY
postgres-1  | REVOKE
postgres-1  | REVOKE
postgres-1  | GRANT
postgres-1  | GRANT
postgres-1  | GRANT
postgres-1  | GRANT
postgres-1  | GRANT
postgres-1  | COMMIT
postgres-1  | certification-init: applying 0011_migration_incident_outbox.sql
postgres-1  | BEGIN
postgres-1  | CREATE TABLE
postgres-1  | CREATE INDEX
postgres-1  | CREATE TRIGGER
postgres-1  | INSERT 0 0
postgres-1  | ALTER TABLE
postgres-1  | ALTER TABLE
postgres-1  | CREATE POLICY
postgres-1  | CREATE POLICY
postgres-1  | CREATE POLICY
postgres-1  | REVOKE
postgres-1  | GRANT
postgres-1  | GRANT
postgres-1  | GRANT
postgres-1  | COMMIT
postgres-1  | certification-init: applying 0012_migration_incident_dead_letters.sql
postgres-1  | ALTER TYPE
postgres-1  | BEGIN
postgres-1  | ALTER TABLE
postgres-1  | CREATE INDEX
postgres-1  | CREATE TYPE
postgres-1  | CREATE TABLE
postgres-1  | CREATE INDEX
postgres-1  | CREATE INDEX
postgres-1  | CREATE TRIGGER
postgres-1  | CREATE FUNCTION
postgres-1  | CREATE TRIGGER
postgres-1  | ALTER TABLE
postgres-1  | ALTER TABLE
postgres-1  | CREATE POLICY
postgres-1  | CREATE POLICY
postgres-1  | CREATE POLICY
postgres-1  | REVOKE
postgres-1  | REVOKE
postgres-1  | GRANT
postgres-1  | GRANT
postgres-1  | GRANT
postgres-1  | GRANT
postgres-1  | GRANT
postgres-1  | COMMIT
postgres-1  | certification-init: applying 0013_migration_incident_delivery_health.sql
postgres-1  | BEGIN
postgres-1  | CREATE FUNCTION
postgres-1  | REVOKE
postgres-1  | GRANT
postgres-1  | COMMIT
postgres-1  | certification-init: applying 0014_migration_incident_delivery_visibility.sql
postgres-1  | BEGIN
postgres-1  | REVOKE
postgres-1  | DROP FUNCTION
postgres-1  | CREATE FUNCTION
postgres-1  | CREATE FUNCTION
postgres-1  | REVOKE
postgres-1  | REVOKE
postgres-1  | GRANT
postgres-1  | GRANT
postgres-1  | COMMIT
postgres-1  | certification-init: applying 0015_migration_incident_delivery_failure_classification.sql
postgres-1  | BEGIN
postgres-1  | ALTER TABLE
postgres-1  | REVOKE
postgres-1  | DROP FUNCTION
postgres-1  | CREATE FUNCTION
postgres-1  | REVOKE
postgres-1  | GRANT
postgres-1  | COMMIT
postgres-1  | certification-init: applying 0016_migration_incident_delivery_recovery_binding.sql
postgres-1  | BEGIN
postgres-1  | ALTER TABLE
postgres-1  | LOCK TABLE
postgres-1  | UPDATE 0
postgres-1  | UPDATE 0
postgres-1  | ALTER TABLE
postgres-1  | CREATE FUNCTION
postgres-1  | REVOKE
postgres-1  | GRANT
postgres-1  | COMMIT
postgres-1  | certification-init: applying 0017_migration_incident_verified_resolution.sql
postgres-1  | ALTER TYPE
postgres-1  | BEGIN
postgres-1  | CREATE TYPE
postgres-1  | CREATE TYPE
postgres-1  | CREATE TYPE
postgres-1  | ALTER TABLE
postgres-1  | CREATE TABLE
postgres-1  | CREATE INDEX
postgres-1  | CREATE INDEX
postgres-1  | CREATE TRIGGER
postgres-1  | CREATE FUNCTION
postgres-1  | CREATE FUNCTION
postgres-1  | CREATE FUNCTION
postgres-1  | CREATE TRIGGER
postgres-1  | ALTER TABLE
postgres-1  | ALTER TABLE
postgres-1  | CREATE POLICY
postgres-1  | CREATE POLICY
postgres-1  | CREATE POLICY
postgres-1  | REVOKE
postgres-1  | REVOKE
postgres-1  | GRANT
postgres-1  | GRANT
postgres-1  | GRANT
postgres-1  | GRANT
postgres-1  | GRANT
postgres-1  | COMMIT
postgres-1  | certification-init: applying 0018_migration_incident_delivery_recovery_generation.sql
postgres-1  | BEGIN
postgres-1  | ALTER TABLE
postgres-1  | LOCK TABLE
postgres-1  | UPDATE 0
postgres-1  | UPDATE 0
postgres-1  | ALTER TABLE
postgres-1  | ALTER TABLE
postgres-1  | CREATE FUNCTION
postgres-1  | REVOKE
postgres-1  | GRANT
postgres-1  | COMMIT
postgres-1  | certification-init: applying 0019_migration_apply_delivery_resilience.sql
postgres-1  | BEGIN
postgres-1  | ALTER TABLE
postgres-1  | CREATE INDEX
postgres-1  | CREATE TYPE
postgres-1  | CREATE TABLE
postgres-1  | CREATE INDEX
postgres-1  | CREATE INDEX
postgres-1  | CREATE TRIGGER
postgres-1  | CREATE FUNCTION
postgres-1  | CREATE TRIGGER
postgres-1  | ALTER TABLE
postgres-1  | ALTER TABLE
postgres-1  | CREATE POLICY
postgres-1  | CREATE POLICY
postgres-1  | CREATE POLICY
postgres-1  | CREATE FUNCTION
postgres-1  | CREATE FUNCTION
postgres-1  | REVOKE
postgres-1  | REVOKE
postgres-1  | REVOKE
postgres-1  | REVOKE
postgres-1  | REVOKE
postgres-1  | GRANT
postgres-1  | GRANT
postgres-1  | GRANT
postgres-1  | GRANT
postgres-1  | GRANT
postgres-1  | GRANT
postgres-1  | GRANT
postgres-1  | COMMIT
postgres-1  | certification-init: applying 0020_project_database_provisioning.sql
postgres-1  | BEGIN
postgres-1  | DO
postgres-1  | CREATE TYPE
postgres-1  | CREATE TABLE
postgres-1  | CREATE TABLE
postgres-1  | ALTER TABLE
postgres-1  | CREATE INDEX
postgres-1  | CREATE TRIGGER
postgres-1  | ALTER TABLE
postgres-1  | ALTER TABLE
postgres-1  | ALTER TABLE
postgres-1  | ALTER TABLE
postgres-1  | CREATE POLICY
postgres-1  | CREATE POLICY
postgres-1  | CREATE FUNCTION
postgres-1  | CREATE FUNCTION
postgres-1  | REVOKE
postgres-1  | REVOKE
postgres-1  | REVOKE
postgres-1  | REVOKE
postgres-1  | REVOKE
postgres-1  | GRANT
postgres-1  | GRANT
postgres-1  | GRANT
postgres-1  | GRANT
postgres-1  | GRANT
postgres-1  | GRANT
postgres-1  | GRANT
postgres-1  | GRANT
postgres-1  | GRANT
postgres-1  | GRANT
postgres-1  | GRANT
postgres-1  | GRANT
postgres-1  | GRANT
postgres-1  | GRANT
postgres-1  | GRANT
postgres-1  | COMMIT
postgres-1  | certification-init: applying 0021_project_database_provisioning_health.sql
postgres-1  | BEGIN
postgres-1  | CREATE TABLE
postgres-1  | CREATE INDEX
postgres-1  | ALTER TABLE
postgres-1  | ALTER TABLE
postgres-1  | CREATE POLICY
postgres-1  | CREATE FUNCTION
postgres-1  | REVOKE
postgres-1  | REVOKE
postgres-1  | GRANT
postgres-1  | GRANT
postgres-1  | GRANT
postgres-1  | COMMIT
postgres-1  | certification-init: applying 0022_project_automation_policies.sql
postgres-1  | BEGIN
postgres-1  | CREATE TABLE
postgres-1  | ALTER TABLE
postgres-1  | UPDATE 0
postgres-1  | ALTER TABLE
postgres-1  | ALTER TABLE
postgres-1  | ALTER TABLE
postgres-1  | CREATE POLICY
postgres-1  | CREATE POLICY
postgres-1  | CREATE POLICY
postgres-1  | REVOKE
postgres-1  | GRANT
postgres-1  | GRANT
postgres-1  | COMMIT
postgres-1  | certification-init: applying 0023_project_api_keys.sql
postgres-1  | BEGIN
postgres-1  | CREATE TABLE
postgres-1  | CREATE INDEX
postgres-1  | CREATE INDEX
postgres-1  | CREATE FUNCTION
postgres-1  | CREATE TRIGGER
postgres-1  | ALTER TABLE
postgres-1  | CREATE POLICY
postgres-1  | CREATE POLICY
postgres-1  | CREATE POLICY
postgres-1  | CREATE FUNCTION
postgres-1  | REVOKE
postgres-1  | REVOKE
postgres-1  | REVOKE
postgres-1  | GRANT
postgres-1  | GRANT
postgres-1  | GRANT
postgres-1  | GRANT
postgres-1  | COMMIT
postgres-1  | certification-init: applying 0024_project_auth.sql
postgres-1  | BEGIN
postgres-1  | CREATE TABLE
postgres-1  | CREATE INDEX
postgres-1  | CREATE TABLE
postgres-1  | CREATE INDEX
postgres-1  | CREATE INDEX
postgres-1  | CREATE TABLE
postgres-1  | CREATE INDEX
postgres-1  | CREATE TABLE
postgres-1  | CREATE TABLE
postgres-1  | CREATE FUNCTION
postgres-1  | CREATE TRIGGER
postgres-1  | CREATE TRIGGER
postgres-1  | CREATE TRIGGER
postgres-1  | CREATE TRIGGER
postgres-1  | CREATE TRIGGER
postgres-1  | REVOKE
postgres-1  | REVOKE
postgres-1  | GRANT
postgres-1  | GRANT
postgres-1  | GRANT
postgres-1  | GRANT
postgres-1  | GRANT
postgres-1  | GRANT
postgres-1  | GRANT
postgres-1  | GRANT
postgres-1  | GRANT
postgres-1  | COMMIT
postgres-1  | certification-init: applying 0025_project_storage.sql
postgres-1  | BEGIN
postgres-1  | CREATE TABLE
postgres-1  | CREATE INDEX
postgres-1  | CREATE TABLE
postgres-1  | CREATE INDEX
postgres-1  | CREATE INDEX
postgres-1  | CREATE INDEX
postgres-1  | CREATE TABLE
postgres-1  | CREATE INDEX
postgres-1  | CREATE INDEX
postgres-1  | CREATE FUNCTION
postgres-1  | CREATE FUNCTION
postgres-1  | CREATE FUNCTION
postgres-1  | CREATE TRIGGER
postgres-1  | CREATE TRIGGER
postgres-1  | CREATE TRIGGER
postgres-1  | ALTER TABLE
postgres-1  | ALTER TABLE
postgres-1  | ALTER TABLE
postgres-1  | CREATE POLICY
postgres-1  | CREATE POLICY
postgres-1  | CREATE POLICY
postgres-1  | CREATE POLICY
postgres-1  | CREATE POLICY
postgres-1  | CREATE POLICY
postgres-1  | CREATE POLICY
postgres-1  | CREATE POLICY
postgres-1  | CREATE POLICY
postgres-1  | CREATE POLICY
postgres-1  | REVOKE
postgres-1  | REVOKE
postgres-1  | REVOKE
postgres-1  | REVOKE
postgres-1  | GRANT
postgres-1  | GRANT
postgres-1  | GRANT
postgres-1  | GRANT
postgres-1  | GRANT
postgres-1  | GRANT
postgres-1  | GRANT
postgres-1  | GRANT
postgres-1  | GRANT
postgres-1  | COMMIT
postgres-1  | certification-init: applying 0026_project_queues.sql
postgres-1  | BEGIN
postgres-1  | CREATE TABLE
postgres-1  | CREATE INDEX
postgres-1  | CREATE TABLE
postgres-1  | CREATE INDEX
postgres-1  | CREATE INDEX
postgres-1  | CREATE INDEX
postgres-1  | CREATE INDEX
postgres-1  | CREATE INDEX
postgres-1  | CREATE FUNCTION
postgres-1  | CREATE FUNCTION
postgres-1  | CREATE FUNCTION
postgres-1  | CREATE TRIGGER
postgres-1  | CREATE TRIGGER
postgres-1  | CREATE TRIGGER
postgres-1  | ALTER TABLE
postgres-1  | ALTER TABLE
postgres-1  | CREATE POLICY
postgres-1  | CREATE POLICY
postgres-1  | CREATE POLICY
postgres-1  | CREATE POLICY
postgres-1  | CREATE POLICY
postgres-1  | CREATE POLICY
postgres-1  | REVOKE
postgres-1  | REVOKE
postgres-1  | REVOKE
postgres-1  | REVOKE
postgres-1  | GRANT
postgres-1  | GRANT
postgres-1  | GRANT
postgres-1  | GRANT
postgres-1  | GRANT
postgres-1  | GRANT
postgres-1  | COMMIT
postgres-1  | certification-init: applying 0027_project_queue_dead_letter_replay.sql
postgres-1  | BEGIN
postgres-1  | ALTER TABLE
postgres-1  | CREATE INDEX
postgres-1  | CREATE INDEX
postgres-1  | CREATE FUNCTION
postgres-1  | CREATE TRIGGER
postgres-1  | REVOKE
postgres-1  | GRANT
postgres-1  | COMMIT
postgres-1  | certification-init: applying 0028_usage_metering.sql
postgres-1  | BEGIN
postgres-1  | CREATE TABLE
postgres-1  | CREATE TABLE
postgres-1  | CREATE TABLE
postgres-1  | CREATE INDEX
postgres-1  | CREATE INDEX
postgres-1  | CREATE FUNCTION
postgres-1  | CREATE FUNCTION
postgres-1  | CREATE FUNCTION
postgres-1  | CREATE TRIGGER
postgres-1  | CREATE TRIGGER
postgres-1  | CREATE TRIGGER
postgres-1  | ALTER TABLE
postgres-1  | ALTER TABLE
postgres-1  | ALTER TABLE
postgres-1  | CREATE POLICY
postgres-1  | CREATE POLICY
postgres-1  | CREATE POLICY
postgres-1  | CREATE POLICY
postgres-1  | CREATE POLICY
postgres-1  | CREATE POLICY
postgres-1  | CREATE POLICY
postgres-1  | CREATE POLICY
postgres-1  | REVOKE
postgres-1  | REVOKE
postgres-1  | REVOKE
postgres-1  | REVOKE
postgres-1  | GRANT
postgres-1  | GRANT
postgres-1  | GRANT
postgres-1  | GRANT
postgres-1  | GRANT
postgres-1  | GRANT
postgres-1  | GRANT
postgres-1  | GRANT
postgres-1  | COMMIT
postgres-1  | certification-init: applying 0029_project_queue_definition_row_lock.sql
postgres-1  | GRANT
postgres-1  | CREATE POLICY
postgres-1  | certification-init: applying 0030_realtime_event_log.sql
postgres-1  | CREATE TABLE
postgres-1  | CREATE TABLE
postgres-1  | CREATE INDEX
postgres-1  | CREATE INDEX
postgres-1  | CREATE FUNCTION
postgres-1  | CREATE TRIGGER
postgres-1  | ALTER TABLE
postgres-1  | ALTER TABLE
postgres-1  | CREATE POLICY
postgres-1  | CREATE POLICY
postgres-1  | CREATE POLICY
postgres-1  | CREATE POLICY
postgres-1  | CREATE POLICY
postgres-1  | CREATE POLICY
postgres-1  | REVOKE
postgres-1  | REVOKE
postgres-1  | GRANT
postgres-1  | GRANT
postgres-1  | GRANT
postgres-1  | GRANT
postgres-1  | certification-init: applying 0031_project_cron.sql
postgres-1  | CREATE TABLE
postgres-1  | CREATE INDEX
postgres-1  | CREATE FUNCTION
postgres-1  | CREATE TRIGGER
postgres-1  | ALTER TABLE
postgres-1  | CREATE POLICY
postgres-1  | CREATE POLICY
postgres-1  | CREATE POLICY
postgres-1  | CREATE POLICY
postgres-1  | REVOKE
postgres-1  | REVOKE
postgres-1  | GRANT
postgres-1  | GRANT
postgres-1  | GRANT
postgres-1  | certification-init: applying 0032_project_webhooks.sql
postgres-1  | CREATE TABLE
postgres-1  | CREATE TABLE
postgres-1  | CREATE INDEX
postgres-1  | CREATE INDEX
postgres-1  | CREATE FUNCTION
postgres-1  | CREATE TRIGGER
postgres-1  | ALTER TABLE
postgres-1  | ALTER TABLE
postgres-1  | CREATE POLICY
postgres-1  | CREATE POLICY
postgres-1  | CREATE POLICY
postgres-1  | CREATE POLICY
postgres-1  | CREATE POLICY
postgres-1  | CREATE POLICY
postgres-1  | CREATE POLICY
postgres-1  | REVOKE
postgres-1  | REVOKE
postgres-1  | GRANT
postgres-1  | GRANT
postgres-1  | CREATE POLICY
postgres-1  | GRANT
postgres-1  | GRANT
postgres-1  | GRANT
postgres-1  | certification-init: applying 0033_project_functions.sql
postgres-1  | CREATE TABLE
postgres-1  | CREATE INDEX
postgres-1  | CREATE FUNCTION
postgres-1  | CREATE TRIGGER
postgres-1  | ALTER TABLE
postgres-1  | CREATE POLICY
postgres-1  | CREATE POLICY
postgres-1  | CREATE POLICY
postgres-1  | CREATE POLICY
postgres-1  | REVOKE
postgres-1  | REVOKE
postgres-1  | GRANT
postgres-1  | GRANT
postgres-1  | GRANT
postgres-1  | certification-init: applying 0034_project_functions_registry.sql
postgres-1  | ALTER TABLE
postgres-1  | ALTER TABLE
postgres-1  | certification-init: applying 0035_project_function_slots.sql
postgres-1  | CREATE TABLE
postgres-1  | CREATE INDEX
postgres-1  | CREATE FUNCTION
postgres-1  | CREATE TRIGGER
postgres-1  | ALTER TABLE
postgres-1  | CREATE POLICY
postgres-1  | CREATE POLICY
postgres-1  | CREATE POLICY
postgres-1  | REVOKE
postgres-1  | REVOKE
postgres-1  | GRANT
postgres-1  | GRANT
postgres-1  | certification-init: applying 0036_provisioner_heartbeat_upsert_grant.sql
postgres-1  | BEGIN
postgres-1  | GRANT
postgres-1  | COMMIT
postgres-1  | certification-init: applying 0037_provisioner_binding_returning_grant.sql
postgres-1  | BEGIN
postgres-1  | GRANT
postgres-1  | COMMIT
postgres-1  | certification-init: applying 0038_runtime_outbox_arbiter_grant.sql
postgres-1  | BEGIN
postgres-1  | GRANT
postgres-1  | COMMIT
postgres-1  | certification-init: applying 0039_billing_rate_cards.sql
postgres-1  | BEGIN
postgres-1  | CREATE TABLE
postgres-1  | CREATE INDEX
postgres-1  | ALTER TABLE
postgres-1  | ALTER TABLE
postgres-1  | CREATE POLICY
postgres-1  | CREATE POLICY
postgres-1  | REVOKE
postgres-1  | GRANT
postgres-1  | GRANT
postgres-1  | COMMIT
postgres-1  | certification-init: applying 0040_billing_invoices.sql
postgres-1  | BEGIN
postgres-1  | CREATE TABLE
postgres-1  | CREATE TABLE
postgres-1  | ALTER TABLE
postgres-1  | ALTER TABLE
postgres-1  | ALTER TABLE
postgres-1  | ALTER TABLE
postgres-1  | CREATE POLICY
postgres-1  | CREATE POLICY
postgres-1  | CREATE POLICY
postgres-1  | CREATE POLICY
postgres-1  | REVOKE
postgres-1  | GRANT
postgres-1  | GRANT
postgres-1  | GRANT
postgres-1  | GRANT
postgres-1  | GRANT
postgres-1  | COMMIT
postgres-1  | certification-init: applying 0041_project_storage_multipart.sql
postgres-1  | BEGIN
postgres-1  | ALTER TABLE
postgres-1  | ALTER TABLE
postgres-1  | COMMIT
postgres-1  | certification-init: applying 0042_project_function_deployments.sql
postgres-1  | BEGIN
postgres-1  | CREATE TABLE
postgres-1  | CREATE INDEX
postgres-1  | ALTER TABLE
postgres-1  | ALTER TABLE
postgres-1  | CREATE POLICY
postgres-1  | CREATE POLICY
postgres-1  | CREATE FUNCTION
postgres-1  | CREATE FUNCTION
postgres-1  | REVOKE
postgres-1  | REVOKE
postgres-1  | GRANT
postgres-1  | GRANT
postgres-1  | COMMIT
postgres-1  | certification-init: applying 0043_project_storage_upload_id_check_fix.sql
postgres-1  | ALTER TABLE
postgres-1  | ALTER TABLE
postgres-1  | certification-init: applying 0044_billing_invoice_numbers.sql
postgres-1  | BEGIN
postgres-1  | CREATE TABLE
postgres-1  | ALTER TABLE
postgres-1  | ALTER TABLE
postgres-1  | CREATE POLICY
postgres-1  | CREATE POLICY
postgres-1  | CREATE POLICY
postgres-1  | ALTER TABLE
postgres-1  | ALTER TABLE
postgres-1  | UPDATE 0
postgres-1  | ALTER TABLE
postgres-1  | ALTER TABLE
postgres-1  | UPDATE 0
postgres-1  | INSERT 0 0
postgres-1  | ALTER TABLE
postgres-1  | CREATE INDEX
postgres-1  | GRANT
postgres-1  | GRANT
postgres-1  | GRANT
postgres-1  | COMMIT
postgres-1  | certification-init: applying 0045_project_function_invocations.sql
postgres-1  | BEGIN
postgres-1  | CREATE TABLE
postgres-1  | CREATE INDEX
postgres-1  | ALTER TABLE
postgres-1  | ALTER TABLE
postgres-1  | CREATE POLICY
postgres-1  | CREATE POLICY
postgres-1  | REVOKE
postgres-1  | GRANT
postgres-1  | GRANT
postgres-1  | COMMIT
postgres-1  | certification-init: applying 0046_project_auth_audit.sql
postgres-1  | BEGIN
postgres-1  | GRANT
postgres-1  | GRANT
postgres-1  | GRANT
postgres-1  | GRANT
postgres-1  | CREATE POLICY
postgres-1  | COMMIT
postgres-1  | certification-init: applying 0047_audit_chain_order.sql
postgres-1  | BEGIN
postgres-1  | CREATE FUNCTION
postgres-1  | COMMIT
postgres-1  | certification-init: applying 0048_project_auth_mfa_enforcement.sql
postgres-1  | BEGIN
postgres-1  | CREATE TABLE
postgres-1  | ALTER TABLE
postgres-1  | ALTER TABLE
postgres-1  | CREATE FUNCTION
postgres-1  | CREATE TRIGGER
postgres-1  | REVOKE
postgres-1  | REVOKE
postgres-1  | GRANT
postgres-1  | GRANT
postgres-1  | GRANT
postgres-1  | COMMIT
postgres-1  | certification-init: applying 0049_project_database_webhooks.sql
postgres-1  | CREATE TABLE
postgres-1  | CREATE INDEX
postgres-1  | ALTER TABLE
postgres-1  | CREATE POLICY
postgres-1  | CREATE POLICY
postgres-1  | CREATE POLICY
postgres-1  | REVOKE
postgres-1  | GRANT
postgres-1  | certification-init: applying 0050_project_database_webhook_cursors.sql
postgres-1  | CREATE TABLE
postgres-1  | ALTER TABLE
postgres-1  | CREATE POLICY
postgres-1  | CREATE POLICY
postgres-1  | CREATE POLICY
postgres-1  | REVOKE
postgres-1  | GRANT
postgres-1  | certification-init: applying 0051_project_auth_return_targets.sql
postgres-1  | BEGIN
postgres-1  | ALTER TABLE
postgres-1  | ALTER TABLE
postgres-1  | REVOKE
postgres-1  | GRANT
postgres-1  | COMMIT
postgres-1  | certification-init: applying 0052_project_auth_rate_limits.sql
postgres-1  | BEGIN
postgres-1  | ALTER TABLE
postgres-1  | ALTER TABLE
postgres-1  | CREATE TABLE
postgres-1  | CREATE INDEX
postgres-1  | REVOKE
postgres-1  | GRANT
postgres-1  | REVOKE
postgres-1  | GRANT
postgres-1  | COMMIT
postgres-1  | certification-init: applying 0053_project_auth_password_protection.sql
postgres-1  | BEGIN
postgres-1  | ALTER TABLE
postgres-1  | ALTER TABLE
postgres-1  | REVOKE
postgres-1  | GRANT
postgres-1  | COMMIT
postgres-1  | certification-init: applying 0054_project_log_drains.sql
postgres-1  | BEGIN
postgres-1  | CREATE FUNCTION
postgres-1  | REVOKE
postgres-1  | GRANT
postgres-1  | CREATE TABLE
postgres-1  | CREATE INDEX
postgres-1  | ALTER TABLE
postgres-1  | CREATE POLICY
postgres-1  | CREATE POLICY
postgres-1  | CREATE POLICY
postgres-1  | REVOKE
postgres-1  | GRANT
postgres-1  | COMMIT
postgres-1  | certification-init: applying 0055_user_console_settings.sql
postgres-1  | BEGIN
postgres-1  | CREATE TABLE
postgres-1  | CREATE TRIGGER
postgres-1  | REVOKE
postgres-1  | GRANT
postgres-1  | COMMIT
postgres-1  | certification-init: applying 0056_project_log_drain_cursors.sql
postgres-1  | BEGIN
postgres-1  | CREATE TABLE
postgres-1  | ALTER TABLE
postgres-1  | CREATE POLICY
postgres-1  | CREATE POLICY
postgres-1  | CREATE POLICY
postgres-1  | REVOKE
postgres-1  | GRANT
postgres-1  | COMMIT
postgres-1  | certification-init: applying 0057_project_dashboard_webhooks.sql
postgres-1  | BEGIN
postgres-1  | CREATE FUNCTION
postgres-1  | REVOKE
postgres-1  | GRANT
postgres-1  | CREATE TABLE
postgres-1  | CREATE INDEX
postgres-1  | ALTER TABLE
postgres-1  | CREATE POLICY
postgres-1  | CREATE POLICY
postgres-1  | CREATE POLICY
postgres-1  | REVOKE
postgres-1  | GRANT
postgres-1  | CREATE TABLE
postgres-1  | ALTER TABLE
postgres-1  | CREATE POLICY
postgres-1  | CREATE POLICY
postgres-1  | CREATE POLICY
postgres-1  | REVOKE
postgres-1  | GRANT
postgres-1  | COMMIT
postgres-1  | certification-init: applying 0058_project_auth_hooks.sql
postgres-1  | BEGIN
postgres-1  | ALTER TABLE
postgres-1  | ALTER TABLE
postgres-1  | ALTER TABLE
postgres-1  | ALTER TABLE
postgres-1  | REVOKE
postgres-1  | GRANT
postgres-1  | COMMIT
postgres-1  | certification-init: applying 0059_project_storage_s3_access_keys.sql
postgres-1  | BEGIN
postgres-1  | CREATE TABLE
postgres-1  | CREATE INDEX
postgres-1  | CREATE INDEX
postgres-1  | CREATE TABLE
postgres-1  | CREATE INDEX
postgres-1  | CREATE FUNCTION
postgres-1  | CREATE TRIGGER
postgres-1  | ALTER TABLE
postgres-1  | ALTER TABLE
postgres-1  | CREATE POLICY
postgres-1  | CREATE POLICY
postgres-1  | CREATE POLICY
postgres-1  | CREATE POLICY
postgres-1  | CREATE POLICY
postgres-1  | CREATE POLICY
postgres-1  | REVOKE
postgres-1  | REVOKE
postgres-1  | REVOKE
postgres-1  | GRANT
postgres-1  | GRANT
postgres-1  | GRANT
postgres-1  | GRANT
postgres-1  | COMMIT
postgres-1  | certification-init: applying 0060_project_auth_passkeys.sql
postgres-1  | BEGIN
postgres-1  | CREATE TABLE
postgres-1  | CREATE INDEX
postgres-1  | ALTER TABLE
postgres-1  | ALTER TABLE
postgres-1  | CREATE TRIGGER
postgres-1  | REVOKE
postgres-1  | GRANT
postgres-1  | GRANT
postgres-1  | COMMIT
postgres-1  | certification-init: applying 0061_project_auth_third_party_providers.sql
postgres-1  | BEGIN
postgres-1  | CREATE TABLE
postgres-1  | ALTER TABLE
postgres-1  | ALTER TABLE
postgres-1  | ALTER TABLE
postgres-1  | ALTER TABLE
postgres-1  | ALTER TABLE
postgres-1  | REVOKE
postgres-1  | GRANT
postgres-1  | COMMIT
postgres-1  | certification-init: applying 0062_project_auth_oauth_server.sql
postgres-1  | BEGIN
postgres-1  | CREATE TABLE
postgres-1  | ALTER TABLE
postgres-1  | ALTER TABLE
postgres-1  | ALTER TABLE
postgres-1  | REVOKE
postgres-1  | GRANT
postgres-1  | CREATE TABLE
postgres-1  | ALTER TABLE
postgres-1  | ALTER TABLE
postgres-1  | ALTER TABLE
postgres-1  | CREATE TRIGGER
postgres-1  | REVOKE
postgres-1  | GRANT
postgres-1  | GRANT
postgres-1  | CREATE TABLE
postgres-1  | ALTER TABLE
postgres-1  | ALTER TABLE
postgres-1  | REVOKE
postgres-1  | GRANT
postgres-1  | COMMIT
postgres-1  | certification-init: applying 0063_project_auth_expiry_retention.sql
postgres-1  | BEGIN
postgres-1  | CREATE INDEX
postgres-1  | CREATE INDEX
postgres-1  | CREATE INDEX
postgres-1  | GRANT
postgres-1  | GRANT
postgres-1  | GRANT
postgres-1  | COMMIT
postgres-1  | certification-init: applying 0064_project_auth_oauth_consents.sql
postgres-1  | BEGIN
postgres-1  | CREATE TABLE
postgres-1  | ALTER TABLE
postgres-1  | ALTER TABLE
postgres-1  | CREATE INDEX
postgres-1  | CREATE INDEX
postgres-1  | CREATE TRIGGER
postgres-1  | CREATE FUNCTION
postgres-1  | CREATE TRIGGER
postgres-1  | REVOKE
postgres-1  | REVOKE
postgres-1  | GRANT
postgres-1  | GRANT
postgres-1  | GRANT
postgres-1  | ALTER TABLE
postgres-1  | ALTER TABLE
postgres-1  | COMMIT
postgres-1  | certification-init: applying 0065_project_storage_s3_access_key_secrets.sql
postgres-1  | BEGIN
postgres-1  | ALTER TABLE
postgres-1  | CREATE FUNCTION
postgres-1  | CREATE FUNCTION
postgres-1  | REVOKE
postgres-1  | GRANT
postgres-1  | COMMIT
postgres-1  | certification-init: applying 0066_project_cron_time_zone.sql
postgres-1  | ALTER TABLE
postgres-1  | certification-init: applying 0069_project_function_invocation_output.sql
postgres-1  | BEGIN
postgres-1  | CREATE TABLE
postgres-1  | CREATE INDEX
postgres-1  | ALTER TABLE
postgres-1  | ALTER TABLE
postgres-1  | CREATE POLICY
postgres-1  | CREATE POLICY
postgres-1  | REVOKE
postgres-1  | GRANT
postgres-1  | GRANT
postgres-1  | COMMIT
postgres-1  | certification-init: applying 0070_project_auth_saml.sql
postgres-1  | BEGIN
postgres-1  | CREATE TABLE
postgres-1  | CREATE INDEX
postgres-1  | ALTER TABLE
postgres-1  | ALTER TABLE
postgres-1  | ALTER TABLE
postgres-1  | ALTER TABLE
postgres-1  | CREATE TRIGGER
postgres-1  | REVOKE
postgres-1  | GRANT
postgres-1  | COMMIT
postgres-1  | certification-init: applying 0071_project_storage_s3_multipart.sql
postgres-1  | BEGIN
postgres-1  | ALTER TABLE
postgres-1  | ALTER TABLE
postgres-1  | ALTER TABLE
postgres-1  | ALTER TABLE
postgres-1  | ALTER TABLE
postgres-1  | ALTER TABLE
postgres-1  | ALTER TABLE
postgres-1  | ALTER TABLE
postgres-1  | CREATE TABLE
postgres-1  | CREATE INDEX
postgres-1  | CREATE FUNCTION
postgres-1  | GRANT
postgres-1  | REVOKE
postgres-1  | ALTER TABLE
postgres-1  | CREATE POLICY
postgres-1  | CREATE POLICY
postgres-1  | CREATE POLICY
postgres-1  | CREATE POLICY
postgres-1  | GRANT
postgres-1  | GRANT
postgres-1  | COMMIT
postgres-1  | certification-init: applying 0073_project_auth_oauth_tool_scopes.sql
postgres-1  | BEGIN
postgres-1  | ALTER TABLE
postgres-1  | ALTER TABLE
postgres-1  | ALTER TABLE
postgres-1  | ALTER TABLE
postgres-1  | ALTER TABLE
postgres-1  | ALTER TABLE
postgres-1  | ALTER TABLE
postgres-1  | ALTER TABLE
postgres-1  | COMMIT
postgres-1  | certification-init: applying 0075_log_drain_function_output_source.sql
postgres-1  | BEGIN
postgres-1  | CREATE FUNCTION
postgres-1  | REVOKE
postgres-1  | GRANT
postgres-1  | COMMIT
postgres-1  | certification-init: applying 0077_realtime_presence.sql
postgres-1  | BEGIN
postgres-1  | CREATE TABLE
postgres-1  | CREATE INDEX
postgres-1  | CREATE INDEX
postgres-1  | ALTER TABLE
postgres-1  | CREATE POLICY
postgres-1  | CREATE POLICY
postgres-1  | CREATE POLICY
postgres-1  | CREATE POLICY
postgres-1  | REVOKE
postgres-1  | GRANT
postgres-1  | GRANT
postgres-1  | COMMIT
postgres-1  | certification-init: applying 0078_project_auth_oauth_storage_write_scope.sql
postgres-1  | BEGIN
postgres-1  | ALTER TABLE
postgres-1  | ALTER TABLE
postgres-1  | ALTER TABLE
postgres-1  | ALTER TABLE
postgres-1  | ALTER TABLE
postgres-1  | ALTER TABLE
postgres-1  | ALTER TABLE
postgres-1  | ALTER TABLE
postgres-1  | COMMIT
postgres-1  | certification-init: applying 0080_billing_invoice_positions.sql
postgres-1  | BEGIN
postgres-1  | ALTER TABLE
postgres-1  | UPDATE 0
postgres-1  | ALTER TABLE
postgres-1  | ALTER TABLE
postgres-1  | ALTER TABLE
postgres-1  | ALTER TABLE
postgres-1  | GRANT
postgres-1  | CREATE TABLE
postgres-1  | CREATE INDEX
postgres-1  | ALTER TABLE
postgres-1  | ALTER TABLE
postgres-1  | CREATE POLICY
postgres-1  | CREATE POLICY
postgres-1  | REVOKE
postgres-1  | GRANT
postgres-1  | GRANT
postgres-1  | GRANT
postgres-1  | COMMIT
postgres-1  | certification-init: applying 0081_project_queue_message_traces.sql
postgres-1  | BEGIN
postgres-1  | CREATE TABLE
postgres-1  | CREATE INDEX
postgres-1  | CREATE INDEX
postgres-1  | CREATE FUNCTION
postgres-1  | CREATE TRIGGER
postgres-1  | ALTER TABLE
postgres-1  | ALTER TABLE
postgres-1  | CREATE POLICY
postgres-1  | CREATE POLICY
postgres-1  | CREATE POLICY
postgres-1  | REVOKE
postgres-1  | REVOKE
postgres-1  | GRANT
postgres-1  | GRANT
postgres-1  | COMMIT
postgres-1  | certification-init: applying 0082_trace_spans_and_outbound_anchor.sql
postgres-1  | BEGIN
postgres-1  | ALTER TABLE
postgres-1  | ALTER TABLE
postgres-1  | ALTER TABLE
postgres-1  | ALTER TABLE
postgres-1  | ALTER TABLE
postgres-1  | CREATE FUNCTION
postgres-1  | REVOKE
postgres-1  | COMMIT
postgres-1  | certification-init: applying 0083_project_database_backups.sql
postgres-1  | BEGIN
postgres-1  | CREATE TABLE
postgres-1  | CREATE INDEX
postgres-1  | CREATE INDEX
postgres-1  | CREATE INDEX
postgres-1  | CREATE TRIGGER
postgres-1  | ALTER TABLE
postgres-1  | ALTER TABLE
postgres-1  | CREATE POLICY
postgres-1  | REVOKE
postgres-1  | GRANT
postgres-1  | GRANT
postgres-1  | COMMIT
postgres-1  | certification-init: applying 0084_project_database_backup_schedules.sql
postgres-1  | BEGIN
postgres-1  | ALTER TABLE
postgres-1  | COMMENT
postgres-1  | ALTER TABLE
postgres-1  | ALTER TABLE
postgres-1  | ALTER TABLE
postgres-1  | ALTER TABLE
postgres-1  | ALTER TABLE
postgres-1  | ALTER TABLE
postgres-1  | CREATE INDEX
postgres-1  | GRANT
postgres-1  | CREATE TABLE
postgres-1  | CREATE INDEX
postgres-1  | CREATE TRIGGER
postgres-1  | INSERT 0 0
postgres-1  | ALTER TABLE
postgres-1  | ALTER TABLE
postgres-1  | CREATE POLICY
postgres-1  | REVOKE
postgres-1  | GRANT
postgres-1  | GRANT
postgres-1  | CREATE FUNCTION
postgres-1  | REVOKE
postgres-1  | CREATE TRIGGER
postgres-1  | COMMIT
postgres-1  | certification-init: applying 0085_project_queue_trace_search.sql
postgres-1  | BEGIN
postgres-1  | CREATE INDEX
postgres-1  | COMMIT
postgres-1  | certification-init: applying 0086_user_console_interface_mode.sql
postgres-1  | BEGIN
postgres-1  | ALTER TABLE
postgres-1  | GRANT
postgres-1  | COMMIT
postgres-1  | certification-init: applied 80 migrations
postgres-1  | CREATE EXTENSION
postgres-1  | CREATE ROLE
postgres-1  | CREATE ROLE
postgres-1  | CREATE ROLE
postgres-1  | CREATE ROLE
postgres-1  | CREATE ROLE
postgres-1  | GRANT ROLE
postgres-1  | GRANT ROLE
postgres-1  | GRANT ROLE
postgres-1  | GRANT ROLE
postgres-1  | 2026-10-07 19:04:27.405 UTC [335] WARNING:  role "qkern_app" has not been granted membership in role "qkern_auth" by role "qkern"
postgres-1  | REVOKE ROLE
postgres-1  | WARNING:  role "qkern_app" has not been granted membership in role "qkern_auth" by role "qkern"
postgres-1  | WARNING:  role "qkern_app" has not been granted membership in role "qkern_worker" by role "qkern"
postgres-1  | 2026-10-07 19:04:27.405 UTC [335] WARNING:  role "qkern_app" has not been granted membership in role "qkern_worker" by role "qkern"
postgres-1  | REVOKE ROLE
postgres-1  | 2026-10-07 19:04:27.405 UTC [335] WARNING:  role "qkern_app" has not been granted membership in role "qkern_provisioner" by role "qkern"
postgres-1  | WARNING:  role "qkern_app" has not been granted membership in role "qkern_provisioner" by role "qkern"
postgres-1  | REVOKE ROLE
postgres-1  | 2026-10-07 19:04:27.406 UTC [335] WARNING:  role "qkern_auth_app" has not been granted membership in role "qkern_runtime" by role "qkern"
postgres-1  | REVOKE ROLE
postgres-1  | WARNING:  role "qkern_auth_app" has not been granted membership in role "qkern_runtime" by role "qkern"
postgres-1  | 2026-10-07 19:04:27.406 UTC [335] WARNING:  role "qkern_auth_app" has not been granted membership in role "qkern_worker" by role "qkern"
postgres-1  | WARNING:  role "qkern_auth_app" has not been granted membership in role "qkern_worker" by role "qkern"
postgres-1  | REVOKE ROLE
postgres-1  | 2026-10-07 19:04:27.406 UTC [335] WARNING:  role "qkern_auth_app" has not been granted membership in role "qkern_provisioner" by role "qkern"
postgres-1  | REVOKE ROLE
postgres-1  | 2026-10-07 19:04:27.406 UTC [335] WARNING:  role "qkern_worker_app" has not been granted membership in role "qkern_runtime" by role "qkern"
postgres-1  | 2026-10-07 19:04:27.406 UTC [335] WARNING:  role "qkern_worker_app" has not been granted membership in role "qkern_auth" by role "qkern"
postgres-1  | 2026-10-07 19:04:27.406 UTC [335] WARNING:  role "qkern_worker_app" has not been granted membership in role "qkern_provisioner" by role "qkern"
postgres-1  | WARNING:  role "qkern_auth_app" has not been granted membership in role "qkern_provisioner" by role "qkern"
postgres-1  | WARNING:  role "qkern_worker_app" has not been granted membership in role "qkern_runtime" by role "qkern"
postgres-1  | WARNING:  role "qkern_worker_app" has not been granted membership in role "qkern_auth" by role "qkern"
postgres-1  | WARNING:  role "qkern_worker_app" has not been granted membership in role "qkern_provisioner" by role "qkern"
postgres-1  | REVOKE ROLE
postgres-1  | 2026-10-07 19:04:27.406 UTC [335] WARNING:  role "qkern_provisioner_app" has not been granted membership in role "qkern_runtime" by role "qkern"
postgres-1  | WARNING:  role "qkern_provisioner_app" has not been granted membership in role "qkern_runtime" by role "qkern"
postgres-1  | WARNING:  role "qkern_provisioner_app" has not been granted membership in role "qkern_auth" by role "qkern"
postgres-1  | WARNING:  role "qkern_provisioner_app" has not been granted membership in role "qkern_worker" by role "qkern"
postgres-1  | 2026-10-07 19:04:27.406 UTC [335] WARNING:  role "qkern_provisioner_app" has not been granted membership in role "qkern_auth" by role "qkern"
postgres-1  | 2026-10-07 19:04:27.406 UTC [335] WARNING:  role "qkern_provisioner_app" has not been granted membership in role "qkern_worker" by role "qkern"
postgres-1  | REVOKE ROLE
postgres-1  | 2026-10-07 19:04:27.406 UTC [335] WARNING:  role "qkern_project_api_app" has not been granted membership in role "qkern_runtime" by role "qkern"
postgres-1  | 2026-10-07 19:04:27.407 UTC [335] WARNING:  role "qkern_project_api_app" has not been granted membership in role "qkern_auth" by role "qkern"
postgres-1  | 2026-10-07 19:04:27.407 UTC [335] WARNING:  role "qkern_project_api_app" has not been granted membership in role "qkern_worker" by role "qkern"
postgres-1  | 2026-10-07 19:04:27.407 UTC [335] WARNING:  role "qkern_project_api_app" has not been granted membership in role "qkern_provisioner" by role "qkern"
postgres-1  | REVOKE ROLE
postgres-1  | WARNING:  role "qkern_project_api_app" has not been granted membership in role "qkern_runtime" by role "qkern"
postgres-1  | WARNING:  role "qkern_project_api_app" has not been granted membership in role "qkern_auth" by role "qkern"
postgres-1  | WARNING:  role "qkern_project_api_app" has not been granted membership in role "qkern_worker" by role "qkern"
postgres-1  | WARNING:  role "qkern_project_api_app" has not been granted membership in role "qkern_provisioner" by role "qkern"
postgres-1  | ALTER ROLE
postgres-1  | ALTER ROLE
postgres-1  | ALTER ROLE
postgres-1  | ALTER ROLE
postgres-1  | ALTER ROLE
postgres-1  | ALTER ROLE
postgres-1  | ALTER ROLE
postgres-1  | ALTER ROLE
postgres-1  | ALTER ROLE
postgres-1  | ALTER ROLE
postgres-1  | ALTER ROLE
postgres-1  | ALTER ROLE
postgres-1  | ALTER ROLE
postgres-1  | ALTER ROLE
postgres-1  | ALTER ROLE
postgres-1  | project-database: kein Passwort gesetzt, lokale Projektdatenbank wird nicht angelegt
postgres-1  | 
postgres-1  | waiting for server to shut down....2026-10-07 19:04:27.420 UTC [42] LOG:  received fast shutdown request
postgres-1  | 2026-10-07 19:04:27.420 UTC [42] LOG:  aborting any active transactions
postgres-1  | 2026-10-07 19:04:27.421 UTC [42] LOG:  background worker "logical replication launcher" (PID 48) exited with exit code 1
postgres-1  | 2026-10-07 19:04:27.422 UTC [43] LOG:  shutting down
postgres-1  | 2026-10-07 19:04:27.422 UTC [43] LOG:  checkpoint starting: shutdown immediate
postgres-1  | 2026-10-07 19:04:27.429 UTC [43] LOG:  checkpoint complete: wrote 1299 buffers (7.9%); 0 WAL file(s) added, 0 removed, 0 recycled; write=0.007 s, sync=0.002 s, total=0.008 s; sync files=785, longest=0.001 s, average=0.000 s; distance=9086 kB, estimate=9086 kB; lsn=0/1DD1A60, redo lsn=0/1DD1A60
postgres-1  | 2026-10-07 19:04:27.435 UTC [42] LOG:  database system is shut down
postgres-1  |  done
postgres-1  | server stopped
postgres-1  | 
postgres-1  | PostgreSQL init process complete; ready for start up.
postgres-1  | 
postgres-1  | 2026-10-07 19:04:27.539 UTC [1] LOG:  starting PostgreSQL 17.10 on x86_64-pc-linux-musl, compiled by gcc (Alpine 15.2.0) 15.2.0, 64-bit
postgres-1  | 2026-10-07 19:04:27.539 UTC [1] LOG:  listening on IPv4 address "0.0.0.0", port 5432
postgres-1  | 2026-10-07 19:04:27.539 UTC [1] LOG:  listening on IPv6 address "::", port 5432
postgres-1  | 2026-10-07 19:04:27.573 UTC [1] LOG:  listening on Unix socket "/var/run/postgresql/.s.PGSQL.5432"
postgres-1  | 2026-10-07 19:04:27.575 UTC [341] LOG:  database system was shut down at 2026-10-07 19:04:27 UTC
vault-1     | ==> Vault server configuration:
vault-1     | 
vault-1     | Administrative Namespace: 
vault-1     |              Api Address: http://0.0.0.0:8200
vault-1     |                      Cgo: disabled
vault-1     |          Cluster Address: https://0.0.0.0:8201
vault-1     |    Environment Variables: GOTRACEBACK, HOME, HOSTNAME, NAME, PATH, PWD, SHLVL, VAULT_DEV_LISTEN_ADDRESS, VAULT_DEV_ROOT_TOKEN_ID, VERSION
vault-1     |               Go Version: go1.23.3
vault-1     |               Listener 1: tcp (addr: "0.0.0.0:8200", cluster address: "0.0.0.0:8201", disable_request_limiter: "false", max_request_duration: "1m30s", max_request_size: "33554432", tls: "disabled")
vault-1     |                Log Level: 
vault-1     |                    Mlock: supported: true, enabled: false
vault-1     |            Recovery Mode: false
vault-1     |                  Storage: inmem
vault-1     |                  Version: Vault v1.18.3, built 2024-12-16T14:00:53Z
vault-1     |              Version Sha: 7ae4eca5403bf574f142cd8f987b8d83bafcd1de
vault-1     | 
postgres-1  | 2026-10-07 19:04:27.603 UTC [1] LOG:  database system is ready to accept connections
vault-1     | ==> Vault server started! Log data will stream in below:
vault-1     | 
vault-1     | 2026-10-07T19:04:27.592Z [INFO]  proxy environment: http_proxy="" https_proxy="" no_proxy=""
vault-1     | 2026-10-07T19:04:27.592Z [INFO]  incrementing seal generation: generation=1
vault-1     | 2026-10-07T19:04:27.592Z [WARN]  no `api_addr` value specified in config or in VAULT_API_ADDR; falling back to detection if possible, but this value should be manually set
vault-1     | 2026-10-07T19:04:27.592Z [INFO]  core: Initializing version history cache for core
vault-1     | 2026-10-07T19:04:27.592Z [INFO]  events: Starting event system
vault-1     | 2026-10-07T19:04:27.593Z [INFO]  core: security barrier not initialized
vault-1     | 2026-10-07T19:04:27.593Z [INFO]  core: security barrier initialized: stored=1 shares=1 threshold=1
vault-1     | 2026-10-07T19:04:27.594Z [INFO]  core: post-unseal setup starting
vault-1     | 2026-10-07T19:04:27.599Z [INFO]  core: loaded wrapping token key
vault-1     | 2026-10-07T19:04:27.599Z [INFO]  core: successfully setup plugin runtime catalog
vault-1     | 2026-10-07T19:04:27.599Z [INFO]  core: successfully setup plugin catalog: plugin-directory=""
vault-1     | 2026-10-07T19:04:27.599Z [INFO]  core: no mounts; adding default mount table
vault-1     | 2026-10-07T19:04:27.602Z [INFO]  core: successfully mounted: type=cubbyhole version="v1.18.3+builtin.vault" path=cubbyhole/ namespace="ID: root. Path: "
vault-1     | 2026-10-07T19:04:27.602Z [INFO]  core: successfully mounted: type=system version="v1.18.3+builtin.vault" path=sys/ namespace="ID: root. Path: "
vault-1     | 2026-10-07T19:04:27.603Z [INFO]  core: successfully mounted: type=identity version="v1.18.3+builtin.vault" path=identity/ namespace="ID: root. Path: "
vault-1     | 2026-10-07T19:04:27.606Z [INFO]  core: successfully mounted: type=token version="v1.18.3+builtin.vault" path=token/ namespace="ID: root. Path: "
vault-1     | 2026-10-07T19:04:27.607Z [INFO]  rollback: Starting the rollback manager with 256 workers
vault-1     | 2026-10-07T19:04:27.607Z [INFO]  rollback: starting rollback manager
vault-1     | 2026-10-07T19:04:27.607Z [INFO]  core: restoring leases
vault-1     | 2026-10-07T19:04:27.608Z [INFO]  expiration: lease restore complete
vault-1     | 2026-10-07T19:04:27.609Z [INFO]  identity: entities restored
vault-1     | 2026-10-07T19:04:27.609Z [INFO]  identity: groups restored
vault-1     | 2026-10-07T19:04:27.609Z [INFO]  core: Recorded vault version: vault version=1.18.3 upgrade time="2026-10-07 19:04:27.609451127 +0000 UTC" build date=2024-12-16T14:00:53Z
vault-1     | 2026-10-07T19:04:27.609Z [INFO]  core: post-unseal setup complete
vault-1     | 2026-10-07T19:04:27.610Z [INFO]  core: root token generated
vault-1     | 2026-10-07T19:04:27.610Z [INFO]  core: pre-seal teardown starting
vault-1     | 2026-10-07T19:04:27.610Z [INFO]  rollback: stopping rollback manager
vault-1     | 2026-10-07T19:04:27.610Z [INFO]  core: pre-seal teardown complete
vault-1     | 2026-10-07T19:04:27.610Z [INFO]  core.cluster-listener.tcp: starting listener: listener_address=0.0.0.0:8201
vault-1     | 2026-10-07T19:04:27.610Z [INFO]  core.cluster-listener: serving cluster requests: cluster_listen_address=[::]:8201
vault-1     | 2026-10-07T19:04:27.610Z [INFO]  core: post-unseal setup starting
vault-1     | 2026-10-07T19:04:27.610Z [INFO]  core: loaded wrapping token key
vault-1     | 2026-10-07T19:04:27.610Z [INFO]  core: successfully setup plugin runtime catalog
vault-1     | 2026-10-07T19:04:27.610Z [INFO]  core: successfully setup plugin catalog: plugin-directory=""
vault-1     | 2026-10-07T19:04:27.612Z [INFO]  core: successfully mounted: type=system version="v1.18.3+builtin.vault" path=sys/ namespace="ID: root. Path: "
vault-1     | 2026-10-07T19:04:27.612Z [INFO]  core: successfully mounted: type=identity version="v1.18.3+builtin.vault" path=identity/ namespace="ID: root. Path: "
vault-1     | 2026-10-07T19:04:27.612Z [INFO]  core: successfully mounted: type=cubbyhole version="v1.18.3+builtin.vault" path=cubbyhole/ namespace="ID: root. Path: "
vault-1     | 2026-10-07T19:04:27.613Z [INFO]  core: successfully mounted: type=token version="v1.18.3+builtin.vault" path=token/ namespace="ID: root. Path: "
vault-1     | 2026-10-07T19:04:27.613Z [INFO]  rollback: Starting the rollback manager with 256 workers
vault-1     | 2026-10-07T19:04:27.613Z [INFO]  rollback: starting rollback manager
vault-1     | 2026-10-07T19:04:27.614Z [INFO]  core: restoring leases
vault-1     | 2026-10-07T19:04:27.614Z [INFO]  expiration: lease restore complete
vault-1     | 2026-10-07T19:04:27.614Z [INFO]  identity: entities restored
vault-1     | 2026-10-07T19:04:27.614Z [INFO]  identity: groups restored
vault-1     | 2026-10-07T19:04:27.614Z [INFO]  core: post-unseal setup complete
vault-1     | 2026-10-07T19:04:27.614Z [INFO]  core: vault is unsealed
vault-1     | 2026-10-07T19:04:27.615Z [INFO]  expiration: revoked lease: lease_id=auth/token/root/h218b2d50ad46814615a48ff519fc07e2c381bc715f6b20e5304e5023f075ba43
vault-1     | 2026-10-07T19:04:27.621Z [INFO]  core: successful mount: namespace="" path=secret/ type=kv version="v0.20.0+builtin"
vault-1     | WARNING! dev mode is enabled! In this mode, Vault runs entirely in-memory
vault-1     | and starts unsealed with a single unseal key. The root token is already
vault-1     | authenticated to the CLI, so you can immediately begin using Vault.
vault-1     | 
vault-1     | You may need to set the following environment variables:
vault-1     | 
vault-1     |     $ export VAULT_ADDR='http://0.0.0.0:8200'
vault-1     | 
vault-1     | The unseal key and root token are displayed below in case you want to
vault-1     | seal/unseal the Vault or re-authenticate.
vault-1     | 
vault-1     | Unseal Key: aJckpRlnlvi3GW7RATXyr4h0ZKmQhtQavuq+SZm/z4c=
vault-1     | Root Token: qkern-certification-root-token
vault-1     | 
vault-1     | Development mode should NOT be used in production installations!
vault-1     | 
 Container qkern-slice-w33-vault-1 Healthy 
 Container qkern-slice-w33-postgres-1 Healthy 
 Container qkern-slice-w33-certification-1 Starting 
 Container qkern-slice-w33-certification-1 Started 
certification-1  | vault-seed: one signing secret written
certification-1  | 
certification-1  | added 240 packages, and audited 241 packages in 26s
certification-1  | 
certification-1  | 61 packages are looking for funding
certification-1  |   run `npm fund` for details
certification-1  | 
certification-1  | 13 vulnerabilities (6 moderate, 5 high, 2 critical)
certification-1  | 
certification-1  | To address issues that do not require attention, run:
certification-1  |   npm audit fix
certification-1  | 
certification-1  | To address all issues, run:
certification-1  |   npm audit fix --force
certification-1  | 
certification-1  | Run `npm audit` for details.
certification-1  | npm notice
certification-1  | npm notice New major version of npm available! 11.17.0 -> 12.2.0
certification-1  | npm notice Changelog: https://github.com/npm/cli/releases/tag/v12.2.0
certification-1  | npm notice To update run: npm install -g npm@12.2.0
certification-1  | npm notice
certification-1  | 
certification-1  | > qkern-platform@2.80.0 test:postgres
certification-1  | > vitest run tests/postgres.integration.test.ts tests/postgres-incident-recovery.integration.test.ts tests/generated-data-postgres.integration.test.ts tests/project-auth-postgres.integration.test.ts tests/project-storage-postgres.integration.test.ts tests/project-queues-postgres.integration.test.ts tests/usage-metering-postgres.integration.test.ts tests/realtime-postgres.integration.test.ts tests/realtime-change-feed-postgres.integration.test.ts tests/realtime-change-chain-postgres.integration.test.ts tests/realtime-change-soak-postgres.integration.test.ts tests/project-queues-multi-instance.integration.test.ts tests/compute-cron-postgres.integration.test.ts tests/compute-webhook-postgres.integration.test.ts tests/compute-webhook-chain.integration.test.ts tests/compute-definitions-postgres.integration.test.ts tests/compute-functions-postgres.integration.test.ts tests/usage-emitters-postgres.integration.test.ts tests/migration-process-postgres.integration.test.ts tests/realtime-process-postgres.integration.test.ts tests/provisioning-port-postgres.integration.test.ts tests/migration-enqueue-postgres.integration.test.ts tests/sql-privilege-clause-contract.integration.test.ts tests/queue-connection-pressure-postgres.integration.test.ts tests/usage-billing-postgres.integration.test.ts tests/billing-invoice-postgres.integration.test.ts tests/data-plane-query-postgres.integration.test.ts tests/data-plane-triggers-postgres.integration.test.ts tests/data-plane-functions-postgres.integration.test.ts tests/data-plane-catalog-postgres.integration.test.ts tests/data-plane-catalog-wide-postgres.integration.test.ts
certification-1  | 
certification-1  | 
certification-1  | [1m[30m[46m RUN [49m[39m[22m [36mv4.1.10 [39m[90m/workspace/qkern[39m
certification-1  | 
postgres-1       | 2026-10-07 19:05:06.204 UTC [542] ERROR:  permission denied for table project_database_provisioning_jobs
postgres-1       | 2026-10-07 19:05:06.204 UTC [542] STATEMENT:  SELECT 1 FROM project_database_provisioning_jobs LIMIT 1
postgres-1       | 2026-10-07 19:05:06.212 UTC [542] ERROR:  permission denied for table project_database_bindings
postgres-1       | 2026-10-07 19:05:06.212 UTC [542] STATEMENT:  SELECT 1 FROM project_database_bindings LIMIT 1
certification-1  |  [32m✓[39m tests/provisioning-port-postgres.integration.test.ts [2m([22m[2m6 tests[22m[2m)[22m[33m 949[2mms[22m[39m
certification-1  |      [33m[2m✓[22m[39m (2.88) hands the web runtime the order of its own tenant and never a field of the binding [33m 423[2mms[22m[39m
postgres-1       | 2026-10-07 19:05:06.499 UTC [520] ERROR:  new row for relation "migration_incident_delivery_commands" violates check constraint "migration_incident_delivery_commands_expected_failure_code"
postgres-1       | 2026-10-07 19:05:06.499 UTC [520] DETAIL:  Failing row contains (a235f0f4-6efe-4c2e-88a0-e7f40a94e32f, 2a39c38a-4045-4661-9198-54aadf9b2b96, 2c2ba444-071f-489e-8f69-b21fc2265e07, constraint-test, destination_recovered, pending, null, 2026-10-07 19:05:06.498004+00, 2026-10-07 19:05:06.498004+00, null, null).
postgres-1       | 2026-10-07 19:05:06.499 UTC [520] STATEMENT:  INSERT INTO migration_incident_delivery_commands
postgres-1       | 	           (organization_id, migration_incident_id, requested_by, reason_code,
postgres-1       | 	            expected_failure_code, expected_retry_cycle)
postgres-1       | 	         VALUES ($1, $2, 'constraint-test', 'destination_recovered', NULL, NULL)
postgres-1       | 2026-10-07 19:05:06.555 UTC [553] ERROR:  new row for relation "migration_incident_delivery_commands" violates check constraint "migration_incident_delivery_commands_expected_retry_cycle"
postgres-1       | 2026-10-07 19:05:06.555 UTC [553] DETAIL:  Failing row contains (7c3241e1-c6d2-4bb1-bfbb-27fe2ddcb195, 2a39c38a-4045-4661-9198-54aadf9b2b96, 2c2ba444-071f-489e-8f69-b21fc2265e07, constraint-test, destination_recovered, pending, null, 2026-10-07 19:05:06.551476+00, 2026-10-07 19:05:06.551476+00, PUBLISH_FAILED, null).
postgres-1       | 2026-10-07 19:05:06.555 UTC [553] STATEMENT:  INSERT INTO migration_incident_delivery_commands
postgres-1       | 	           (organization_id, migration_incident_id, requested_by, reason_code,
postgres-1       | 	            expected_failure_code, expected_retry_cycle)
postgres-1       | 	         VALUES ($1, $2, 'constraint-test', 'destination_recovered', 'PUBLISH_FAILED', NULL)
postgres-1       | 2026-10-07 19:05:06.865 UTC [534] ERROR:  project storage object identity is immutable
postgres-1       | 2026-10-07 19:05:06.865 UTC [534] CONTEXT:  PL/pgSQL function qkern_reject_project_storage_object_mutation() line 12 at RAISE
postgres-1       | 2026-10-07 19:05:06.865 UTC [534] STATEMENT:  UPDATE project_storage_objects SET deleted_at=coalesce(deleted_at,$5)
postgres-1       | 	        WHERE organization_id=$1 AND project_id=$2 AND environment=$3 AND id=$4
postgres-1       | 	        RETURNING id,organization_id,project_id,environment,bucket_id,object_key,owner_subject,
postgres-1       | 	  provider_key,size_bytes,content_type,checksum_sha256,etag,status,created_at,delete_after,deleted_at
postgres-1       | 2026-10-07 19:05:06.868 UTC [512] ERROR:  webhook delivery content is immutable
postgres-1       | 2026-10-07 19:05:06.868 UTC [512] CONTEXT:  PL/pgSQL function qkern_validate_project_webhook_delivery_update() line 10 at RAISE
postgres-1       | 2026-10-07 19:05:06.868 UTC [512] STATEMENT:  UPDATE project_webhook_deliveries SET payload='{"tampered":true}'::jsonb WHERE id=$1
postgres-1       | 2026-10-07 19:05:06.917 UTC [560] ERROR:  permission denied for table project_functions
postgres-1       | 2026-10-07 19:05:06.917 UTC [560] STATEMENT:  UPDATE project_functions SET image=$2 WHERE id=$1
postgres-1       | 2026-10-07 19:05:06.932 UTC [565] ERROR:  relation "change_feed" already exists
postgres-1       | 2026-10-07 19:05:06.932 UTC [565] STATEMENT:  -- Run once after 0002_qkern_migration_fence.sql as the trusted project database
postgres-1       | 	-- provisioner. Provides trigger-based change capture for Realtime.
postgres-1       | 	--
postgres-1       | 	-- ## Warum Trigger und nicht logische Replikation
postgres-1       | 	--
postgres-1       | 	-- Logische Replikation sieht jede Aenderung ohne Schemaeingriff, verlangt aber
postgres-1       | 	-- eine Rolle mit Replikationsrecht und einen Slot. Beides steht im direkten
postgres-1       | 	-- Widerspruch zu diesem Schema: 0001 prueft fuer jede beteiligte Rolle
postgres-1       | 	-- ausdruecklich rolreplication = false. Ein hängender Konsument laesst den Slot
postgres-1       | 	-- ausserdem unbegrenzt WAL halten, bis die Platte voll ist -- ein
postgres-1       | 	-- Betriebsrisiko, das der Kunde traegt und QKERN nicht begrenzen kann.
postgres-1       | 	--
postgres-1       | 	-- Trigger sind begrenzbar: der Feed hat Groessengrenzen und Aufbewahrung, und
postgres-1       | 	-- das Anschalten je Tabelle ist eine Schemaaenderung, die den vorhandenen
postgres-1       | 	-- Change-Set- und Approval-Weg durchlaeuft.
postgres-1       | 	--
postgres-1       | 	-- ## Warum keine Zeilenwerte gespeichert werden
postgres-1       | 	--
postgres-1       | 	-- Der Feed haelt ausschliesslich die Primaerschluesselwerte. Die eigentlichen
postgres-1       | 	-- Zeilenwerte werden je Abonnent frisch gelesen, und zwar mit dessen Claims.
postgres-1       | 	-- Row Level Security autorisiert und erzeugt die Nutzlast damit in einem
postgres-1       | 	-- Schritt. Wuerden die Werte hier liegen, muesste eine zweite, unabhaengige
postgres-1       | 	-- Sichtbarkeitspruefung sie korrekt filtern -- eine Kopie der RLS-Logik
postgres-1       | 	-- ausserhalb der Datenbank und damit eine dauerhafte Fehlerquelle.
postgres-1       | 	
postgres-1       | 	BEGIN;
postgres-1       | 	
postgres-1       | 	CREATE TABLE qkern_internal.change_feed (
postgres-1       | 	  position bigint GENERATED ALWAYS AS IDENTITY PRIMARY KEY,
postgres-1       | 	  schema_name text NOT NULL CHECK (schema_name ~ '^[a-z_][a-z0-9_]{0,62}$'),
postgres-1       | 	  table_name text NOT NULL CHECK (table_name ~ '^[a-z_][a-z0-9_]{0,62}$'),
postgres-1       | 	  operation text NOT NULL CHECK (operation IN ('insert', 'update', 'delete')),
postgres-1       | 	  -- Nur Primaerschluesselwerte. Die Grenze verhindert, dass ein zusammengesetzter
postgres-1       | 	  -- Schluessel den Feed aufblaeht.
postgres-1       | 	  row_key jsonb NOT NULL CHECK (octet_length(row_key::text) <= 4096),
postgres-1       | 	  committed_at timestamptz NOT NULL DEFAULT now()
postgres-1       | 	);
postgres-1       | 	
postgres-1       | 	CREATE INDEX change_feed_retention_idx ON qkern_internal.change_feed (committed_at);
postgres-1       | 	
postgres-1       | 	ALTER TABLE qkern_internal.change_feed OWNER TO qkern_ledger_owner;
postgres-1       | 	
postgres-1       | 	-- SECURITY DEFINER: Der Schreiber einer Zeile besitzt keine Rechte auf dem
postgres-1       | 	-- Feed und soll sie auch nicht bekommen. Der Trigger schreibt stellvertretend.
postgres-1       | 	-- search_path wird fest gesetzt, damit kein Aufrufer die aufgeloesten Objekte
postgres-1       | 	-- umlenken kann.
postgres-1       | 	CREATE OR REPLACE FUNCTION qkern_internal.capture_change()
postgres-1       | 	RETURNS trigger
postgres-1       | 	LANGUAGE plpgsql
postgres-1       | 	SECURITY DEFINER
postgres-1       | 	SET search_path = qkern_internal, pg_catalog
postgres-1       | 	AS $$
postgres-1       | 	DECLARE
postgres-1       | 	  key_columns text[];
postgres-1       | 	  source record;
postgres-1       | 	  key jsonb;
postgres-1       | 	BEGIN
postgres-1       | 	  SELECT array_agg(attribute.attname ORDER BY attribute.attnum)
postgres-1       | 	    INTO key_columns
postgres-1       | 	    FROM pg_index index
postgres-1       | 	    JOIN pg_attribute attribute
postgres-1       | 	      ON attribute.attrelid = index.indrelid AND attribute.attnum = ANY (index.indkey)
postgres-1       | 	   WHERE index.indrelid = TG_RELID AND index.indisprimary;
postgres-1       | 	
postgres-1       | 	  IF key_columns IS NULL THEN
postgres-1       | 	    RAISE EXCEPTION 'change capture requires a primary key on %.%', TG_TABLE_SCHEMA, TG_TABLE_NAME
postgres-1       | 	      USING ERRCODE = '55000';
postgres-1       | 	  END IF;
postgres-1       | 	
postgres-1       | 	  source := CASE WHEN TG_OP = 'DELETE' THEN OLD ELSE NEW END;
postgres-1       | 	  SELECT jsonb_object_agg(entry.key, entry.value)
postgres-1       | 	    INTO key
postgres-1       | 	    FROM jsonb_each(to_jsonb(source)) AS entry
postgres-1       | 	   WHERE entry.key = ANY (key_columns);
postgres-1       | 	
postgres-1       | 	  INSERT INTO qkern_internal.change_feed (schema_name, table_name, operation, row_key)
postgres-1       | 	  VALUES (TG_TABLE_SCHEMA, TG_TABLE_NAME, lower(TG_OP), key);
postgres-1       | 	
postgres-1       | 	  RETURN NULL;
postgres-1       | 	END;
postgres-1       | 	$$;
postgres-1       | 	
postgres-1       | 	ALTER FUNCTION qkern_internal.capture_change() OWNER TO qkern_ledger_owner;
postgres-1       | 	
postgres-1       | 	REVOKE ALL ON qkern_internal.change_feed FROM PUBLIC;
postgres-1       | 	REVOKE ALL ON FUNCTION qkern_internal.capture_change() FROM PUBLIC;
postgres-1       | 	
postgres-1       | 	-- Die Laufzeitrolle liest den Feed und raeumt ihn auf. Sie darf ihn niemals
postgres-1       | 	-- schreiben: ein erfundenes Aenderungsereignis wuerde einen Lesevorgang mit
postgres-1       | 	-- fremden Claims ausloesen.
postgres-1       | 	GRANT USAGE ON SCHEMA qkern_internal TO qkern_project_api_app;
postgres-1       | 	GRANT SELECT, DELETE ON qkern_internal.change_feed TO qkern_project_api_app;
postgres-1       | 	
postgres-1       | 	COMMIT;
postgres-1       | 	
postgres-1       | 2026-10-07 19:05:07.022 UTC [571] ERROR:  permission denied for table project_functions
postgres-1       | 2026-10-07 19:05:07.022 UTC [571] STATEMENT:  UPDATE project_functions SET memory_mib=2048 WHERE id=$1
postgres-1       | 2026-10-07 19:05:07.053 UTC [552] ERROR:  new row for relation "project_functions" violates check constraint "project_functions_image_check"
postgres-1       | 2026-10-07 19:05:07.053 UTC [552] DETAIL:  Failing row contains (06a78497-bdcf-4b5a-ba47-8194da283bdb, 5c58b6b7-6624-4cbc-b012-ff3aaf151213, 0dbfc43f-9eb1-415a-bacf-2c863ba27375, development, tagged-8d979d9d, nodejs24, registry.example.com/qkern/probe:latest, handler.mjs, 30000, 128, 1, {}, {}, t, 2026-10-07 19:05:07.045626+00).
postgres-1       | 2026-10-07 19:05:07.053 UTC [552] STATEMENT:  INSERT INTO project_functions
postgres-1       | 	         (organization_id, project_id, environment, name, runtime, image, entrypoint)
postgres-1       | 	       VALUES ($1,$2,'development',$3,'nodejs24','registry.example.com/qkern/probe:latest','handler.mjs')
postgres-1       | 2026-10-07 19:05:07.073 UTC [567] ERROR:  a settled webhook delivery is final
postgres-1       | 2026-10-07 19:05:07.073 UTC [567] CONTEXT:  PL/pgSQL function qkern_validate_project_webhook_delivery_update() line 16 at RAISE
postgres-1       | 2026-10-07 19:05:07.073 UTC [567] STATEMENT:  UPDATE project_webhook_deliveries SET status='pending' WHERE id=$1
postgres-1       | 2026-10-07 19:05:07.078 UTC [555] ERROR:  duplicate key value violates unique constraint "project_functions_name_key"
postgres-1       | 2026-10-07 19:05:07.078 UTC [555] STATEMENT:  INSERT INTO project_functions
postgres-1       | 	           (organization_id, project_id, environment, name, runtime, image, entrypoint,
postgres-1       | 	            timeout_ms, memory_mib, max_concurrency, egress_origins, secret_refs, enabled)
postgres-1       | 	         VALUES ($1,$2,$3,$4,'nodejs24',$5,$6,$7,$8,$9,$10,$11,$12)
postgres-1       | 	         RETURNING id, organization_id, project_id, environment, name, runtime, image,
postgres-1       | 	  entrypoint, timeout_ms, memory_mib, max_concurrency, egress_origins, secret_refs, enabled,
postgres-1       | 	  created_at
postgres-1       | 2026-10-07 19:05:07.165 UTC [561] ERROR:  migration incident resolution requires worker-verified ledger evidence
postgres-1       | 2026-10-07 19:05:07.165 UTC [561] CONTEXT:  PL/pgSQL function qkern_validate_migration_incident_acknowledgement() line 49 at RAISE
postgres-1       | 2026-10-07 19:05:07.165 UTC [561] STATEMENT:  UPDATE migration_incidents
postgres-1       | 	       SET status = 'resolved',
postgres-1       | 	           resolution_code = 'target_ledger_match'::qkern_migration_incident_resolution_code
postgres-1       | 	       WHERE organization_id = $1 AND migration_job_id = $2
postgres-1       | 	         AND status IN ('open', 'acknowledged')
postgres-1       | 	       RETURNING 
postgres-1       | 	  id, organization_id, migration_job_id, project_id, environment, change_set_id,
postgres-1       | 	  kind, severity, status, detected_review_cycle, detected_reconciliation_attempt,
postgres-1       | 	  acknowledged_by, acknowledgement_code, acknowledged_at,
postgres-1       | 	  resolved_by, resolution_code, resolved_at, created_at, updated_at
postgres-1       | 2026-10-07 19:05:07.224 UTC [339] LOG:  checkpoint starting: immediate force wait
postgres-1       | 2026-10-07 19:05:07.308 UTC [339] LOG:  checkpoint complete: wrote 1392 buffers (8.5%); 0 WAL file(s) added, 0 removed, 1 recycled; write=0.079 s, sync=0.001 s, total=0.085 s; sync files=525, longest=0.001 s, average=0.000 s; distance=10695 kB, estimate=10695 kB; lsn=0/2875558, redo lsn=0/2843938
certification-1  |  [32m✓[39m tests/postgres-incident-recovery.integration.test.ts [2m([22m[2m6 tests[22m[2m)[22m[33m 2161[2mms[22m[39m
postgres-1       | 2026-10-07 19:05:07.417 UTC [581] ERROR:  permission denied for table project_cron_definitions
postgres-1       | 2026-10-07 19:05:07.417 UTC [581] STATEMENT:  UPDATE project_cron_definitions SET time_zone='UTC' WHERE id=$1
postgres-1       | 2026-10-07 19:05:07.449 UTC [577] ERROR:  duplicate key value violates unique constraint "project_cron_definitions_name_key"
postgres-1       | 2026-10-07 19:05:07.449 UTC [577] STATEMENT:  INSERT INTO project_cron_definitions
postgres-1       | 	           (organization_id, project_id, environment, name, expression, queue, payload, enabled,
postgres-1       | 	            time_zone)
postgres-1       | 	         VALUES ($1,$2,$3,$4,$5,$6,$7,$8,$9)
postgres-1       | 	         RETURNING id, organization_id, project_id, environment, name, expression, queue,
postgres-1       | 	  payload, enabled, time_zone, last_dispatched_at, created_at
postgres-1       | 2026-10-07 19:05:07.452 UTC [524] ERROR:  new row violates row-level security policy for table "items"
postgres-1       | 2026-10-07 19:05:07.452 UTC [524] CONTEXT:  SQL function "add_item" statement 1
postgres-1       | 2026-10-07 19:05:07.452 UTC [524] STATEMENT:  SELECT "generated_bb5adda0_6d27_490b_870f_1a8a1e4f8b40"."add_item"("item_name" => $1::text, "item_owner" => $2::text) AS result
certification-1  |  [32m✓[39m tests/project-storage-postgres.integration.test.ts [2m([22m[2m8 tests[22m[2m)[22m[33m 1620[2mms[22m[39m
certification-1  |      [33m[2m✓[22m[39m (2.51) lists objects with their scanner verdict without exposing a provider key [33m 441[2mms[22m[39m
postgres-1       | 2026-10-07 19:05:07.503 UTC [588] ERROR:  permission denied for table project_cron_definitions
postgres-1       | 2026-10-07 19:05:07.503 UTC [588] STATEMENT:  UPDATE project_cron_definitions SET expression='*/1 * * * *' WHERE id=$1
postgres-1       | 2026-10-07 19:05:07.547 UTC [595] ERROR:  permission denied for table project_webhooks
postgres-1       | 2026-10-07 19:05:07.547 UTC [595] STATEMENT:  UPDATE project_webhooks SET url='https://elsewhere.example.com/hooks' WHERE id=$1
certification-1  |  [32m✓[39m tests/compute-webhook-postgres.integration.test.ts [2m([22m[2m10 tests[22m[2m)[22m[33m 2158[2mms[22m[39m
certification-1  |      [33m[2m✓[22m[39m persists a delivery and hands it to exactly one of many claimants [33m 305[2mms[22m[39m
certification-1  |  [32m✓[39m tests/generated-data-postgres.integration.test.ts [2m([22m[2m9 tests[22m[2m)[22m[33m 2082[2mms[22m[39m
certification-1  |      [33m[2m✓[22m[39m enforces RLS across insert, list, update and delete [33m 389[2mms[22m[39m
certification-1  |      [33m[2m✓[22m[39m aggregates only the caller's rows and refuses sensitive columns [33m 305[2mms[22m[39m
certification-1  |      [33m[2m✓[22m[39m serves a schema with capitals exactly and never merges it with its lowercase twin (2.33) [33m 467[2mms[22m[39m
postgres-1       | 2026-10-07 19:05:07.994 UTC [611] ERROR:  permission denied for table project_functions
postgres-1       | 2026-10-07 19:05:07.994 UTC [611] STATEMENT:  UPDATE project_functions SET image=$1 WHERE id=$2
certification-1  |  [32m✓[39m tests/compute-definitions-postgres.integration.test.ts [2m([22m[2m10 tests[22m[2m)[22m[33m 1993[2mms[22m[39m
certification-1  |      [33m[2m✓[22m[39m creates, lists and pauses a cron definition through the unprivileged runtime role [33m 503[2mms[22m[39m
certification-1  |      [33m[2m✓[22m[39m deploys images only through the door that writes their history [33m 335[2mms[22m[39m
postgres-1       | 2026-10-07 19:05:08.389 UTC [627] ERROR:  permission denied for table project_auth_users
postgres-1       | 2026-10-07 19:05:08.389 UTC [627] STATEMENT:  SELECT id FROM project_auth_users LIMIT 1
certification-1  |  [32m✓[39m tests/project-queues-postgres.integration.test.ts [2m([22m[2m9 tests[22m[2m)[22m[33m 2516[2mms[22m[39m
certification-1  |      [33m[2m✓[22m[39m persists only the dedupe verifier and returns the same durable receipt [33m 344[2mms[22m[39m
certification-1  |      [33m[2m✓[22m[39m claims each ready row at most once across concurrent workers [33m 411[2mms[22m[39m
postgres-1       | 2026-10-07 19:05:08.926 UTC [619] ERROR:  new row violates row-level security policy "audit_logs_project_auth_insert" for table "audit_logs"
postgres-1       | 2026-10-07 19:05:08.926 UTC [619] STATEMENT:  INSERT INTO audit_logs
postgres-1       | 	         (organization_id, project_id, environment, actor_type, actor_ref, action, resource_ref,
postgres-1       | 	          status, redacted_metadata, previous_hash, entry_hash)
postgres-1       | 	       VALUES ($1, $2, $3, $4, $5, $6, $7, $8, $9::jsonb, NULL, repeat('0', 64))
postgres-1       | 	       RETURNING id, organization_id, project_id, environment, actor_type, actor_ref, action, resource_ref,
postgres-1       | 	                 status, redacted_metadata, previous_hash, entry_hash, created_at
certification-1  | [90mstdout[2m | tests/sql-privilege-clause-contract.integration.test.ts[2m > [22m[2mSQL privilege clause contract[2m > [22m[2mfinds statements to check
certification-1  | [22m[39mprivilege clause contract: 156 Anweisungen, 15 Spaltenlisten nicht auswertbar, 1066 Platzhalter offen
certification-1  | 
postgres-1       | 2026-10-07 19:05:09.107 UTC [653] ERROR:  relation "change_feed" already exists
postgres-1       | 2026-10-07 19:05:09.107 UTC [653] STATEMENT:  -- Run once after 0002_qkern_migration_fence.sql as the trusted project database
postgres-1       | 	-- provisioner. Provides trigger-based change capture for Realtime.
postgres-1       | 	--
postgres-1       | 	-- ## Warum Trigger und nicht logische Replikation
postgres-1       | 	--
postgres-1       | 	-- Logische Replikation sieht jede Aenderung ohne Schemaeingriff, verlangt aber
postgres-1       | 	-- eine Rolle mit Replikationsrecht und einen Slot. Beides steht im direkten
postgres-1       | 	-- Widerspruch zu diesem Schema: 0001 prueft fuer jede beteiligte Rolle
postgres-1       | 	-- ausdruecklich rolreplication = false. Ein hängender Konsument laesst den Slot
postgres-1       | 	-- ausserdem unbegrenzt WAL halten, bis die Platte voll ist -- ein
postgres-1       | 	-- Betriebsrisiko, das der Kunde traegt und QKERN nicht begrenzen kann.
postgres-1       | 	--
postgres-1       | 	-- Trigger sind begrenzbar: der Feed hat Groessengrenzen und Aufbewahrung, und
postgres-1       | 	-- das Anschalten je Tabelle ist eine Schemaaenderung, die den vorhandenen
postgres-1       | 	-- Change-Set- und Approval-Weg durchlaeuft.
postgres-1       | 	--
postgres-1       | 	-- ## Warum keine Zeilenwerte gespeichert werden
postgres-1       | 	--
postgres-1       | 	-- Der Feed haelt ausschliesslich die Primaerschluesselwerte. Die eigentlichen
postgres-1       | 	-- Zeilenwerte werden je Abonnent frisch gelesen, und zwar mit dessen Claims.
postgres-1       | 	-- Row Level Security autorisiert und erzeugt die Nutzlast damit in einem
postgres-1       | 	-- Schritt. Wuerden die Werte hier liegen, muesste eine zweite, unabhaengige
postgres-1       | 	-- Sichtbarkeitspruefung sie korrekt filtern -- eine Kopie der RLS-Logik
postgres-1       | 	-- ausserhalb der Datenbank und damit eine dauerhafte Fehlerquelle.
postgres-1       | 	
postgres-1       | 	BEGIN;
postgres-1       | 	
postgres-1       | 	CREATE TABLE qkern_internal.change_feed (
postgres-1       | 	  position bigint GENERATED ALWAYS AS IDENTITY PRIMARY KEY,
postgres-1       | 	  schema_name text NOT NULL CHECK (schema_name ~ '^[a-z_][a-z0-9_]{0,62}$'),
postgres-1       | 	  table_name text NOT NULL CHECK (table_name ~ '^[a-z_][a-z0-9_]{0,62}$'),
postgres-1       | 	  operation text NOT NULL CHECK (operation IN ('insert', 'update', 'delete')),
postgres-1       | 	  -- Nur Primaerschluesselwerte. Die Grenze verhindert, dass ein zusammengesetzter
postgres-1       | 	  -- Schluessel den Feed aufblaeht.
postgres-1       | 	  row_key jsonb NOT NULL CHECK (octet_length(row_key::text) <= 4096),
postgres-1       | 	  committed_at timestamptz NOT NULL DEFAULT now()
postgres-1       | 	);
postgres-1       | 	
postgres-1       | 	CREATE INDEX change_feed_retention_idx ON qkern_internal.change_feed (committed_at);
postgres-1       | 	
postgres-1       | 	ALTER TABLE qkern_internal.change_feed OWNER TO qkern_ledger_owner;
postgres-1       | 	
postgres-1       | 	-- SECURITY DEFINER: Der Schreiber einer Zeile besitzt keine Rechte auf dem
postgres-1       | 	-- Feed und soll sie auch nicht bekommen. Der Trigger schreibt stellvertretend.
postgres-1       | 	-- search_path wird fest gesetzt, damit kein Aufrufer die aufgeloesten Objekte
postgres-1       | 	-- umlenken kann.
postgres-1       | 	CREATE OR REPLACE FUNCTION qkern_internal.capture_change()
postgres-1       | 	RETURNS trigger
postgres-1       | 	LANGUAGE plpgsql
postgres-1       | 	SECURITY DEFINER
postgres-1       | 	SET search_path = qkern_internal, pg_catalog
postgres-1       | 	AS $$
postgres-1       | 	DECLARE
postgres-1       | 	  key_columns text[];
postgres-1       | 	  source record;
postgres-1       | 	  key jsonb;
postgres-1       | 	BEGIN
postgres-1       | 	  SELECT array_agg(attribute.attname ORDER BY attribute.attnum)
postgres-1       | 	    INTO key_columns
postgres-1       | 	    FROM pg_index index
postgres-1       | 	    JOIN pg_attribute attribute
postgres-1       | 	      ON attribute.attrelid = index.indrelid AND attribute.attnum = ANY (index.indkey)
postgres-1       | 	   WHERE index.indrelid = TG_RELID AND index.indisprimary;
postgres-1       | 	
postgres-1       | 	  IF key_columns IS NULL THEN
postgres-1       | 	    RAISE EXCEPTION 'change capture requires a primary key on %.%', TG_TABLE_SCHEMA, TG_TABLE_NAME
postgres-1       | 	      USING ERRCODE = '55000';
postgres-1       | 	  END IF;
postgres-1       | 	
postgres-1       | 	  source := CASE WHEN TG_OP = 'DELETE' THEN OLD ELSE NEW END;
postgres-1       | 	  SELECT jsonb_object_agg(entry.key, entry.value)
postgres-1       | 	    INTO key
postgres-1       | 	    FROM jsonb_each(to_jsonb(source)) AS entry
postgres-1       | 	   WHERE entry.key = ANY (key_columns);
postgres-1       | 	
postgres-1       | 	  INSERT INTO qkern_internal.change_feed (schema_name, table_name, operation, row_key)
postgres-1       | 	  VALUES (TG_TABLE_SCHEMA, TG_TABLE_NAME, lower(TG_OP), key);
postgres-1       | 	
postgres-1       | 	  RETURN NULL;
postgres-1       | 	END;
postgres-1       | 	$$;
postgres-1       | 	
postgres-1       | 	ALTER FUNCTION qkern_internal.capture_change() OWNER TO qkern_ledger_owner;
postgres-1       | 	
postgres-1       | 	REVOKE ALL ON qkern_internal.change_feed FROM PUBLIC;
postgres-1       | 	REVOKE ALL ON FUNCTION qkern_internal.capture_change() FROM PUBLIC;
postgres-1       | 	
postgres-1       | 	-- Die Laufzeitrolle liest den Feed und raeumt ihn auf. Sie darf ihn niemals
postgres-1       | 	-- schreiben: ein erfundenes Aenderungsereignis wuerde einen Lesevorgang mit
postgres-1       | 	-- fremden Claims ausloesen.
postgres-1       | 	GRANT USAGE ON SCHEMA qkern_internal TO qkern_project_api_app;
postgres-1       | 	GRANT SELECT, DELETE ON qkern_internal.change_feed TO qkern_project_api_app;
postgres-1       | 	
postgres-1       | 	COMMIT;
postgres-1       | 	
postgres-1       | 2026-10-07 19:05:09.230 UTC [656] ERROR:  change capture requires a primary key on public.cdc_keyless_9dc2968685c4
postgres-1       | 2026-10-07 19:05:09.230 UTC [656] CONTEXT:  PL/pgSQL function capture_change() line 15 at RAISE
postgres-1       | 2026-10-07 19:05:09.230 UTC [656] STATEMENT:  INSERT INTO public.cdc_keyless_9dc2968685c4 (label) VALUES ('orphan')
postgres-1       | 2026-10-07 19:05:09.326 UTC [667] ERROR:  permission denied for table change_feed
postgres-1       | 2026-10-07 19:05:09.326 UTC [667] STATEMENT:  INSERT INTO qkern_internal.change_feed (schema_name, table_name, operation, row_key)
postgres-1       | 	       VALUES ('public', 'forged', 'insert', '{"id":"forged"}'::jsonb)
certification-1  |  [32m✓[39m tests/realtime-change-feed-postgres.integration.test.ts [2m([22m[2m6 tests[22m[2m)[22m[33m 525[2mms[22m[39m
postgres-1       | 2026-10-07 19:05:09.456 UTC [664] ERROR:  permission denied for table migration_outbox
postgres-1       | 2026-10-07 19:05:09.456 UTC [664] STATEMENT:  SELECT status FROM migration_outbox
postgres-1       | 2026-10-07 19:05:09.463 UTC [664] ERROR:  permission denied for table migration_outbox
postgres-1       | 2026-10-07 19:05:09.463 UTC [664] STATEMENT:  SELECT lease_owner FROM migration_outbox
postgres-1       | 2026-10-07 19:05:09.467 UTC [664] ERROR:  permission denied for table migration_outbox
postgres-1       | 2026-10-07 19:05:09.467 UTC [664] STATEMENT:  SELECT lease_token FROM migration_outbox
postgres-1       | 2026-10-07 19:05:09.472 UTC [664] ERROR:  permission denied for table migration_outbox
postgres-1       | 2026-10-07 19:05:09.472 UTC [664] STATEMENT:  SELECT lease_expires_at FROM migration_outbox
postgres-1       | 2026-10-07 19:05:09.477 UTC [664] ERROR:  permission denied for table migration_outbox
postgres-1       | 2026-10-07 19:05:09.477 UTC [664] STATEMENT:  SELECT failure_count FROM migration_outbox
postgres-1       | 2026-10-07 19:05:09.482 UTC [664] ERROR:  permission denied for table migration_outbox
postgres-1       | 2026-10-07 19:05:09.482 UTC [664] STATEMENT:  SELECT available_at FROM migration_outbox
certification-1  |  [32m✓[39m tests/migration-enqueue-postgres.integration.test.ts [2m([22m[2m3 tests[22m[2m)[22m[33m 599[2mms[22m[39m
certification-1  |  [32m✓[39m tests/project-auth-postgres.integration.test.ts [2m([22m[2m4 tests[22m[2m)[22m[33m 1976[2mms[22m[39m
certification-1  |      [33m[2m✓[22m[39m persists app users only through the auth role and keeps runtime access closed [33m 419[2mms[22m[39m
certification-1  |      [33m[2m✓[22m[39m records auth events through the auth role into the intact platform audit chain (2.35) [33m 363[2mms[22m[39m
postgres-1       | 2026-10-07 19:05:09.839 UTC [580] ERROR:  function slots are immutable
postgres-1       | 2026-10-07 19:05:09.839 UTC [580] CONTEXT:  PL/pgSQL function qkern_reject_project_function_slot_update() line 3 at RAISE
postgres-1       | 2026-10-07 19:05:09.839 UTC [580] STATEMENT:  UPDATE project_function_slots SET expires_at = now() + interval '1 hour'
postgres-1       | 	        WHERE organization_id=$1 AND function_id=$2
certification-1  |  [32m✓[39m tests/compute-functions-postgres.integration.test.ts [2m([22m[2m13 tests[22m[2m)[22m[33m 3515[2mms[22m[39m
certification-1  |      [33m[2m✓[22m[39m denies the runtime role any change beyond the enabled flag [33m 375[2mms[22m[39m
certification-1  |      [33m[2m✓[22m[39m stops a second instance once the shared limit is reached [33m 1006[2mms[22m[39m
certification-1  |      [33m[2m✓[22m[39m hands the place on once the first instance is done [33m 478[2mms[22m[39m
certification-1  |      [33m[2m✓[22m[39m reclaims the place of an instance that never came back [33m 329[2mms[22m[39m
certification-1  |      [33m[2m✓[22m[39m counts the places of one definition only [33m 469[2mms[22m[39m
postgres-1       | 2026-10-07 19:05:10.068 UTC [692] ERROR:  permission denied for table billing_rate_cards
postgres-1       | 2026-10-07 19:05:10.068 UTC [692] STATEMENT:  UPDATE billing_rate_cards SET unit_price_micros = 1 WHERE organization_id = $1
postgres-1       | 2026-10-07 19:05:10.072 UTC [692] ERROR:  permission denied for table billing_rate_cards
postgres-1       | 2026-10-07 19:05:10.072 UTC [692] STATEMENT:  DELETE FROM billing_rate_cards WHERE organization_id = $1
certification-1  |  [32m✓[39m tests/usage-billing-postgres.integration.test.ts [2m([22m[2m4 tests[22m[2m)[22m[33m 979[2mms[22m[39m
certification-1  |  [32m✓[39m tests/compute-webhook-chain.integration.test.ts [2m([22m[2m6 tests[22m[2m)[22m[33m 1686[2mms[22m[39m
certification-1  |      [33m[2m✓[22m[39m dead-letters after the attempt limit of the definition [33m 302[2mms[22m[39m
certification-1  |      [33m[2m✓[22m[39m recovers a delivery whose deliverer died mid-attempt [33m 570[2mms[22m[39m
postgres-1       | 2026-10-07 19:05:10.418 UTC [697] WARNING:  "wal_level" is insufficient to publish logical changes
postgres-1       | 2026-10-07 19:05:10.418 UTC [697] HINT:  Set "wal_level" to "logical" before creating subscriptions.
postgres-1       | 2026-10-07 19:05:10.740 UTC [551] ERROR:  realtime events are append-only
postgres-1       | 2026-10-07 19:05:10.740 UTC [551] CONTEXT:  PL/pgSQL function qkern_reject_realtime_event_update() line 3 at RAISE
postgres-1       | 2026-10-07 19:05:10.740 UTC [551] STATEMENT:  UPDATE realtime_events SET event='tampered'
postgres-1       | 	        WHERE organization_id=$1 AND channel=$2
certification-1  |  [32m✓[39m tests/usage-emitters-postgres.integration.test.ts [2m([22m[2m20 tests[22m[2m)[22m[33m 3109[2mms[22m[39m
certification-1  |      [33m[2m✓[22m[39m counts every simultaneous enqueue across queues exactly once [33m 881[2mms[22m[39m
certification-1  |  [32m✓[39m tests/data-plane-catalog-postgres.integration.test.ts [2m([22m[2m3 tests[22m[2m)[22m[33m 433[2mms[22m[39m
certification-1  |  [32m✓[39m tests/data-plane-catalog-wide-postgres.integration.test.ts [2m([22m[2m4 tests[22m[2m)[22m[33m 796[2mms[22m[39m
postgres-1       | 2026-10-07 19:05:11.017 UTC [663] ERROR:  cron progress must not move backwards
postgres-1       | 2026-10-07 19:05:11.017 UTC [663] CONTEXT:  PL/pgSQL function qkern_validate_project_cron_update() line 10 at RAISE
postgres-1       | 2026-10-07 19:05:11.017 UTC [663] STATEMENT:  UPDATE project_cron_definitions
postgres-1       | 	            SET last_dispatched_at=$3, updated_at=now()
postgres-1       | 	          WHERE organization_id=$1 AND id=$2
certification-1  | [90mstderr[2m | tests/realtime-change-soak-postgres.integration.test.ts[2m > [22m[2mRealtime change soak PostgreSQL certification[2m > [22m[2mdelivers every change of a sustained writer without loss, gap or stall
certification-1  | [22m[39msoak: 120 Aenderungen, p50 1441 ms, p95 2007 ms, max 2038 ms
certification-1  | 
certification-1  |  [32m✓[39m tests/realtime-postgres.integration.test.ts [2m([22m[2m9 tests[22m[2m)[22m[33m 4788[2mms[22m[39m
certification-1  |      [33m[2m✓[22m[39m delivers a broadcast to a subscriber on a second instance through PostgreSQL [33m 674[2mms[22m[39m
certification-1  |      [33m[2m✓[22m[39m assigns one global sequence per channel across instances [33m 629[2mms[22m[39m
certification-1  |      [33m[2m✓[22m[39m keeps events after a restart of every instance [33m 383[2mms[22m[39m
certification-1  |      [33m[2m✓[22m[39m keeps the event log invisible to a different organization [33m 353[2mms[22m[39m
certification-1  |      [33m[2m✓[22m[39m merges the presence of two instances and keeps it across a restart of the one that wrote it [33m 1031[2mms[22m[39m
certification-1  |      [33m[2m✓[22m[39m lets the presence of a connection that vanished without a goodbye expire, reports the leave and removes the row a grace later [33m 655[2mms[22m[39m
certification-1  |      [33m[2m✓[22m[39m refuses to change a stored event [33m 351[2mms[22m[39m
certification-1  | [90mstderr[2m | tests/realtime-change-soak-postgres.integration.test.ts[2m > [22m[2mRealtime change soak PostgreSQL certification[2m > [22m[2mdelivers every change of a sustained writer without loss, gap or stall
certification-1  | [22m[39msoak: 5 Buchungen fuer 120 Nachrichten
certification-1  | 
postgres-1       | 2026-10-07 19:05:11.180 UTC [660] ERROR:  cron progress must not move backwards
postgres-1       | 2026-10-07 19:05:11.180 UTC [660] CONTEXT:  PL/pgSQL function qkern_validate_project_cron_update() line 10 at RAISE
postgres-1       | 2026-10-07 19:05:11.180 UTC [660] STATEMENT:  UPDATE project_cron_definitions
postgres-1       | 	            SET last_dispatched_at=$3, updated_at=now()
postgres-1       | 	          WHERE organization_id=$1 AND id=$2
certification-1  |  [32m✓[39m tests/usage-metering-postgres.integration.test.ts [2m([22m[2m4 tests[22m[2m)[22m[33m 989[2mms[22m[39m
certification-1  |      [33m[2m✓[22m[39m serializes concurrent hard-quota decisions and persists verifier-only events [33m 622[2mms[22m[39m
postgres-1       | 2026-10-07 19:05:11.243 UTC [515] ERROR:  cron progress must not move backwards
postgres-1       | 2026-10-07 19:05:11.243 UTC [515] CONTEXT:  PL/pgSQL function qkern_validate_project_cron_update() line 10 at RAISE
postgres-1       | 2026-10-07 19:05:11.243 UTC [515] STATEMENT:  UPDATE project_cron_definitions SET last_dispatched_at=$2 WHERE id=$1
certification-1  |  [32m✓[39m tests/realtime-change-soak-postgres.integration.test.ts [2m([22m[2m1 test[22m[2m)[22m[33m 4837[2mms[22m[39m
certification-1  |      [33m[2m✓[22m[39m delivers every change of a sustained writer without loss, gap or stall [33m 4059[2mms[22m[39m
postgres-1       | 2026-10-07 19:05:11.285 UTC [713] ERROR:  cron identity is immutable
postgres-1       | 2026-10-07 19:05:11.285 UTC [713] CONTEXT:  PL/pgSQL function qkern_validate_project_cron_update() line 6 at RAISE
postgres-1       | 2026-10-07 19:05:11.285 UTC [713] STATEMENT:  UPDATE project_cron_definitions SET project_id=$2 WHERE id=$1
certification-1  |  [32m✓[39m tests/data-plane-triggers-postgres.integration.test.ts [2m([22m[2m1 test[22m[2m)[22m[33m 554[2mms[22m[39m
certification-1  |  [32m✓[39m tests/data-plane-functions-postgres.integration.test.ts [2m([22m[2m1 test[22m[2m)[22m[33m 406[2mms[22m[39m
certification-1  |  [32m✓[39m tests/queue-connection-pressure-postgres.integration.test.ts [2m([22m[2m1 test[22m[2m)[22m[33m 575[2mms[22m[39m
certification-1  |      [33m[2m✓[22m[39m names an exhausted pool instead of calling it a queue conflict [33m 414[2mms[22m[39m
certification-1  |  [32m✓[39m tests/data-plane-query-postgres.integration.test.ts [2m([22m[2m2 tests[22m[2m)[22m[33m 397[2mms[22m[39m
certification-1  |  [32m✓[39m tests/sql-privilege-clause-contract.integration.test.ts [2m([22m[2m2 tests[22m[2m)[22m[33m 4210[2mms[22m[39m
certification-1  |      [33m[2m✓[22m[39m grants every write role the read right its clauses require [33m 3757[2mms[22m[39m
postgres-1       | 2026-10-07 19:05:13.916 UTC [763] ERROR:  permission denied for table users
postgres-1       | 2026-10-07 19:05:13.916 UTC [763] STATEMENT:  SELECT id FROM users LIMIT 1
postgres-1       | 2026-10-07 19:05:13.955 UTC [764] ERROR:  permission denied for table projects
postgres-1       | 2026-10-07 19:05:13.955 UTC [764] STATEMENT:  SELECT id FROM projects LIMIT 1
postgres-1       | 2026-10-07 19:05:14.132 UTC [339] LOG:  checkpoint starting: immediate force wait
postgres-1       | 2026-10-07 19:05:14.184 UTC [339] LOG:  checkpoint complete: wrote 712 buffers (4.3%); 0 WAL file(s) added, 0 removed, 0 recycled; write=0.046 s, sync=0.003 s, total=0.052 s; sync files=313, longest=0.001 s, average=0.001 s; distance=3178 kB, estimate=9943 kB; lsn=0/2BBE2E0, redo lsn=0/2B5E178
certification-1  |  [32m✓[39m tests/migration-process-postgres.integration.test.ts [2m([22m[2m3 tests[22m[2m)[22m[33m 9012[2mms[22m[39m
certification-1  |      [33m[2m✓[22m[39m applies a queued statement to the real project database [33m 4577[2mms[22m[39m
certification-1  |      [33m[2m✓[22m[39m keeps a tampered statement out of the project database [33m 2069[2mms[22m[39m
certification-1  |      [33m[2m✓[22m[39m names the violated boundary condition without describing the database [33m 1540[2mms[22m[39m
certification-1  |  [32m✓[39m tests/billing-invoice-postgres.integration.test.ts [2m([22m[2m6 tests[22m[2m)[22m[33m 9670[2mms[22m[39m
certification-1  |      [33m[2m✓[22m[39m issues the closed month's invoice from the shipped process [33m 2033[2mms[22m[39m
certification-1  |      [33m[2m✓[22m[39m leaves the issued invoice untouched on a second run [33m 2022[2mms[22m[39m
certification-1  |      [33m[2m✓[22m[39m refuses an open period at its configuration boundary [33m 841[2mms[22m[39m
certification-1  |      [33m[2m✓[22m[39m issues exactly one invoice when two runs race for the same period [33m 1276[2mms[22m[39m
certification-1  |      [33m[2m✓[22m[39m numbers invoices gaplessly per organization and stamps the due date [33m 3052[2mms[22m[39m
certification-1  |  [32m✓[39m tests/realtime-change-chain-postgres.integration.test.ts [2m([22m[2m7 tests[22m[2m)[22m[33m 10149[2mms[22m[39m
certification-1  |      [33m[2m✓[22m[39m keeps order and delivers each change exactly once under a burst [33m 2098[2mms[22m[39m
certification-1  |      [33m[2m✓[22m[39m keeps every subscriber's subset correct with many subscribers at once [33m 7205[2mms[22m[39m
certification-1  |  [32m✓[39m tests/realtime-process-postgres.integration.test.ts [2m([22m[2m3 tests[22m[2m)[22m[33m 10789[2mms[22m[39m
certification-1  |      [33m[2m✓[22m[39m serves a real client from the shipped process [33m 7301[2mms[22m[39m
certification-1  |      [33m[2m✓[22m[39m refuses production with an ephemeral log and names the condition [33m 1744[2mms[22m[39m
certification-1  |      [33m[2m✓[22m[39m serves a client on a public bind after the explicit opt-in [33m 1571[2mms[22m[39m
certification-1  |  [32m✓[39m tests/compute-cron-postgres.integration.test.ts [2m([22m[2m12 tests[22m[2m)[22m[33m 11861[2mms[22m[39m
certification-1  |      [33m[2m✓[22m[39m dispatches a due occurrence into the queue and advances the progress [33m 328[2mms[22m[39m
certification-1  |      [33m[2m✓[22m[39m dispatches a weekday-name expression and an @ shortcut through the real progress [33m 528[2mms[22m[39m
certification-1  |      [33m[2m✓[22m[39m dispatches a zoned schedule through the real progress across the missing hour [33m 507[2mms[22m[39m
certification-1  |      [33m[2m✓[22m[39m dispatches L, # and W schedules through the real progress [33m 1554[2mms[22m[39m
certification-1  |      [33m[2m✓[22m[39m produces exactly one message when two schedulers fire the same occurrence [33m 2260[2mms[22m[39m
certification-1  |      [33m[2m✓[22m[39m dispatches from the shipped process [33m 4372[2mms[22m[39m
certification-1  |      [33m[2m✓[22m[39m reports ready while the cron loop is doing its rounds [33m 1137[2mms[22m[39m
certification-1  |      [33m[2m✓[22m[39m stops reporting ready when every definition fails [33m 539[2mms[22m[39m
certification-1  |  [32m✓[39m tests/project-queues-multi-instance.integration.test.ts [2m([22m[2m6 tests[22m[2m)[22m[33m 14045[2mms[22m[39m
certification-1  |      [33m[2m✓[22m[39m claims every message exactly once across six competing instances [33m 6647[2mms[22m[39m
certification-1  |      [33m[2m✓[22m[39m fences a vanished worker: the lease survives, the stale token does not [33m 6226[2mms[22m[39m
certification-1  |      [33m[2m✓[22m[39m enforces the capacity limit even when instances enqueue at the same time [33m 431[2mms[22m[39m
postgres-1       | 2026-10-07 19:05:26.215 UTC [762] ERROR:  new row for relation "project_queue_messages" violates check constraint "project_queue_messages_dedupe_pair"
postgres-1       | 2026-10-07 19:05:26.215 UTC [762] DETAIL:  Failing row contains (b0c30afd-9e64-407a-8e3e-e611cef5fe96, aae3cf1b-f736-44fb-9703-979b5c25be0a, 4e52baf0-c4b0-4049-9de8-9dd6037a2234, development, fbaa7bce-4502-4968-914b-d1daf1a50201, {}, available, probe, ffffffffffffffffffffffffffffffffffffffffffffffffffffffffffffffff, null, 0, 2026-10-07 19:05:26.214557+00, null, null, 0, null, null, 2026-10-07 19:05:26.214557+00, null, null, null).
postgres-1       | 2026-10-07 19:05:26.215 UTC [762] STATEMENT:  INSERT INTO project_queue_messages
postgres-1       | 	        (organization_id,project_id,environment,queue_id,payload,owner_subject,dedupe_key_hash)
postgres-1       | 	        VALUES ($1,$2,'development',$3,'{}'::jsonb,'probe',$4)
postgres-1       | 2026-10-07 19:05:26.248 UTC [892] FATAL:  database "absent_b4bbe0ef_7402_493e_9e02_455a9b247728" does not exist
postgres-1       | 2026-10-07 19:05:26.481 UTC [339] LOG:  checkpoint starting: immediate force wait
postgres-1       | 2026-10-07 19:05:26.483 UTC [339] LOG:  checkpoint complete: wrote 257 buffers (1.6%); 0 WAL file(s) added, 0 removed, 2 recycled; write=0.002 s, sync=0.001 s, total=0.003 s; sync files=177, longest=0.001 s, average=0.000 s; distance=25466 kB, estimate=25466 kB; lsn=0/443CB08, redo lsn=0/443CAB0
postgres-1       | 2026-10-07 19:05:27.806 UTC [766] ERROR:  new row for relation "project_auth_settings" violates check constraint "project_auth_settings_rate_limits_check"
postgres-1       | 2026-10-07 19:05:27.806 UTC [766] DETAIL:  Failing row contains (331bd68d-4aef-4766-be3a-1a7bc90412f6, 6c6ba91c-e313-4658-a41a-1d0ac248974e, development, f, 2026-09-26 12:00:00+00, {}, 0, 900, 5, 3600, 2, 900, f, 12, named, null, 2000, null, 2000, {}).
postgres-1       | 2026-10-07 19:05:27.806 UTC [766] STATEMENT:  UPDATE project_auth_settings SET sign_in_max = 0
postgres-1       | 	       WHERE organization_id = $1 AND project_id = $2 AND environment = 'development'
postgres-1       | 2026-10-07 19:05:28.122 UTC [907] ERROR:  new row for relation "project_auth_settings" violates check constraint "project_auth_settings_password_protection_check"
postgres-1       | 2026-10-07 19:05:28.122 UTC [907] DETAIL:  Failing row contains (9f10bda8-60a7-4c8c-9b02-1819e9b907c1, 9ef4190f-644d-4c59-b0ee-7064558ee7f8, development, f, 2026-09-26 13:00:00+00, {}, 10, 900, 5, 3600, 60, 3600, t, 11, generic, null, 2000, null, 2000, {}).
postgres-1       | 2026-10-07 19:05:28.122 UTC [907] STATEMENT:  UPDATE project_auth_settings SET password_min_length = 11
postgres-1       | 	         WHERE organization_id = $1 AND project_id = $2 AND environment = 'development'
postgres-1       | 2026-10-07 19:05:28.132 UTC [908] ERROR:  new row for relation "project_auth_settings" violates check constraint "project_auth_settings_password_protection_check"
postgres-1       | 2026-10-07 19:05:28.132 UTC [908] DETAIL:  Failing row contains (9f10bda8-60a7-4c8c-9b02-1819e9b907c1, 9ef4190f-644d-4c59-b0ee-7064558ee7f8, development, f, 2026-09-26 13:00:00+00, {}, 10, 900, 5, 3600, 60, 3600, t, 129, generic, null, 2000, null, 2000, {}).
postgres-1       | 2026-10-07 19:05:28.132 UTC [908] STATEMENT:  UPDATE project_auth_settings SET password_min_length = 129
postgres-1       | 	         WHERE organization_id = $1 AND project_id = $2 AND environment = 'development'
postgres-1       | 2026-10-07 19:05:28.142 UTC [909] ERROR:  new row for relation "project_auth_settings" violates check constraint "project_auth_settings_password_protection_check"
postgres-1       | 2026-10-07 19:05:28.142 UTC [909] DETAIL:  Failing row contains (9f10bda8-60a7-4c8c-9b02-1819e9b907c1, 9ef4190f-644d-4c59-b0ee-7064558ee7f8, development, f, 2026-09-26 13:00:00+00, {}, 10, 900, 5, 3600, 60, 3600, t, 14, loud, null, 2000, null, 2000, {}).
postgres-1       | 2026-10-07 19:05:28.142 UTC [909] STATEMENT:  UPDATE project_auth_settings SET leaked_password_notice = 'loud'
postgres-1       | 	         WHERE organization_id = $1 AND project_id = $2 AND environment = 'development'
postgres-1       | 2026-10-07 19:05:30.210 UTC [339] LOG:  checkpoint starting: immediate force wait
postgres-1       | 2026-10-07 19:05:30.215 UTC [339] LOG:  checkpoint complete: wrote 210 buffers (1.3%); 0 WAL file(s) added, 0 removed, 0 recycled; write=0.005 s, sync=0.001 s, total=0.005 s; sync files=141, longest=0.001 s, average=0.000 s; distance=5483 kB, estimate=23468 kB; lsn=0/4997A80, redo lsn=0/4997A28
postgres-1       | 2026-10-07 19:05:35.323 UTC [339] LOG:  checkpoint starting: immediate force wait
postgres-1       | 2026-10-07 19:05:35.324 UTC [339] LOG:  checkpoint complete: wrote 64 buffers (0.4%); 0 WAL file(s) added, 0 removed, 0 recycled; write=0.001 s, sync=0.001 s, total=0.001 s; sync files=59, longest=0.001 s, average=0.000 s; distance=4577 kB, estimate=21578 kB; lsn=0/4E0FEA0, redo lsn=0/4E0FE48
postgres-1       | 2026-10-07 19:05:35.409 UTC [890] ERROR:  new row for relation "user_console_settings" violates check constraint "user_console_settings_language_check"
postgres-1       | 2026-10-07 19:05:35.409 UTC [890] DETAIL:  Failing row contains (fb478b41-f787-41d8-b29d-71419e9a7cd5, es, de-CH, browser, overview, system, 2026-10-07 19:05:35.409292+00, 2026-10-07 19:05:35.409292+00, easy).
postgres-1       | 2026-10-07 19:05:35.409 UTC [890] STATEMENT:  INSERT INTO user_console_settings (user_id, language) VALUES ($1, $2)
postgres-1       | 2026-10-07 19:05:35.415 UTC [965] ERROR:  new row for relation "user_console_settings" violates check constraint "user_console_settings_format_locale_check"
postgres-1       | 2026-10-07 19:05:35.415 UTC [965] DETAIL:  Failing row contains (fb478b41-f787-41d8-b29d-71419e9a7cd5, browser, de-AT, browser, overview, system, 2026-10-07 19:05:35.414889+00, 2026-10-07 19:05:35.414889+00, easy).
postgres-1       | 2026-10-07 19:05:35.415 UTC [965] STATEMENT:  INSERT INTO user_console_settings (user_id, format_locale) VALUES ($1, $2)
postgres-1       | 2026-10-07 19:05:35.422 UTC [966] ERROR:  new row for relation "user_console_settings" violates check constraint "user_console_settings_theme_check"
postgres-1       | 2026-10-07 19:05:35.422 UTC [966] DETAIL:  Failing row contains (fb478b41-f787-41d8-b29d-71419e9a7cd5, browser, de-CH, browser, overview, sepia, 2026-10-07 19:05:35.421084+00, 2026-10-07 19:05:35.421084+00, easy).
postgres-1       | 2026-10-07 19:05:35.422 UTC [966] STATEMENT:  INSERT INTO user_console_settings (user_id, theme) VALUES ($1, $2)
postgres-1       | 2026-10-07 19:05:35.428 UTC [967] ERROR:  new row for relation "user_console_settings" violates check constraint "user_console_settings_time_zone_check"
postgres-1       | 2026-10-07 19:05:35.428 UTC [967] DETAIL:  Failing row contains (fb478b41-f787-41d8-b29d-71419e9a7cd5, browser, de-CH, kein zonenname mit leerzeichen, overview, system, 2026-10-07 19:05:35.427487+00, 2026-10-07 19:05:35.427487+00, easy).
postgres-1       | 2026-10-07 19:05:35.428 UTC [967] STATEMENT:  INSERT INTO user_console_settings (user_id, time_zone) VALUES ($1, $2)
postgres-1       | 2026-10-07 19:05:35.435 UTC [968] ERROR:  new row for relation "user_console_settings" violates check constraint "user_console_settings_start_view_check"
postgres-1       | 2026-10-07 19:05:35.435 UTC [968] DETAIL:  Failing row contains (fb478b41-f787-41d8-b29d-71419e9a7cd5, browser, de-CH, browser, Nicht Erlaubt, system, 2026-10-07 19:05:35.43401+00, 2026-10-07 19:05:35.43401+00, easy).
postgres-1       | 2026-10-07 19:05:35.435 UTC [968] STATEMENT:  INSERT INTO user_console_settings (user_id, start_view) VALUES ($1, $2)
postgres-1       | 2026-10-07 19:05:35.441 UTC [969] ERROR:  new row for relation "user_console_settings" violates check constraint "user_console_settings_interface_mode_check"
postgres-1       | 2026-10-07 19:05:35.441 UTC [969] DETAIL:  Failing row contains (fb478b41-f787-41d8-b29d-71419e9a7cd5, browser, de-CH, browser, overview, system, 2026-10-07 19:05:35.440217+00, 2026-10-07 19:05:35.440217+00, beginner).
postgres-1       | 2026-10-07 19:05:35.441 UTC [969] STATEMENT:  INSERT INTO user_console_settings (user_id, interface_mode) VALUES ($1, $2)
postgres-1       | 2026-10-07 19:05:35.448 UTC [910] ERROR:  permission denied for table users
postgres-1       | 2026-10-07 19:05:35.448 UTC [910] STATEMENT:  UPDATE users SET status = 'disabled' WHERE id = $1
postgres-1       | 2026-10-07 19:05:48.010 UTC [1008] ERROR:  relation "plaene_dfe148eb_3f2a_4de7_8fb8_ffde52488434.gibt_es_nicht" does not exist at character 73
postgres-1       | 2026-10-07 19:05:48.010 UTC [1008] STATEMENT:  EXPLAIN (FORMAT JSON, COSTS ON, VERBOSE OFF, SUMMARY ON) SELECT id FROM "plaene_dfe148eb_3f2a_4de7_8fb8_ffde52488434".gibt_es_nicht
postgres-1       | 2026-10-07 19:05:48.031 UTC [970] ERROR:  division by zero
postgres-1       | 2026-10-07 19:05:48.031 UTC [970] STATEMENT:  SELECT 1 / 0
postgres-1       | 2026-10-07 19:05:48.037 UTC [1038] ERROR:  division by zero
postgres-1       | 2026-10-07 19:05:48.037 UTC [1038] STATEMENT:  SELECT 1 / 0
postgres-1       | 2026-10-07 19:05:48.042 UTC [1039] ERROR:  division by zero
postgres-1       | 2026-10-07 19:05:48.042 UTC [1039] STATEMENT:  SELECT 1 / 0
postgres-1       | 2026-10-07 19:05:48.047 UTC [1040] ERROR:  division by zero
postgres-1       | 2026-10-07 19:05:48.047 UTC [1040] STATEMENT:  SELECT 1 / 0
postgres-1       | 2026-10-07 19:05:48.053 UTC [1041] ERROR:  division by zero
postgres-1       | 2026-10-07 19:05:48.053 UTC [1041] STATEMENT:  SELECT 1 / 0
postgres-1       | 2026-10-07 19:05:48.058 UTC [1042] ERROR:  division by zero
postgres-1       | 2026-10-07 19:05:48.058 UTC [1042] STATEMENT:  SELECT 1 / 0
postgres-1       | 2026-10-07 19:05:48.064 UTC [1043] ERROR:  division by zero
postgres-1       | 2026-10-07 19:05:48.064 UTC [1043] STATEMENT:  SELECT 1 / 0
postgres-1       | 2026-10-07 19:05:48.070 UTC [1044] ERROR:  division by zero
postgres-1       | 2026-10-07 19:05:48.070 UTC [1044] STATEMENT:  SELECT 1 / 0
postgres-1       | 2026-10-07 19:05:48.076 UTC [1045] ERROR:  division by zero
postgres-1       | 2026-10-07 19:05:48.076 UTC [1045] STATEMENT:  SELECT 1 / 0
postgres-1       | 2026-10-07 19:05:48.082 UTC [1046] ERROR:  division by zero
postgres-1       | 2026-10-07 19:05:48.082 UTC [1046] STATEMENT:  SELECT 1 / 0
postgres-1       | 2026-10-07 19:05:49.015 UTC [1049] ERROR:  permission denied for table pg_user_mapping
postgres-1       | 2026-10-07 19:05:49.015 UTC [1049] STATEMENT:  SELECT umoptions FROM pg_catalog.pg_user_mapping
postgres-1       | 2026-10-07 19:05:49.038 UTC [1047] WARNING:  "wal_level" is insufficient to publish logical changes
postgres-1       | 2026-10-07 19:05:49.038 UTC [1047] HINT:  Set "wal_level" to "logical" before creating subscriptions.
postgres-1       | 2026-10-07 19:05:49.046 UTC [1051] ERROR:  permission denied for table pg_subscription
postgres-1       | 2026-10-07 19:05:49.046 UTC [1051] STATEMENT:  SELECT subconninfo FROM pg_catalog.pg_subscription
postgres-1       | 2026-10-07 19:05:49.278 UTC [768] ERROR:  permission denied for table project_storage_s3_access_keys
postgres-1       | 2026-10-07 19:05:49.278 UTC [768] STATEMENT:  DELETE FROM project_storage_s3_access_keys WHERE id = $1
postgres-1       | 2026-10-07 19:05:49.279 UTC [765] ERROR:  permission denied for table project_storage_s3_access_keys
postgres-1       | 2026-10-07 19:05:49.279 UTC [765] STATEMENT:  UPDATE project_storage_s3_access_keys SET name = 'anders' WHERE id = $1
postgres-1       | 2026-10-07 19:05:49.281 UTC [1047] ERROR:  project storage S3 access keys are immutable except for one-way revocation
postgres-1       | 2026-10-07 19:05:49.281 UTC [1047] CONTEXT:  PL/pgSQL function qkern_reject_project_storage_s3_access_key_mutation() line 14 at RAISE
postgres-1       | 2026-10-07 19:05:49.281 UTC [1047] STATEMENT:  UPDATE project_storage_s3_access_keys SET revoked_at = now() + interval '1 hour' WHERE id = $1
postgres-1       | 2026-10-07 19:05:49.330 UTC [1054] ERROR:  project storage S3 access keys are immutable except for one-way revocation
postgres-1       | 2026-10-07 19:05:49.330 UTC [1054] CONTEXT:  PL/pgSQL function qkern_reject_project_storage_s3_access_key_mutation() line 14 at RAISE
postgres-1       | 2026-10-07 19:05:49.330 UTC [1054] STATEMENT:  UPDATE project_storage_s3_access_keys SET secret_ciphertext = $2 WHERE id = $1
postgres-1       | 2026-10-07 19:05:50.035 UTC [971] ERROR:  new row for relation "project_auth_settings" violates check constraint "project_auth_settings_hook_claims_check"
postgres-1       | 2026-10-07 19:05:50.035 UTC [971] DETAIL:  Failing row contains (981b1d1b-9a39-45cf-b6b1-8aae6fcae4c9, a502d32d-dc95-4188-b775-c97111b262c5, development, f, 2026-10-07 19:05:49.944+00, {}, 10, 900, 5, 3600, 60, 3600, f, 12, named, null, 2000, hook-claims-7361a85b, 2000, {role}).
postgres-1       | 2026-10-07 19:05:50.035 UTC [971] STATEMENT:  UPDATE project_auth_settings SET access_token_hook_function = $1, access_token_hook_claims = ARRAY['role']::text[] WHERE organization_id = '981b1d1b-9a39-45cf-b6b1-8aae6fcae4c9' AND project_id = 'a502d32d-dc95-4188-b775-c97111b262c5'
postgres-1       | 	      AND environment = 'development'
postgres-1       | 2026-10-07 19:05:50.044 UTC [1065] ERROR:  new row for relation "project_auth_settings" violates check constraint "project_auth_settings_hook_timeout_check"
postgres-1       | 2026-10-07 19:05:50.044 UTC [1065] DETAIL:  Failing row contains (981b1d1b-9a39-45cf-b6b1-8aae6fcae4c9, a502d32d-dc95-4188-b775-c97111b262c5, development, f, 2026-10-07 19:05:49.944+00, {}, 10, 900, 5, 3600, 60, 3600, f, 12, named, null, 0, null, 2000, {}).
postgres-1       | 2026-10-07 19:05:50.044 UTC [1065] STATEMENT:  UPDATE project_auth_settings SET sign_in_hook_timeout_ms = 0 WHERE organization_id = '981b1d1b-9a39-45cf-b6b1-8aae6fcae4c9' AND project_id = 'a502d32d-dc95-4188-b775-c97111b262c5'
postgres-1       | 	      AND environment = 'development'
postgres-1       | 2026-10-07 19:05:50.054 UTC [1066] ERROR:  new row for relation "project_auth_settings" violates check constraint "project_auth_settings_hook_function_check"
postgres-1       | 2026-10-07 19:05:50.054 UTC [1066] DETAIL:  Failing row contains (981b1d1b-9a39-45cf-b6b1-8aae6fcae4c9, a502d32d-dc95-4188-b775-c97111b262c5, development, f, 2026-10-07 19:05:49.944+00, {}, 10, 900, 5, 3600, 60, 3600, f, 12, named, Nope!, 2000, null, 2000, {}).
postgres-1       | 2026-10-07 19:05:50.054 UTC [1066] STATEMENT:  UPDATE project_auth_settings SET sign_in_hook_function = 'Nope!' WHERE organization_id = '981b1d1b-9a39-45cf-b6b1-8aae6fcae4c9' AND project_id = 'a502d32d-dc95-4188-b775-c97111b262c5'
postgres-1       | 	      AND environment = 'development'
postgres-1       | 2026-10-07 19:05:50.064 UTC [1067] ERROR:  new row for relation "project_auth_settings" violates check constraint "project_auth_settings_hook_claims_check"
postgres-1       | 2026-10-07 19:05:50.064 UTC [1067] DETAIL:  Failing row contains (981b1d1b-9a39-45cf-b6b1-8aae6fcae4c9, a502d32d-dc95-4188-b775-c97111b262c5, development, f, 2026-10-07 19:05:49.944+00, {}, 10, 900, 5, 3600, 60, 3600, f, 12, named, null, 2000, null, 2000, {tenant}).
postgres-1       | 2026-10-07 19:05:50.064 UTC [1067] STATEMENT:  UPDATE project_auth_settings SET access_token_hook_function = NULL, access_token_hook_claims = ARRAY['tenant']::text[] WHERE organization_id = '981b1d1b-9a39-45cf-b6b1-8aae6fcae4c9' AND project_id = 'a502d32d-dc95-4188-b775-c97111b262c5'
postgres-1       | 	      AND environment = 'development'
postgres-1       | 2026-10-07 19:05:50.201 UTC [1068] ERROR:  permission denied for table project_auth_passkeys
postgres-1       | 2026-10-07 19:05:50.201 UTC [1068] STATEMENT:  UPDATE project_auth_passkeys SET public_key = $1
postgres-1       | 	        WHERE organization_id = $2 AND project_id = $3
postgres-1       | 2026-10-07 19:05:50.439 UTC [1069] ERROR:  new row for relation "project_auth_third_party_providers" violates check constraint "project_auth_third_party_providers_role_check"
postgres-1       | 2026-10-07 19:05:50.439 UTC [1069] DETAIL:  Failing row contains (0f92c925-5e06-4127-8b3d-676062becfd0, c01c24db-47d3-4b39-8080-f4a3040927ef, d3007973-ac82-4f7b-99a6-58e1889834e0, development, direkt, https://direkt.example.com, https://aussteller-2-80.example.com/.well-known/jwks.json, {qkern-app-2-80}, sub, null, service_role, 2026-10-07 19:05:50.437843+00).
postgres-1       | 2026-10-07 19:05:50.439 UTC [1069] STATEMENT:  INSERT INTO project_auth_third_party_providers
postgres-1       | 	        (id, organization_id, project_id, environment, name, issuer, jwks_uri, audiences, default_role)
postgres-1       | 	        VALUES ($1,$2,$3,$4,'direkt','https://direkt.example.com',$5,ARRAY[$6]::text[],'service_role')
postgres-1       | 2026-10-07 19:05:50.459 UTC [1070] ERROR:  permission denied for table project_auth_third_party_providers
postgres-1       | 2026-10-07 19:05:50.459 UTC [1070] STATEMENT:  UPDATE project_auth_third_party_providers SET jwks_uri = $1 WHERE issuer = $2
postgres-1       | 2026-10-07 19:05:52.000 UTC [1091] ERROR:  new row violates row-level security policy for table "notizen"
postgres-1       | 2026-10-07 19:05:52.000 UTC [1091] STATEMENT:  INSERT INTO "graphqlw_c26ea26e_7728_4064_9cbf_ddd26e52f419"."notizen" ("besitzer", "inhalt", "menge")
postgres-1       | 	         VALUES ($1, $2, $3)
postgres-1       | 	         
postgres-1       | 	         RETURNING "id", "besitzer", "inhalt", "menge"
postgres-1       | 2026-10-07 19:05:52.010 UTC [1091] ERROR:  new row violates row-level security policy for table "notizen"
postgres-1       | 2026-10-07 19:05:52.010 UTC [1091] STATEMENT:  UPDATE "graphqlw_c26ea26e_7728_4064_9cbf_ddd26e52f419"."notizen" SET "besitzer" = $1
postgres-1       | 	       WHERE "menge" = $2 RETURNING "id", "besitzer", "inhalt", "menge"
postgres-1       | 2026-10-07 19:05:52.162 UTC [1092] ERROR:  new row violates row-level security policy (USING expression) for table "kunden"
postgres-1       | 2026-10-07 19:05:52.162 UTC [1092] STATEMENT:  INSERT INTO "gqlupsert_633f52ea_9b81_406b_8c34_a8aab489060e"."kunden" ("besitzer", "email", "name", "punkte")
postgres-1       | 	         VALUES ($1, $2, $3, $4)
postgres-1       | 	         ON CONFLICT ("email")
postgres-1       | 	         DO UPDATE SET "besitzer" = EXCLUDED."besitzer", "name" = EXCLUDED."name", "punkte" = EXCLUDED."punkte"
postgres-1       | 	         RETURNING "id", "besitzer", "email", "name", "punkte", "slug"
postgres-1       | 2026-10-07 19:05:52.168 UTC [1092] ERROR:  new row violates row-level security policy (USING expression) for table "kunden"
postgres-1       | 2026-10-07 19:05:52.168 UTC [1092] STATEMENT:  INSERT INTO "gqlupsert_633f52ea_9b81_406b_8c34_a8aab489060e"."kunden" ("besitzer", "email", "name", "punkte")
postgres-1       | 	         VALUES ($1, $2, $3, $4)
postgres-1       | 	         ON CONFLICT ("email")
postgres-1       | 	         DO UPDATE SET "besitzer" = EXCLUDED."besitzer", "name" = EXCLUDED."name", "punkte" = EXCLUDED."punkte"
postgres-1       | 	         RETURNING "id", "besitzer", "email", "name", "punkte", "slug"
postgres-1       | 2026-10-07 19:05:52.184 UTC [1092] ERROR:  new row violates row-level security policy (USING expression) for table "kunden"
postgres-1       | 2026-10-07 19:05:52.184 UTC [1092] STATEMENT:  INSERT INTO "gqlupsert_633f52ea_9b81_406b_8c34_a8aab489060e"."kunden" ("besitzer", "email", "name", "punkte")
postgres-1       | 	         VALUES ($1, $2, $3, $4)
postgres-1       | 	         ON CONFLICT ("email")
postgres-1       | 	         DO UPDATE SET "besitzer" = EXCLUDED."besitzer", "name" = EXCLUDED."name", "punkte" = EXCLUDED."punkte"
postgres-1       | 	         RETURNING "id", "besitzer", "email", "name", "punkte", "slug"
postgres-1       | 2026-10-07 19:05:52.316 UTC [1093] ERROR:  new row violates row-level security policy (USING expression) for table "kunden"
postgres-1       | 2026-10-07 19:05:52.316 UTC [1093] STATEMENT:  INSERT INTO "mcpupsert_ee1676f0_e171_4e3f_82b3_462192006ead"."kunden" ("besitzer", "email", "name", "punkte")
postgres-1       | 	         VALUES ($1, $2, $3, $4)
postgres-1       | 	         ON CONFLICT ("email")
postgres-1       | 	         DO UPDATE SET "besitzer" = EXCLUDED."besitzer", "name" = EXCLUDED."name", "punkte" = EXCLUDED."punkte"
postgres-1       | 	         RETURNING "id", "besitzer", "email", "name", "punkte"
postgres-1       | 2026-10-07 19:05:52.351 UTC [1093] ERROR:  new row violates row-level security policy (USING expression) for table "kunden"
postgres-1       | 2026-10-07 19:05:52.351 UTC [1093] STATEMENT:  INSERT INTO "mcpupsert_ee1676f0_e171_4e3f_82b3_462192006ead"."kunden" ("besitzer", "email", "name", "punkte")
postgres-1       | 	         VALUES ($1, $2, $3, $4)
postgres-1       | 	         ON CONFLICT ("email")
postgres-1       | 	         DO UPDATE SET "besitzer" = EXCLUDED."besitzer", "name" = EXCLUDED."name", "punkte" = EXCLUDED."punkte"
postgres-1       | 	         RETURNING "id", "besitzer", "email", "name", "punkte"
postgres-1       | 2026-10-07 19:05:52.476 UTC [1094] ERROR:  permission denied for table project_auth_oauth_clients
postgres-1       | 2026-10-07 19:05:52.476 UTC [1094] STATEMENT:  UPDATE project_auth_oauth_clients SET scopes = ARRAY['data:write']::text[] WHERE id = $1
postgres-1       | 2026-10-07 19:05:52.477 UTC [1071] ERROR:  new row for relation "project_auth_oauth_codes" violates check constraint "project_auth_oauth_codes_pkce_check"
postgres-1       | 2026-10-07 19:05:52.477 UTC [1071] DETAIL:  Failing row contains (2a7d09a8-9d7a-44ef-99ca-84a2a50882f0, b9edbc10-f045-4ea8-8689-608c63357e66, ff830b03-74fb-4c6d-b891-3b502c4c9c93, development, c062f41e-77cf-4ec9-a9bb-e5dd945f9614, 4f5339aa-6853-4255-9693-af51f66a9257, https://app.test/oauth/zurueck, {data:read}, direkt-cb59526e-758b-41c9-92ba-3507a8e66153, sevN9G54GttrSmtsr59ilWD7pJwXs4_2OuGCfLJkLjo, plain, 2026-10-07 19:05:52.477207+00, 2026-10-07 19:06:52.477207+00, null, null).
postgres-1       | 2026-10-07 19:05:52.477 UTC [1071] STATEMENT:  INSERT INTO project_auth_oauth_codes
postgres-1       | 	        (id, organization_id, project_id, environment, client_id, auth_user_id, redirect_uri,
postgres-1       | 	         scopes, code_hash, code_challenge, code_challenge_method, expires_at)
postgres-1       | 	        VALUES ($1,$2,$3,'development',$4,$5,$6,ARRAY['data:read']::text[],$7,$8,'plain',now() + interval '1 minute')
postgres-1       | 2026-10-07 19:05:52.695 UTC [339] LOG:  checkpoint starting: immediate force wait
postgres-1       | 2026-10-07 19:05:52.699 UTC [339] LOG:  checkpoint complete: wrote 367 buffers (2.2%); 0 WAL file(s) added, 0 removed, 2 recycled; write=0.004 s, sync=0.001 s, total=0.004 s; sync files=299, longest=0.001 s, average=0.000 s; distance=26264 kB, estimate=26264 kB; lsn=0/67B5ED0, redo lsn=0/67B5E78
postgres-1       | 2026-10-07 19:05:52.727 UTC [1053] ERROR:  permission denied for table project_auth_one_time_tokens
postgres-1       | 2026-10-07 19:05:52.727 UTC [1053] STATEMENT:  DELETE FROM project_auth_one_time_tokens WHERE organization_id = $1
postgres-1       | 2026-10-07 19:05:52.735 UTC [1100] ERROR:  permission denied for table project_auth_oauth_tokens
postgres-1       | 2026-10-07 19:05:52.735 UTC [1100] STATEMENT:  DELETE FROM project_auth_oauth_tokens WHERE organization_id = $1
postgres-1       | 2026-10-07 19:05:52.792 UTC [1101] ERROR:  permission denied for table project_auth_saml_assertions
postgres-1       | 2026-10-07 19:05:52.792 UTC [1101] STATEMENT:  DELETE FROM project_auth_saml_assertions WHERE organization_id = $1
postgres-1       | 2026-10-07 19:05:53.893 UTC [1097] ERROR:  permission denied for table project_auth_oauth_consents
postgres-1       | 2026-10-07 19:05:53.893 UTC [1097] STATEMENT:  DELETE FROM project_auth_oauth_consents WHERE id = $1
postgres-1       | 2026-10-07 19:05:53.894 UTC [1095] ERROR:  project auth oauth consents are immutable except for one-way revocation
postgres-1       | 2026-10-07 19:05:53.894 UTC [1095] CONTEXT:  PL/pgSQL function qkern_reject_project_auth_oauth_consent_mutation() line 8 at RAISE
postgres-1       | 2026-10-07 19:05:53.894 UTC [1095] STATEMENT:  UPDATE project_auth_oauth_consents SET revoked_at = NULL WHERE id = $1
postgres-1       | 2026-10-07 19:05:53.901 UTC [1114] ERROR:  permission denied for table project_auth_oauth_consents
postgres-1       | 2026-10-07 19:05:53.901 UTC [1114] STATEMENT:  UPDATE project_auth_oauth_consents SET scopes = ARRAY['data:write']::text[] WHERE id = $1
postgres-1       | 2026-10-07 19:05:53.957 UTC [1055] ERROR:  update or delete on table "users" violates foreign key constraint "organizations_created_by_fkey" on table "organizations"
postgres-1       | 2026-10-07 19:05:53.957 UTC [1055] DETAIL:  Key (id)=(cda439ca-8117-4eba-b97c-5cbac4cc9c19) is still referenced from table "organizations".
postgres-1       | 2026-10-07 19:05:53.957 UTC [1055] STATEMENT:  DELETE FROM users WHERE id = $1
postgres-1       | 2026-10-07 19:05:53.976 UTC [1118] ERROR:  extension "vector" is not available
postgres-1       | 2026-10-07 19:05:53.976 UTC [1118] DETAIL:  Could not open extension control file "/usr/local/share/postgresql/extension/vector.control": No such file or directory.
postgres-1       | 2026-10-07 19:05:53.976 UTC [1118] HINT:  The extension must first be installed on the system where PostgreSQL is running.
postgres-1       | 2026-10-07 19:05:53.976 UTC [1118] STATEMENT:  CREATE EXTENSION vector
postgres-1       | 2026-10-07 19:05:54.003 UTC [1119] ERROR:  array is too long
postgres-1       | 2026-10-07 19:05:54.003 UTC [1119] DETAIL:  A cube cannot have more than 100 dimensions.
postgres-1       | 2026-10-07 19:05:54.003 UTC [1119] STATEMENT:  SELECT cube(array_fill(0::float8, ARRAY[$1::int]))
postgres-1       | 2026-10-07 19:05:54.237 UTC [1120] ERROR:  update or delete on table "users" violates foreign key constraint "organizations_created_by_fkey" on table "organizations"
postgres-1       | 2026-10-07 19:05:54.237 UTC [1120] DETAIL:  Key (id)=(4a96e296-c0b4-4f76-bc54-93ad36fd9568) is still referenced from table "organizations".
postgres-1       | 2026-10-07 19:05:54.237 UTC [1120] STATEMENT:  DELETE FROM users WHERE id = $1
postgres-1       | 2026-10-07 19:05:54.587 UTC [1123] ERROR:  new row violates row-level security policy for table "kommentare"
postgres-1       | 2026-10-07 19:05:54.587 UTC [1123] STATEMENT:  INSERT INTO "gqlrel_0aaf28cb_3642_476f_8d14_101b51383e07"."kommentare" ("beitrag_id", "besitzer", "id", "text")
postgres-1       | 	         VALUES ($1, $2, $3, $4)
postgres-1       | 	         
postgres-1       | 	         RETURNING "id", "beitrag_id", "verfasser_id", "text", "besitzer"
postgres-1       | 2026-10-07 19:05:54.698 UTC [1124] ERROR:  permission denied for table verschlossen
postgres-1       | 2026-10-07 19:05:54.698 UTC [1124] STATEMENT:  SELECT inhalt FROM "gqlxs_b_516df4d1_eae7_4a95_b66f_dda2c5e1a03c".verschlossen
postgres-1       | 2026-10-07 19:05:54.789 UTC [1103] ERROR:  permission denied for table project_function_invocation_output
postgres-1       | 2026-10-07 19:05:54.789 UTC [1103] STATEMENT:  UPDATE project_function_invocation_output SET truncated = true
postgres-1       | 2026-10-07 19:05:54.790 UTC [1103] ERROR:  permission denied for table project_function_invocation_output
postgres-1       | 2026-10-07 19:05:54.790 UTC [1103] STATEMENT:  DELETE FROM project_function_invocation_output
postgres-1       | 2026-10-07 19:05:54.793 UTC [1121] ERROR:  new row for relation "project_function_invocation_output" violates check constraint "project_function_invocation_output_line_count_check"
postgres-1       | 2026-10-07 19:05:54.793 UTC [1121] DETAIL:  Failing row contains (d34b7779-5d61-4072-b60f-e317af2f5493, 18386654-572b-4f6b-8a29-935e748a9ab4, a9381bc1-053f-4945-bb9c-da41ad837189, development, 069a130d-1652-4d39-892e-e1fcc0a4e8bf, f1f1f0be-0b8b-439e-b060-4b240a829d22, 2026-10-07 19:05:54.791603+00, 501, 501, 0, 0, f, 0, [{"at": "2026-09-29T10:00:00.000Z", "cut": false, "text": "x", "...).
postgres-1       | 2026-10-07 19:05:54.793 UTC [1121] STATEMENT:  INSERT INTO project_function_invocation_output
postgres-1       | 	         (organization_id, project_id, environment, function_id, invocation_id,
postgres-1       | 	          line_count, stdout_lines, stderr_lines, byte_count, truncated, dropped_lines, lines)
postgres-1       | 	       VALUES ($1, $2, 'development', $3, $4, $5, $6, 0, 0, $7, $8, $9::jsonb)
postgres-1       | 2026-10-07 19:05:54.801 UTC [1126] ERROR:  new row for relation "project_function_invocation_output" violates check constraint "project_function_invocation_output_lines_shape"
postgres-1       | 2026-10-07 19:05:54.801 UTC [1126] DETAIL:  Failing row contains (333be200-ea4f-4f50-ab20-93070603ac74, 18386654-572b-4f6b-8a29-935e748a9ab4, a9381bc1-053f-4945-bb9c-da41ad837189, development, 069a130d-1652-4d39-892e-e1fcc0a4e8bf, f1f1f0be-0b8b-439e-b060-4b240a829d22, 2026-10-07 19:05:54.799395+00, 2, 2, 0, 0, f, 0, [{"at": "2026-09-29T10:00:00.000Z", "cut": false, "text": "x", "...).
postgres-1       | 2026-10-07 19:05:54.801 UTC [1126] STATEMENT:  INSERT INTO project_function_invocation_output
postgres-1       | 	         (organization_id, project_id, environment, function_id, invocation_id,
postgres-1       | 	          line_count, stdout_lines, stderr_lines, byte_count, truncated, dropped_lines, lines)
postgres-1       | 	       VALUES ($1, $2, 'development', $3, $4, $5, $6, 0, 0, $7, $8, $9::jsonb)
postgres-1       | 2026-10-07 19:05:54.810 UTC [1127] ERROR:  insert or update on table "project_function_invocation_output" violates foreign key constraint "project_function_invocation_o_organization_id_invocation_i_fkey"
postgres-1       | 2026-10-07 19:05:54.810 UTC [1127] DETAIL:  Key (organization_id, invocation_id)=(18386654-572b-4f6b-8a29-935e748a9ab4, 50115289-c862-468b-894b-e52f835b1afa) is not present in table "project_function_invocations".
postgres-1       | 2026-10-07 19:05:54.810 UTC [1127] STATEMENT:  INSERT INTO project_function_invocation_output
postgres-1       | 	         (organization_id, project_id, environment, function_id, invocation_id,
postgres-1       | 	          line_count, stdout_lines, stderr_lines, byte_count, truncated, dropped_lines, lines)
postgres-1       | 	       VALUES ($1, $2, 'development', $3, $4, $5, $6, 0, 0, $7, $8, $9::jsonb)
postgres-1       | 2026-10-07 19:05:54.819 UTC [1128] ERROR:  duplicate key value violates unique constraint "project_function_invocation_o_organization_id_invocation_id_key"
postgres-1       | 2026-10-07 19:05:54.819 UTC [1128] DETAIL:  Key (organization_id, invocation_id)=(18386654-572b-4f6b-8a29-935e748a9ab4, 16717601-e864-49f6-9acb-077e976e7dae) already exists.
postgres-1       | 2026-10-07 19:05:54.819 UTC [1128] STATEMENT:  INSERT INTO project_function_invocation_output
postgres-1       | 	         (organization_id, project_id, environment, function_id, invocation_id,
postgres-1       | 	          line_count, stdout_lines, stderr_lines, byte_count, truncated, dropped_lines, lines)
postgres-1       | 	       VALUES ($1, $2, 'development', $3, $4, $5, $6, 0, 0, $7, $8, $9::jsonb)
postgres-1       | 2026-10-07 19:05:54.920 UTC [1115] ERROR:  duplicate key value violates unique constraint "project_auth_saml_assertion_key"
postgres-1       | 2026-10-07 19:05:54.920 UTC [1115] DETAIL:  Key (organization_id, project_id, environment, provider, assertion_id)=(b10a2c77-7803-426c-b30d-7abf8a716b80, e6b2b066-9b60-4cea-acb4-324211914d2e, development, federation, _ae1a0f0050a7ac00561e07cf17e1cf6c9) already exists.
postgres-1       | 2026-10-07 19:05:54.920 UTC [1115] STATEMENT:  INSERT INTO project_auth_saml_assertions
postgres-1       | 	      (organization_id, project_id, environment, provider, assertion_id, expires_at)
postgres-1       | 	      VALUES ($1, $2, 'development', 'federation', $3, now() + interval '5 minutes')
postgres-1       | 2026-10-07 19:05:54.925 UTC [1116] ERROR:  new row for relation "project_auth_saml_assertions" violates check constraint "project_auth_saml_assertions_assertion_id_check"
postgres-1       | 2026-10-07 19:05:54.925 UTC [1116] DETAIL:  Failing row contains (a8ea8523-4ec5-4a3f-88ba-8e0688c7dc25, b10a2c77-7803-426c-b30d-7abf8a716b80, e6b2b066-9b60-4cea-acb4-324211914d2e, development, federation, 9nope, 2026-10-07 19:05:54.924999+00, 2026-10-07 19:10:54.924999+00).
postgres-1       | 2026-10-07 19:05:54.925 UTC [1116] STATEMENT:  INSERT INTO project_auth_saml_assertions
postgres-1       | 	      (organization_id, project_id, environment, provider, assertion_id, expires_at)
postgres-1       | 	      VALUES ($1, $2, 'development', 'federation', '9nope', now() + interval '5 minutes')
postgres-1       | 2026-10-07 19:05:54.935 UTC [1130] ERROR:  new row for relation "project_auth_saml_assertions" violates check constraint "project_auth_saml_assertions_provider_check"
postgres-1       | 2026-10-07 19:05:54.935 UTC [1130] DETAIL:  Failing row contains (cd5076b4-940e-4054-88c5-e41e8965b3bc, b10a2c77-7803-426c-b30d-7abf8a716b80, e6b2b066-9b60-4cea-acb4-324211914d2e, development, Federation, _abc, 2026-10-07 19:05:54.933358+00, 2026-10-07 19:10:54.933358+00).
postgres-1       | 2026-10-07 19:05:54.935 UTC [1130] STATEMENT:  INSERT INTO project_auth_saml_assertions
postgres-1       | 	      (organization_id, project_id, environment, provider, assertion_id, expires_at)
postgres-1       | 	      VALUES ($1, $2, 'development', 'Federation', '_abc', now() + interval '5 minutes')
postgres-1       | 2026-10-07 19:05:54.946 UTC [1131] ERROR:  new row for relation "project_auth_saml_assertions" violates check constraint "project_auth_saml_assertions_window"
postgres-1       | 2026-10-07 19:05:54.946 UTC [1131] DETAIL:  Failing row contains (2fa57675-4561-493b-83b3-64b69518a0f2, b10a2c77-7803-426c-b30d-7abf8a716b80, e6b2b066-9b60-4cea-acb4-324211914d2e, development, federation, _window, 2026-10-07 19:05:54.943715+00, 2026-10-07 19:04:54.943715+00).
postgres-1       | 2026-10-07 19:05:54.946 UTC [1131] STATEMENT:  INSERT INTO project_auth_saml_assertions
postgres-1       | 	      (organization_id, project_id, environment, provider, assertion_id, used_at, expires_at)
postgres-1       | 	      VALUES ($1, $2, 'development', 'federation', '_window', now(), now() - interval '1 minute')
postgres-1       | 2026-10-07 19:05:54.956 UTC [1132] ERROR:  new row for relation "project_auth_one_time_tokens" violates check constraint "project_auth_one_time_tokens_purpose_check"
postgres-1       | 2026-10-07 19:05:54.956 UTC [1132] DETAIL:  Failing row contains (aacbb2c4-9126-4cee-b366-d6e422c09b11, b10a2c77-7803-426c-b30d-7abf8a716b80, e6b2b066-9b60-4cea-acb4-324211914d2e, development, null, saml_reply, aaaaaaaaaaaaaaaaaaaaaaaaaaaaaaaaaaaaaaaaaaaaaaaaaaaaaaaaaaaaaaaa, {}, 2026-10-07 19:05:54.953713+00, 2026-10-07 19:10:54.953713+00, null).
postgres-1       | 2026-10-07 19:05:54.956 UTC [1132] STATEMENT:  INSERT INTO project_auth_one_time_tokens
postgres-1       | 	      (organization_id, project_id, environment, purpose, token_hash, expires_at)
postgres-1       | 	      VALUES ($1, $2, 'development', 'saml_reply', $3, now() + interval '5 minutes')
postgres-1       | 2026-10-07 19:05:54.965 UTC [1133] ERROR:  permission denied for table project_auth_saml_assertions
postgres-1       | 2026-10-07 19:05:54.965 UTC [1133] STATEMENT:  UPDATE project_auth_saml_assertions SET assertion_id = '_other' WHERE organization_id = $1
postgres-1       | 2026-10-07 19:05:55.019 UTC [1129] ERROR:  project storage upload verifier and identity are immutable
postgres-1       | 2026-10-07 19:05:55.019 UTC [1129] CONTEXT:  PL/pgSQL function qkern_reject_project_storage_upload_mutation() line 15 at RAISE
postgres-1       | 2026-10-07 19:05:55.019 UTC [1129] STATEMENT:  UPDATE project_storage_uploads
postgres-1       | 	      SET parts_declared = true, kind = 'single', provider_upload_id = NULL
postgres-1       | 	      WHERE id = $1
postgres-1       | 2026-10-07 19:05:55.029 UTC [1135] ERROR:  project storage upload verifier and identity are immutable
postgres-1       | 2026-10-07 19:05:55.029 UTC [1135] CONTEXT:  PL/pgSQL function qkern_reject_project_storage_upload_mutation() line 15 at RAISE
postgres-1       | 2026-10-07 19:05:55.029 UTC [1135] STATEMENT:  UPDATE project_storage_uploads SET parts_declared = false
postgres-1       | 	      WHERE id = $1
postgres-1       | 2026-10-07 19:05:55.082 UTC [1136] ERROR:  project storage upload verifier and identity are immutable
postgres-1       | 2026-10-07 19:05:55.082 UTC [1136] CONTEXT:  PL/pgSQL function qkern_reject_project_storage_upload_mutation() line 15 at RAISE
postgres-1       | 2026-10-07 19:05:55.082 UTC [1136] STATEMENT:  UPDATE project_storage_uploads SET checksum_sha256 = NULL WHERE id = $1
postgres-1       | 2026-10-07 19:05:55.097 UTC [1137] ERROR:  new row for relation "project_storage_uploads" violates check constraint "project_storage_uploads_completed_content"
postgres-1       | 2026-10-07 19:05:55.097 UTC [1137] DETAIL:  Failing row contains (27b736f8-2399-431a-8a5f-ff6e5123e5b5, 7daa6f0a-15d0-4c03-b4a9-4469f8f554aa, aeaf81bc-774d-432f-81ce-f1d50a285126, development, 174dd29c-c399-486a-9b0f-4742a0bc2f4b, halfway.txt, 7daa6f0a-15d0-4c03-b4a9-4469f8f554aa/aeaf81bc-774d-432f-81ce-f1d..., 2fc15a04-716b-4b6b-b89f-d90ddf0b242b, text/plain, 1, null, xRKKuK1Q5Aa1imwm9TITiL2s9xukv-eQx7qrfin2ROY, completed, 2026-10-07 19:05:55.008+00, 2026-10-07 20:05:55.008+00, null, null, multipart, provider-upload-halfway, t).
postgres-1       | 2026-10-07 19:05:55.097 UTC [1137] STATEMENT:  UPDATE project_storage_uploads SET status = 'completed', size_bytes = 1 WHERE id = $1
postgres-1       | 2026-10-07 19:05:55.134 UTC [1139] ERROR:  permission denied for function pg_read_file
postgres-1       | 2026-10-07 19:05:55.134 UTC [1139] STATEMENT:  SELECT pg_read_file('postgresql.conf', 0, 16)
postgres-1       | 2026-10-07 19:05:55.141 UTC [1140] ERROR:  permission denied for function pg_ls_logdir
postgres-1       | 2026-10-07 19:05:55.141 UTC [1140] STATEMENT:  SELECT * FROM pg_ls_logdir()
postgres-1       | 2026-10-07 19:05:55.146 UTC [1141] ERROR:  permission denied to examine "log_directory"
postgres-1       | 2026-10-07 19:05:55.146 UTC [1141] DETAIL:  Only roles with privileges of the "pg_read_all_settings" role may examine this parameter.
postgres-1       | 2026-10-07 19:05:55.146 UTC [1141] STATEMENT:  SHOW log_directory
postgres-1       | 2026-10-07 19:05:55.153 UTC [1138] ERROR:  could not open directory "log": No such file or directory
postgres-1       | 2026-10-07 19:05:55.153 UTC [1138] STATEMENT:  SELECT * FROM pg_ls_logdir()
postgres-1       | 2026-10-07 19:05:55.203 UTC [1146] ERROR:  permission denied for function pg_read_file
postgres-1       | 2026-10-07 19:05:55.203 UTC [1146] STATEMENT:  SELECT pg_read_file('postgresql.conf', 0, 8)
postgres-1       | 2026-10-07 19:05:55.239 UTC [1103] ERROR:  new row for relation "realtime_presence" violates check constraint "realtime_presence_lease_forward"
postgres-1       | 2026-10-07 19:05:55.239 UTC [1103] STATEMENT:  INSERT INTO realtime_presence (organization_id, project_id, environment, channel,
postgres-1       | 	             presence_key, instance_id, state, tracked_at, expires_at)
postgres-1       | 	           VALUES ($1,$2,'development',$3,'qk_presence_2113backwards','instance-a','{}',$4,$5)
postgres-1       | 2026-10-07 19:05:55.240 UTC [1103] ERROR:  permission denied for table realtime_presence
postgres-1       | 2026-10-07 19:05:55.240 UTC [1103] STATEMENT:  UPDATE realtime_presence SET channel='public:hijacked'
postgres-1       | 	          WHERE organization_id=$1 AND channel=$2
postgres-1       | 2026-10-07 19:05:55.250 UTC [1148] ERROR:  permission denied for table realtime_presence
postgres-1       | 2026-10-07 19:05:55.250 UTC [1148] STATEMENT:  UPDATE realtime_presence SET presence_key='qk_presence_2113stolen'
postgres-1       | 	          WHERE organization_id=$1 AND channel=$2
postgres-1       | 2026-10-07 19:05:55.406 UTC [1150] ERROR:  duplicate key value violates unique constraint "billing_invoice_lines_invoice_id_line_key_key"
postgres-1       | 2026-10-07 19:05:55.406 UTC [1150] STATEMENT:  INSERT INTO billing_invoice_lines
postgres-1       | 	               (organization_id, invoice_id, line_key, label, metric, quantity,
postgres-1       | 	                unit_price_micros, per_units, amount_micros)
postgres-1       | 	             VALUES ($1,$2,'charge:support-retainer','Betreuung noch einmal',NULL,1,5000000,1,5000000)
postgres-1       | 2026-10-07 19:05:55.412 UTC [1143] ERROR:  update or delete on table "organizations" violates foreign key constraint "billing_rate_cards_organization_id_fkey" on table "billing_rate_cards"
postgres-1       | 2026-10-07 19:05:55.412 UTC [1143] DETAIL:  Key (id)=(5b025277-ef80-43d6-96b1-3771d220bb4c) is still referenced from table "billing_rate_cards".
postgres-1       | 2026-10-07 19:05:55.412 UTC [1143] STATEMENT:  DELETE FROM organizations WHERE id IN ($1,$2)
postgres-1       | 2026-10-07 19:05:55.421 UTC [1151] ERROR:  update or delete on table "users" violates foreign key constraint "organizations_created_by_fkey" on table "organizations"
postgres-1       | 2026-10-07 19:05:55.421 UTC [1151] DETAIL:  Key (id)=(09205289-bba6-4dbe-800d-e8227a45f87a) is still referenced from table "organizations".
postgres-1       | 2026-10-07 19:05:55.421 UTC [1151] STATEMENT:  DELETE FROM users WHERE id = $1
postgres-1       | 2026-10-07 19:05:55.500 UTC [1149] ERROR:  permission denied for table project_queue_message_traces
postgres-1       | 2026-10-07 19:05:55.500 UTC [1149] STATEMENT:  UPDATE project_queue_message_traces SET station='completed'
postgres-1       | 	            WHERE organization_id=$1 AND message_id=$2
postgres-1       | 2026-10-07 19:05:55.501 UTC [1152] ERROR:  a project queue trace station is append-only
postgres-1       | 2026-10-07 19:05:55.501 UTC [1152] CONTEXT:  PL/pgSQL function qkern_reject_project_queue_trace_update() line 3 at RAISE
postgres-1       | 2026-10-07 19:05:55.501 UTC [1152] STATEMENT:  UPDATE project_queue_message_traces SET station='completed'
postgres-1       | 	          WHERE organization_id=$1 AND message_id=$2
postgres-1       | 2026-10-07 19:05:55.924 UTC [1153] ERROR:  new row for relation "project_queue_message_traces" violates check constraint "project_queue_message_traces_span_shape"
postgres-1       | 2026-10-07 19:05:55.924 UTC [1153] DETAIL:  Failing row contains (c834f247-ab5c-469c-8cbd-f26f708be4c6, 7ded7e19-7186-4186-93d7-99385461c3ef, 68420ea6-0591-4ffa-9f67-85b74dd54948, development, cc7b72af-87ed-41d4-92ba-7013f89c1e0b, a51dbace-f302-42d4-bcf3-866b57135585, 60, enqueued, 0, null, null, null, null, null, 2026-10-07 19:05:55.903+00, 2026-10-08 19:05:55.903+00, 0000000000000000).
postgres-1       | 2026-10-07 19:05:55.924 UTC [1153] STATEMENT:  INSERT INTO project_queue_message_traces
postgres-1       | 	         (organization_id,project_id,environment,queue_id,message_id,sequence,station,attempt,
postgres-1       | 	          span_id,occurred_at,expires_at)
postgres-1       | 	       SELECT organization_id,project_id,environment,queue_id,message_id,60,'enqueued',0,
postgres-1       | 	              repeat('0',16),occurred_at,expires_at
postgres-1       | 	         FROM project_queue_message_traces
postgres-1       | 	        WHERE organization_id=$1 AND message_id=$2 AND sequence=1
postgres-1       | 2026-10-07 19:05:55.933 UTC [1163] ERROR:  duplicate key value violates unique constraint "project_queue_message_traces_span_key"
postgres-1       | 2026-10-07 19:05:55.933 UTC [1163] DETAIL:  Key (organization_id, project_id, environment, message_id, span_id)=(7ded7e19-7186-4186-93d7-99385461c3ef, 68420ea6-0591-4ffa-9f67-85b74dd54948, development, a51dbace-f302-42d4-bcf3-866b57135585, 336a581f9dab24db) already exists.
postgres-1       | 2026-10-07 19:05:55.933 UTC [1163] STATEMENT:  INSERT INTO project_queue_message_traces
postgres-1       | 	         (organization_id,project_id,environment,queue_id,message_id,sequence,station,attempt,
postgres-1       | 	          span_id,occurred_at,expires_at)
postgres-1       | 	       SELECT organization_id,project_id,environment,queue_id,message_id,61,'enqueued',0,
postgres-1       | 	              span_id,occurred_at,expires_at
postgres-1       | 	         FROM project_queue_message_traces
postgres-1       | 	        WHERE organization_id=$1 AND message_id=$2 AND sequence=1
postgres-1       | 2026-10-07 19:05:56.052 UTC [1164] ERROR:  webhook delivery content is immutable
postgres-1       | 2026-10-07 19:05:56.052 UTC [1164] CONTEXT:  PL/pgSQL function qkern_validate_project_webhook_delivery_update() line 10 at RAISE
postgres-1       | 2026-10-07 19:05:56.052 UTC [1164] STATEMENT:  UPDATE project_webhook_deliveries SET trace_id=$3
postgres-1       | 	        WHERE organization_id=$1 AND id=$2
postgres-1       | 2026-10-07 19:05:56.062 UTC [1165] ERROR:  webhook delivery content is immutable
postgres-1       | 2026-10-07 19:05:56.062 UTC [1165] CONTEXT:  PL/pgSQL function qkern_validate_project_webhook_delivery_update() line 10 at RAISE
postgres-1       | 2026-10-07 19:05:56.062 UTC [1165] STATEMENT:  UPDATE project_webhook_deliveries SET parent_span_id=NULL
postgres-1       | 	        WHERE organization_id=$1 AND id=$2
postgres-1       | 2026-10-07 19:05:56.070 UTC [1166] ERROR:  new row for relation "project_webhook_deliveries" violates check constraint "project_webhook_deliveries_trace_anchor"
postgres-1       | 2026-10-07 19:05:56.070 UTC [1166] DETAIL:  Failing row contains (34ce4848-574a-4c8b-807a-4158862d1eca, 7ded7e19-7186-4186-93d7-99385461c3ef, 68420ea6-0591-4ffa-9f67-85b74dd54948, development, 5592ea40-90c9-4b82-b0a7-f9836af8c390, order.created, {}, 2026-10-07 19:05:56.0683+00, pending, 0, 2026-10-07 19:05:56.0683+00, null, null, null, null, 2026-10-07 19:05:56.0683+00, null, null, null, 00f067aa0ba902b7).
postgres-1       | 2026-10-07 19:05:56.070 UTC [1166] STATEMENT:  INSERT INTO project_webhook_deliveries
postgres-1       | 	         (id, organization_id, project_id, environment, webhook_id, event_type, payload,
postgres-1       | 	          occurred_at, status, attempt_count, available_at, created_at, parent_span_id)
postgres-1       | 	       VALUES (gen_random_uuid(),$1,$2,'development',$3,'order.created','{}',now(),
postgres-1       | 	               'pending',0,now(),now(),$4)
postgres-1       | 2026-10-07 19:05:56.222 UTC [1169] ERROR:  permission denied for table project_database_backups
postgres-1       | 2026-10-07 19:05:56.222 UTC [1169] STATEMENT:  UPDATE project_database_backups SET status = 'available' WHERE id = $1
postgres-1       | 2026-10-07 19:05:56.223 UTC [1169] ERROR:  permission denied for table project_database_backups
postgres-1       | 2026-10-07 19:05:56.223 UTC [1169] STATEMENT:  UPDATE project_database_backups SET object_key = NULL WHERE id = $1
postgres-1       | 2026-10-07 19:05:56.224 UTC [1169] ERROR:  permission denied for table project_database_backups
postgres-1       | 2026-10-07 19:05:56.224 UTC [1169] STATEMENT:  UPDATE project_database_backups SET artifact_sha256 = 'eeeeeeeeeeeeeeeeeeeeeeeeeeeeeeeeeeeeeeeeeeeeeeeeeeeeeeeeeeeeeeee' WHERE id = $1
postgres-1       | 2026-10-07 19:05:56.225 UTC [1169] ERROR:  permission denied for table project_database_backups
postgres-1       | 2026-10-07 19:05:56.225 UTC [1169] STATEMENT:  UPDATE project_database_backups SET manifest_sha256 = 'eeeeeeeeeeeeeeeeeeeeeeeeeeeeeeeeeeeeeeeeeeeeeeeeeeeeeeeeeeeeeeee' WHERE id = $1
postgres-1       | 2026-10-07 19:05:56.226 UTC [1169] ERROR:  permission denied for table project_database_backups
postgres-1       | 2026-10-07 19:05:56.226 UTC [1169] STATEMENT:  UPDATE project_database_backups SET expires_at = now() WHERE id = $1
postgres-1       | 2026-10-07 19:05:56.228 UTC [1169] ERROR:  permission denied for table project_database_backups
postgres-1       | 2026-10-07 19:05:56.228 UTC [1169] STATEMENT:  UPDATE project_database_backups SET part_count = 9 WHERE id = $1
postgres-1       | 2026-10-07 19:05:56.229 UTC [1169] ERROR:  permission denied for table project_database_backups
postgres-1       | 2026-10-07 19:05:56.229 UTC [1169] STATEMENT:  UPDATE project_database_backups SET restore_lease_token = gen_random_uuid() WHERE id = $1
postgres-1       | 2026-10-07 19:05:56.230 UTC [1169] ERROR:  permission denied for table project_database_backups
postgres-1       | 2026-10-07 19:05:56.230 UTC [1169] STATEMENT:  DELETE FROM project_database_backups WHERE id = $1
postgres-1       | 2026-10-07 19:05:56.232 UTC [1169] ERROR:  new row for relation "project_database_backups" violates check constraint "project_database_backups_restore_failure_shape"
postgres-1       | 2026-10-07 19:05:56.232 UTC [1169] STATEMENT:  UPDATE project_database_backups SET restore_error_code = 'RESTORE_FAILED'
postgres-1       | 	             WHERE id = $1
postgres-1       | 2026-10-07 19:05:56.233 UTC [1169] ERROR:  permission denied for table project_database_backup_schedules
postgres-1       | 2026-10-07 19:05:56.233 UTC [1169] STATEMENT:  UPDATE project_database_backup_schedules SET enabled = false WHERE project_id = $1
certification-1  |  [32m✓[39m tests/postgres.integration.test.ts [2m([22m[2m78 tests[22m[2m)[22m[33m 42628[2mms[22m[39m
certification-1  |      [33m[2m✓[22m[39m finds the suspected missing index, the unused index, the bloat and the missing sample in real statistics (2.40) [33m 11799[2mms[22m[39m
certification-1  |      [33m[2m✓[22m[39m (2.52) refuses a usable session without the second factor when the project requires it [33m 319[2mms[22m[39m
certification-1  |      [33m[2m✓[22m[39m (2.56) refuses the login attempt that crosses the limit and lets the next window through [33m 756[2mms[22m[39m
certification-1  |      [33m[2m✓[22m[39m (2.60) refuses a known leaked password at sign-up when the project requires it [33m 337[2mms[22m[39m
certification-1  |      [33m[2m✓[22m[39m (2.67) shows what a query costs in the console without showing the query [33m 1261[2mms[22m[39m
certification-1  |      [33m[2m✓[22m[39m (2.50) turns a real table change into a signed webhook delivery [33m 458[2mms[22m[39m
certification-1  |      [33m[2m✓[22m[39m (2.53) delivers a table change through the running bridge process [33m 4895[2mms[22m[39m
certification-1  |      [33m[2m✓[22m[39m (2.64) forwards through the running collector process and continues after a restart [33m 4579[2mms[22m[39m
certification-1  |      [33m[2m✓[22m[39m (2.69) explains a real query plan without executing the query [33m 7812[2mms[22m[39m
certification-1  |      [33m[2m✓[22m[39m (2.70) reports the state of the real database from counters that really move [33m 986[2mms[22m[39m
certification-1  |      [33m[2m✓[22m[39m (2.77) calls the auth hooks of a real sign-in and refuses one that wants a reserved claim [33m 732[2mms[22m[39m
certification-1  |      [33m[2m✓[22m[39m (2.85) does not forward the same audit row again after a restart when the database sets the microseconds [33m 1313[2mms[22m[39m
certification-1  |      [33m[2m✓[22m[39m (2.122) cuts a trace at its own expiry and never at the outcome of its message, keeps it when the message is already pruned, never shorter than the queue retention, and stops at sixty-four stations [33m 383[2mms[22m[39m
certification-1  | 
certification-1  | [2m Test Files [22m [1m[32m31 passed[39m[22m[90m (31)[39m
certification-1  | [2m      Tests [22m [1m[32m257 passed[39m[22m[90m (257)[39m
certification-1  | [2m   Start at [22m 19:05:01
certification-1  | [2m   Duration [22m 54.59s[2m (transform 44.63s, setup 0ms, import 71.13s, tests 152.01s, environment 22ms)[22m
certification-1  | 
[Kcertification-1 exited with code 0
 Compose Stopping Aborting on container exit...
 Container qkern-slice-w33-certification-1 Stopping 
 Container qkern-slice-w33-certification-1 Stopped 
 Container qkern-slice-w33-vault-1 Stopping 
 Container qkern-slice-w33-postgres-1 Stopping 
postgres-1       | 2026-10-07 19:05:56.858 UTC [1] LOG:  received fast shutdown request
postgres-1       | 2026-10-07 19:05:56.858 UTC [1] LOG:  aborting any active transactions
postgres-1       | 2026-10-07 19:05:56.862 UTC [1] LOG:  background worker "logical replication launcher" (PID 344) exited with exit code 1
vault-1          | ==> Vault shutdown triggered
postgres-1       | 2026-10-07 19:05:56.863 UTC [339] LOG:  shutting down
postgres-1       | 2026-10-07 19:05:56.863 UTC [339] LOG:  checkpoint starting: shutdown immediate
vault-1          | 2026-10-07T19:05:56.862Z [INFO]  core: marked as sealed
vault-1          | 2026-10-07T19:05:56.863Z [INFO]  core: pre-seal teardown starting
vault-1          | 2026-10-07T19:05:56.864Z [INFO]  rollback: stopping rollback manager
vault-1          | 2026-10-07T19:05:56.865Z [INFO]  core: pre-seal teardown complete
vault-1          | 2026-10-07T19:05:56.865Z [INFO]  core: stopping cluster listeners
vault-1          | 2026-10-07T19:05:56.865Z [INFO]  core.cluster-listener: forwarding rpc listeners stopped
postgres-1       | 2026-10-07 19:05:56.867 UTC [339] LOG:  checkpoint complete: wrote 447 buffers (2.7%); 0 WAL file(s) added, 0 removed, 0 recycled; write=0.004 s, sync=0.001 s, total=0.005 s; sync files=337, longest=0.001 s, average=0.000 s; distance=2153 kB, estimate=23853 kB; lsn=0/69D04E0, redo lsn=0/69D04E0
postgres-1       | 2026-10-07 19:05:56.879 UTC [1] LOG:  database system is shut down
 Container qkern-slice-w33-postgres-1 Stopped 
[Kpostgres-1 exited with code 0
vault-1          | 2026-10-07T19:05:57.232Z [INFO]  core.cluster-listener: rpc listeners successfully shut down
vault-1          | 2026-10-07T19:05:57.232Z [INFO]  core: cluster listeners successfully shut down
vault-1          | 2026-10-07T19:05:57.232Z [INFO]  core: vault is sealed
 Container qkern-slice-w33-vault-1 Stopped 
[Kvault-1 exited with code 0
 Container qkern-slice-w33-certification-1 Stopping 
 Container qkern-slice-w33-certification-1 Stopped 
 Container qkern-slice-w33-certification-1 Removing 
 Container qkern-slice-w33-certification-1 Removed 
 Container qkern-slice-w33-vault-1 Stopping 
 Container qkern-slice-w33-postgres-1 Stopping 
 Container qkern-slice-w33-vault-1 Stopped 
 Container qkern-slice-w33-vault-1 Removing 
 Container qkern-slice-w33-postgres-1 Stopped 
 Container qkern-slice-w33-postgres-1 Removing 
 Container qkern-slice-w33-vault-1 Removed 
 Container qkern-slice-w33-postgres-1 Removed 
 Network qkern-slice-w33_default Removing 
 Network qkern-slice-w33_default Removed 
EXIT=0
EXIT=0
