
> qkern-platform@2.81.0 test:postgres:docker
> node scripts/postgres-certification.mjs

 Network qkern-slice-workers_default Creating 
 Network qkern-slice-workers_default Created 
 Container qkern-slice-workers-postgres-1 Creating 
 Container qkern-slice-workers-vault-1 Creating 
 Container qkern-slice-workers-vault-1 Created 
 Container qkern-slice-workers-postgres-1 Created 
 Container qkern-slice-workers-certification-1 Creating 
 Container qkern-slice-workers-certification-1 Created 
Attaching to certification-1, postgres-1, vault-1
 Container qkern-slice-workers-postgres-1 Starting 
 Container qkern-slice-workers-vault-1 Starting 
 Container qkern-slice-workers-vault-1 Started 
 Container qkern-slice-workers-postgres-1 Started 
 Container qkern-slice-workers-postgres-1 Waiting 
 Container qkern-slice-workers-vault-1 Waiting 
postgres-1  | The files belonging to this database system will be owned by user "postgres".
postgres-1  | This user must also own the server process.
postgres-1  | 
postgres-1  | The database cluster will be initialized with locale "en_US.utf8".
postgres-1  | The default database encoding has accordingly been set to "UTF8".
postgres-1  | The default text search configuration will be set to "english".
postgres-1  | 
postgres-1  | Data page checksums are disabled.
postgres-1  | 
postgres-1  | fixing permissions on existing directory /var/lib/postgresql/data ... ok
postgres-1  | creating subdirectories ... ok
postgres-1  | selecting dynamic shared memory implementation ... posix
postgres-1  | selecting default "max_connections" ... 100
postgres-1  | selecting default "shared_buffers" ... 128MB
postgres-1  | selecting default time zone ... UTC
postgres-1  | creating configuration files ... ok
postgres-1  | running bootstrap script ... ok
postgres-1  | sh: locale: not found
postgres-1  | 2026-10-07 20:17:24.581 UTC [36] WARNING:  no usable system locales were found
postgres-1  | performing post-bootstrap initialization ... ok
postgres-1  | initdb: warning: enabling "trust" authentication for local connections
postgres-1  | initdb: hint: You can change this by editing pg_hba.conf or using the option -A, or --auth-local and --auth-host, the next time you run initdb.
postgres-1  | syncing data to disk ... ok
postgres-1  | 
postgres-1  | 
postgres-1  | Success. You can now start the database server using:
postgres-1  | 
postgres-1  |     pg_ctl -D /var/lib/postgresql/data -l logfile start
postgres-1  | 
postgres-1  | waiting for server to start....2026-10-07 20:17:25.264 UTC [42] LOG:  starting PostgreSQL 17.10 on x86_64-pc-linux-musl, compiled by gcc (Alpine 15.2.0) 15.2.0, 64-bit
postgres-1  | 2026-10-07 20:17:25.283 UTC [42] LOG:  listening on Unix socket "/var/run/postgresql/.s.PGSQL.5432"
postgres-1  | 2026-10-07 20:17:25.285 UTC [45] LOG:  database system was shut down at 2026-10-07 20:17:25 UTC
postgres-1  | 2026-10-07 20:17:25.288 UTC [42] LOG:  database system is ready to accept connections
postgres-1  |  done
postgres-1  | server started
postgres-1  | CREATE DATABASE
postgres-1  | 
postgres-1  | 
postgres-1  | /usr/local/bin/docker-entrypoint.sh: running /docker-entrypoint-initdb.d/000-certification-init.sh
postgres-1  | certification-init: applying 0001_control_plane.sql
postgres-1  | CREATE EXTENSION
postgres-1  | CREATE TYPE
postgres-1  | CREATE TYPE
postgres-1  | CREATE TABLE
postgres-1  | CREATE TABLE
postgres-1  | CREATE TABLE
postgres-1  | CREATE TABLE
vault-1     | ==> Vault server configuration:
vault-1     | 
vault-1     | Administrative Namespace: 
vault-1     |              Api Address: http://0.0.0.0:8200
vault-1     |                      Cgo: disabled
vault-1     |          Cluster Address: https://0.0.0.0:8201
vault-1     |    Environment Variables: GOTRACEBACK, HOME, HOSTNAME, NAME, PATH, PWD, SHLVL, VAULT_DEV_LISTEN_ADDRESS, VAULT_DEV_ROOT_TOKEN_ID, VERSION
vault-1     |               Go Version: go1.23.3
vault-1     |               Listener 1: tcp (addr: "0.0.0.0:8200", cluster address: "0.0.0.0:8201", disable_request_limiter: "false", max_request_duration: "1m30s", max_request_size: "33554432", tls: "disabled")
vault-1     |                Log Level: 
vault-1     |                    Mlock: supported: true, enabled: false
vault-1     |            Recovery Mode: false
vault-1     |                  Storage: inmem
vault-1     |                  Version: Vault v1.18.3, built 2024-12-16T14:00:53Z
vault-1     |              Version Sha: 7ae4eca5403bf574f142cd8f987b8d83bafcd1de
vault-1     | 
postgres-1  | CREATE INDEX
postgres-1  | CREATE TABLE
postgres-1  | CREATE TABLE
postgres-1  | CREATE INDEX
postgres-1  | CREATE TABLE
postgres-1  | CREATE INDEX
postgres-1  | CREATE TABLE
vault-1     | ==> Vault server started! Log data will stream in below:
vault-1     | 
vault-1     | 2026-10-07T20:17:25.558Z [INFO]  proxy environment: http_proxy="" https_proxy="" no_proxy=""
vault-1     | 2026-10-07T20:17:25.559Z [INFO]  incrementing seal generation: generation=1
vault-1     | 2026-10-07T20:17:25.559Z [WARN]  no `api_addr` value specified in config or in VAULT_API_ADDR; falling back to detection if possible, but this value should be manually set
vault-1     | 2026-10-07T20:17:25.559Z [INFO]  core: Initializing version history cache for core
vault-1     | 2026-10-07T20:17:25.559Z [INFO]  events: Starting event system
vault-1     | 2026-10-07T20:17:25.560Z [INFO]  core: security barrier not initialized
vault-1     | 2026-10-07T20:17:25.560Z [INFO]  core: security barrier initialized: stored=1 shares=1 threshold=1
vault-1     | 2026-10-07T20:17:25.560Z [INFO]  core: post-unseal setup starting
vault-1     | 2026-10-07T20:17:25.566Z [INFO]  core: loaded wrapping token key
vault-1     | 2026-10-07T20:17:25.566Z [INFO]  core: successfully setup plugin runtime catalog
vault-1     | 2026-10-07T20:17:25.566Z [INFO]  core: successfully setup plugin catalog: plugin-directory=""
vault-1     | 2026-10-07T20:17:25.566Z [INFO]  core: no mounts; adding default mount table
vault-1     | 2026-10-07T20:17:25.569Z [INFO]  core: successfully mounted: type=cubbyhole version="v1.18.3+builtin.vault" path=cubbyhole/ namespace="ID: root. Path: "
vault-1     | 2026-10-07T20:17:25.570Z [INFO]  core: successfully mounted: type=system version="v1.18.3+builtin.vault" path=sys/ namespace="ID: root. Path: "
vault-1     | 2026-10-07T20:17:25.570Z [INFO]  core: successfully mounted: type=identity version="v1.18.3+builtin.vault" path=identity/ namespace="ID: root. Path: "
vault-1     | 2026-10-07T20:17:25.572Z [INFO]  core: successfully mounted: type=token version="v1.18.3+builtin.vault" path=token/ namespace="ID: root. Path: "
vault-1     | 2026-10-07T20:17:25.572Z [INFO]  rollback: Starting the rollback manager with 256 workers
vault-1     | 2026-10-07T20:17:25.572Z [INFO]  rollback: starting rollback manager
vault-1     | 2026-10-07T20:17:25.573Z [INFO]  core: restoring leases
vault-1     | 2026-10-07T20:17:25.574Z [INFO]  identity: entities restored
vault-1     | 2026-10-07T20:17:25.574Z [INFO]  identity: groups restored
vault-1     | 2026-10-07T20:17:25.574Z [INFO]  expiration: lease restore complete
vault-1     | 2026-10-07T20:17:25.574Z [INFO]  core: Recorded vault version: vault version=1.18.3 upgrade time="2026-10-07 20:17:25.574570048 +0000 UTC" build date=2024-12-16T14:00:53Z
vault-1     | 2026-10-07T20:17:25.575Z [INFO]  core: post-unseal setup complete
vault-1     | 2026-10-07T20:17:25.576Z [INFO]  core: root token generated
vault-1     | 2026-10-07T20:17:25.576Z [INFO]  core: pre-seal teardown starting
vault-1     | 2026-10-07T20:17:25.576Z [INFO]  rollback: stopping rollback manager
vault-1     | 2026-10-07T20:17:25.576Z [INFO]  core: pre-seal teardown complete
vault-1     | 2026-10-07T20:17:25.576Z [INFO]  core.cluster-listener.tcp: starting listener: listener_address=0.0.0.0:8201
vault-1     | 2026-10-07T20:17:25.576Z [INFO]  core.cluster-listener: serving cluster requests: cluster_listen_address=[::]:8201
vault-1     | 2026-10-07T20:17:25.576Z [INFO]  core: post-unseal setup starting
vault-1     | 2026-10-07T20:17:25.576Z [INFO]  core: loaded wrapping token key
vault-1     | 2026-10-07T20:17:25.576Z [INFO]  core: successfully setup plugin runtime catalog
vault-1     | 2026-10-07T20:17:25.576Z [INFO]  core: successfully setup plugin catalog: plugin-directory=""
vault-1     | 2026-10-07T20:17:25.579Z [INFO]  core: successfully mounted: type=system version="v1.18.3+builtin.vault" path=sys/ namespace="ID: root. Path: "
vault-1     | 2026-10-07T20:17:25.580Z [INFO]  core: successfully mounted: type=identity version="v1.18.3+builtin.vault" path=identity/ namespace="ID: root. Path: "
vault-1     | 2026-10-07T20:17:25.580Z [INFO]  core: successfully mounted: type=cubbyhole version="v1.18.3+builtin.vault" path=cubbyhole/ namespace="ID: root. Path: "
vault-1     | 2026-10-07T20:17:25.584Z [INFO]  core: successfully mounted: type=token version="v1.18.3+builtin.vault" path=token/ namespace="ID: root. Path: "
vault-1     | 2026-10-07T20:17:25.584Z [INFO]  rollback: Starting the rollback manager with 256 workers
vault-1     | 2026-10-07T20:17:25.584Z [INFO]  rollback: starting rollback manager
vault-1     | 2026-10-07T20:17:25.584Z [INFO]  core: restoring leases
vault-1     | 2026-10-07T20:17:25.585Z [INFO]  identity: entities restored
vault-1     | 2026-10-07T20:17:25.585Z [INFO]  identity: groups restored
vault-1     | 2026-10-07T20:17:25.585Z [INFO]  expiration: lease restore complete
vault-1     | 2026-10-07T20:17:25.585Z [INFO]  core: post-unseal setup complete
vault-1     | 2026-10-07T20:17:25.585Z [INFO]  core: vault is unsealed
vault-1     | 2026-10-07T20:17:25.587Z [INFO]  expiration: revoked lease: lease_id=auth/token/root/hdb65a2382ad62def0aeee6e4e6d1a182c83ca077728fd0b6d2b43a97541cdc95
vault-1     | 2026-10-07T20:17:25.590Z [INFO]  core: successful mount: namespace="" path=secret/ type=kv version="v0.20.0+builtin"
postgres-1  | CREATE TABLE
postgres-1  | CREATE INDEX
postgres-1  | ALTER TABLE
postgres-1  | ALTER TABLE
postgres-1  | ALTER TABLE
postgres-1  | ALTER TABLE
postgres-1  | ALTER TABLE
postgres-1  | CREATE POLICY
postgres-1  | CREATE POLICY
postgres-1  | CREATE POLICY
postgres-1  | CREATE POLICY
postgres-1  | CREATE POLICY
postgres-1  | certification-init: applying 0002_repository_hardening.sql
postgres-1  | BEGIN
postgres-1  | CREATE FUNCTION
postgres-1  | ALTER TABLE
postgres-1  | ALTER TABLE
postgres-1  | ALTER TABLE
postgres-1  | ALTER TABLE
postgres-1  | ALTER TABLE
postgres-1  | ALTER TABLE
postgres-1  | UPDATE 0
postgres-1  | ALTER TABLE
postgres-1  | CREATE INDEX
postgres-1  | CREATE INDEX
postgres-1  | CREATE FUNCTION
postgres-1  | CREATE TRIGGER
postgres-1  | CREATE TRIGGER
postgres-1  | CREATE TRIGGER
postgres-1  | CREATE FUNCTION
postgres-1  | CREATE FUNCTION
postgres-1  | CREATE TRIGGER
postgres-1  | CREATE TRIGGER
postgres-1  | ALTER TABLE
postgres-1  | ALTER TABLE
postgres-1  | ALTER TABLE
postgres-1  | ALTER TABLE
postgres-1  | ALTER TABLE
postgres-1  | ALTER TABLE
postgres-1  | ALTER TABLE
postgres-1  | ALTER TABLE
postgres-1  | ALTER TABLE
postgres-1  | ALTER TABLE
postgres-1  | ALTER TABLE
postgres-1  | ALTER TABLE
postgres-1  | ALTER TABLE
postgres-1  | ALTER TABLE
postgres-1  | ALTER TABLE
postgres-1  | ALTER TABLE
vault-1     | WARNING! dev mode is enabled! In this mode, Vault runs entirely in-memory
vault-1     | and starts unsealed with a single unseal key. The root token is already
vault-1     | authenticated to the CLI, so you can immediately begin using Vault.
vault-1     | 
vault-1     | You may need to set the following environment variables:
vault-1     | 
vault-1     |     $ export VAULT_ADDR='http://0.0.0.0:8200'
vault-1     | 
vault-1     | The unseal key and root token are displayed below in case you want to
vault-1     | seal/unseal the Vault or re-authenticate.
vault-1     | 
vault-1     | Unseal Key: pOOnFrtnhYk7gblFQMLHmAPWTF6W+GCQAo1QJBy078U=
vault-1     | Root Token: qkern-certification-root-token
vault-1     | 
vault-1     | Development mode should NOT be used in production installations!
vault-1     | 
postgres-1  | DROP POLICY
postgres-1  | DROP POLICY
postgres-1  | DROP POLICY
postgres-1  | DROP POLICY
postgres-1  | DROP POLICY
postgres-1  | CREATE POLICY
postgres-1  | CREATE POLICY
postgres-1  | CREATE POLICY
postgres-1  | CREATE POLICY
postgres-1  | CREATE POLICY
postgres-1  | CREATE POLICY
postgres-1  | CREATE POLICY
postgres-1  | CREATE POLICY
postgres-1  | CREATE POLICY
postgres-1  | CREATE POLICY
postgres-1  | CREATE POLICY
postgres-1  | CREATE POLICY
postgres-1  | CREATE POLICY
postgres-1  | CREATE POLICY
postgres-1  | CREATE POLICY
postgres-1  | CREATE POLICY
postgres-1  | CREATE POLICY
postgres-1  | CREATE POLICY
postgres-1  | CREATE POLICY
postgres-1  | CREATE POLICY
postgres-1  | CREATE POLICY
postgres-1  | CREATE POLICY
postgres-1  | CREATE POLICY
postgres-1  | CREATE POLICY
postgres-1  | DO
postgres-1  | REVOKE
postgres-1  | GRANT
postgres-1  | GRANT
postgres-1  | GRANT
postgres-1  | GRANT
postgres-1  | GRANT
postgres-1  | GRANT
postgres-1  | GRANT
postgres-1  | GRANT
postgres-1  | GRANT
postgres-1  | GRANT
postgres-1  | GRANT
postgres-1  | GRANT
postgres-1  | GRANT
postgres-1  | COMMIT
postgres-1  | certification-init: applying 0003_auth_and_memberships.sql
postgres-1  | BEGIN
postgres-1  | ALTER TABLE
postgres-1  | ALTER TABLE
postgres-1  | UPDATE 0
postgres-1  | ALTER TABLE
postgres-1  | CREATE INDEX
postgres-1  | CREATE TRIGGER
postgres-1  | CREATE TABLE
postgres-1  | CREATE INDEX
postgres-1  | CREATE INDEX
postgres-1  | CREATE FUNCTION
postgres-1  | DO
postgres-1  | REVOKE
postgres-1  | REVOKE
postgres-1  | GRANT
postgres-1  | GRANT
postgres-1  | GRANT
postgres-1  | GRANT
postgres-1  | COMMIT
postgres-1  | certification-init: applying 0004_artifact_and_workspace_integrity.sql
postgres-1  | BEGIN
postgres-1  | ALTER TABLE
postgres-1  | CREATE INDEX
postgres-1  | ALTER TABLE
postgres-1  | ALTER TABLE
postgres-1  | ALTER TABLE
postgres-1  | CREATE FUNCTION
postgres-1  | CREATE TRIGGER
postgres-1  | CREATE FUNCTION
postgres-1  | CREATE TRIGGER
postgres-1  | REVOKE
postgres-1  | GRANT
postgres-1  | REVOKE
postgres-1  | GRANT
postgres-1  | GRANT
postgres-1  | GRANT
postgres-1  | COMMIT
postgres-1  | certification-init: applying 0005_migration_apply_queue.sql
postgres-1  | BEGIN
postgres-1  | CREATE TYPE
postgres-1  | CREATE TYPE
postgres-1  | CREATE TABLE
postgres-1  | CREATE INDEX
postgres-1  | CREATE INDEX
postgres-1  | CREATE TABLE
postgres-1  | CREATE INDEX
postgres-1  | CREATE TRIGGER
postgres-1  | CREATE TRIGGER
postgres-1  | CREATE FUNCTION
postgres-1  | CREATE TRIGGER
postgres-1  | CREATE FUNCTION
postgres-1  | CREATE TRIGGER
postgres-1  | ALTER TABLE
postgres-1  | ALTER TABLE
postgres-1  | ALTER TABLE
postgres-1  | ALTER TABLE
postgres-1  | CREATE POLICY
postgres-1  | CREATE POLICY
postgres-1  | CREATE POLICY
postgres-1  | CREATE POLICY
postgres-1  | CREATE POLICY
postgres-1  | CREATE POLICY
postgres-1  | REVOKE
postgres-1  | REVOKE
postgres-1  | REVOKE
postgres-1  | GRANT
postgres-1  | GRANT
postgres-1  | GRANT
postgres-1  | GRANT
postgres-1  | GRANT
postgres-1  | GRANT
postgres-1  | GRANT
postgres-1  | GRANT
postgres-1  | GRANT
postgres-1  | COMMIT
postgres-1  | certification-init: applying 0006_worker_runtime_boundary.sql
postgres-1  | BEGIN
postgres-1  | DO
postgres-1  | ALTER TABLE
postgres-1  | ALTER TABLE
postgres-1  | UPDATE 0
postgres-1  | ALTER TABLE
postgres-1  | REVOKE
postgres-1  | REVOKE
postgres-1  | REVOKE
postgres-1  | GRANT
postgres-1  | REVOKE
postgres-1  | REVOKE
postgres-1  | GRANT
postgres-1  | GRANT
postgres-1  | GRANT
postgres-1  | GRANT
postgres-1  | GRANT
postgres-1  | GRANT
postgres-1  | GRANT
postgres-1  | GRANT
postgres-1  | GRANT
postgres-1  | GRANT
postgres-1  | GRANT
postgres-1  | COMMIT
postgres-1  | certification-init: applying 0007_migration_claim_sequence.sql
postgres-1  | BEGIN
postgres-1  | ALTER TABLE
postgres-1  | REVOKE
postgres-1  | GRANT
postgres-1  | COMMIT
postgres-1  | certification-init: applying 0008_migration_reconciliation_quarantine.sql
postgres-1  | ALTER TYPE
postgres-1  | BEGIN
postgres-1  | ALTER TABLE
postgres-1  | REVOKE
postgres-1  | GRANT
postgres-1  | COMMIT
postgres-1  | certification-init: applying 0009_migration_review_commands.sql
postgres-1  | BEGIN
postgres-1  | CREATE TYPE
postgres-1  | ALTER TABLE
postgres-1  | CREATE TABLE
postgres-1  | CREATE INDEX
postgres-1  | CREATE INDEX
postgres-1  | CREATE TRIGGER
postgres-1  | ALTER TABLE
postgres-1  | ALTER TABLE
postgres-1  | CREATE POLICY
postgres-1  | CREATE POLICY
postgres-1  | CREATE POLICY
postgres-1  | REVOKE
postgres-1  | GRANT
postgres-1  | GRANT
postgres-1  | GRANT
postgres-1  | GRANT
postgres-1  | REVOKE
postgres-1  | GRANT
postgres-1  | COMMIT
postgres-1  | certification-init: applying 0010_migration_incident_escalations.sql
postgres-1  | BEGIN
postgres-1  | CREATE TYPE
postgres-1  | CREATE TYPE
postgres-1  | CREATE TABLE
postgres-1  | CREATE INDEX
postgres-1  | CREATE INDEX
postgres-1  | CREATE TRIGGER
postgres-1  | CREATE FUNCTION
postgres-1  | CREATE TRIGGER
postgres-1  | ALTER TABLE
postgres-1  | ALTER TABLE
postgres-1  | CREATE POLICY
postgres-1  | CREATE POLICY
postgres-1  | CREATE POLICY
postgres-1  | REVOKE
postgres-1  | REVOKE
postgres-1  | GRANT
postgres-1  | GRANT
postgres-1  | GRANT
postgres-1  | GRANT
postgres-1  | GRANT
postgres-1  | COMMIT
postgres-1  | certification-init: applying 0011_migration_incident_outbox.sql
postgres-1  | BEGIN
postgres-1  | CREATE TABLE
postgres-1  | CREATE INDEX
postgres-1  | CREATE TRIGGER
postgres-1  | INSERT 0 0
postgres-1  | ALTER TABLE
postgres-1  | ALTER TABLE
postgres-1  | CREATE POLICY
postgres-1  | CREATE POLICY
postgres-1  | CREATE POLICY
postgres-1  | REVOKE
postgres-1  | GRANT
postgres-1  | GRANT
postgres-1  | GRANT
postgres-1  | COMMIT
postgres-1  | certification-init: applying 0012_migration_incident_dead_letters.sql
postgres-1  | ALTER TYPE
postgres-1  | BEGIN
postgres-1  | ALTER TABLE
postgres-1  | CREATE INDEX
postgres-1  | CREATE TYPE
postgres-1  | CREATE TABLE
postgres-1  | CREATE INDEX
postgres-1  | CREATE INDEX
postgres-1  | CREATE TRIGGER
postgres-1  | CREATE FUNCTION
postgres-1  | CREATE TRIGGER
postgres-1  | ALTER TABLE
postgres-1  | ALTER TABLE
postgres-1  | CREATE POLICY
postgres-1  | CREATE POLICY
postgres-1  | CREATE POLICY
postgres-1  | REVOKE
postgres-1  | REVOKE
postgres-1  | GRANT
postgres-1  | GRANT
postgres-1  | GRANT
postgres-1  | GRANT
postgres-1  | GRANT
postgres-1  | COMMIT
postgres-1  | certification-init: applying 0013_migration_incident_delivery_health.sql
postgres-1  | BEGIN
postgres-1  | CREATE FUNCTION
postgres-1  | REVOKE
postgres-1  | GRANT
postgres-1  | COMMIT
postgres-1  | certification-init: applying 0014_migration_incident_delivery_visibility.sql
postgres-1  | BEGIN
postgres-1  | REVOKE
postgres-1  | DROP FUNCTION
postgres-1  | CREATE FUNCTION
postgres-1  | CREATE FUNCTION
postgres-1  | REVOKE
postgres-1  | REVOKE
postgres-1  | GRANT
postgres-1  | GRANT
postgres-1  | COMMIT
postgres-1  | certification-init: applying 0015_migration_incident_delivery_failure_classification.sql
postgres-1  | BEGIN
 Container qkern-slice-workers-vault-1 Healthy 
postgres-1  | ALTER TABLE
postgres-1  | REVOKE
postgres-1  | DROP FUNCTION
postgres-1  | CREATE FUNCTION
postgres-1  | REVOKE
postgres-1  | GRANT
postgres-1  | COMMIT
postgres-1  | certification-init: applying 0016_migration_incident_delivery_recovery_binding.sql
postgres-1  | BEGIN
postgres-1  | ALTER TABLE
postgres-1  | LOCK TABLE
postgres-1  | UPDATE 0
postgres-1  | UPDATE 0
postgres-1  | ALTER TABLE
postgres-1  | CREATE FUNCTION
postgres-1  | REVOKE
postgres-1  | GRANT
postgres-1  | COMMIT
postgres-1  | certification-init: applying 0017_migration_incident_verified_resolution.sql
postgres-1  | ALTER TYPE
postgres-1  | BEGIN
postgres-1  | CREATE TYPE
postgres-1  | CREATE TYPE
postgres-1  | CREATE TYPE
postgres-1  | ALTER TABLE
postgres-1  | CREATE TABLE
postgres-1  | CREATE INDEX
postgres-1  | CREATE INDEX
postgres-1  | CREATE TRIGGER
postgres-1  | CREATE FUNCTION
postgres-1  | CREATE FUNCTION
postgres-1  | CREATE FUNCTION
postgres-1  | CREATE TRIGGER
postgres-1  | ALTER TABLE
postgres-1  | ALTER TABLE
postgres-1  | CREATE POLICY
postgres-1  | CREATE POLICY
postgres-1  | CREATE POLICY
postgres-1  | REVOKE
postgres-1  | REVOKE
postgres-1  | GRANT
postgres-1  | GRANT
postgres-1  | GRANT
postgres-1  | GRANT
postgres-1  | GRANT
postgres-1  | COMMIT
postgres-1  | certification-init: applying 0018_migration_incident_delivery_recovery_generation.sql
postgres-1  | BEGIN
postgres-1  | ALTER TABLE
postgres-1  | LOCK TABLE
postgres-1  | UPDATE 0
postgres-1  | UPDATE 0
postgres-1  | ALTER TABLE
postgres-1  | ALTER TABLE
postgres-1  | CREATE FUNCTION
postgres-1  | REVOKE
postgres-1  | GRANT
postgres-1  | COMMIT
postgres-1  | certification-init: applying 0019_migration_apply_delivery_resilience.sql
postgres-1  | BEGIN
postgres-1  | ALTER TABLE
postgres-1  | CREATE INDEX
postgres-1  | CREATE TYPE
postgres-1  | CREATE TABLE
postgres-1  | CREATE INDEX
postgres-1  | CREATE INDEX
postgres-1  | CREATE TRIGGER
postgres-1  | CREATE FUNCTION
postgres-1  | CREATE TRIGGER
postgres-1  | ALTER TABLE
postgres-1  | ALTER TABLE
postgres-1  | CREATE POLICY
postgres-1  | CREATE POLICY
postgres-1  | CREATE POLICY
postgres-1  | CREATE FUNCTION
postgres-1  | CREATE FUNCTION
postgres-1  | REVOKE
postgres-1  | REVOKE
postgres-1  | REVOKE
postgres-1  | REVOKE
postgres-1  | REVOKE
postgres-1  | GRANT
postgres-1  | GRANT
postgres-1  | GRANT
postgres-1  | GRANT
postgres-1  | GRANT
postgres-1  | GRANT
postgres-1  | GRANT
postgres-1  | COMMIT
postgres-1  | certification-init: applying 0020_project_database_provisioning.sql
postgres-1  | BEGIN
postgres-1  | DO
postgres-1  | CREATE TYPE
postgres-1  | CREATE TABLE
postgres-1  | CREATE TABLE
postgres-1  | ALTER TABLE
postgres-1  | CREATE INDEX
postgres-1  | CREATE TRIGGER
postgres-1  | ALTER TABLE
postgres-1  | ALTER TABLE
postgres-1  | ALTER TABLE
postgres-1  | ALTER TABLE
postgres-1  | CREATE POLICY
postgres-1  | CREATE POLICY
postgres-1  | CREATE FUNCTION
postgres-1  | CREATE FUNCTION
postgres-1  | REVOKE
postgres-1  | REVOKE
postgres-1  | REVOKE
postgres-1  | REVOKE
postgres-1  | REVOKE
postgres-1  | GRANT
postgres-1  | GRANT
postgres-1  | GRANT
postgres-1  | GRANT
postgres-1  | GRANT
postgres-1  | GRANT
postgres-1  | GRANT
postgres-1  | GRANT
postgres-1  | GRANT
postgres-1  | GRANT
postgres-1  | GRANT
postgres-1  | GRANT
postgres-1  | GRANT
postgres-1  | GRANT
postgres-1  | GRANT
postgres-1  | COMMIT
postgres-1  | certification-init: applying 0021_project_database_provisioning_health.sql
postgres-1  | BEGIN
postgres-1  | CREATE TABLE
postgres-1  | CREATE INDEX
postgres-1  | ALTER TABLE
postgres-1  | ALTER TABLE
postgres-1  | CREATE POLICY
postgres-1  | CREATE FUNCTION
postgres-1  | REVOKE
postgres-1  | REVOKE
postgres-1  | GRANT
postgres-1  | GRANT
postgres-1  | GRANT
postgres-1  | COMMIT
postgres-1  | certification-init: applying 0022_project_automation_policies.sql
postgres-1  | BEGIN
postgres-1  | CREATE TABLE
postgres-1  | ALTER TABLE
postgres-1  | UPDATE 0
postgres-1  | ALTER TABLE
postgres-1  | ALTER TABLE
postgres-1  | ALTER TABLE
postgres-1  | CREATE POLICY
postgres-1  | CREATE POLICY
postgres-1  | CREATE POLICY
postgres-1  | REVOKE
postgres-1  | GRANT
postgres-1  | GRANT
postgres-1  | COMMIT
postgres-1  | certification-init: applying 0023_project_api_keys.sql
postgres-1  | BEGIN
postgres-1  | CREATE TABLE
postgres-1  | CREATE INDEX
postgres-1  | CREATE INDEX
postgres-1  | CREATE FUNCTION
postgres-1  | CREATE TRIGGER
postgres-1  | ALTER TABLE
postgres-1  | CREATE POLICY
postgres-1  | CREATE POLICY
postgres-1  | CREATE POLICY
postgres-1  | CREATE FUNCTION
postgres-1  | REVOKE
postgres-1  | REVOKE
postgres-1  | REVOKE
postgres-1  | GRANT
postgres-1  | GRANT
postgres-1  | GRANT
postgres-1  | GRANT
postgres-1  | COMMIT
postgres-1  | certification-init: applying 0024_project_auth.sql
postgres-1  | BEGIN
postgres-1  | CREATE TABLE
postgres-1  | CREATE INDEX
postgres-1  | CREATE TABLE
postgres-1  | CREATE INDEX
postgres-1  | CREATE INDEX
postgres-1  | CREATE TABLE
postgres-1  | CREATE INDEX
postgres-1  | CREATE TABLE
postgres-1  | CREATE TABLE
postgres-1  | CREATE FUNCTION
postgres-1  | CREATE TRIGGER
postgres-1  | CREATE TRIGGER
postgres-1  | CREATE TRIGGER
postgres-1  | CREATE TRIGGER
postgres-1  | CREATE TRIGGER
postgres-1  | REVOKE
postgres-1  | REVOKE
postgres-1  | GRANT
postgres-1  | GRANT
postgres-1  | GRANT
postgres-1  | GRANT
postgres-1  | GRANT
postgres-1  | GRANT
postgres-1  | GRANT
postgres-1  | GRANT
postgres-1  | GRANT
postgres-1  | COMMIT
postgres-1  | certification-init: applying 0025_project_storage.sql
postgres-1  | BEGIN
postgres-1  | CREATE TABLE
postgres-1  | CREATE INDEX
postgres-1  | CREATE TABLE
postgres-1  | CREATE INDEX
postgres-1  | CREATE INDEX
postgres-1  | CREATE INDEX
postgres-1  | CREATE TABLE
postgres-1  | CREATE INDEX
postgres-1  | CREATE INDEX
postgres-1  | CREATE FUNCTION
postgres-1  | CREATE FUNCTION
postgres-1  | CREATE FUNCTION
postgres-1  | CREATE TRIGGER
postgres-1  | CREATE TRIGGER
postgres-1  | CREATE TRIGGER
postgres-1  | ALTER TABLE
postgres-1  | ALTER TABLE
postgres-1  | ALTER TABLE
postgres-1  | CREATE POLICY
postgres-1  | CREATE POLICY
postgres-1  | CREATE POLICY
postgres-1  | CREATE POLICY
postgres-1  | CREATE POLICY
postgres-1  | CREATE POLICY
postgres-1  | CREATE POLICY
postgres-1  | CREATE POLICY
postgres-1  | CREATE POLICY
postgres-1  | CREATE POLICY
postgres-1  | REVOKE
postgres-1  | REVOKE
postgres-1  | REVOKE
postgres-1  | REVOKE
postgres-1  | GRANT
postgres-1  | GRANT
postgres-1  | GRANT
postgres-1  | GRANT
postgres-1  | GRANT
postgres-1  | GRANT
postgres-1  | GRANT
postgres-1  | GRANT
postgres-1  | GRANT
postgres-1  | COMMIT
postgres-1  | certification-init: applying 0026_project_queues.sql
postgres-1  | BEGIN
postgres-1  | CREATE TABLE
postgres-1  | CREATE INDEX
postgres-1  | CREATE TABLE
postgres-1  | CREATE INDEX
postgres-1  | CREATE INDEX
postgres-1  | CREATE INDEX
postgres-1  | CREATE INDEX
postgres-1  | CREATE INDEX
postgres-1  | CREATE FUNCTION
postgres-1  | CREATE FUNCTION
postgres-1  | CREATE FUNCTION
postgres-1  | CREATE TRIGGER
postgres-1  | CREATE TRIGGER
postgres-1  | CREATE TRIGGER
postgres-1  | ALTER TABLE
postgres-1  | ALTER TABLE
postgres-1  | CREATE POLICY
postgres-1  | CREATE POLICY
postgres-1  | CREATE POLICY
postgres-1  | CREATE POLICY
postgres-1  | CREATE POLICY
postgres-1  | CREATE POLICY
postgres-1  | REVOKE
postgres-1  | REVOKE
postgres-1  | REVOKE
postgres-1  | REVOKE
postgres-1  | GRANT
postgres-1  | GRANT
postgres-1  | GRANT
postgres-1  | GRANT
postgres-1  | GRANT
postgres-1  | GRANT
postgres-1  | COMMIT
postgres-1  | certification-init: applying 0027_project_queue_dead_letter_replay.sql
postgres-1  | BEGIN
postgres-1  | ALTER TABLE
postgres-1  | CREATE INDEX
postgres-1  | CREATE INDEX
postgres-1  | CREATE FUNCTION
postgres-1  | CREATE TRIGGER
postgres-1  | REVOKE
postgres-1  | GRANT
postgres-1  | COMMIT
postgres-1  | certification-init: applying 0028_usage_metering.sql
postgres-1  | BEGIN
postgres-1  | CREATE TABLE
postgres-1  | CREATE TABLE
postgres-1  | CREATE TABLE
postgres-1  | CREATE INDEX
postgres-1  | CREATE INDEX
postgres-1  | CREATE FUNCTION
postgres-1  | CREATE FUNCTION
postgres-1  | CREATE FUNCTION
postgres-1  | CREATE TRIGGER
postgres-1  | CREATE TRIGGER
postgres-1  | CREATE TRIGGER
postgres-1  | ALTER TABLE
postgres-1  | ALTER TABLE
postgres-1  | ALTER TABLE
postgres-1  | CREATE POLICY
postgres-1  | CREATE POLICY
postgres-1  | CREATE POLICY
postgres-1  | CREATE POLICY
postgres-1  | CREATE POLICY
postgres-1  | CREATE POLICY
postgres-1  | CREATE POLICY
postgres-1  | CREATE POLICY
postgres-1  | REVOKE
postgres-1  | REVOKE
postgres-1  | REVOKE
postgres-1  | REVOKE
postgres-1  | GRANT
postgres-1  | GRANT
postgres-1  | GRANT
postgres-1  | GRANT
postgres-1  | GRANT
postgres-1  | GRANT
postgres-1  | GRANT
postgres-1  | GRANT
postgres-1  | COMMIT
postgres-1  | certification-init: applying 0029_project_queue_definition_row_lock.sql
postgres-1  | GRANT
postgres-1  | CREATE POLICY
postgres-1  | certification-init: applying 0030_realtime_event_log.sql
postgres-1  | CREATE TABLE
postgres-1  | CREATE TABLE
postgres-1  | CREATE INDEX
postgres-1  | CREATE INDEX
postgres-1  | CREATE FUNCTION
postgres-1  | CREATE TRIGGER
postgres-1  | ALTER TABLE
postgres-1  | ALTER TABLE
postgres-1  | CREATE POLICY
postgres-1  | CREATE POLICY
postgres-1  | CREATE POLICY
postgres-1  | CREATE POLICY
postgres-1  | CREATE POLICY
postgres-1  | CREATE POLICY
postgres-1  | REVOKE
postgres-1  | REVOKE
postgres-1  | GRANT
postgres-1  | GRANT
postgres-1  | GRANT
postgres-1  | GRANT
postgres-1  | certification-init: applying 0031_project_cron.sql
postgres-1  | CREATE TABLE
postgres-1  | CREATE INDEX
postgres-1  | CREATE FUNCTION
postgres-1  | CREATE TRIGGER
postgres-1  | ALTER TABLE
postgres-1  | CREATE POLICY
postgres-1  | CREATE POLICY
postgres-1  | CREATE POLICY
postgres-1  | CREATE POLICY
postgres-1  | REVOKE
postgres-1  | REVOKE
postgres-1  | GRANT
postgres-1  | GRANT
postgres-1  | GRANT
postgres-1  | certification-init: applying 0032_project_webhooks.sql
postgres-1  | CREATE TABLE
postgres-1  | CREATE TABLE
postgres-1  | CREATE INDEX
postgres-1  | CREATE INDEX
postgres-1  | CREATE FUNCTION
postgres-1  | CREATE TRIGGER
postgres-1  | ALTER TABLE
postgres-1  | ALTER TABLE
postgres-1  | CREATE POLICY
postgres-1  | CREATE POLICY
postgres-1  | CREATE POLICY
postgres-1  | CREATE POLICY
postgres-1  | CREATE POLICY
postgres-1  | CREATE POLICY
postgres-1  | CREATE POLICY
postgres-1  | REVOKE
postgres-1  | REVOKE
postgres-1  | GRANT
postgres-1  | GRANT
postgres-1  | CREATE POLICY
postgres-1  | GRANT
postgres-1  | GRANT
postgres-1  | GRANT
postgres-1  | certification-init: applying 0033_project_functions.sql
postgres-1  | CREATE TABLE
postgres-1  | CREATE INDEX
postgres-1  | CREATE FUNCTION
postgres-1  | CREATE TRIGGER
postgres-1  | ALTER TABLE
postgres-1  | CREATE POLICY
postgres-1  | CREATE POLICY
postgres-1  | CREATE POLICY
postgres-1  | CREATE POLICY
postgres-1  | REVOKE
postgres-1  | REVOKE
postgres-1  | GRANT
postgres-1  | GRANT
postgres-1  | GRANT
postgres-1  | certification-init: applying 0034_project_functions_registry.sql
postgres-1  | ALTER TABLE
postgres-1  | ALTER TABLE
postgres-1  | certification-init: applying 0035_project_function_slots.sql
postgres-1  | CREATE TABLE
postgres-1  | CREATE INDEX
postgres-1  | CREATE FUNCTION
postgres-1  | CREATE TRIGGER
postgres-1  | ALTER TABLE
postgres-1  | CREATE POLICY
postgres-1  | CREATE POLICY
postgres-1  | CREATE POLICY
postgres-1  | REVOKE
postgres-1  | REVOKE
postgres-1  | GRANT
postgres-1  | GRANT
postgres-1  | certification-init: applying 0036_provisioner_heartbeat_upsert_grant.sql
postgres-1  | BEGIN
postgres-1  | GRANT
postgres-1  | COMMIT
postgres-1  | certification-init: applying 0037_provisioner_binding_returning_grant.sql
postgres-1  | BEGIN
postgres-1  | GRANT
postgres-1  | COMMIT
postgres-1  | certification-init: applying 0038_runtime_outbox_arbiter_grant.sql
postgres-1  | BEGIN
postgres-1  | GRANT
postgres-1  | COMMIT
postgres-1  | certification-init: applying 0039_billing_rate_cards.sql
postgres-1  | BEGIN
postgres-1  | CREATE TABLE
postgres-1  | CREATE INDEX
postgres-1  | ALTER TABLE
postgres-1  | ALTER TABLE
postgres-1  | CREATE POLICY
postgres-1  | CREATE POLICY
postgres-1  | REVOKE
postgres-1  | GRANT
postgres-1  | GRANT
postgres-1  | COMMIT
postgres-1  | certification-init: applying 0040_billing_invoices.sql
postgres-1  | BEGIN
postgres-1  | CREATE TABLE
postgres-1  | CREATE TABLE
postgres-1  | ALTER TABLE
postgres-1  | ALTER TABLE
postgres-1  | ALTER TABLE
postgres-1  | ALTER TABLE
postgres-1  | CREATE POLICY
postgres-1  | CREATE POLICY
postgres-1  | CREATE POLICY
postgres-1  | CREATE POLICY
postgres-1  | REVOKE
postgres-1  | GRANT
postgres-1  | GRANT
postgres-1  | GRANT
postgres-1  | GRANT
postgres-1  | GRANT
postgres-1  | COMMIT
postgres-1  | certification-init: applying 0041_project_storage_multipart.sql
postgres-1  | BEGIN
postgres-1  | ALTER TABLE
postgres-1  | ALTER TABLE
postgres-1  | COMMIT
postgres-1  | certification-init: applying 0042_project_function_deployments.sql
postgres-1  | BEGIN
postgres-1  | CREATE TABLE
postgres-1  | CREATE INDEX
postgres-1  | ALTER TABLE
postgres-1  | ALTER TABLE
postgres-1  | CREATE POLICY
postgres-1  | CREATE POLICY
postgres-1  | CREATE FUNCTION
postgres-1  | CREATE FUNCTION
postgres-1  | REVOKE
postgres-1  | REVOKE
postgres-1  | GRANT
postgres-1  | GRANT
postgres-1  | COMMIT
postgres-1  | certification-init: applying 0043_project_storage_upload_id_check_fix.sql
postgres-1  | ALTER TABLE
postgres-1  | ALTER TABLE
postgres-1  | certification-init: applying 0044_billing_invoice_numbers.sql
postgres-1  | BEGIN
postgres-1  | CREATE TABLE
postgres-1  | ALTER TABLE
postgres-1  | ALTER TABLE
postgres-1  | CREATE POLICY
postgres-1  | CREATE POLICY
postgres-1  | CREATE POLICY
postgres-1  | ALTER TABLE
postgres-1  | ALTER TABLE
postgres-1  | UPDATE 0
postgres-1  | ALTER TABLE
postgres-1  | ALTER TABLE
postgres-1  | UPDATE 0
postgres-1  | INSERT 0 0
postgres-1  | ALTER TABLE
postgres-1  | CREATE INDEX
postgres-1  | GRANT
postgres-1  | GRANT
postgres-1  | GRANT
postgres-1  | COMMIT
postgres-1  | certification-init: applying 0045_project_function_invocations.sql
postgres-1  | BEGIN
postgres-1  | CREATE TABLE
postgres-1  | CREATE INDEX
postgres-1  | ALTER TABLE
postgres-1  | ALTER TABLE
postgres-1  | CREATE POLICY
postgres-1  | CREATE POLICY
postgres-1  | REVOKE
postgres-1  | GRANT
postgres-1  | GRANT
postgres-1  | COMMIT
postgres-1  | certification-init: applying 0046_project_auth_audit.sql
postgres-1  | BEGIN
postgres-1  | GRANT
postgres-1  | GRANT
postgres-1  | GRANT
postgres-1  | GRANT
postgres-1  | CREATE POLICY
postgres-1  | COMMIT
postgres-1  | certification-init: applying 0047_audit_chain_order.sql
postgres-1  | BEGIN
postgres-1  | CREATE FUNCTION
postgres-1  | COMMIT
postgres-1  | certification-init: applying 0048_project_auth_mfa_enforcement.sql
postgres-1  | BEGIN
postgres-1  | CREATE TABLE
postgres-1  | ALTER TABLE
postgres-1  | ALTER TABLE
postgres-1  | CREATE FUNCTION
postgres-1  | CREATE TRIGGER
postgres-1  | REVOKE
postgres-1  | REVOKE
postgres-1  | GRANT
postgres-1  | GRANT
postgres-1  | GRANT
postgres-1  | COMMIT
postgres-1  | certification-init: applying 0049_project_database_webhooks.sql
postgres-1  | CREATE TABLE
postgres-1  | CREATE INDEX
postgres-1  | ALTER TABLE
postgres-1  | CREATE POLICY
postgres-1  | CREATE POLICY
postgres-1  | CREATE POLICY
postgres-1  | REVOKE
postgres-1  | GRANT
postgres-1  | certification-init: applying 0050_project_database_webhook_cursors.sql
postgres-1  | CREATE TABLE
postgres-1  | ALTER TABLE
postgres-1  | CREATE POLICY
postgres-1  | CREATE POLICY
postgres-1  | CREATE POLICY
postgres-1  | REVOKE
postgres-1  | GRANT
postgres-1  | certification-init: applying 0051_project_auth_return_targets.sql
postgres-1  | BEGIN
postgres-1  | ALTER TABLE
postgres-1  | ALTER TABLE
postgres-1  | REVOKE
postgres-1  | GRANT
postgres-1  | COMMIT
postgres-1  | certification-init: applying 0052_project_auth_rate_limits.sql
postgres-1  | BEGIN
postgres-1  | ALTER TABLE
postgres-1  | ALTER TABLE
postgres-1  | CREATE TABLE
postgres-1  | CREATE INDEX
postgres-1  | REVOKE
postgres-1  | GRANT
postgres-1  | REVOKE
postgres-1  | GRANT
postgres-1  | COMMIT
postgres-1  | certification-init: applying 0053_project_auth_password_protection.sql
postgres-1  | BEGIN
postgres-1  | ALTER TABLE
postgres-1  | ALTER TABLE
postgres-1  | REVOKE
postgres-1  | GRANT
postgres-1  | COMMIT
postgres-1  | certification-init: applying 0054_project_log_drains.sql
postgres-1  | BEGIN
postgres-1  | CREATE FUNCTION
postgres-1  | REVOKE
postgres-1  | GRANT
postgres-1  | CREATE TABLE
postgres-1  | CREATE INDEX
postgres-1  | ALTER TABLE
postgres-1  | CREATE POLICY
postgres-1  | CREATE POLICY
postgres-1  | CREATE POLICY
postgres-1  | REVOKE
postgres-1  | GRANT
postgres-1  | COMMIT
postgres-1  | certification-init: applying 0055_user_console_settings.sql
postgres-1  | BEGIN
postgres-1  | CREATE TABLE
postgres-1  | CREATE TRIGGER
postgres-1  | REVOKE
postgres-1  | GRANT
postgres-1  | COMMIT
postgres-1  | certification-init: applying 0056_project_log_drain_cursors.sql
postgres-1  | BEGIN
postgres-1  | CREATE TABLE
postgres-1  | ALTER TABLE
postgres-1  | CREATE POLICY
postgres-1  | CREATE POLICY
postgres-1  | CREATE POLICY
postgres-1  | REVOKE
postgres-1  | GRANT
postgres-1  | COMMIT
postgres-1  | certification-init: applying 0057_project_dashboard_webhooks.sql
postgres-1  | BEGIN
postgres-1  | CREATE FUNCTION
postgres-1  | REVOKE
postgres-1  | GRANT
postgres-1  | CREATE TABLE
postgres-1  | CREATE INDEX
postgres-1  | ALTER TABLE
postgres-1  | CREATE POLICY
postgres-1  | CREATE POLICY
postgres-1  | CREATE POLICY
postgres-1  | REVOKE
postgres-1  | GRANT
postgres-1  | CREATE TABLE
postgres-1  | ALTER TABLE
postgres-1  | CREATE POLICY
postgres-1  | CREATE POLICY
postgres-1  | CREATE POLICY
postgres-1  | REVOKE
postgres-1  | GRANT
postgres-1  | COMMIT
postgres-1  | certification-init: applying 0058_project_auth_hooks.sql
postgres-1  | BEGIN
postgres-1  | ALTER TABLE
postgres-1  | ALTER TABLE
postgres-1  | ALTER TABLE
postgres-1  | ALTER TABLE
postgres-1  | REVOKE
postgres-1  | GRANT
postgres-1  | COMMIT
postgres-1  | certification-init: applying 0059_project_storage_s3_access_keys.sql
postgres-1  | BEGIN
postgres-1  | CREATE TABLE
postgres-1  | CREATE INDEX
postgres-1  | CREATE INDEX
postgres-1  | CREATE TABLE
postgres-1  | CREATE INDEX
postgres-1  | CREATE FUNCTION
postgres-1  | CREATE TRIGGER
postgres-1  | ALTER TABLE
postgres-1  | ALTER TABLE
postgres-1  | CREATE POLICY
postgres-1  | CREATE POLICY
postgres-1  | CREATE POLICY
postgres-1  | CREATE POLICY
postgres-1  | CREATE POLICY
postgres-1  | CREATE POLICY
postgres-1  | REVOKE
postgres-1  | REVOKE
postgres-1  | REVOKE
postgres-1  | GRANT
postgres-1  | GRANT
postgres-1  | GRANT
postgres-1  | GRANT
postgres-1  | COMMIT
postgres-1  | certification-init: applying 0060_project_auth_passkeys.sql
postgres-1  | BEGIN
postgres-1  | CREATE TABLE
postgres-1  | CREATE INDEX
postgres-1  | ALTER TABLE
postgres-1  | ALTER TABLE
postgres-1  | CREATE TRIGGER
postgres-1  | REVOKE
postgres-1  | GRANT
postgres-1  | GRANT
postgres-1  | COMMIT
postgres-1  | certification-init: applying 0061_project_auth_third_party_providers.sql
postgres-1  | BEGIN
postgres-1  | CREATE TABLE
postgres-1  | ALTER TABLE
postgres-1  | ALTER TABLE
postgres-1  | ALTER TABLE
postgres-1  | ALTER TABLE
postgres-1  | ALTER TABLE
postgres-1  | REVOKE
postgres-1  | GRANT
postgres-1  | COMMIT
postgres-1  | certification-init: applying 0062_project_auth_oauth_server.sql
postgres-1  | BEGIN
postgres-1  | CREATE TABLE
postgres-1  | ALTER TABLE
postgres-1  | ALTER TABLE
postgres-1  | ALTER TABLE
postgres-1  | REVOKE
postgres-1  | GRANT
postgres-1  | CREATE TABLE
postgres-1  | ALTER TABLE
postgres-1  | ALTER TABLE
postgres-1  | ALTER TABLE
postgres-1  | CREATE TRIGGER
postgres-1  | REVOKE
postgres-1  | GRANT
postgres-1  | GRANT
postgres-1  | CREATE TABLE
postgres-1  | ALTER TABLE
postgres-1  | ALTER TABLE
postgres-1  | REVOKE
postgres-1  | GRANT
postgres-1  | COMMIT
postgres-1  | certification-init: applying 0063_project_auth_expiry_retention.sql
postgres-1  | BEGIN
postgres-1  | CREATE INDEX
postgres-1  | CREATE INDEX
postgres-1  | CREATE INDEX
postgres-1  | GRANT
postgres-1  | GRANT
postgres-1  | GRANT
postgres-1  | COMMIT
postgres-1  | certification-init: applying 0064_project_auth_oauth_consents.sql
postgres-1  | BEGIN
postgres-1  | CREATE TABLE
postgres-1  | ALTER TABLE
postgres-1  | ALTER TABLE
postgres-1  | CREATE INDEX
postgres-1  | CREATE INDEX
postgres-1  | CREATE TRIGGER
postgres-1  | CREATE FUNCTION
postgres-1  | CREATE TRIGGER
postgres-1  | REVOKE
postgres-1  | REVOKE
postgres-1  | GRANT
postgres-1  | GRANT
postgres-1  | GRANT
postgres-1  | ALTER TABLE
postgres-1  | ALTER TABLE
postgres-1  | COMMIT
postgres-1  | certification-init: applying 0065_project_storage_s3_access_key_secrets.sql
postgres-1  | BEGIN
postgres-1  | ALTER TABLE
postgres-1  | CREATE FUNCTION
postgres-1  | CREATE FUNCTION
postgres-1  | REVOKE
postgres-1  | GRANT
postgres-1  | COMMIT
postgres-1  | certification-init: applying 0066_project_cron_time_zone.sql
postgres-1  | ALTER TABLE
postgres-1  | certification-init: applying 0069_project_function_invocation_output.sql
postgres-1  | BEGIN
postgres-1  | CREATE TABLE
postgres-1  | CREATE INDEX
postgres-1  | ALTER TABLE
postgres-1  | ALTER TABLE
postgres-1  | CREATE POLICY
postgres-1  | CREATE POLICY
postgres-1  | REVOKE
postgres-1  | GRANT
postgres-1  | GRANT
postgres-1  | COMMIT
postgres-1  | certification-init: applying 0070_project_auth_saml.sql
postgres-1  | BEGIN
postgres-1  | CREATE TABLE
postgres-1  | CREATE INDEX
postgres-1  | ALTER TABLE
postgres-1  | ALTER TABLE
postgres-1  | ALTER TABLE
postgres-1  | ALTER TABLE
postgres-1  | CREATE TRIGGER
postgres-1  | REVOKE
postgres-1  | GRANT
postgres-1  | COMMIT
postgres-1  | certification-init: applying 0071_project_storage_s3_multipart.sql
postgres-1  | BEGIN
postgres-1  | ALTER TABLE
postgres-1  | ALTER TABLE
postgres-1  | ALTER TABLE
postgres-1  | ALTER TABLE
postgres-1  | ALTER TABLE
postgres-1  | ALTER TABLE
postgres-1  | ALTER TABLE
postgres-1  | ALTER TABLE
postgres-1  | CREATE TABLE
postgres-1  | CREATE INDEX
postgres-1  | CREATE FUNCTION
postgres-1  | GRANT
postgres-1  | REVOKE
postgres-1  | ALTER TABLE
postgres-1  | CREATE POLICY
postgres-1  | CREATE POLICY
postgres-1  | CREATE POLICY
postgres-1  | CREATE POLICY
postgres-1  | GRANT
postgres-1  | GRANT
postgres-1  | COMMIT
postgres-1  | certification-init: applying 0073_project_auth_oauth_tool_scopes.sql
postgres-1  | BEGIN
postgres-1  | ALTER TABLE
postgres-1  | ALTER TABLE
postgres-1  | ALTER TABLE
postgres-1  | ALTER TABLE
postgres-1  | ALTER TABLE
postgres-1  | ALTER TABLE
postgres-1  | ALTER TABLE
postgres-1  | ALTER TABLE
postgres-1  | COMMIT
postgres-1  | certification-init: applying 0075_log_drain_function_output_source.sql
postgres-1  | BEGIN
postgres-1  | CREATE FUNCTION
postgres-1  | REVOKE
postgres-1  | GRANT
postgres-1  | COMMIT
postgres-1  | certification-init: applying 0077_realtime_presence.sql
postgres-1  | BEGIN
postgres-1  | CREATE TABLE
postgres-1  | CREATE INDEX
postgres-1  | CREATE INDEX
postgres-1  | ALTER TABLE
postgres-1  | CREATE POLICY
postgres-1  | CREATE POLICY
postgres-1  | CREATE POLICY
postgres-1  | CREATE POLICY
postgres-1  | REVOKE
postgres-1  | GRANT
postgres-1  | GRANT
postgres-1  | COMMIT
postgres-1  | certification-init: applying 0078_project_auth_oauth_storage_write_scope.sql
postgres-1  | BEGIN
postgres-1  | ALTER TABLE
postgres-1  | ALTER TABLE
postgres-1  | ALTER TABLE
postgres-1  | ALTER TABLE
postgres-1  | ALTER TABLE
postgres-1  | ALTER TABLE
postgres-1  | ALTER TABLE
postgres-1  | ALTER TABLE
postgres-1  | COMMIT
postgres-1  | certification-init: applying 0080_billing_invoice_positions.sql
postgres-1  | BEGIN
postgres-1  | ALTER TABLE
postgres-1  | UPDATE 0
postgres-1  | ALTER TABLE
postgres-1  | ALTER TABLE
postgres-1  | ALTER TABLE
postgres-1  | ALTER TABLE
postgres-1  | GRANT
postgres-1  | CREATE TABLE
postgres-1  | CREATE INDEX
postgres-1  | ALTER TABLE
postgres-1  | ALTER TABLE
postgres-1  | CREATE POLICY
postgres-1  | CREATE POLICY
postgres-1  | REVOKE
postgres-1  | GRANT
postgres-1  | GRANT
postgres-1  | GRANT
postgres-1  | COMMIT
postgres-1  | certification-init: applying 0081_project_queue_message_traces.sql
postgres-1  | BEGIN
postgres-1  | CREATE TABLE
postgres-1  | CREATE INDEX
postgres-1  | CREATE INDEX
postgres-1  | CREATE FUNCTION
postgres-1  | CREATE TRIGGER
postgres-1  | ALTER TABLE
postgres-1  | ALTER TABLE
postgres-1  | CREATE POLICY
postgres-1  | CREATE POLICY
postgres-1  | CREATE POLICY
postgres-1  | REVOKE
postgres-1  | REVOKE
postgres-1  | GRANT
postgres-1  | GRANT
postgres-1  | COMMIT
postgres-1  | certification-init: applying 0082_trace_spans_and_outbound_anchor.sql
postgres-1  | BEGIN
postgres-1  | ALTER TABLE
postgres-1  | ALTER TABLE
postgres-1  | ALTER TABLE
postgres-1  | ALTER TABLE
postgres-1  | ALTER TABLE
postgres-1  | CREATE FUNCTION
postgres-1  | REVOKE
postgres-1  | COMMIT
postgres-1  | certification-init: applying 0083_project_database_backups.sql
postgres-1  | BEGIN
postgres-1  | CREATE TABLE
postgres-1  | CREATE INDEX
postgres-1  | CREATE INDEX
postgres-1  | CREATE INDEX
postgres-1  | CREATE TRIGGER
postgres-1  | ALTER TABLE
postgres-1  | ALTER TABLE
postgres-1  | CREATE POLICY
postgres-1  | REVOKE
postgres-1  | GRANT
postgres-1  | GRANT
postgres-1  | COMMIT
postgres-1  | certification-init: applying 0084_project_database_backup_schedules.sql
postgres-1  | BEGIN
postgres-1  | ALTER TABLE
postgres-1  | COMMENT
postgres-1  | ALTER TABLE
postgres-1  | ALTER TABLE
postgres-1  | ALTER TABLE
postgres-1  | ALTER TABLE
postgres-1  | ALTER TABLE
postgres-1  | ALTER TABLE
postgres-1  | CREATE INDEX
postgres-1  | GRANT
postgres-1  | CREATE TABLE
postgres-1  | CREATE INDEX
postgres-1  | CREATE TRIGGER
postgres-1  | INSERT 0 0
postgres-1  | ALTER TABLE
postgres-1  | ALTER TABLE
postgres-1  | CREATE POLICY
postgres-1  | REVOKE
postgres-1  | GRANT
postgres-1  | GRANT
postgres-1  | CREATE FUNCTION
postgres-1  | REVOKE
postgres-1  | CREATE TRIGGER
postgres-1  | COMMIT
postgres-1  | certification-init: applying 0085_project_queue_trace_search.sql
postgres-1  | BEGIN
postgres-1  | CREATE INDEX
postgres-1  | COMMIT
postgres-1  | certification-init: applying 0086_user_console_interface_mode.sql
postgres-1  | BEGIN
postgres-1  | ALTER TABLE
postgres-1  | GRANT
postgres-1  | COMMIT
postgres-1  | certification-init: applying 0087_project_deletion.sql
postgres-1  | BEGIN
postgres-1  | ALTER TABLE
postgres-1  | CREATE INDEX
postgres-1  | CREATE FUNCTION
postgres-1  | CREATE FUNCTION
postgres-1  | REVOKE
postgres-1  | REVOKE
postgres-1  | GRANT
postgres-1  | GRANT
postgres-1  | CREATE FUNCTION
postgres-1  | CREATE FUNCTION
postgres-1  | REVOKE
postgres-1  | GRANT
postgres-1  | REVOKE
postgres-1  | GRANT
postgres-1  | COMMIT
postgres-1  | certification-init: applying 0088_worker_sees_deleted_projects.sql
postgres-1  | BEGIN
postgres-1  | GRANT
postgres-1  | COMMIT
postgres-1  | certification-init: applied 82 migrations
postgres-1  | CREATE EXTENSION
postgres-1  | CREATE ROLE
postgres-1  | CREATE ROLE
postgres-1  | CREATE ROLE
postgres-1  | CREATE ROLE
postgres-1  | CREATE ROLE
postgres-1  | GRANT ROLE
postgres-1  | GRANT ROLE
postgres-1  | GRANT ROLE
postgres-1  | GRANT ROLE
postgres-1  | 2026-10-07 20:17:29.494 UTC [341] WARNING:  role "qkern_app" has not been granted membership in role "qkern_auth" by role "qkern"
postgres-1  | WARNING:  role "qkern_app" has not been granted membership in role "qkern_auth" by role "qkern"
postgres-1  | WARNING:  role "qkern_app" has not been granted membership in role "qkern_worker" by role "qkern"
postgres-1  | REVOKE ROLE
postgres-1  | 2026-10-07 20:17:29.494 UTC [341] WARNING:  role "qkern_app" has not been granted membership in role "qkern_worker" by role "qkern"
postgres-1  | REVOKE ROLE
postgres-1  | 2026-10-07 20:17:29.494 UTC [341] WARNING:  role "qkern_app" has not been granted membership in role "qkern_provisioner" by role "qkern"
postgres-1  | REVOKE ROLE
postgres-1  | 2026-10-07 20:17:29.494 UTC [341] WARNING:  role "qkern_auth_app" has not been granted membership in role "qkern_runtime" by role "qkern"
postgres-1  | REVOKE ROLE
postgres-1  | WARNING:  role "qkern_app" has not been granted membership in role "qkern_provisioner" by role "qkern"
postgres-1  | WARNING:  role "qkern_auth_app" has not been granted membership in role "qkern_runtime" by role "qkern"
postgres-1  | 2026-10-07 20:17:29.494 UTC [341] WARNING:  role "qkern_auth_app" has not been granted membership in role "qkern_worker" by role "qkern"
postgres-1  | WARNING:  role "qkern_auth_app" has not been granted membership in role "qkern_worker" by role "qkern"
postgres-1  | REVOKE ROLE
postgres-1  | WARNING:  role "qkern_auth_app" has not been granted membership in role "qkern_provisioner" by role "qkern"
postgres-1  | 2026-10-07 20:17:29.495 UTC [341] WARNING:  role "qkern_auth_app" has not been granted membership in role "qkern_provisioner" by role "qkern"
postgres-1  | REVOKE ROLE
postgres-1  | 2026-10-07 20:17:29.495 UTC [341] WARNING:  role "qkern_worker_app" has not been granted membership in role "qkern_runtime" by role "qkern"
postgres-1  | 2026-10-07 20:17:29.495 UTC [341] WARNING:  role "qkern_worker_app" has not been granted membership in role "qkern_auth" by role "qkern"
postgres-1  | 2026-10-07 20:17:29.495 UTC [341] WARNING:  role "qkern_worker_app" has not been granted membership in role "qkern_provisioner" by role "qkern"
postgres-1  | REVOKE ROLE
postgres-1  | WARNING:  role "qkern_worker_app" has not been granted membership in role "qkern_runtime" by role "qkern"
postgres-1  | WARNING:  role "qkern_worker_app" has not been granted membership in role "qkern_auth" by role "qkern"
postgres-1  | WARNING:  role "qkern_worker_app" has not been granted membership in role "qkern_provisioner" by role "qkern"
postgres-1  | 2026-10-07 20:17:29.495 UTC [341] WARNING:  role "qkern_provisioner_app" has not been granted membership in role "qkern_runtime" by role "qkern"
postgres-1  | 2026-10-07 20:17:29.495 UTC [341] WARNING:  role "qkern_provisioner_app" has not been granted membership in role "qkern_auth" by role "qkern"
postgres-1  | 2026-10-07 20:17:29.495 UTC [341] WARNING:  role "qkern_provisioner_app" has not been granted membership in role "qkern_worker" by role "qkern"
postgres-1  | WARNING:  role "qkern_provisioner_app" has not been granted membership in role "qkern_runtime" by role "qkern"
postgres-1  | WARNING:  role "qkern_provisioner_app" has not been granted membership in role "qkern_auth" by role "qkern"
postgres-1  | WARNING:  role "qkern_provisioner_app" has not been granted membership in role "qkern_worker" by role "qkern"
postgres-1  | REVOKE ROLE
postgres-1  | WARNING:  role "qkern_project_api_app" has not been granted membership in role "qkern_runtime" by role "qkern"
postgres-1  | WARNING:  role "qkern_project_api_app" has not been granted membership in role "qkern_auth" by role "qkern"
postgres-1  | WARNING:  role "qkern_project_api_app" has not been granted membership in role "qkern_worker" by role "qkern"
postgres-1  | WARNING:  role "qkern_project_api_app" has not been granted membership in role "qkern_provisioner" by role "qkern"
postgres-1  | 2026-10-07 20:17:29.495 UTC [341] WARNING:  role "qkern_project_api_app" has not been granted membership in role "qkern_runtime" by role "qkern"
postgres-1  | 2026-10-07 20:17:29.495 UTC [341] WARNING:  role "qkern_project_api_app" has not been granted membership in role "qkern_auth" by role "qkern"
postgres-1  | 2026-10-07 20:17:29.495 UTC [341] WARNING:  role "qkern_project_api_app" has not been granted membership in role "qkern_worker" by role "qkern"
postgres-1  | 2026-10-07 20:17:29.495 UTC [341] WARNING:  role "qkern_project_api_app" has not been granted membership in role "qkern_provisioner" by role "qkern"
postgres-1  | REVOKE ROLE
postgres-1  | ALTER ROLE
postgres-1  | ALTER ROLE
postgres-1  | ALTER ROLE
postgres-1  | ALTER ROLE
postgres-1  | ALTER ROLE
postgres-1  | ALTER ROLE
postgres-1  | ALTER ROLE
postgres-1  | ALTER ROLE
postgres-1  | ALTER ROLE
postgres-1  | ALTER ROLE
postgres-1  | ALTER ROLE
postgres-1  | ALTER ROLE
postgres-1  | ALTER ROLE
postgres-1  | ALTER ROLE
postgres-1  | ALTER ROLE
postgres-1  | project-database: kein Passwort gesetzt, lokale Projektdatenbank wird nicht angelegt
postgres-1  | 
postgres-1  | waiting for server to shut down....2026-10-07 20:17:29.518 UTC [42] LOG:  received fast shutdown request
postgres-1  | 2026-10-07 20:17:29.518 UTC [42] LOG:  aborting any active transactions
postgres-1  | 2026-10-07 20:17:29.522 UTC [42] LOG:  background worker "logical replication launcher" (PID 48) exited with exit code 1
postgres-1  | 2026-10-07 20:17:29.522 UTC [43] LOG:  shutting down
postgres-1  | 2026-10-07 20:17:29.522 UTC [43] LOG:  checkpoint starting: shutdown immediate
postgres-1  | 2026-10-07 20:17:29.534 UTC [43] LOG:  checkpoint complete: wrote 1300 buffers (7.9%); 0 WAL file(s) added, 0 removed, 0 recycled; write=0.010 s, sync=0.003 s, total=0.012 s; sync files=786, longest=0.001 s, average=0.001 s; distance=9104 kB, estimate=9104 kB; lsn=0/1DD6070, redo lsn=0/1DD6070
postgres-1  | 2026-10-07 20:17:29.543 UTC [42] LOG:  database system is shut down
postgres-1  |  done
postgres-1  | server stopped
postgres-1  | 
postgres-1  | PostgreSQL init process complete; ready for start up.
postgres-1  | 
postgres-1  | 2026-10-07 20:17:29.644 UTC [1] LOG:  starting PostgreSQL 17.10 on x86_64-pc-linux-musl, compiled by gcc (Alpine 15.2.0) 15.2.0, 64-bit
postgres-1  | 2026-10-07 20:17:29.644 UTC [1] LOG:  listening on IPv4 address "0.0.0.0", port 5432
postgres-1  | 2026-10-07 20:17:29.644 UTC [1] LOG:  listening on IPv6 address "::", port 5432
postgres-1  | 2026-10-07 20:17:29.649 UTC [1] LOG:  listening on Unix socket "/var/run/postgresql/.s.PGSQL.5432"
postgres-1  | 2026-10-07 20:17:29.651 UTC [347] LOG:  database system was shut down at 2026-10-07 20:17:29 UTC
postgres-1  | 2026-10-07 20:17:29.661 UTC [1] LOG:  database system is ready to accept connections
 Container qkern-slice-workers-postgres-1 Healthy 
 Container qkern-slice-workers-certification-1 Starting 
 Container qkern-slice-workers-certification-1 Started 
certification-1  | vault-seed: one signing secret written
certification-1  | 
certification-1  | added 240 packages, and audited 241 packages in 44s
certification-1  | 
certification-1  | 61 packages are looking for funding
certification-1  |   run `npm fund` for details
certification-1  | 
certification-1  | 13 vulnerabilities (6 moderate, 5 high, 2 critical)
certification-1  | 
certification-1  | To address issues that do not require attention, run:
certification-1  |   npm audit fix
certification-1  | 
certification-1  | To address all issues, run:
certification-1  |   npm audit fix --force
certification-1  | 
certification-1  | Run `npm audit` for details.
certification-1  | npm notice
certification-1  | npm notice New major version of npm available! 11.17.0 -> 12.2.0
certification-1  | npm notice Changelog: https://github.com/npm/cli/releases/tag/v12.2.0
certification-1  | npm notice To update run: npm install -g npm@12.2.0
certification-1  | npm notice
certification-1  | 
certification-1  | > qkern-platform@2.81.0 test:postgres
certification-1  | > vitest run tests/postgres.integration.test.ts tests/postgres-incident-recovery.integration.test.ts tests/generated-data-postgres.integration.test.ts tests/project-auth-postgres.integration.test.ts tests/project-storage-postgres.integration.test.ts tests/project-queues-postgres.integration.test.ts tests/usage-metering-postgres.integration.test.ts tests/realtime-postgres.integration.test.ts tests/realtime-change-feed-postgres.integration.test.ts tests/realtime-change-chain-postgres.integration.test.ts tests/realtime-change-soak-postgres.integration.test.ts tests/project-queues-multi-instance.integration.test.ts tests/compute-cron-postgres.integration.test.ts tests/compute-webhook-postgres.integration.test.ts tests/compute-webhook-chain.integration.test.ts tests/compute-definitions-postgres.integration.test.ts tests/compute-functions-postgres.integration.test.ts tests/usage-emitters-postgres.integration.test.ts tests/migration-process-postgres.integration.test.ts tests/realtime-process-postgres.integration.test.ts tests/provisioning-port-postgres.integration.test.ts tests/migration-enqueue-postgres.integration.test.ts tests/sql-privilege-clause-contract.integration.test.ts tests/queue-connection-pressure-postgres.integration.test.ts tests/usage-billing-postgres.integration.test.ts tests/billing-invoice-postgres.integration.test.ts tests/data-plane-query-postgres.integration.test.ts tests/data-plane-triggers-postgres.integration.test.ts tests/data-plane-functions-postgres.integration.test.ts tests/data-plane-catalog-postgres.integration.test.ts tests/data-plane-catalog-wide-postgres.integration.test.ts
certification-1  | 
certification-1  | 
certification-1  | [1m[30m[46m RUN [49m[39m[22m [36mv4.1.10 [39m[90m/workspace/qkern[39m
certification-1  | 
postgres-1       | 2026-10-07 20:18:47.606 UTC [719] ERROR:  permission denied for table project_database_provisioning_jobs
postgres-1       | 2026-10-07 20:18:47.606 UTC [719] STATEMENT:  SELECT 1 FROM project_database_provisioning_jobs LIMIT 1
postgres-1       | 2026-10-07 20:18:47.618 UTC [719] ERROR:  permission denied for table project_database_bindings
postgres-1       | 2026-10-07 20:18:47.618 UTC [719] STATEMENT:  SELECT 1 FROM project_database_bindings LIMIT 1
certification-1  |  [32m✓[39m tests/provisioning-port-postgres.integration.test.ts [2m([22m[2m6 tests[22m[2m)[22m[33m 1296[2mms[22m[39m
certification-1  |      [33m[2m✓[22m[39m (2.88) hands the web runtime the order of its own tenant and never a field of the binding [33m 625[2mms[22m[39m
postgres-1       | 2026-10-07 20:18:47.966 UTC [696] ERROR:  new row for relation "migration_incident_delivery_commands" violates check constraint "migration_incident_delivery_commands_expected_failure_code"
postgres-1       | 2026-10-07 20:18:47.966 UTC [696] DETAIL:  Failing row contains (e1b2754a-eb45-4813-87e0-4eb9927246db, fae3b6ed-fa0f-4daf-9cfc-d56a7c7a317c, 1c21fae0-0e1a-4cba-9b65-afc48e81cd01, constraint-test, destination_recovered, pending, null, 2026-10-07 20:18:47.964886+00, 2026-10-07 20:18:47.964886+00, null, null).
postgres-1       | 2026-10-07 20:18:47.966 UTC [696] STATEMENT:  INSERT INTO migration_incident_delivery_commands
postgres-1       | 	           (organization_id, migration_incident_id, requested_by, reason_code,
postgres-1       | 	            expected_failure_code, expected_retry_cycle)
postgres-1       | 	         VALUES ($1, $2, 'constraint-test', 'destination_recovered', NULL, NULL)
postgres-1       | 2026-10-07 20:18:48.045 UTC [736] ERROR:  new row for relation "migration_incident_delivery_commands" violates check constraint "migration_incident_delivery_commands_expected_retry_cycle"
postgres-1       | 2026-10-07 20:18:48.045 UTC [736] DETAIL:  Failing row contains (9e690177-2ca8-40ec-8fad-1b89bc35c568, fae3b6ed-fa0f-4daf-9cfc-d56a7c7a317c, 1c21fae0-0e1a-4cba-9b65-afc48e81cd01, constraint-test, destination_recovered, pending, null, 2026-10-07 20:18:48.041811+00, 2026-10-07 20:18:48.041811+00, PUBLISH_FAILED, null).
postgres-1       | 2026-10-07 20:18:48.045 UTC [736] STATEMENT:  INSERT INTO migration_incident_delivery_commands
postgres-1       | 	           (organization_id, migration_incident_id, requested_by, reason_code,
postgres-1       | 	            expected_failure_code, expected_retry_cycle)
postgres-1       | 	         VALUES ($1, $2, 'constraint-test', 'destination_recovered', 'PUBLISH_FAILED', NULL)
postgres-1       | 2026-10-07 20:18:48.110 UTC [732] ERROR:  relation "change_feed" already exists
postgres-1       | 2026-10-07 20:18:48.110 UTC [732] STATEMENT:  -- Run once after 0002_qkern_migration_fence.sql as the trusted project database
postgres-1       | 	-- provisioner. Provides trigger-based change capture for Realtime.
postgres-1       | 	--
postgres-1       | 	-- ## Warum Trigger und nicht logische Replikation
postgres-1       | 	--
postgres-1       | 	-- Logische Replikation sieht jede Aenderung ohne Schemaeingriff, verlangt aber
postgres-1       | 	-- eine Rolle mit Replikationsrecht und einen Slot. Beides steht im direkten
postgres-1       | 	-- Widerspruch zu diesem Schema: 0001 prueft fuer jede beteiligte Rolle
postgres-1       | 	-- ausdruecklich rolreplication = false. Ein hängender Konsument laesst den Slot
postgres-1       | 	-- ausserdem unbegrenzt WAL halten, bis die Platte voll ist -- ein
postgres-1       | 	-- Betriebsrisiko, das der Kunde traegt und QKERN nicht begrenzen kann.
postgres-1       | 	--
postgres-1       | 	-- Trigger sind begrenzbar: der Feed hat Groessengrenzen und Aufbewahrung, und
postgres-1       | 	-- das Anschalten je Tabelle ist eine Schemaaenderung, die den vorhandenen
postgres-1       | 	-- Change-Set- und Approval-Weg durchlaeuft.
postgres-1       | 	--
postgres-1       | 	-- ## Warum keine Zeilenwerte gespeichert werden
postgres-1       | 	--
postgres-1       | 	-- Der Feed haelt ausschliesslich die Primaerschluesselwerte. Die eigentlichen
postgres-1       | 	-- Zeilenwerte werden je Abonnent frisch gelesen, und zwar mit dessen Claims.
postgres-1       | 	-- Row Level Security autorisiert und erzeugt die Nutzlast damit in einem
postgres-1       | 	-- Schritt. Wuerden die Werte hier liegen, muesste eine zweite, unabhaengige
postgres-1       | 	-- Sichtbarkeitspruefung sie korrekt filtern -- eine Kopie der RLS-Logik
postgres-1       | 	-- ausserhalb der Datenbank und damit eine dauerhafte Fehlerquelle.
postgres-1       | 	
postgres-1       | 	BEGIN;
postgres-1       | 	
postgres-1       | 	CREATE TABLE qkern_internal.change_feed (
postgres-1       | 	  position bigint GENERATED ALWAYS AS IDENTITY PRIMARY KEY,
postgres-1       | 	  schema_name text NOT NULL CHECK (schema_name ~ '^[a-z_][a-z0-9_]{0,62}$'),
postgres-1       | 	  table_name text NOT NULL CHECK (table_name ~ '^[a-z_][a-z0-9_]{0,62}$'),
postgres-1       | 	  operation text NOT NULL CHECK (operation IN ('insert', 'update', 'delete')),
postgres-1       | 	  -- Nur Primaerschluesselwerte. Die Grenze verhindert, dass ein zusammengesetzter
postgres-1       | 	  -- Schluessel den Feed aufblaeht.
postgres-1       | 	  row_key jsonb NOT NULL CHECK (octet_length(row_key::text) <= 4096),
postgres-1       | 	  committed_at timestamptz NOT NULL DEFAULT now()
postgres-1       | 	);
postgres-1       | 	
postgres-1       | 	CREATE INDEX change_feed_retention_idx ON qkern_internal.change_feed (committed_at);
postgres-1       | 	
postgres-1       | 	ALTER TABLE qkern_internal.change_feed OWNER TO qkern_ledger_owner;
postgres-1       | 	
postgres-1       | 	-- SECURITY DEFINER: Der Schreiber einer Zeile besitzt keine Rechte auf dem
postgres-1       | 	-- Feed und soll sie auch nicht bekommen. Der Trigger schreibt stellvertretend.
postgres-1       | 	-- search_path wird fest gesetzt, damit kein Aufrufer die aufgeloesten Objekte
postgres-1       | 	-- umlenken kann.
postgres-1       | 	CREATE OR REPLACE FUNCTION qkern_internal.capture_change()
postgres-1       | 	RETURNS trigger
postgres-1       | 	LANGUAGE plpgsql
postgres-1       | 	SECURITY DEFINER
postgres-1       | 	SET search_path = qkern_internal, pg_catalog
postgres-1       | 	AS $$
postgres-1       | 	DECLARE
postgres-1       | 	  key_columns text[];
postgres-1       | 	  source record;
postgres-1       | 	  key jsonb;
postgres-1       | 	BEGIN
postgres-1       | 	  SELECT array_agg(attribute.attname ORDER BY attribute.attnum)
postgres-1       | 	    INTO key_columns
postgres-1       | 	    FROM pg_index index
postgres-1       | 	    JOIN pg_attribute attribute
postgres-1       | 	      ON attribute.attrelid = index.indrelid AND attribute.attnum = ANY (index.indkey)
postgres-1       | 	   WHERE index.indrelid = TG_RELID AND index.indisprimary;
postgres-1       | 	
postgres-1       | 	  IF key_columns IS NULL THEN
postgres-1       | 	    RAISE EXCEPTION 'change capture requires a primary key on %.%', TG_TABLE_SCHEMA, TG_TABLE_NAME
postgres-1       | 	      USING ERRCODE = '55000';
postgres-1       | 	  END IF;
postgres-1       | 	
postgres-1       | 	  source := CASE WHEN TG_OP = 'DELETE' THEN OLD ELSE NEW END;
postgres-1       | 	  SELECT jsonb_object_agg(entry.key, entry.value)
postgres-1       | 	    INTO key
postgres-1       | 	    FROM jsonb_each(to_jsonb(source)) AS entry
postgres-1       | 	   WHERE entry.key = ANY (key_columns);
postgres-1       | 	
postgres-1       | 	  INSERT INTO qkern_internal.change_feed (schema_name, table_name, operation, row_key)
postgres-1       | 	  VALUES (TG_TABLE_SCHEMA, TG_TABLE_NAME, lower(TG_OP), key);
postgres-1       | 	
postgres-1       | 	  RETURN NULL;
postgres-1       | 	END;
postgres-1       | 	$$;
postgres-1       | 	
postgres-1       | 	ALTER FUNCTION qkern_internal.capture_change() OWNER TO qkern_ledger_owner;
postgres-1       | 	
postgres-1       | 	REVOKE ALL ON qkern_internal.change_feed FROM PUBLIC;
postgres-1       | 	REVOKE ALL ON FUNCTION qkern_internal.capture_change() FROM PUBLIC;
postgres-1       | 	
postgres-1       | 	-- Die Laufzeitrolle liest den Feed und raeumt ihn auf. Sie darf ihn niemals
postgres-1       | 	-- schreiben: ein erfundenes Aenderungsereignis wuerde einen Lesevorgang mit
postgres-1       | 	-- fremden Claims ausloesen.
postgres-1       | 	GRANT USAGE ON SCHEMA qkern_internal TO qkern_project_api_app;
postgres-1       | 	GRANT SELECT, DELETE ON qkern_internal.change_feed TO qkern_project_api_app;
postgres-1       | 	
postgres-1       | 	COMMIT;
postgres-1       | 	
postgres-1       | 2026-10-07 20:18:48.308 UTC [746] ERROR:  permission denied for table project_functions
postgres-1       | 2026-10-07 20:18:48.308 UTC [746] STATEMENT:  UPDATE project_functions SET image=$2 WHERE id=$1
postgres-1       | 2026-10-07 20:18:48.386 UTC [751] ERROR:  permission denied for table project_functions
postgres-1       | 2026-10-07 20:18:48.386 UTC [751] STATEMENT:  UPDATE project_functions SET memory_mib=2048 WHERE id=$1
postgres-1       | 2026-10-07 20:18:48.400 UTC [735] ERROR:  new row for relation "project_functions" violates check constraint "project_functions_image_check"
postgres-1       | 2026-10-07 20:18:48.400 UTC [735] DETAIL:  Failing row contains (5ee5f243-6e87-4e7d-8cef-0c175386a61e, 8fdbbba6-f38e-493b-8faf-087f9e5bdafa, 17a04d73-06a1-4ca1-89bb-0ecc49e185a4, development, tagged-bf6936a6, nodejs24, registry.example.com/qkern/probe:latest, handler.mjs, 30000, 128, 1, {}, {}, t, 2026-10-07 20:18:48.392509+00).
postgres-1       | 2026-10-07 20:18:48.400 UTC [735] STATEMENT:  INSERT INTO project_functions
postgres-1       | 	         (organization_id, project_id, environment, name, runtime, image, entrypoint)
postgres-1       | 	       VALUES ($1,$2,'development',$3,'nodejs24','registry.example.com/qkern/probe:latest','handler.mjs')
postgres-1       | 2026-10-07 20:18:48.435 UTC [739] ERROR:  duplicate key value violates unique constraint "project_functions_name_key"
postgres-1       | 2026-10-07 20:18:48.435 UTC [739] STATEMENT:  INSERT INTO project_functions
postgres-1       | 	           (organization_id, project_id, environment, name, runtime, image, entrypoint,
postgres-1       | 	            timeout_ms, memory_mib, max_concurrency, egress_origins, secret_refs, enabled)
postgres-1       | 	         VALUES ($1,$2,$3,$4,'nodejs24',$5,$6,$7,$8,$9,$10,$11,$12)
postgres-1       | 	         RETURNING id, organization_id, project_id, environment, name, runtime, image,
postgres-1       | 	  entrypoint, timeout_ms, memory_mib, max_concurrency, egress_origins, secret_refs, enabled,
postgres-1       | 	  created_at
postgres-1       | 2026-10-07 20:18:48.441 UTC [684] ERROR:  webhook delivery content is immutable
postgres-1       | 2026-10-07 20:18:48.441 UTC [684] CONTEXT:  PL/pgSQL function qkern_validate_project_webhook_delivery_update() line 10 at RAISE
postgres-1       | 2026-10-07 20:18:48.441 UTC [684] STATEMENT:  UPDATE project_webhook_deliveries SET payload='{"tampered":true}'::jsonb WHERE id=$1
postgres-1       | 2026-10-07 20:18:48.781 UTC [760] ERROR:  permission denied for table project_cron_definitions
postgres-1       | 2026-10-07 20:18:48.781 UTC [760] STATEMENT:  UPDATE project_cron_definitions SET time_zone='UTC' WHERE id=$1
postgres-1       | 2026-10-07 20:18:48.814 UTC [754] ERROR:  duplicate key value violates unique constraint "project_cron_definitions_name_key"
postgres-1       | 2026-10-07 20:18:48.814 UTC [754] STATEMENT:  INSERT INTO project_cron_definitions
postgres-1       | 	           (organization_id, project_id, environment, name, expression, queue, payload, enabled,
postgres-1       | 	            time_zone)
postgres-1       | 	         VALUES ($1,$2,$3,$4,$5,$6,$7,$8,$9)
postgres-1       | 	         RETURNING id, organization_id, project_id, environment, name, expression, queue,
postgres-1       | 	  payload, enabled, time_zone, last_dispatched_at, created_at
postgres-1       | 2026-10-07 20:18:48.822 UTC [755] ERROR:  a settled webhook delivery is final
postgres-1       | 2026-10-07 20:18:48.822 UTC [755] CONTEXT:  PL/pgSQL function qkern_validate_project_webhook_delivery_update() line 16 at RAISE
postgres-1       | 2026-10-07 20:18:48.822 UTC [755] STATEMENT:  UPDATE project_webhook_deliveries SET status='pending' WHERE id=$1
postgres-1       | 2026-10-07 20:18:48.871 UTC [747] ERROR:  migration incident resolution requires worker-verified ledger evidence
postgres-1       | 2026-10-07 20:18:48.871 UTC [747] CONTEXT:  PL/pgSQL function qkern_validate_migration_incident_acknowledgement() line 49 at RAISE
postgres-1       | 2026-10-07 20:18:48.871 UTC [747] STATEMENT:  UPDATE migration_incidents
postgres-1       | 	       SET status = 'resolved',
postgres-1       | 	           resolution_code = 'target_ledger_match'::qkern_migration_incident_resolution_code
postgres-1       | 	       WHERE organization_id = $1 AND migration_job_id = $2
postgres-1       | 	         AND status IN ('open', 'acknowledged')
postgres-1       | 	       RETURNING 
postgres-1       | 	  id, organization_id, migration_job_id, project_id, environment, change_set_id,
postgres-1       | 	  kind, severity, status, detected_review_cycle, detected_reconciliation_attempt,
postgres-1       | 	  acknowledged_by, acknowledgement_code, acknowledged_at,
postgres-1       | 	  resolved_by, resolution_code, resolved_at, created_at, updated_at
postgres-1       | 2026-10-07 20:18:48.923 UTC [769] ERROR:  permission denied for table project_cron_definitions
postgres-1       | 2026-10-07 20:18:48.923 UTC [769] STATEMENT:  UPDATE project_cron_definitions SET expression='*/1 * * * *' WHERE id=$1
postgres-1       | 2026-10-07 20:18:49.052 UTC [345] LOG:  checkpoint starting: immediate force wait
postgres-1       | 2026-10-07 20:18:49.141 UTC [773] ERROR:  permission denied for table project_webhooks
postgres-1       | 2026-10-07 20:18:49.141 UTC [773] STATEMENT:  UPDATE project_webhooks SET url='https://elsewhere.example.com/hooks' WHERE id=$1
postgres-1       | 2026-10-07 20:18:49.488 UTC [345] LOG:  checkpoint complete: wrote 1584 buffers (9.7%); 0 WAL file(s) added, 0 removed, 1 recycled; write=0.406 s, sync=0.001 s, total=0.472 s; sync files=546, longest=0.001 s, average=0.000 s; distance=11933 kB, estimate=11933 kB; lsn=0/29CFB28, redo lsn=0/297D6C0
certification-1  |  [32m✓[39m tests/postgres-incident-recovery.integration.test.ts [2m([22m[2m6 tests[22m[2m)[22m[33m 3460[2mms[22m[39m
certification-1  |      [33m[2m✓[22m[39m keeps duplicate runtime inserts behind the worker's command-first lock [33m 342[2mms[22m[39m
postgres-1       | 2026-10-07 20:18:49.780 UTC [717] ERROR:  project storage object identity is immutable
postgres-1       | 2026-10-07 20:18:49.780 UTC [717] CONTEXT:  PL/pgSQL function qkern_reject_project_storage_object_mutation() line 12 at RAISE
postgres-1       | 2026-10-07 20:18:49.780 UTC [717] STATEMENT:  UPDATE project_storage_objects SET deleted_at=coalesce(deleted_at,$5)
postgres-1       | 	        WHERE organization_id=$1 AND project_id=$2 AND environment=$3 AND id=$4
postgres-1       | 	        RETURNING id,organization_id,project_id,environment,bucket_id,object_key,owner_subject,
postgres-1       | 	  provider_key,size_bytes,content_type,checksum_sha256,etag,status,created_at,delete_after,deleted_at
postgres-1       | 2026-10-07 20:18:49.834 UTC [786] ERROR:  permission denied for table project_functions
postgres-1       | 2026-10-07 20:18:49.834 UTC [786] STATEMENT:  UPDATE project_functions SET image=$1 WHERE id=$2
postgres-1       | 2026-10-07 20:18:49.918 UTC [699] ERROR:  new row violates row-level security policy for table "items"
postgres-1       | 2026-10-07 20:18:49.918 UTC [699] CONTEXT:  SQL function "add_item" statement 1
postgres-1       | 2026-10-07 20:18:49.918 UTC [699] STATEMENT:  SELECT "generated_b6e67ceb_4227_43fd_8d9f_7f57e82d1b12"."add_item"("item_name" => $1::text, "item_owner" => $2::text) AS result
certification-1  |  [32m✓[39m tests/generated-data-postgres.integration.test.ts [2m([22m[2m9 tests[22m[2m)[22m[33m 3538[2mms[22m[39m
certification-1  |      [33m[2m✓[22m[39m enforces RLS across insert, list, update and delete [33m 524[2mms[22m[39m
certification-1  |      [33m[2m✓[22m[39m aggregates only the caller's rows and refuses sensitive columns [32m 300[2mms[22m[39m
certification-1  |      [33m[2m✓[22m[39m serves a quoted, camel-cased table under RLS and lists it in the schema [33m 728[2mms[22m[39m
certification-1  |      [33m[2m✓[22m[39m serves a schema with capitals exactly and never merges it with its lowercase twin (2.33) [33m 515[2mms[22m[39m
certification-1  |      [33m[2m✓[22m[39m serves security-invoker views read-only under the caller's RLS [33m 735[2mms[22m[39m
certification-1  |  [32m✓[39m tests/compute-definitions-postgres.integration.test.ts [2m([22m[2m10 tests[22m[2m)[22m[33m 3048[2mms[22m[39m
certification-1  |      [33m[2m✓[22m[39m creates, lists and pauses a cron definition through the unprivileged runtime role [33m 770[2mms[22m[39m
certification-1  |      [33m[2m✓[22m[39m denies the runtime role any change beyond the enabled flag [33m 364[2mms[22m[39m
certification-1  |      [33m[2m✓[22m[39m deploys images only through the door that writes their history [33m 644[2mms[22m[39m
certification-1  |  [32m✓[39m tests/compute-webhook-postgres.integration.test.ts [2m([22m[2m11 tests[22m[2m)[22m[33m 4361[2mms[22m[39m
certification-1  |      [33m[2m✓[22m[39m persists a delivery and hands it to exactly one of many claimants [33m 576[2mms[22m[39m
certification-1  |      [33m[2m✓[22m[39m stores only the lease verifier, never the raw token [33m 515[2mms[22m[39m
certification-1  |      [33m[2m✓[22m[39m keeps a settled delivery final [33m 380[2mms[22m[39m
certification-1  |      [33m[2m✓[22m[39m (2.174) delivers nothing for a deleted project and resumes after a restore [33m 928[2mms[22m[39m
certification-1  | [90mstdout[2m | tests/sql-privilege-clause-contract.integration.test.ts[2m > [22m[2mSQL privilege clause contract[2m > [22m[2mfinds statements to check
certification-1  | [22m[39mprivilege clause contract: 156 Anweisungen, 15 Spaltenlisten nicht auswertbar, 1067 Platzhalter offen
certification-1  | 
certification-1  |  [32m✓[39m tests/project-storage-postgres.integration.test.ts [2m([22m[2m8 tests[22m[2m)[22m[33m 4146[2mms[22m[39m
certification-1  |      [33m[2m✓[22m[39m persists an exact verified upload and moves quota from reserved to used [33m 319[2mms[22m[39m
certification-1  |      [33m[2m✓[22m[39m serializes concurrent quota reservations without overbooking [33m 435[2mms[22m[39m
certification-1  |      [33m[2m✓[22m[39m commits concurrent completion replays exactly once [33m 552[2mms[22m[39m
certification-1  |      [33m[2m✓[22m[39m cleans the provider object when expiry wins a slow completion [33m 1242[2mms[22m[39m
certification-1  |      [33m[2m✓[22m[39m (2.51) lists objects with their scanner verdict without exposing a provider key [33m 921[2mms[22m[39m
postgres-1       | 2026-10-07 20:18:51.606 UTC [844] ERROR:  permission denied for table project_auth_users
postgres-1       | 2026-10-07 20:18:51.606 UTC [844] STATEMENT:  SELECT id FROM project_auth_users LIMIT 1
postgres-1       | 2026-10-07 20:18:51.824 UTC [763] ERROR:  function slots are immutable
postgres-1       | 2026-10-07 20:18:51.824 UTC [763] CONTEXT:  PL/pgSQL function qkern_reject_project_function_slot_update() line 3 at RAISE
postgres-1       | 2026-10-07 20:18:51.824 UTC [763] STATEMENT:  UPDATE project_function_slots SET expires_at = now() + interval '1 hour'
postgres-1       | 	        WHERE organization_id=$1 AND function_id=$2
certification-1  |  [32m✓[39m tests/compute-functions-postgres.integration.test.ts [2m([22m[2m13 tests[22m[2m)[22m[33m 4054[2mms[22m[39m
certification-1  |      [33m[2m✓[22m[39m stops a second instance once the shared limit is reached [33m 1212[2mms[22m[39m
certification-1  |      [33m[2m✓[22m[39m hands the place on once the first instance is done [33m 1017[2mms[22m[39m
certification-1  |      [33m[2m✓[22m[39m counts the places of one definition only [33m 512[2mms[22m[39m
certification-1  |  [32m✓[39m tests/compute-webhook-chain.integration.test.ts [2m([22m[2m6 tests[22m[2m)[22m[33m 2267[2mms[22m[39m
certification-1  |      [33m[2m✓[22m[39m treats a receiver that does not echo the delivery id as a failure [33m 579[2mms[22m[39m
certification-1  |      [33m[2m✓[22m[39m does not send for a switched-off definition [33m 317[2mms[22m[39m
certification-1  |      [33m[2m✓[22m[39m recovers a delivery whose deliverer died mid-attempt [33m 392[2mms[22m[39m
certification-1  |  [32m✓[39m tests/project-queues-postgres.integration.test.ts [2m([22m[2m9 tests[22m[2m)[22m[33m 3619[2mms[22m[39m
certification-1  |      [33m[2m✓[22m[39m claims each ready row at most once across concurrent workers [33m 844[2mms[22m[39m
certification-1  |      [33m[2m✓[22m[39m consumes an enqueued message and calls the function [33m 748[2mms[22m[39m
certification-1  |      [33m[2m✓[22m[39m retries when the function is unavailable [33m 620[2mms[22m[39m
postgres-1       | 2026-10-07 20:18:52.262 UTC [851] ERROR:  relation "change_feed" already exists
postgres-1       | 2026-10-07 20:18:52.262 UTC [851] STATEMENT:  -- Run once after 0002_qkern_migration_fence.sql as the trusted project database
postgres-1       | 	-- provisioner. Provides trigger-based change capture for Realtime.
postgres-1       | 	--
postgres-1       | 	-- ## Warum Trigger und nicht logische Replikation
postgres-1       | 	--
postgres-1       | 	-- Logische Replikation sieht jede Aenderung ohne Schemaeingriff, verlangt aber
postgres-1       | 	-- eine Rolle mit Replikationsrecht und einen Slot. Beides steht im direkten
postgres-1       | 	-- Widerspruch zu diesem Schema: 0001 prueft fuer jede beteiligte Rolle
postgres-1       | 	-- ausdruecklich rolreplication = false. Ein hängender Konsument laesst den Slot
postgres-1       | 	-- ausserdem unbegrenzt WAL halten, bis die Platte voll ist -- ein
postgres-1       | 	-- Betriebsrisiko, das der Kunde traegt und QKERN nicht begrenzen kann.
postgres-1       | 	--
postgres-1       | 	-- Trigger sind begrenzbar: der Feed hat Groessengrenzen und Aufbewahrung, und
postgres-1       | 	-- das Anschalten je Tabelle ist eine Schemaaenderung, die den vorhandenen
postgres-1       | 	-- Change-Set- und Approval-Weg durchlaeuft.
postgres-1       | 	--
postgres-1       | 	-- ## Warum keine Zeilenwerte gespeichert werden
postgres-1       | 	--
postgres-1       | 	-- Der Feed haelt ausschliesslich die Primaerschluesselwerte. Die eigentlichen
postgres-1       | 	-- Zeilenwerte werden je Abonnent frisch gelesen, und zwar mit dessen Claims.
postgres-1       | 	-- Row Level Security autorisiert und erzeugt die Nutzlast damit in einem
postgres-1       | 	-- Schritt. Wuerden die Werte hier liegen, muesste eine zweite, unabhaengige
postgres-1       | 	-- Sichtbarkeitspruefung sie korrekt filtern -- eine Kopie der RLS-Logik
postgres-1       | 	-- ausserhalb der Datenbank und damit eine dauerhafte Fehlerquelle.
postgres-1       | 	
postgres-1       | 	BEGIN;
postgres-1       | 	
postgres-1       | 	CREATE TABLE qkern_internal.change_feed (
postgres-1       | 	  position bigint GENERATED ALWAYS AS IDENTITY PRIMARY KEY,
postgres-1       | 	  schema_name text NOT NULL CHECK (schema_name ~ '^[a-z_][a-z0-9_]{0,62}$'),
postgres-1       | 	  table_name text NOT NULL CHECK (table_name ~ '^[a-z_][a-z0-9_]{0,62}$'),
postgres-1       | 	  operation text NOT NULL CHECK (operation IN ('insert', 'update', 'delete')),
postgres-1       | 	  -- Nur Primaerschluesselwerte. Die Grenze verhindert, dass ein zusammengesetzter
postgres-1       | 	  -- Schluessel den Feed aufblaeht.
postgres-1       | 	  row_key jsonb NOT NULL CHECK (octet_length(row_key::text) <= 4096),
postgres-1       | 	  committed_at timestamptz NOT NULL DEFAULT now()
postgres-1       | 	);
postgres-1       | 	
postgres-1       | 	CREATE INDEX change_feed_retention_idx ON qkern_internal.change_feed (committed_at);
postgres-1       | 	
postgres-1       | 	ALTER TABLE qkern_internal.change_feed OWNER TO qkern_ledger_owner;
postgres-1       | 	
postgres-1       | 	-- SECURITY DEFINER: Der Schreiber einer Zeile besitzt keine Rechte auf dem
postgres-1       | 	-- Feed und soll sie auch nicht bekommen. Der Trigger schreibt stellvertretend.
postgres-1       | 	-- search_path wird fest gesetzt, damit kein Aufrufer die aufgeloesten Objekte
postgres-1       | 	-- umlenken kann.
postgres-1       | 	CREATE OR REPLACE FUNCTION qkern_internal.capture_change()
postgres-1       | 	RETURNS trigger
postgres-1       | 	LANGUAGE plpgsql
postgres-1       | 	SECURITY DEFINER
postgres-1       | 	SET search_path = qkern_internal, pg_catalog
postgres-1       | 	AS $$
postgres-1       | 	DECLARE
postgres-1       | 	  key_columns text[];
postgres-1       | 	  source record;
postgres-1       | 	  key jsonb;
postgres-1       | 	BEGIN
postgres-1       | 	  SELECT array_agg(attribute.attname ORDER BY attribute.attnum)
postgres-1       | 	    INTO key_columns
postgres-1       | 	    FROM pg_index index
postgres-1       | 	    JOIN pg_attribute attribute
postgres-1       | 	      ON attribute.attrelid = index.indrelid AND attribute.attnum = ANY (index.indkey)
postgres-1       | 	   WHERE index.indrelid = TG_RELID AND index.indisprimary;
postgres-1       | 	
postgres-1       | 	  IF key_columns IS NULL THEN
postgres-1       | 	    RAISE EXCEPTION 'change capture requires a primary key on %.%', TG_TABLE_SCHEMA, TG_TABLE_NAME
postgres-1       | 	      USING ERRCODE = '55000';
postgres-1       | 	  END IF;
postgres-1       | 	
postgres-1       | 	  source := CASE WHEN TG_OP = 'DELETE' THEN OLD ELSE NEW END;
postgres-1       | 	  SELECT jsonb_object_agg(entry.key, entry.value)
postgres-1       | 	    INTO key
postgres-1       | 	    FROM jsonb_each(to_jsonb(source)) AS entry
postgres-1       | 	   WHERE entry.key = ANY (key_columns);
postgres-1       | 	
postgres-1       | 	  INSERT INTO qkern_internal.change_feed (schema_name, table_name, operation, row_key)
postgres-1       | 	  VALUES (TG_TABLE_SCHEMA, TG_TABLE_NAME, lower(TG_OP), key);
postgres-1       | 	
postgres-1       | 	  RETURN NULL;
postgres-1       | 	END;
postgres-1       | 	$$;
postgres-1       | 	
postgres-1       | 	ALTER FUNCTION qkern_internal.capture_change() OWNER TO qkern_ledger_owner;
postgres-1       | 	
postgres-1       | 	REVOKE ALL ON qkern_internal.change_feed FROM PUBLIC;
postgres-1       | 	REVOKE ALL ON FUNCTION qkern_internal.capture_change() FROM PUBLIC;
postgres-1       | 	
postgres-1       | 	-- Die Laufzeitrolle liest den Feed und raeumt ihn auf. Sie darf ihn niemals
postgres-1       | 	-- schreiben: ein erfundenes Aenderungsereignis wuerde einen Lesevorgang mit
postgres-1       | 	-- fremden Claims ausloesen.
postgres-1       | 	GRANT USAGE ON SCHEMA qkern_internal TO qkern_project_api_app;
postgres-1       | 	GRANT SELECT, DELETE ON qkern_internal.change_feed TO qkern_project_api_app;
postgres-1       | 	
postgres-1       | 	COMMIT;
postgres-1       | 	
postgres-1       | 2026-10-07 20:18:52.474 UTC [853] ERROR:  change capture requires a primary key on public.cdc_keyless_e0a0d59ec6f9
postgres-1       | 2026-10-07 20:18:52.474 UTC [853] CONTEXT:  PL/pgSQL function capture_change() line 15 at RAISE
postgres-1       | 2026-10-07 20:18:52.474 UTC [853] STATEMENT:  INSERT INTO public.cdc_keyless_e0a0d59ec6f9 (label) VALUES ('orphan')
postgres-1       | 2026-10-07 20:18:52.491 UTC [854] WARNING:  "wal_level" is insufficient to publish logical changes
postgres-1       | 2026-10-07 20:18:52.491 UTC [854] HINT:  Set "wal_level" to "logical" before creating subscriptions.
certification-1  | [90mstderr[2m | tests/realtime-change-soak-postgres.integration.test.ts[2m > [22m[2mRealtime change soak PostgreSQL certification[2m > [22m[2mdelivers every change of a sustained writer without loss, gap or stall
certification-1  | [22m[39msoak: 120 Aenderungen, p50 1727 ms, p95 1832 ms, max 1879 ms
certification-1  | 
certification-1  |  [32m✓[39m tests/realtime-change-soak-postgres.integration.test.ts [2m([22m[2m1 test[22m[2m)[22m[33m 5082[2mms[22m[39m
certification-1  |      [33m[2m✓[22m[39m delivers every change of a sustained writer without loss, gap or stall [33m 4399[2mms[22m[39m
certification-1  | [90mstderr[2m | tests/realtime-change-soak-postgres.integration.test.ts[2m > [22m[2mRealtime change soak PostgreSQL certification[2m > [22m[2mdelivers every change of a sustained writer without loss, gap or stall
certification-1  | [22m[39msoak: 5 Buchungen fuer 120 Nachrichten
certification-1  | 
postgres-1       | 2026-10-07 20:18:52.997 UTC [868] ERROR:  permission denied for table migration_outbox
postgres-1       | 2026-10-07 20:18:52.997 UTC [868] STATEMENT:  SELECT status FROM migration_outbox
postgres-1       | 2026-10-07 20:18:53.022 UTC [868] ERROR:  permission denied for table migration_outbox
postgres-1       | 2026-10-07 20:18:53.022 UTC [868] STATEMENT:  SELECT lease_owner FROM migration_outbox
postgres-1       | 2026-10-07 20:18:53.040 UTC [866] ERROR:  permission denied for table billing_rate_cards
postgres-1       | 2026-10-07 20:18:53.040 UTC [866] STATEMENT:  UPDATE billing_rate_cards SET unit_price_micros = 1 WHERE organization_id = $1
postgres-1       | 2026-10-07 20:18:53.051 UTC [868] ERROR:  permission denied for table migration_outbox
postgres-1       | 2026-10-07 20:18:53.051 UTC [868] STATEMENT:  SELECT lease_token FROM migration_outbox
postgres-1       | 2026-10-07 20:18:53.054 UTC [866] ERROR:  permission denied for table billing_rate_cards
postgres-1       | 2026-10-07 20:18:53.054 UTC [866] STATEMENT:  DELETE FROM billing_rate_cards WHERE organization_id = $1
postgres-1       | 2026-10-07 20:18:53.057 UTC [868] ERROR:  permission denied for table migration_outbox
postgres-1       | 2026-10-07 20:18:53.057 UTC [868] STATEMENT:  SELECT lease_expires_at FROM migration_outbox
postgres-1       | 2026-10-07 20:18:53.061 UTC [868] ERROR:  permission denied for table migration_outbox
postgres-1       | 2026-10-07 20:18:53.061 UTC [868] STATEMENT:  SELECT failure_count FROM migration_outbox
postgres-1       | 2026-10-07 20:18:53.067 UTC [868] ERROR:  permission denied for table migration_outbox
postgres-1       | 2026-10-07 20:18:53.067 UTC [868] STATEMENT:  SELECT available_at FROM migration_outbox
certification-1  |  [32m✓[39m tests/usage-billing-postgres.integration.test.ts [2m([22m[2m4 tests[22m[2m)[22m[33m 949[2mms[22m[39m
certification-1  |      [33m[2m✓[22m[39m projects real usage against the effective rate card [33m 374[2mms[22m[39m
certification-1  |  [32m✓[39m tests/migration-enqueue-postgres.integration.test.ts [2m([22m[2m3 tests[22m[2m)[22m[33m 512[2mms[22m[39m
postgres-1       | 2026-10-07 20:18:53.141 UTC [875] ERROR:  permission denied for table change_feed
postgres-1       | 2026-10-07 20:18:53.141 UTC [875] STATEMENT:  INSERT INTO qkern_internal.change_feed (schema_name, table_name, operation, row_key)
postgres-1       | 	       VALUES ('public', 'forged', 'insert', '{"id":"forged"}'::jsonb)
postgres-1       | 2026-10-07 20:18:53.181 UTC [842] ERROR:  cron progress must not move backwards
postgres-1       | 2026-10-07 20:18:53.181 UTC [842] CONTEXT:  PL/pgSQL function qkern_validate_project_cron_update() line 10 at RAISE
postgres-1       | 2026-10-07 20:18:53.181 UTC [842] STATEMENT:  UPDATE project_cron_definitions
postgres-1       | 	            SET last_dispatched_at=$3, updated_at=now()
postgres-1       | 	          WHERE organization_id=$1 AND id=$2
postgres-1       | 2026-10-07 20:18:53.204 UTC [840] ERROR:  cron progress must not move backwards
postgres-1       | 2026-10-07 20:18:53.204 UTC [840] CONTEXT:  PL/pgSQL function qkern_validate_project_cron_update() line 10 at RAISE
postgres-1       | 2026-10-07 20:18:53.204 UTC [840] STATEMENT:  UPDATE project_cron_definitions
postgres-1       | 	            SET last_dispatched_at=$3, updated_at=now()
postgres-1       | 	          WHERE organization_id=$1 AND id=$2
postgres-1       | 2026-10-07 20:18:53.238 UTC [843] ERROR:  cron progress must not move backwards
postgres-1       | 2026-10-07 20:18:53.238 UTC [843] CONTEXT:  PL/pgSQL function qkern_validate_project_cron_update() line 10 at RAISE
postgres-1       | 2026-10-07 20:18:53.238 UTC [843] STATEMENT:  UPDATE project_cron_definitions
postgres-1       | 	            SET last_dispatched_at=$3, updated_at=now()
postgres-1       | 	          WHERE organization_id=$1 AND id=$2
postgres-1       | 2026-10-07 20:18:53.340 UTC [691] ERROR:  cron progress must not move backwards
postgres-1       | 2026-10-07 20:18:53.340 UTC [691] CONTEXT:  PL/pgSQL function qkern_validate_project_cron_update() line 10 at RAISE
postgres-1       | 2026-10-07 20:18:53.340 UTC [691] STATEMENT:  UPDATE project_cron_definitions SET last_dispatched_at=$2 WHERE id=$1
postgres-1       | 2026-10-07 20:18:53.395 UTC [879] ERROR:  cron identity is immutable
postgres-1       | 2026-10-07 20:18:53.395 UTC [879] CONTEXT:  PL/pgSQL function qkern_validate_project_cron_update() line 6 at RAISE
postgres-1       | 2026-10-07 20:18:53.395 UTC [879] STATEMENT:  UPDATE project_cron_definitions SET project_id=$2 WHERE id=$1
certification-1  |  [32m✓[39m tests/usage-emitters-postgres.integration.test.ts [2m([22m[2m20 tests[22m[2m)[22m[33m 4441[2mms[22m[39m
certification-1  |      [33m[2m✓[22m[39m counts a real enqueue in the durable ledger [33m 342[2mms[22m[39m
certification-1  |      [33m[2m✓[22m[39m counts every simultaneous enqueue across queues exactly once [33m 647[2mms[22m[39m
certification-1  |        [33m[2m✓[22m[39m refuses a hard limit on a metric it could never enforce [33m 429[2mms[22m[39m
certification-1  |      [33m[2m✓[22m[39m pages through every event exactly once [33m 697[2mms[22m[39m
postgres-1       | 2026-10-07 20:18:53.676 UTC [804] ERROR:  new row violates row-level security policy "audit_logs_project_auth_insert" for table "audit_logs"
postgres-1       | 2026-10-07 20:18:53.676 UTC [804] STATEMENT:  INSERT INTO audit_logs
postgres-1       | 	         (organization_id, project_id, environment, actor_type, actor_ref, action, resource_ref,
postgres-1       | 	          status, redacted_metadata, previous_hash, entry_hash)
postgres-1       | 	       VALUES ($1, $2, $3, $4, $5, $6, $7, $8, $9::jsonb, NULL, repeat('0', 64))
postgres-1       | 	       RETURNING id, organization_id, project_id, environment, actor_type, actor_ref, action, resource_ref,
postgres-1       | 	                 status, redacted_metadata, previous_hash, entry_hash, created_at
certification-1  |  [32m✓[39m tests/realtime-change-feed-postgres.integration.test.ts [2m([22m[2m6 tests[22m[2m)[22m[33m 2112[2mms[22m[39m
certification-1  |      [33m[2m✓[22m[39m assigns strictly increasing positions [33m 360[2mms[22m[39m
certification-1  |  [32m✓[39m tests/project-auth-postgres.integration.test.ts [2m([22m[2m4 tests[22m[2m)[22m[33m 4561[2mms[22m[39m
certification-1  |      [33m[2m✓[22m[39m persists app users only through the auth role and keeps runtime access closed [33m 1454[2mms[22m[39m
certification-1  |      [33m[2m✓[22m[39m lists active sessions and revokes one family or all of one user in PostgreSQL (2.34) [33m 1452[2mms[22m[39m
certification-1  |      [33m[2m✓[22m[39m records auth events through the auth role into the intact platform audit chain (2.35) [33m 383[2mms[22m[39m
certification-1  |  [32m✓[39m tests/data-plane-catalog-wide-postgres.integration.test.ts [2m([22m[2m4 tests[22m[2m)[22m[33m 2057[2mms[22m[39m
certification-1  |      [33m[2m✓[22m[39m lists available extensions with the installed ones first and their version [33m 1495[2mms[22m[39m
certification-1  |  [32m✓[39m tests/usage-metering-postgres.integration.test.ts [2m([22m[2m4 tests[22m[2m)[22m[33m 591[2mms[22m[39m
certification-1  |  [32m✓[39m tests/data-plane-triggers-postgres.integration.test.ts [2m([22m[2m1 test[22m[2m)[22m[33m 598[2mms[22m[39m
certification-1  |  [32m✓[39m tests/data-plane-query-postgres.integration.test.ts [2m([22m[2m2 tests[22m[2m)[22m[33m 766[2mms[22m[39m
certification-1  |      [33m[2m✓[22m[39m returns real rows, honest truncation and redacted secrets [33m 386[2mms[22m[39m
postgres-1       | 2026-10-07 20:18:55.088 UTC [727] ERROR:  realtime events are append-only
postgres-1       | 2026-10-07 20:18:55.088 UTC [727] CONTEXT:  PL/pgSQL function qkern_reject_realtime_event_update() line 3 at RAISE
postgres-1       | 2026-10-07 20:18:55.088 UTC [727] STATEMENT:  UPDATE realtime_events SET event='tampered'
postgres-1       | 	        WHERE organization_id=$1 AND channel=$2
certification-1  |  [32m✓[39m tests/data-plane-catalog-postgres.integration.test.ts [2m([22m[2m3 tests[22m[2m)[22m[33m 897[2mms[22m[39m
certification-1  |  [32m✓[39m tests/data-plane-functions-postgres.integration.test.ts [2m([22m[2m1 test[22m[2m)[22m[33m 512[2mms[22m[39m
certification-1  |  [32m✓[39m tests/realtime-postgres.integration.test.ts [2m([22m[2m9 tests[22m[2m)[22m[33m 7990[2mms[22m[39m
certification-1  |      [33m[2m✓[22m[39m delivers a broadcast to a subscriber on a second instance through PostgreSQL [33m 505[2mms[22m[39m
certification-1  |      [33m[2m✓[22m[39m assigns one global sequence per channel across instances [33m 511[2mms[22m[39m
certification-1  |      [33m[2m✓[22m[39m keeps events after a restart of every instance [33m 1624[2mms[22m[39m
certification-1  |      [33m[2m✓[22m[39m keeps the event log invisible to a different organization [33m 715[2mms[22m[39m
certification-1  |      [33m[2m✓[22m[39m merges the presence of two instances and keeps it across a restart of the one that wrote it [33m 2164[2mms[22m[39m
certification-1  |      [33m[2m✓[22m[39m lets the presence of a connection that vanished without a goodbye expire, reports the leave and removes the row a grace later [33m 1040[2mms[22m[39m
certification-1  |      [33m[2m✓[22m[39m refuses to change a stored event [33m 654[2mms[22m[39m
certification-1  |  [32m✓[39m tests/queue-connection-pressure-postgres.integration.test.ts [2m([22m[2m1 test[22m[2m)[22m[33m 652[2mms[22m[39m
certification-1  |      [33m[2m✓[22m[39m names an exhausted pool instead of calling it a queue conflict [33m 493[2mms[22m[39m
certification-1  |  [32m✓[39m tests/sql-privilege-clause-contract.integration.test.ts [2m([22m[2m2 tests[22m[2m)[22m[33m 5306[2mms[22m[39m
certification-1  |      [33m[2m✓[22m[39m grants every write role the read right its clauses require [33m 4881[2mms[22m[39m
postgres-1       | 2026-10-07 20:18:56.897 UTC [345] LOG:  checkpoint starting: immediate force wait
postgres-1       | 2026-10-07 20:18:56.940 UTC [345] LOG:  checkpoint complete: wrote 517 buffers (3.2%); 0 WAL file(s) added, 0 removed, 0 recycled; write=0.040 s, sync=0.001 s, total=0.044 s; sync files=293, longest=0.001 s, average=0.000 s; distance=2608 kB, estimate=11001 kB; lsn=0/2C09928, redo lsn=0/2C098D0
certification-1  |  [32m✓[39m tests/migration-process-postgres.integration.test.ts [2m([22m[2m4 tests[22m[2m)[22m[33m 10336[2mms[22m[39m
certification-1  |      [33m[2m✓[22m[39m applies a queued statement to the real project database [33m 4885[2mms[22m[39m
certification-1  |      [33m[2m✓[22m[39m keeps a tampered statement out of the project database [33m 2570[2mms[22m[39m
certification-1  |      [33m[2m✓[22m[39m names the violated boundary condition without describing the database [33m 2089[2mms[22m[39m
postgres-1       | 2026-10-07 20:18:58.965 UTC [957] ERROR:  permission denied for table users
postgres-1       | 2026-10-07 20:18:58.965 UTC [957] STATEMENT:  SELECT id FROM users LIMIT 1
postgres-1       | 2026-10-07 20:18:59.017 UTC [958] ERROR:  permission denied for table projects
postgres-1       | 2026-10-07 20:18:59.017 UTC [958] STATEMENT:  SELECT id FROM projects LIMIT 1
certification-1  |  [32m✓[39m tests/realtime-change-chain-postgres.integration.test.ts [2m([22m[2m7 tests[22m[2m)[22m[33m 12502[2mms[22m[39m
certification-1  |      [33m[2m✓[22m[39m carries a change from the trigger to a subscriber that may see it [33m 354[2mms[22m[39m
certification-1  |      [33m[2m✓[22m[39m hands a reconnecting subscriber only the missed changes row level security grants it [33m 941[2mms[22m[39m
certification-1  |      [33m[2m✓[22m[39m keeps order and delivers each change exactly once under a burst [33m 1307[2mms[22m[39m
certification-1  |      [33m[2m✓[22m[39m keeps every subscriber's subset correct with many subscribers at once [33m 8980[2mms[22m[39m
certification-1  |  [32m✓[39m tests/billing-invoice-postgres.integration.test.ts [2m([22m[2m6 tests[22m[2m)[22m[33m 14663[2mms[22m[39m
certification-1  |      [33m[2m✓[22m[39m issues the closed month's invoice from the shipped process [33m 4767[2mms[22m[39m
certification-1  |      [33m[2m✓[22m[39m leaves the issued invoice untouched on a second run [33m 2798[2mms[22m[39m
certification-1  |      [33m[2m✓[22m[39m refuses an open period at its configuration boundary [33m 1093[2mms[22m[39m
certification-1  |      [33m[2m✓[22m[39m issues exactly one invoice when two runs race for the same period [33m 1557[2mms[22m[39m
certification-1  |      [33m[2m✓[22m[39m numbers invoices gaplessly per organization and stamps the due date [33m 3885[2mms[22m[39m
certification-1  |  [32m✓[39m tests/realtime-process-postgres.integration.test.ts [2m([22m[2m3 tests[22m[2m)[22m[33m 14615[2mms[22m[39m
certification-1  |      [33m[2m✓[22m[39m serves a real client from the shipped process [33m 9941[2mms[22m[39m
certification-1  |      [33m[2m✓[22m[39m refuses production with an ephemeral log and names the condition [33m 1882[2mms[22m[39m
certification-1  |      [33m[2m✓[22m[39m serves a client on a public bind after the explicit opt-in [33m 2400[2mms[22m[39m
certification-1  |  [32m✓[39m tests/compute-cron-postgres.integration.test.ts [2m([22m[2m13 tests[22m[2m)[22m[33m 17510[2mms[22m[39m
certification-1  |      [33m[2m✓[22m[39m dispatches a due occurrence into the queue and advances the progress [33m 393[2mms[22m[39m
certification-1  |      [33m[2m✓[22m[39m dispatches a list-range-weekday expression through the real progress [33m 363[2mms[22m[39m
certification-1  |      [33m[2m✓[22m[39m dispatches a zoned schedule through the real progress across the missing hour [33m 837[2mms[22m[39m
certification-1  |      [33m[2m✓[22m[39m dispatches L, # and W schedules through the real progress [33m 1935[2mms[22m[39m
certification-1  |      [33m[2m✓[22m[39m produces exactly one message when two schedulers fire the same occurrence [33m 2648[2mms[22m[39m
certification-1  |      [33m[2m✓[22m[39m dispatches from the shipped process [33m 6515[2mms[22m[39m
certification-1  |      [33m[2m✓[22m[39m reports ready while the cron loop is doing its rounds [33m 2401[2mms[22m[39m
certification-1  |      [33m[2m✓[22m[39m stops reporting ready when every definition fails [33m 1570[2mms[22m[39m
certification-1  |  [32m✓[39m tests/project-queues-multi-instance.integration.test.ts [2m([22m[2m6 tests[22m[2m)[22m[33m 18437[2mms[22m[39m
certification-1  |      [33m[2m✓[22m[39m claims every message exactly once across six competing instances [33m 8946[2mms[22m[39m
certification-1  |      [33m[2m✓[22m[39m gives a message to exactly one instance when many claim at the same moment [33m 384[2mms[22m[39m
certification-1  |      [33m[2m✓[22m[39m fences a vanished worker: the lease survives, the stale token does not [33m 6294[2mms[22m[39m
certification-1  |      [33m[2m✓[22m[39m keeps retry authority on the server when instances fail concurrently [33m 512[2mms[22m[39m
certification-1  |      [33m[2m✓[22m[39m enforces the capacity limit even when instances enqueue at the same time [33m 1643[2mms[22m[39m
certification-1  |      [33m[2m✓[22m[39m deduplicates the same key across instances, not just within one [33m 322[2mms[22m[39m
postgres-1       | 2026-10-07 20:19:12.143 UTC [956] ERROR:  new row for relation "project_queue_messages" violates check constraint "project_queue_messages_dedupe_pair"
postgres-1       | 2026-10-07 20:19:12.143 UTC [956] DETAIL:  Failing row contains (ff3fd896-d3c3-4c0a-ac86-f120fdb32b45, 5720dfc7-7db1-42d8-894b-511cd53af4d3, 4f788288-d2d8-438d-9d5a-040d27f52b23, development, 7faa485c-e224-4a29-8f14-a8b6d401e2bf, {}, available, probe, ffffffffffffffffffffffffffffffffffffffffffffffffffffffffffffffff, null, 0, 2026-10-07 20:19:12.142333+00, null, null, 0, null, null, 2026-10-07 20:19:12.142333+00, null, null, null).
postgres-1       | 2026-10-07 20:19:12.143 UTC [956] STATEMENT:  INSERT INTO project_queue_messages
postgres-1       | 	        (organization_id,project_id,environment,queue_id,payload,owner_subject,dedupe_key_hash)
postgres-1       | 	        VALUES ($1,$2,'development',$3,'{}'::jsonb,'probe',$4)
postgres-1       | 2026-10-07 20:19:12.185 UTC [1087] FATAL:  database "absent_b2ec12bc_a14c_4dba_ba79_98eb2d33e2d4" does not exist
postgres-1       | 2026-10-07 20:19:12.501 UTC [345] LOG:  checkpoint starting: immediate force wait
postgres-1       | 2026-10-07 20:19:12.504 UTC [345] LOG:  checkpoint complete: wrote 258 buffers (1.6%); 0 WAL file(s) added, 0 removed, 2 recycled; write=0.003 s, sync=0.001 s, total=0.003 s; sync files=200, longest=0.001 s, average=0.001 s; distance=25434 kB, estimate=25434 kB; lsn=0/44E0188, redo lsn=0/44E0130
postgres-1       | 2026-10-07 20:19:14.177 UTC [960] ERROR:  new row for relation "project_auth_settings" violates check constraint "project_auth_settings_rate_limits_check"
postgres-1       | 2026-10-07 20:19:14.177 UTC [960] DETAIL:  Failing row contains (06fb6b13-21f8-4daf-a8e1-72e4095bdfd5, 5a10d6e0-c74d-4bae-9402-0277a88b6a2c, development, f, 2026-09-26 12:00:00+00, {}, 0, 900, 5, 3600, 2, 900, f, 12, named, null, 2000, null, 2000, {}).
postgres-1       | 2026-10-07 20:19:14.177 UTC [960] STATEMENT:  UPDATE project_auth_settings SET sign_in_max = 0
postgres-1       | 	       WHERE organization_id = $1 AND project_id = $2 AND environment = 'development'
postgres-1       | 2026-10-07 20:19:14.569 UTC [1101] ERROR:  new row for relation "project_auth_settings" violates check constraint "project_auth_settings_password_protection_check"
postgres-1       | 2026-10-07 20:19:14.569 UTC [1101] DETAIL:  Failing row contains (c30de5c7-b58e-448d-8847-287e7785fe7d, 40e77570-44a3-4159-9b8b-57d819f8146b, development, f, 2026-09-26 13:00:00+00, {}, 10, 900, 5, 3600, 60, 3600, t, 11, generic, null, 2000, null, 2000, {}).
postgres-1       | 2026-10-07 20:19:14.569 UTC [1101] STATEMENT:  UPDATE project_auth_settings SET password_min_length = 11
postgres-1       | 	         WHERE organization_id = $1 AND project_id = $2 AND environment = 'development'
postgres-1       | 2026-10-07 20:19:14.583 UTC [1111] ERROR:  new row for relation "project_auth_settings" violates check constraint "project_auth_settings_password_protection_check"
postgres-1       | 2026-10-07 20:19:14.583 UTC [1111] DETAIL:  Failing row contains (c30de5c7-b58e-448d-8847-287e7785fe7d, 40e77570-44a3-4159-9b8b-57d819f8146b, development, f, 2026-09-26 13:00:00+00, {}, 10, 900, 5, 3600, 60, 3600, t, 129, generic, null, 2000, null, 2000, {}).
postgres-1       | 2026-10-07 20:19:14.583 UTC [1111] STATEMENT:  UPDATE project_auth_settings SET password_min_length = 129
postgres-1       | 	         WHERE organization_id = $1 AND project_id = $2 AND environment = 'development'
postgres-1       | 2026-10-07 20:19:14.596 UTC [1112] ERROR:  new row for relation "project_auth_settings" violates check constraint "project_auth_settings_password_protection_check"
postgres-1       | 2026-10-07 20:19:14.596 UTC [1112] DETAIL:  Failing row contains (c30de5c7-b58e-448d-8847-287e7785fe7d, 40e77570-44a3-4159-9b8b-57d819f8146b, development, f, 2026-09-26 13:00:00+00, {}, 10, 900, 5, 3600, 60, 3600, t, 14, loud, null, 2000, null, 2000, {}).
postgres-1       | 2026-10-07 20:19:14.596 UTC [1112] STATEMENT:  UPDATE project_auth_settings SET leaked_password_notice = 'loud'
postgres-1       | 	         WHERE organization_id = $1 AND project_id = $2 AND environment = 'development'
postgres-1       | 2026-10-07 20:19:16.536 UTC [345] LOG:  checkpoint starting: immediate force wait
postgres-1       | 2026-10-07 20:19:16.538 UTC [345] LOG:  checkpoint complete: wrote 160 buffers (1.0%); 0 WAL file(s) added, 0 removed, 0 recycled; write=0.002 s, sync=0.001 s, total=0.003 s; sync files=133, longest=0.001 s, average=0.000 s; distance=5180 kB, estimate=23408 kB; lsn=0/49EF4C8, redo lsn=0/49EF470
postgres-1       | 2026-10-07 20:19:21.321 UTC [345] LOG:  checkpoint starting: immediate force wait
postgres-1       | 2026-10-07 20:19:21.322 UTC [345] LOG:  checkpoint complete: wrote 64 buffers (0.4%); 0 WAL file(s) added, 0 removed, 0 recycled; write=0.002 s, sync=0.001 s, total=0.002 s; sync files=59, longest=0.001 s, average=0.000 s; distance=4581 kB, estimate=21526 kB; lsn=0/4E68AB0, redo lsn=0/4E68A58
postgres-1       | 2026-10-07 20:19:21.449 UTC [1085] ERROR:  new row for relation "user_console_settings" violates check constraint "user_console_settings_language_check"
postgres-1       | 2026-10-07 20:19:21.449 UTC [1085] DETAIL:  Failing row contains (dc48e2b2-cf0b-468b-882b-0fb1fbe575d8, es, de-CH, browser, overview, system, 2026-10-07 20:19:21.44948+00, 2026-10-07 20:19:21.44948+00, easy).
postgres-1       | 2026-10-07 20:19:21.449 UTC [1085] STATEMENT:  INSERT INTO user_console_settings (user_id, language) VALUES ($1, $2)
postgres-1       | 2026-10-07 20:19:21.458 UTC [1159] ERROR:  new row for relation "user_console_settings" violates check constraint "user_console_settings_format_locale_check"
postgres-1       | 2026-10-07 20:19:21.458 UTC [1159] DETAIL:  Failing row contains (dc48e2b2-cf0b-468b-882b-0fb1fbe575d8, browser, de-AT, browser, overview, system, 2026-10-07 20:19:21.457557+00, 2026-10-07 20:19:21.457557+00, easy).
postgres-1       | 2026-10-07 20:19:21.458 UTC [1159] STATEMENT:  INSERT INTO user_console_settings (user_id, format_locale) VALUES ($1, $2)
postgres-1       | 2026-10-07 20:19:21.467 UTC [1160] ERROR:  new row for relation "user_console_settings" violates check constraint "user_console_settings_theme_check"
postgres-1       | 2026-10-07 20:19:21.467 UTC [1160] DETAIL:  Failing row contains (dc48e2b2-cf0b-468b-882b-0fb1fbe575d8, browser, de-CH, browser, overview, sepia, 2026-10-07 20:19:21.466139+00, 2026-10-07 20:19:21.466139+00, easy).
postgres-1       | 2026-10-07 20:19:21.467 UTC [1160] STATEMENT:  INSERT INTO user_console_settings (user_id, theme) VALUES ($1, $2)
postgres-1       | 2026-10-07 20:19:21.475 UTC [1161] ERROR:  new row for relation "user_console_settings" violates check constraint "user_console_settings_time_zone_check"
postgres-1       | 2026-10-07 20:19:21.475 UTC [1161] DETAIL:  Failing row contains (dc48e2b2-cf0b-468b-882b-0fb1fbe575d8, browser, de-CH, kein zonenname mit leerzeichen, overview, system, 2026-10-07 20:19:21.474452+00, 2026-10-07 20:19:21.474452+00, easy).
postgres-1       | 2026-10-07 20:19:21.475 UTC [1161] STATEMENT:  INSERT INTO user_console_settings (user_id, time_zone) VALUES ($1, $2)
postgres-1       | 2026-10-07 20:19:21.484 UTC [1162] ERROR:  new row for relation "user_console_settings" violates check constraint "user_console_settings_start_view_check"
postgres-1       | 2026-10-07 20:19:21.484 UTC [1162] DETAIL:  Failing row contains (dc48e2b2-cf0b-468b-882b-0fb1fbe575d8, browser, de-CH, browser, Nicht Erlaubt, system, 2026-10-07 20:19:21.483213+00, 2026-10-07 20:19:21.483213+00, easy).
postgres-1       | 2026-10-07 20:19:21.484 UTC [1162] STATEMENT:  INSERT INTO user_console_settings (user_id, start_view) VALUES ($1, $2)
postgres-1       | 2026-10-07 20:19:21.493 UTC [1163] ERROR:  new row for relation "user_console_settings" violates check constraint "user_console_settings_interface_mode_check"
postgres-1       | 2026-10-07 20:19:21.493 UTC [1163] DETAIL:  Failing row contains (dc48e2b2-cf0b-468b-882b-0fb1fbe575d8, browser, de-CH, browser, overview, system, 2026-10-07 20:19:21.491668+00, 2026-10-07 20:19:21.491668+00, beginner).
postgres-1       | 2026-10-07 20:19:21.493 UTC [1163] STATEMENT:  INSERT INTO user_console_settings (user_id, interface_mode) VALUES ($1, $2)
postgres-1       | 2026-10-07 20:19:21.503 UTC [1113] ERROR:  permission denied for table users
postgres-1       | 2026-10-07 20:19:21.503 UTC [1113] STATEMENT:  UPDATE users SET status = 'disabled' WHERE id = $1
postgres-1       | 2026-10-07 20:19:34.136 UTC [1204] ERROR:  relation "plaene_fa8a1baa_824f_4d2e_a76a_d8bf70572b41.gibt_es_nicht" does not exist at character 73
postgres-1       | 2026-10-07 20:19:34.136 UTC [1204] STATEMENT:  EXPLAIN (FORMAT JSON, COSTS ON, VERBOSE OFF, SUMMARY ON) SELECT id FROM "plaene_fa8a1baa_824f_4d2e_a76a_d8bf70572b41".gibt_es_nicht
postgres-1       | 2026-10-07 20:19:34.168 UTC [1164] ERROR:  division by zero
postgres-1       | 2026-10-07 20:19:34.168 UTC [1164] STATEMENT:  SELECT 1 / 0
postgres-1       | 2026-10-07 20:19:34.176 UTC [1233] ERROR:  division by zero
postgres-1       | 2026-10-07 20:19:34.176 UTC [1233] STATEMENT:  SELECT 1 / 0
postgres-1       | 2026-10-07 20:19:34.184 UTC [1234] ERROR:  division by zero
postgres-1       | 2026-10-07 20:19:34.184 UTC [1234] STATEMENT:  SELECT 1 / 0
postgres-1       | 2026-10-07 20:19:34.191 UTC [1235] ERROR:  division by zero
postgres-1       | 2026-10-07 20:19:34.191 UTC [1235] STATEMENT:  SELECT 1 / 0
postgres-1       | 2026-10-07 20:19:34.199 UTC [1236] ERROR:  division by zero
postgres-1       | 2026-10-07 20:19:34.199 UTC [1236] STATEMENT:  SELECT 1 / 0
postgres-1       | 2026-10-07 20:19:34.206 UTC [1237] ERROR:  division by zero
postgres-1       | 2026-10-07 20:19:34.206 UTC [1237] STATEMENT:  SELECT 1 / 0
postgres-1       | 2026-10-07 20:19:34.214 UTC [1238] ERROR:  division by zero
postgres-1       | 2026-10-07 20:19:34.214 UTC [1238] STATEMENT:  SELECT 1 / 0
postgres-1       | 2026-10-07 20:19:34.221 UTC [1239] ERROR:  division by zero
postgres-1       | 2026-10-07 20:19:34.221 UTC [1239] STATEMENT:  SELECT 1 / 0
postgres-1       | 2026-10-07 20:19:34.229 UTC [1240] ERROR:  division by zero
postgres-1       | 2026-10-07 20:19:34.229 UTC [1240] STATEMENT:  SELECT 1 / 0
postgres-1       | 2026-10-07 20:19:34.236 UTC [1241] ERROR:  division by zero
postgres-1       | 2026-10-07 20:19:34.236 UTC [1241] STATEMENT:  SELECT 1 / 0
postgres-1       | 2026-10-07 20:19:35.328 UTC [1253] ERROR:  permission denied for table pg_user_mapping
postgres-1       | 2026-10-07 20:19:35.328 UTC [1253] STATEMENT:  SELECT umoptions FROM pg_catalog.pg_user_mapping
postgres-1       | 2026-10-07 20:19:35.358 UTC [1242] WARNING:  "wal_level" is insufficient to publish logical changes
postgres-1       | 2026-10-07 20:19:35.358 UTC [1242] HINT:  Set "wal_level" to "logical" before creating subscriptions.
postgres-1       | 2026-10-07 20:19:35.368 UTC [1255] ERROR:  permission denied for table pg_subscription
postgres-1       | 2026-10-07 20:19:35.368 UTC [1255] STATEMENT:  SELECT subconninfo FROM pg_catalog.pg_subscription
postgres-1       | 2026-10-07 20:19:35.648 UTC [959] ERROR:  permission denied for table project_storage_s3_access_keys
postgres-1       | 2026-10-07 20:19:35.648 UTC [959] STATEMENT:  DELETE FROM project_storage_s3_access_keys WHERE id = $1
postgres-1       | 2026-10-07 20:19:35.650 UTC [961] ERROR:  permission denied for table project_storage_s3_access_keys
postgres-1       | 2026-10-07 20:19:35.650 UTC [961] STATEMENT:  UPDATE project_storage_s3_access_keys SET name = 'anders' WHERE id = $1
postgres-1       | 2026-10-07 20:19:35.653 UTC [1242] ERROR:  project storage S3 access keys are immutable except for one-way revocation
postgres-1       | 2026-10-07 20:19:35.653 UTC [1242] CONTEXT:  PL/pgSQL function qkern_reject_project_storage_s3_access_key_mutation() line 14 at RAISE
postgres-1       | 2026-10-07 20:19:35.653 UTC [1242] STATEMENT:  UPDATE project_storage_s3_access_keys SET revoked_at = now() + interval '1 hour' WHERE id = $1
postgres-1       | 2026-10-07 20:19:35.714 UTC [1258] ERROR:  project storage S3 access keys are immutable except for one-way revocation
postgres-1       | 2026-10-07 20:19:35.714 UTC [1258] CONTEXT:  PL/pgSQL function qkern_reject_project_storage_s3_access_key_mutation() line 14 at RAISE
postgres-1       | 2026-10-07 20:19:35.714 UTC [1258] STATEMENT:  UPDATE project_storage_s3_access_keys SET secret_ciphertext = $2 WHERE id = $1
postgres-1       | 2026-10-07 20:19:36.579 UTC [1165] ERROR:  new row for relation "project_auth_settings" violates check constraint "project_auth_settings_hook_claims_check"
postgres-1       | 2026-10-07 20:19:36.579 UTC [1165] DETAIL:  Failing row contains (f8b989ad-750c-4e60-8318-7de5c53457c3, 172cf052-d6eb-4c65-860a-1be01deb3555, development, f, 2026-10-07 20:19:36.473+00, {}, 10, 900, 5, 3600, 60, 3600, f, 12, named, null, 2000, hook-claims-bddd60b7, 2000, {role}).
postgres-1       | 2026-10-07 20:19:36.579 UTC [1165] STATEMENT:  UPDATE project_auth_settings SET access_token_hook_function = $1, access_token_hook_claims = ARRAY['role']::text[] WHERE organization_id = 'f8b989ad-750c-4e60-8318-7de5c53457c3' AND project_id = '172cf052-d6eb-4c65-860a-1be01deb3555'
postgres-1       | 	      AND environment = 'development'
postgres-1       | 2026-10-07 20:19:36.593 UTC [1260] ERROR:  new row for relation "project_auth_settings" violates check constraint "project_auth_settings_hook_timeout_check"
postgres-1       | 2026-10-07 20:19:36.593 UTC [1260] DETAIL:  Failing row contains (f8b989ad-750c-4e60-8318-7de5c53457c3, 172cf052-d6eb-4c65-860a-1be01deb3555, development, f, 2026-10-07 20:19:36.473+00, {}, 10, 900, 5, 3600, 60, 3600, f, 12, named, null, 0, null, 2000, {}).
postgres-1       | 2026-10-07 20:19:36.593 UTC [1260] STATEMENT:  UPDATE project_auth_settings SET sign_in_hook_timeout_ms = 0 WHERE organization_id = 'f8b989ad-750c-4e60-8318-7de5c53457c3' AND project_id = '172cf052-d6eb-4c65-860a-1be01deb3555'
postgres-1       | 	      AND environment = 'development'
postgres-1       | 2026-10-07 20:19:36.605 UTC [1261] ERROR:  new row for relation "project_auth_settings" violates check constraint "project_auth_settings_hook_function_check"
postgres-1       | 2026-10-07 20:19:36.605 UTC [1261] DETAIL:  Failing row contains (f8b989ad-750c-4e60-8318-7de5c53457c3, 172cf052-d6eb-4c65-860a-1be01deb3555, development, f, 2026-10-07 20:19:36.473+00, {}, 10, 900, 5, 3600, 60, 3600, f, 12, named, Nope!, 2000, null, 2000, {}).
postgres-1       | 2026-10-07 20:19:36.605 UTC [1261] STATEMENT:  UPDATE project_auth_settings SET sign_in_hook_function = 'Nope!' WHERE organization_id = 'f8b989ad-750c-4e60-8318-7de5c53457c3' AND project_id = '172cf052-d6eb-4c65-860a-1be01deb3555'
postgres-1       | 	      AND environment = 'development'
postgres-1       | 2026-10-07 20:19:36.618 UTC [1262] ERROR:  new row for relation "project_auth_settings" violates check constraint "project_auth_settings_hook_claims_check"
postgres-1       | 2026-10-07 20:19:36.618 UTC [1262] DETAIL:  Failing row contains (f8b989ad-750c-4e60-8318-7de5c53457c3, 172cf052-d6eb-4c65-860a-1be01deb3555, development, f, 2026-10-07 20:19:36.473+00, {}, 10, 900, 5, 3600, 60, 3600, f, 12, named, null, 2000, null, 2000, {tenant}).
postgres-1       | 2026-10-07 20:19:36.618 UTC [1262] STATEMENT:  UPDATE project_auth_settings SET access_token_hook_function = NULL, access_token_hook_claims = ARRAY['tenant']::text[] WHERE organization_id = 'f8b989ad-750c-4e60-8318-7de5c53457c3' AND project_id = '172cf052-d6eb-4c65-860a-1be01deb3555'
postgres-1       | 	      AND environment = 'development'
postgres-1       | 2026-10-07 20:19:36.804 UTC [1263] ERROR:  permission denied for table project_auth_passkeys
postgres-1       | 2026-10-07 20:19:36.804 UTC [1263] STATEMENT:  UPDATE project_auth_passkeys SET public_key = $1
postgres-1       | 	        WHERE organization_id = $2 AND project_id = $3
postgres-1       | 2026-10-07 20:19:37.200 UTC [1264] ERROR:  new row for relation "project_auth_third_party_providers" violates check constraint "project_auth_third_party_providers_role_check"
postgres-1       | 2026-10-07 20:19:37.200 UTC [1264] DETAIL:  Failing row contains (b6244de6-05e7-4740-a245-5f2bb4314af0, 37503f1f-8e74-46ed-8ed0-ed7960bf1809, 79ee816d-9fcc-4101-83b7-2b97ee590643, development, direkt, https://direkt.example.com, https://aussteller-2-80.example.com/.well-known/jwks.json, {qkern-app-2-80}, sub, null, service_role, 2026-10-07 20:19:37.198783+00).
postgres-1       | 2026-10-07 20:19:37.200 UTC [1264] STATEMENT:  INSERT INTO project_auth_third_party_providers
postgres-1       | 	        (id, organization_id, project_id, environment, name, issuer, jwks_uri, audiences, default_role)
postgres-1       | 	        VALUES ($1,$2,$3,$4,'direkt','https://direkt.example.com',$5,ARRAY[$6]::text[],'service_role')
postgres-1       | 2026-10-07 20:19:37.231 UTC [1266] ERROR:  permission denied for table project_auth_third_party_providers
postgres-1       | 2026-10-07 20:19:37.231 UTC [1266] STATEMENT:  UPDATE project_auth_third_party_providers SET jwks_uri = $1 WHERE issuer = $2
postgres-1       | 2026-10-07 20:19:38.994 UTC [1286] ERROR:  new row violates row-level security policy for table "notizen"
postgres-1       | 2026-10-07 20:19:38.994 UTC [1286] STATEMENT:  INSERT INTO "graphqlw_53f20584_9d4c_442e_b949_f3446f09ba54"."notizen" ("besitzer", "inhalt", "menge")
postgres-1       | 	         VALUES ($1, $2, $3)
postgres-1       | 	         
postgres-1       | 	         RETURNING "id", "besitzer", "inhalt", "menge"
postgres-1       | 2026-10-07 20:19:39.008 UTC [1286] ERROR:  new row violates row-level security policy for table "notizen"
postgres-1       | 2026-10-07 20:19:39.008 UTC [1286] STATEMENT:  UPDATE "graphqlw_53f20584_9d4c_442e_b949_f3446f09ba54"."notizen" SET "besitzer" = $1
postgres-1       | 	       WHERE "menge" = $2 RETURNING "id", "besitzer", "inhalt", "menge"
postgres-1       | 2026-10-07 20:19:39.212 UTC [1287] ERROR:  new row violates row-level security policy (USING expression) for table "kunden"
postgres-1       | 2026-10-07 20:19:39.212 UTC [1287] STATEMENT:  INSERT INTO "gqlupsert_b0e48442_0f25_4c51_b436_a24a623ef13e"."kunden" ("besitzer", "email", "name", "punkte")
postgres-1       | 	         VALUES ($1, $2, $3, $4)
postgres-1       | 	         ON CONFLICT ("email")
postgres-1       | 	         DO UPDATE SET "besitzer" = EXCLUDED."besitzer", "name" = EXCLUDED."name", "punkte" = EXCLUDED."punkte"
postgres-1       | 	         RETURNING "id", "besitzer", "email", "name", "punkte", "slug"
postgres-1       | 2026-10-07 20:19:39.220 UTC [1287] ERROR:  new row violates row-level security policy (USING expression) for table "kunden"
postgres-1       | 2026-10-07 20:19:39.220 UTC [1287] STATEMENT:  INSERT INTO "gqlupsert_b0e48442_0f25_4c51_b436_a24a623ef13e"."kunden" ("besitzer", "email", "name", "punkte")
postgres-1       | 	         VALUES ($1, $2, $3, $4)
postgres-1       | 	         ON CONFLICT ("email")
postgres-1       | 	         DO UPDATE SET "besitzer" = EXCLUDED."besitzer", "name" = EXCLUDED."name", "punkte" = EXCLUDED."punkte"
postgres-1       | 	         RETURNING "id", "besitzer", "email", "name", "punkte", "slug"
postgres-1       | 2026-10-07 20:19:39.242 UTC [1287] ERROR:  new row violates row-level security policy (USING expression) for table "kunden"
postgres-1       | 2026-10-07 20:19:39.242 UTC [1287] STATEMENT:  INSERT INTO "gqlupsert_b0e48442_0f25_4c51_b436_a24a623ef13e"."kunden" ("besitzer", "email", "name", "punkte")
postgres-1       | 	         VALUES ($1, $2, $3, $4)
postgres-1       | 	         ON CONFLICT ("email")
postgres-1       | 	         DO UPDATE SET "besitzer" = EXCLUDED."besitzer", "name" = EXCLUDED."name", "punkte" = EXCLUDED."punkte"
postgres-1       | 	         RETURNING "id", "besitzer", "email", "name", "punkte", "slug"
postgres-1       | 2026-10-07 20:19:39.429 UTC [1297] ERROR:  new row violates row-level security policy (USING expression) for table "kunden"
postgres-1       | 2026-10-07 20:19:39.429 UTC [1297] STATEMENT:  INSERT INTO "mcpupsert_8aa0997d_185c_4937_b988_2404991ca115"."kunden" ("besitzer", "email", "name", "punkte")
postgres-1       | 	         VALUES ($1, $2, $3, $4)
postgres-1       | 	         ON CONFLICT ("email")
postgres-1       | 	         DO UPDATE SET "besitzer" = EXCLUDED."besitzer", "name" = EXCLUDED."name", "punkte" = EXCLUDED."punkte"
postgres-1       | 	         RETURNING "id", "besitzer", "email", "name", "punkte"
postgres-1       | 2026-10-07 20:19:39.477 UTC [1297] ERROR:  new row violates row-level security policy (USING expression) for table "kunden"
postgres-1       | 2026-10-07 20:19:39.477 UTC [1297] STATEMENT:  INSERT INTO "mcpupsert_8aa0997d_185c_4937_b988_2404991ca115"."kunden" ("besitzer", "email", "name", "punkte")
postgres-1       | 	         VALUES ($1, $2, $3, $4)
postgres-1       | 	         ON CONFLICT ("email")
postgres-1       | 	         DO UPDATE SET "besitzer" = EXCLUDED."besitzer", "name" = EXCLUDED."name", "punkte" = EXCLUDED."punkte"
postgres-1       | 	         RETURNING "id", "besitzer", "email", "name", "punkte"
postgres-1       | 2026-10-07 20:19:39.643 UTC [1298] ERROR:  permission denied for table project_auth_oauth_clients
postgres-1       | 2026-10-07 20:19:39.643 UTC [1298] STATEMENT:  UPDATE project_auth_oauth_clients SET scopes = ARRAY['data:write']::text[] WHERE id = $1
postgres-1       | 2026-10-07 20:19:39.644 UTC [1267] ERROR:  new row for relation "project_auth_oauth_codes" violates check constraint "project_auth_oauth_codes_pkce_check"
postgres-1       | 2026-10-07 20:19:39.644 UTC [1267] DETAIL:  Failing row contains (9cf71ee3-7c91-4733-9825-f0f89d0f1a76, 13bceffd-8e10-46b0-8eaa-620ea8695a24, 4d24a9bb-d46c-409a-8168-211fa23dd3aa, development, 046aa9b9-72cb-4598-b30c-92b6a90ac16c, 97b6afee-1238-4649-9c60-52562e2ff1d0, https://app.test/oauth/zurueck, {data:read}, direkt-a3b3a28a-c1cb-4683-a220-804a16f6d4cb, Gk1YkJnkskt-Rw9fWPpFcwBbSDdNJfTQ4RZ3JZoNtMA, plain, 2026-10-07 20:19:39.64396+00, 2026-10-07 20:20:39.64396+00, null, null).
postgres-1       | 2026-10-07 20:19:39.644 UTC [1267] STATEMENT:  INSERT INTO project_auth_oauth_codes
postgres-1       | 	        (id, organization_id, project_id, environment, client_id, auth_user_id, redirect_uri,
postgres-1       | 	         scopes, code_hash, code_challenge, code_challenge_method, expires_at)
postgres-1       | 	        VALUES ($1,$2,$3,'development',$4,$5,$6,ARRAY['data:read']::text[],$7,$8,'plain',now() + interval '1 minute')
postgres-1       | 2026-10-07 20:19:39.924 UTC [345] LOG:  checkpoint starting: immediate force wait
postgres-1       | 2026-10-07 20:19:39.929 UTC [345] LOG:  checkpoint complete: wrote 371 buffers (2.3%); 0 WAL file(s) added, 0 removed, 2 recycled; write=0.004 s, sync=0.001 s, total=0.005 s; sync files=304, longest=0.001 s, average=0.000 s; distance=25911 kB, estimate=25911 kB; lsn=0/67B6758, redo lsn=0/67B6700
postgres-1       | 2026-10-07 20:19:39.963 UTC [1257] ERROR:  permission denied for table project_auth_one_time_tokens
postgres-1       | 2026-10-07 20:19:39.963 UTC [1257] STATEMENT:  DELETE FROM project_auth_one_time_tokens WHERE organization_id = $1
postgres-1       | 2026-10-07 20:19:39.972 UTC [1304] ERROR:  permission denied for table project_auth_oauth_tokens
postgres-1       | 2026-10-07 20:19:39.972 UTC [1304] STATEMENT:  DELETE FROM project_auth_oauth_tokens WHERE organization_id = $1
postgres-1       | 2026-10-07 20:19:40.038 UTC [1305] ERROR:  permission denied for table project_auth_saml_assertions
postgres-1       | 2026-10-07 20:19:40.038 UTC [1305] STATEMENT:  DELETE FROM project_auth_saml_assertions WHERE organization_id = $1
postgres-1       | 2026-10-07 20:19:41.887 UTC [1301] ERROR:  permission denied for table project_auth_oauth_consents
postgres-1       | 2026-10-07 20:19:41.887 UTC [1301] STATEMENT:  DELETE FROM project_auth_oauth_consents WHERE id = $1
postgres-1       | 2026-10-07 20:19:41.888 UTC [1299] ERROR:  project auth oauth consents are immutable except for one-way revocation
postgres-1       | 2026-10-07 20:19:41.888 UTC [1299] CONTEXT:  PL/pgSQL function qkern_reject_project_auth_oauth_consent_mutation() line 8 at RAISE
postgres-1       | 2026-10-07 20:19:41.888 UTC [1299] STATEMENT:  UPDATE project_auth_oauth_consents SET revoked_at = NULL WHERE id = $1
postgres-1       | 2026-10-07 20:19:41.900 UTC [1318] ERROR:  permission denied for table project_auth_oauth_consents
postgres-1       | 2026-10-07 20:19:41.900 UTC [1318] STATEMENT:  UPDATE project_auth_oauth_consents SET scopes = ARRAY['data:write']::text[] WHERE id = $1
postgres-1       | 2026-10-07 20:19:41.982 UTC [1259] ERROR:  update or delete on table "users" violates foreign key constraint "organizations_created_by_fkey" on table "organizations"
postgres-1       | 2026-10-07 20:19:41.982 UTC [1259] DETAIL:  Key (id)=(ce054cdd-7995-400e-b2bf-25f5cdef0d6e) is still referenced from table "organizations".
postgres-1       | 2026-10-07 20:19:41.982 UTC [1259] STATEMENT:  DELETE FROM users WHERE id = $1
postgres-1       | 2026-10-07 20:19:42.009 UTC [1322] ERROR:  extension "vector" is not available
postgres-1       | 2026-10-07 20:19:42.009 UTC [1322] DETAIL:  Could not open extension control file "/usr/local/share/postgresql/extension/vector.control": No such file or directory.
postgres-1       | 2026-10-07 20:19:42.009 UTC [1322] HINT:  The extension must first be installed on the system where PostgreSQL is running.
postgres-1       | 2026-10-07 20:19:42.009 UTC [1322] STATEMENT:  CREATE EXTENSION vector
postgres-1       | 2026-10-07 20:19:42.050 UTC [1323] ERROR:  array is too long
postgres-1       | 2026-10-07 20:19:42.050 UTC [1323] DETAIL:  A cube cannot have more than 100 dimensions.
postgres-1       | 2026-10-07 20:19:42.050 UTC [1323] STATEMENT:  SELECT cube(array_fill(0::float8, ARRAY[$1::int]))
postgres-1       | 2026-10-07 20:19:42.367 UTC [1324] ERROR:  update or delete on table "users" violates foreign key constraint "organizations_created_by_fkey" on table "organizations"
postgres-1       | 2026-10-07 20:19:42.367 UTC [1324] DETAIL:  Key (id)=(ebc3bae0-38aa-4883-a9b7-2f76c9f27357) is still referenced from table "organizations".
postgres-1       | 2026-10-07 20:19:42.367 UTC [1324] STATEMENT:  DELETE FROM users WHERE id = $1
postgres-1       | 2026-10-07 20:19:42.762 UTC [1327] ERROR:  new row violates row-level security policy for table "kommentare"
postgres-1       | 2026-10-07 20:19:42.762 UTC [1327] STATEMENT:  INSERT INTO "gqlrel_132ec52c_e7e2_462d_bdd6_0fab7240b332"."kommentare" ("beitrag_id", "besitzer", "id", "text")
postgres-1       | 	         VALUES ($1, $2, $3, $4)
postgres-1       | 	         
postgres-1       | 	         RETURNING "id", "beitrag_id", "verfasser_id", "text", "besitzer"
postgres-1       | 2026-10-07 20:19:42.904 UTC [1328] ERROR:  permission denied for table verschlossen
postgres-1       | 2026-10-07 20:19:42.904 UTC [1328] STATEMENT:  SELECT inhalt FROM "gqlxs_b_a5dcaa1e_b022_4537_8b69_9fa22fdc95eb".verschlossen
postgres-1       | 2026-10-07 20:19:43.028 UTC [1307] ERROR:  permission denied for table project_function_invocation_output
postgres-1       | 2026-10-07 20:19:43.028 UTC [1307] STATEMENT:  UPDATE project_function_invocation_output SET truncated = true
postgres-1       | 2026-10-07 20:19:43.034 UTC [1307] ERROR:  permission denied for table project_function_invocation_output
postgres-1       | 2026-10-07 20:19:43.034 UTC [1307] STATEMENT:  DELETE FROM project_function_invocation_output
postgres-1       | 2026-10-07 20:19:43.038 UTC [1325] ERROR:  new row for relation "project_function_invocation_output" violates check constraint "project_function_invocation_output_line_count_check"
postgres-1       | 2026-10-07 20:19:43.038 UTC [1325] DETAIL:  Failing row contains (07ab9dcd-f7ba-4e7c-beda-658433af8a01, 1c944491-3eb7-4497-886d-46e1f902e347, bf1a4d10-0649-4861-bb5a-f036543f7552, development, 6041b1f3-7d20-4f43-ad34-cf18f623e7ea, d7fb7603-5485-4647-8ba7-76acc9ae32ac, 2026-10-07 20:19:43.036046+00, 501, 501, 0, 0, f, 0, [{"at": "2026-09-29T10:00:00.000Z", "cut": false, "text": "x", "...).
postgres-1       | 2026-10-07 20:19:43.038 UTC [1325] STATEMENT:  INSERT INTO project_function_invocation_output
postgres-1       | 	         (organization_id, project_id, environment, function_id, invocation_id,
postgres-1       | 	          line_count, stdout_lines, stderr_lines, byte_count, truncated, dropped_lines, lines)
postgres-1       | 	       VALUES ($1, $2, 'development', $3, $4, $5, $6, 0, 0, $7, $8, $9::jsonb)
postgres-1       | 2026-10-07 20:19:43.051 UTC [1330] ERROR:  new row for relation "project_function_invocation_output" violates check constraint "project_function_invocation_output_lines_shape"
postgres-1       | 2026-10-07 20:19:43.051 UTC [1330] DETAIL:  Failing row contains (ca51fd29-b920-4cc0-8bfd-ea5a141ca6d8, 1c944491-3eb7-4497-886d-46e1f902e347, bf1a4d10-0649-4861-bb5a-f036543f7552, development, 6041b1f3-7d20-4f43-ad34-cf18f623e7ea, d7fb7603-5485-4647-8ba7-76acc9ae32ac, 2026-10-07 20:19:43.049223+00, 2, 2, 0, 0, f, 0, [{"at": "2026-09-29T10:00:00.000Z", "cut": false, "text": "x", "...).
postgres-1       | 2026-10-07 20:19:43.051 UTC [1330] STATEMENT:  INSERT INTO project_function_invocation_output
postgres-1       | 	         (organization_id, project_id, environment, function_id, invocation_id,
postgres-1       | 	          line_count, stdout_lines, stderr_lines, byte_count, truncated, dropped_lines, lines)
postgres-1       | 	       VALUES ($1, $2, 'development', $3, $4, $5, $6, 0, 0, $7, $8, $9::jsonb)
postgres-1       | 2026-10-07 20:19:43.063 UTC [1331] ERROR:  insert or update on table "project_function_invocation_output" violates foreign key constraint "project_function_invocation_o_organization_id_invocation_i_fkey"
postgres-1       | 2026-10-07 20:19:43.063 UTC [1331] DETAIL:  Key (organization_id, invocation_id)=(1c944491-3eb7-4497-886d-46e1f902e347, 2caf46c2-f40b-4dd6-9779-fbd8678cf626) is not present in table "project_function_invocations".
postgres-1       | 2026-10-07 20:19:43.063 UTC [1331] STATEMENT:  INSERT INTO project_function_invocation_output
postgres-1       | 	         (organization_id, project_id, environment, function_id, invocation_id,
postgres-1       | 	          line_count, stdout_lines, stderr_lines, byte_count, truncated, dropped_lines, lines)
postgres-1       | 	       VALUES ($1, $2, 'development', $3, $4, $5, $6, 0, 0, $7, $8, $9::jsonb)
postgres-1       | 2026-10-07 20:19:43.074 UTC [1332] ERROR:  duplicate key value violates unique constraint "project_function_invocation_o_organization_id_invocation_id_key"
postgres-1       | 2026-10-07 20:19:43.074 UTC [1332] DETAIL:  Key (organization_id, invocation_id)=(1c944491-3eb7-4497-886d-46e1f902e347, e559dc40-ef02-4f0b-b594-0c2c6f8838a8) already exists.
postgres-1       | 2026-10-07 20:19:43.074 UTC [1332] STATEMENT:  INSERT INTO project_function_invocation_output
postgres-1       | 	         (organization_id, project_id, environment, function_id, invocation_id,
postgres-1       | 	          line_count, stdout_lines, stderr_lines, byte_count, truncated, dropped_lines, lines)
postgres-1       | 	       VALUES ($1, $2, 'development', $3, $4, $5, $6, 0, 0, $7, $8, $9::jsonb)
postgres-1       | 2026-10-07 20:19:43.184 UTC [1319] ERROR:  duplicate key value violates unique constraint "project_auth_saml_assertion_key"
postgres-1       | 2026-10-07 20:19:43.184 UTC [1319] DETAIL:  Key (organization_id, project_id, environment, provider, assertion_id)=(a0d5b91b-b6dd-4071-afb9-9c8368d89056, 4e813ade-d3da-4fd8-bbbd-c47e3e107159, development, federation, _aed7b3cebc8cec869aa24bdf4bae87fb2) already exists.
postgres-1       | 2026-10-07 20:19:43.184 UTC [1319] STATEMENT:  INSERT INTO project_auth_saml_assertions
postgres-1       | 	      (organization_id, project_id, environment, provider, assertion_id, expires_at)
postgres-1       | 	      VALUES ($1, $2, 'development', 'federation', $3, now() + interval '5 minutes')
postgres-1       | 2026-10-07 20:19:43.188 UTC [1320] ERROR:  new row for relation "project_auth_saml_assertions" violates check constraint "project_auth_saml_assertions_assertion_id_check"
postgres-1       | 2026-10-07 20:19:43.188 UTC [1320] DETAIL:  Failing row contains (a3c5b07b-4fae-4a50-963a-0f36dafe80d1, a0d5b91b-b6dd-4071-afb9-9c8368d89056, 4e813ade-d3da-4fd8-bbbd-c47e3e107159, development, federation, 9nope, 2026-10-07 20:19:43.18806+00, 2026-10-07 20:24:43.18806+00).
postgres-1       | 2026-10-07 20:19:43.188 UTC [1320] STATEMENT:  INSERT INTO project_auth_saml_assertions
postgres-1       | 	      (organization_id, project_id, environment, provider, assertion_id, expires_at)
postgres-1       | 	      VALUES ($1, $2, 'development', 'federation', '9nope', now() + interval '5 minutes')
postgres-1       | 2026-10-07 20:19:43.198 UTC [1334] ERROR:  new row for relation "project_auth_saml_assertions" violates check constraint "project_auth_saml_assertions_provider_check"
postgres-1       | 2026-10-07 20:19:43.198 UTC [1334] DETAIL:  Failing row contains (c642330d-7d9a-4ad3-845c-ec86fcf6d764, a0d5b91b-b6dd-4071-afb9-9c8368d89056, 4e813ade-d3da-4fd8-bbbd-c47e3e107159, development, Federation, _abc, 2026-10-07 20:19:43.195821+00, 2026-10-07 20:24:43.195821+00).
postgres-1       | 2026-10-07 20:19:43.198 UTC [1334] STATEMENT:  INSERT INTO project_auth_saml_assertions
postgres-1       | 	      (organization_id, project_id, environment, provider, assertion_id, expires_at)
postgres-1       | 	      VALUES ($1, $2, 'development', 'Federation', '_abc', now() + interval '5 minutes')
postgres-1       | 2026-10-07 20:19:43.208 UTC [1335] ERROR:  new row for relation "project_auth_saml_assertions" violates check constraint "project_auth_saml_assertions_window"
postgres-1       | 2026-10-07 20:19:43.208 UTC [1335] DETAIL:  Failing row contains (8ec76ee6-69ca-41f8-be28-ef050ee90909, a0d5b91b-b6dd-4071-afb9-9c8368d89056, 4e813ade-d3da-4fd8-bbbd-c47e3e107159, development, federation, _window, 2026-10-07 20:19:43.205866+00, 2026-10-07 20:18:43.205866+00).
postgres-1       | 2026-10-07 20:19:43.208 UTC [1335] STATEMENT:  INSERT INTO project_auth_saml_assertions
postgres-1       | 	      (organization_id, project_id, environment, provider, assertion_id, used_at, expires_at)
postgres-1       | 	      VALUES ($1, $2, 'development', 'federation', '_window', now(), now() - interval '1 minute')
postgres-1       | 2026-10-07 20:19:43.220 UTC [1336] ERROR:  new row for relation "project_auth_one_time_tokens" violates check constraint "project_auth_one_time_tokens_purpose_check"
postgres-1       | 2026-10-07 20:19:43.220 UTC [1336] DETAIL:  Failing row contains (06f21bb7-0fe4-45dc-93a8-3228874e9854, a0d5b91b-b6dd-4071-afb9-9c8368d89056, 4e813ade-d3da-4fd8-bbbd-c47e3e107159, development, null, saml_reply, aaaaaaaaaaaaaaaaaaaaaaaaaaaaaaaaaaaaaaaaaaaaaaaaaaaaaaaaaaaaaaaa, {}, 2026-10-07 20:19:43.217691+00, 2026-10-07 20:24:43.217691+00, null).
postgres-1       | 2026-10-07 20:19:43.220 UTC [1336] STATEMENT:  INSERT INTO project_auth_one_time_tokens
postgres-1       | 	      (organization_id, project_id, environment, purpose, token_hash, expires_at)
postgres-1       | 	      VALUES ($1, $2, 'development', 'saml_reply', $3, now() + interval '5 minutes')
postgres-1       | 2026-10-07 20:19:43.231 UTC [1337] ERROR:  permission denied for table project_auth_saml_assertions
postgres-1       | 2026-10-07 20:19:43.231 UTC [1337] STATEMENT:  UPDATE project_auth_saml_assertions SET assertion_id = '_other' WHERE organization_id = $1
postgres-1       | 2026-10-07 20:19:43.298 UTC [1333] ERROR:  project storage upload verifier and identity are immutable
postgres-1       | 2026-10-07 20:19:43.298 UTC [1333] CONTEXT:  PL/pgSQL function qkern_reject_project_storage_upload_mutation() line 15 at RAISE
postgres-1       | 2026-10-07 20:19:43.298 UTC [1333] STATEMENT:  UPDATE project_storage_uploads
postgres-1       | 	      SET parts_declared = true, kind = 'single', provider_upload_id = NULL
postgres-1       | 	      WHERE id = $1
postgres-1       | 2026-10-07 20:19:43.313 UTC [1339] ERROR:  project storage upload verifier and identity are immutable
postgres-1       | 2026-10-07 20:19:43.313 UTC [1339] CONTEXT:  PL/pgSQL function qkern_reject_project_storage_upload_mutation() line 15 at RAISE
postgres-1       | 2026-10-07 20:19:43.313 UTC [1339] STATEMENT:  UPDATE project_storage_uploads SET parts_declared = false
postgres-1       | 	      WHERE id = $1
postgres-1       | 2026-10-07 20:19:43.375 UTC [1340] ERROR:  project storage upload verifier and identity are immutable
postgres-1       | 2026-10-07 20:19:43.375 UTC [1340] CONTEXT:  PL/pgSQL function qkern_reject_project_storage_upload_mutation() line 15 at RAISE
postgres-1       | 2026-10-07 20:19:43.375 UTC [1340] STATEMENT:  UPDATE project_storage_uploads SET checksum_sha256 = NULL WHERE id = $1
postgres-1       | 2026-10-07 20:19:43.393 UTC [1341] ERROR:  new row for relation "project_storage_uploads" violates check constraint "project_storage_uploads_completed_content"
postgres-1       | 2026-10-07 20:19:43.393 UTC [1341] DETAIL:  Failing row contains (a2fecf3b-cacc-4125-b998-ae6a832e3de0, e58fbec3-009d-40d2-8429-764bad69524c, 62a3b6d2-5bbd-4b48-b860-5b0409a5a49e, development, ec06ef52-eea9-4707-9c45-39b9e00ed53a, halfway.txt, e58fbec3-009d-40d2-8429-764bad69524c/62a3b6d2-5bbd-4b48-b860-5b0..., 5b663953-064a-4735-92fc-5eedbf766fb3, text/plain, 1, null, 7QRhYHMHYQOeHv0dpmS5BhcOqxcoAPQhOy1geVh5jTc, completed, 2026-10-07 20:19:43.281+00, 2026-10-07 21:19:43.281+00, null, null, multipart, provider-upload-halfway, t).
postgres-1       | 2026-10-07 20:19:43.393 UTC [1341] STATEMENT:  UPDATE project_storage_uploads SET status = 'completed', size_bytes = 1 WHERE id = $1
postgres-1       | 2026-10-07 20:19:43.439 UTC [1343] ERROR:  permission denied for function pg_read_file
postgres-1       | 2026-10-07 20:19:43.439 UTC [1343] STATEMENT:  SELECT pg_read_file('postgresql.conf', 0, 16)
postgres-1       | 2026-10-07 20:19:43.448 UTC [1344] ERROR:  permission denied for function pg_ls_logdir
postgres-1       | 2026-10-07 20:19:43.448 UTC [1344] STATEMENT:  SELECT * FROM pg_ls_logdir()
postgres-1       | 2026-10-07 20:19:43.457 UTC [1345] ERROR:  permission denied to examine "log_directory"
postgres-1       | 2026-10-07 20:19:43.457 UTC [1345] DETAIL:  Only roles with privileges of the "pg_read_all_settings" role may examine this parameter.
postgres-1       | 2026-10-07 20:19:43.457 UTC [1345] STATEMENT:  SHOW log_directory
postgres-1       | 2026-10-07 20:19:43.467 UTC [1342] ERROR:  could not open directory "log": No such file or directory
postgres-1       | 2026-10-07 20:19:43.467 UTC [1342] STATEMENT:  SELECT * FROM pg_ls_logdir()
postgres-1       | 2026-10-07 20:19:43.536 UTC [1359] ERROR:  permission denied for function pg_read_file
postgres-1       | 2026-10-07 20:19:43.536 UTC [1359] STATEMENT:  SELECT pg_read_file('postgresql.conf', 0, 8)
postgres-1       | 2026-10-07 20:19:43.589 UTC [1307] ERROR:  new row for relation "realtime_presence" violates check constraint "realtime_presence_lease_forward"
postgres-1       | 2026-10-07 20:19:43.589 UTC [1307] STATEMENT:  INSERT INTO realtime_presence (organization_id, project_id, environment, channel,
postgres-1       | 	             presence_key, instance_id, state, tracked_at, expires_at)
postgres-1       | 	           VALUES ($1,$2,'development',$3,'qk_presence_2113backwards','instance-a','{}',$4,$5)
postgres-1       | 2026-10-07 20:19:43.591 UTC [1307] ERROR:  permission denied for table realtime_presence
postgres-1       | 2026-10-07 20:19:43.591 UTC [1307] STATEMENT:  UPDATE realtime_presence SET channel='public:hijacked'
postgres-1       | 	          WHERE organization_id=$1 AND channel=$2
postgres-1       | 2026-10-07 20:19:43.603 UTC [1361] ERROR:  permission denied for table realtime_presence
postgres-1       | 2026-10-07 20:19:43.603 UTC [1361] STATEMENT:  UPDATE realtime_presence SET presence_key='qk_presence_2113stolen'
postgres-1       | 	          WHERE organization_id=$1 AND channel=$2
postgres-1       | 2026-10-07 20:19:43.795 UTC [1363] ERROR:  duplicate key value violates unique constraint "billing_invoice_lines_invoice_id_line_key_key"
postgres-1       | 2026-10-07 20:19:43.795 UTC [1363] STATEMENT:  INSERT INTO billing_invoice_lines
postgres-1       | 	               (organization_id, invoice_id, line_key, label, metric, quantity,
postgres-1       | 	                unit_price_micros, per_units, amount_micros)
postgres-1       | 	             VALUES ($1,$2,'charge:support-retainer','Betreuung noch einmal',NULL,1,5000000,1,5000000)
postgres-1       | 2026-10-07 20:19:43.802 UTC [1348] ERROR:  update or delete on table "organizations" violates foreign key constraint "billing_rate_cards_organization_id_fkey" on table "billing_rate_cards"
postgres-1       | 2026-10-07 20:19:43.802 UTC [1348] DETAIL:  Key (id)=(f083ae5d-5c29-4ece-bab4-a0aebb530709) is still referenced from table "billing_rate_cards".
postgres-1       | 2026-10-07 20:19:43.802 UTC [1348] STATEMENT:  DELETE FROM organizations WHERE id IN ($1,$2)
postgres-1       | 2026-10-07 20:19:43.813 UTC [1364] ERROR:  update or delete on table "users" violates foreign key constraint "organizations_created_by_fkey" on table "organizations"
postgres-1       | 2026-10-07 20:19:43.813 UTC [1364] DETAIL:  Key (id)=(9d166f7a-b69b-489e-b359-edfe5137731a) is still referenced from table "organizations".
postgres-1       | 2026-10-07 20:19:43.813 UTC [1364] STATEMENT:  DELETE FROM users WHERE id = $1
postgres-1       | 2026-10-07 20:19:43.943 UTC [1362] ERROR:  permission denied for table project_queue_message_traces
postgres-1       | 2026-10-07 20:19:43.943 UTC [1362] STATEMENT:  UPDATE project_queue_message_traces SET station='completed'
postgres-1       | 	            WHERE organization_id=$1 AND message_id=$2
postgres-1       | 2026-10-07 20:19:43.945 UTC [1365] ERROR:  a project queue trace station is append-only
postgres-1       | 2026-10-07 20:19:43.945 UTC [1365] CONTEXT:  PL/pgSQL function qkern_reject_project_queue_trace_update() line 3 at RAISE
postgres-1       | 2026-10-07 20:19:43.945 UTC [1365] STATEMENT:  UPDATE project_queue_message_traces SET station='completed'
postgres-1       | 	          WHERE organization_id=$1 AND message_id=$2
postgres-1       | 2026-10-07 20:19:44.743 UTC [1366] ERROR:  new row for relation "project_queue_message_traces" violates check constraint "project_queue_message_traces_span_shape"
postgres-1       | 2026-10-07 20:19:44.743 UTC [1366] DETAIL:  Failing row contains (1e75bd36-bdb8-4f96-b243-545c978ece6c, b71191c9-3bbc-4a68-a480-3e91354138a3, c2e3b5bb-328d-4ac2-b9f0-5b4c367529d3, development, 2a2996ca-9970-4be4-88bc-9cba1a1a541e, 4b30d583-ebab-4516-a62b-40b728130799, 60, enqueued, 0, null, null, null, null, null, 2026-10-07 20:19:44.714+00, 2026-10-08 20:19:44.714+00, 0000000000000000).
postgres-1       | 2026-10-07 20:19:44.743 UTC [1366] STATEMENT:  INSERT INTO project_queue_message_traces
postgres-1       | 	         (organization_id,project_id,environment,queue_id,message_id,sequence,station,attempt,
postgres-1       | 	          span_id,occurred_at,expires_at)
postgres-1       | 	       SELECT organization_id,project_id,environment,queue_id,message_id,60,'enqueued',0,
postgres-1       | 	              repeat('0',16),occurred_at,expires_at
postgres-1       | 	         FROM project_queue_message_traces
postgres-1       | 	        WHERE organization_id=$1 AND message_id=$2 AND sequence=1
postgres-1       | 2026-10-07 20:19:44.754 UTC [1367] ERROR:  duplicate key value violates unique constraint "project_queue_message_traces_span_key"
postgres-1       | 2026-10-07 20:19:44.754 UTC [1367] DETAIL:  Key (organization_id, project_id, environment, message_id, span_id)=(b71191c9-3bbc-4a68-a480-3e91354138a3, c2e3b5bb-328d-4ac2-b9f0-5b4c367529d3, development, 4b30d583-ebab-4516-a62b-40b728130799, ca66d1871256948a) already exists.
postgres-1       | 2026-10-07 20:19:44.754 UTC [1367] STATEMENT:  INSERT INTO project_queue_message_traces
postgres-1       | 	         (organization_id,project_id,environment,queue_id,message_id,sequence,station,attempt,
postgres-1       | 	          span_id,occurred_at,expires_at)
postgres-1       | 	       SELECT organization_id,project_id,environment,queue_id,message_id,61,'enqueued',0,
postgres-1       | 	              span_id,occurred_at,expires_at
postgres-1       | 	         FROM project_queue_message_traces
postgres-1       | 	        WHERE organization_id=$1 AND message_id=$2 AND sequence=1
postgres-1       | 2026-10-07 20:19:44.922 UTC [1368] ERROR:  webhook delivery content is immutable
postgres-1       | 2026-10-07 20:19:44.922 UTC [1368] CONTEXT:  PL/pgSQL function qkern_validate_project_webhook_delivery_update() line 10 at RAISE
postgres-1       | 2026-10-07 20:19:44.922 UTC [1368] STATEMENT:  UPDATE project_webhook_deliveries SET trace_id=$3
postgres-1       | 	        WHERE organization_id=$1 AND id=$2
postgres-1       | 2026-10-07 20:19:44.945 UTC [1370] ERROR:  webhook delivery content is immutable
postgres-1       | 2026-10-07 20:19:44.945 UTC [1370] CONTEXT:  PL/pgSQL function qkern_validate_project_webhook_delivery_update() line 10 at RAISE
postgres-1       | 2026-10-07 20:19:44.945 UTC [1370] STATEMENT:  UPDATE project_webhook_deliveries SET parent_span_id=NULL
postgres-1       | 	        WHERE organization_id=$1 AND id=$2
postgres-1       | 2026-10-07 20:19:44.955 UTC [1371] ERROR:  new row for relation "project_webhook_deliveries" violates check constraint "project_webhook_deliveries_trace_anchor"
postgres-1       | 2026-10-07 20:19:44.955 UTC [1371] DETAIL:  Failing row contains (bd1a167a-f2ba-454f-8a77-d49e6a6066ce, b71191c9-3bbc-4a68-a480-3e91354138a3, c2e3b5bb-328d-4ac2-b9f0-5b4c367529d3, development, 7c506f54-1ac5-44ba-88d6-6611c3bd2388, order.created, {}, 2026-10-07 20:19:44.952529+00, pending, 0, 2026-10-07 20:19:44.952529+00, null, null, null, null, 2026-10-07 20:19:44.952529+00, null, null, null, 00f067aa0ba902b7).
postgres-1       | 2026-10-07 20:19:44.955 UTC [1371] STATEMENT:  INSERT INTO project_webhook_deliveries
postgres-1       | 	         (id, organization_id, project_id, environment, webhook_id, event_type, payload,
postgres-1       | 	          occurred_at, status, attempt_count, available_at, created_at, parent_span_id)
postgres-1       | 	       VALUES (gen_random_uuid(),$1,$2,'development',$3,'order.created','{}',now(),
postgres-1       | 	               'pending',0,now(),now(),$4)
postgres-1       | 2026-10-07 20:19:45.258 UTC [1374] ERROR:  permission denied for table project_database_backups
postgres-1       | 2026-10-07 20:19:45.258 UTC [1374] STATEMENT:  UPDATE project_database_backups SET status = 'available' WHERE id = $1
postgres-1       | 2026-10-07 20:19:45.260 UTC [1374] ERROR:  permission denied for table project_database_backups
postgres-1       | 2026-10-07 20:19:45.260 UTC [1374] STATEMENT:  UPDATE project_database_backups SET object_key = NULL WHERE id = $1
postgres-1       | 2026-10-07 20:19:45.261 UTC [1374] ERROR:  permission denied for table project_database_backups
postgres-1       | 2026-10-07 20:19:45.261 UTC [1374] STATEMENT:  UPDATE project_database_backups SET artifact_sha256 = 'eeeeeeeeeeeeeeeeeeeeeeeeeeeeeeeeeeeeeeeeeeeeeeeeeeeeeeeeeeeeeeee' WHERE id = $1
postgres-1       | 2026-10-07 20:19:45.263 UTC [1374] ERROR:  permission denied for table project_database_backups
postgres-1       | 2026-10-07 20:19:45.263 UTC [1374] STATEMENT:  UPDATE project_database_backups SET manifest_sha256 = 'eeeeeeeeeeeeeeeeeeeeeeeeeeeeeeeeeeeeeeeeeeeeeeeeeeeeeeeeeeeeeeee' WHERE id = $1
postgres-1       | 2026-10-07 20:19:45.265 UTC [1374] ERROR:  permission denied for table project_database_backups
postgres-1       | 2026-10-07 20:19:45.265 UTC [1374] STATEMENT:  UPDATE project_database_backups SET expires_at = now() WHERE id = $1
postgres-1       | 2026-10-07 20:19:45.268 UTC [1374] ERROR:  permission denied for table project_database_backups
postgres-1       | 2026-10-07 20:19:45.268 UTC [1374] STATEMENT:  UPDATE project_database_backups SET part_count = 9 WHERE id = $1
postgres-1       | 2026-10-07 20:19:45.269 UTC [1374] ERROR:  permission denied for table project_database_backups
postgres-1       | 2026-10-07 20:19:45.269 UTC [1374] STATEMENT:  UPDATE project_database_backups SET restore_lease_token = gen_random_uuid() WHERE id = $1
postgres-1       | 2026-10-07 20:19:45.271 UTC [1374] ERROR:  permission denied for table project_database_backups
postgres-1       | 2026-10-07 20:19:45.271 UTC [1374] STATEMENT:  DELETE FROM project_database_backups WHERE id = $1
postgres-1       | 2026-10-07 20:19:45.274 UTC [1374] ERROR:  new row for relation "project_database_backups" violates check constraint "project_database_backups_restore_failure_shape"
postgres-1       | 2026-10-07 20:19:45.274 UTC [1374] STATEMENT:  UPDATE project_database_backups SET restore_error_code = 'RESTORE_FAILED'
postgres-1       | 	             WHERE id = $1
postgres-1       | 2026-10-07 20:19:45.278 UTC [1374] ERROR:  permission denied for table project_database_backup_schedules
postgres-1       | 2026-10-07 20:19:45.278 UTC [1374] STATEMENT:  UPDATE project_database_backup_schedules SET enabled = false WHERE project_id = $1
certification-1  |  [32m✓[39m tests/postgres.integration.test.ts [2m([22m[2m80 tests[22m[2m)[22m[33m 46840[2mms[22m[39m
certification-1  |      [33m[2m✓[22m[39m finds the suspected missing index, the unused index, the bloat and the missing sample in real statistics (2.40) [33m 12487[2mms[22m[39m
certification-1  |      [33m[2m✓[22m[39m (2.52) refuses a usable session without the second factor when the project requires it [33m 403[2mms[22m[39m
certification-1  |      [33m[2m✓[22m[39m (2.56) refuses the login attempt that crosses the limit and lets the next window through [33m 937[2mms[22m[39m
certification-1  |      [33m[2m✓[22m[39m (2.60) refuses a known leaked password at sign-up when the project requires it [33m 423[2mms[22m[39m
certification-1  |      [33m[2m✓[22m[39m (2.67) shows what a query costs in the console without showing the query [33m 1241[2mms[22m[39m
certification-1  |      [33m[2m✓[22m[39m (2.53) delivers a table change through the running bridge process [33m 4629[2mms[22m[39m
certification-1  |      [33m[2m✓[22m[39m (2.64) forwards through the running collector process and continues after a restart [33m 4588[2mms[22m[39m
certification-1  |      [33m[2m✓[22m[39m (2.69) explains a real query plan without executing the query [33m 7846[2mms[22m[39m
certification-1  |      [33m[2m✓[22m[39m (2.70) reports the state of the real database from counters that really move [33m 1163[2mms[22m[39m
certification-1  |      [33m[2m✓[22m[39m (2.77) calls the auth hooks of a real sign-in and refuses one that wants a reserved claim [33m 897[2mms[22m[39m
certification-1  |      [33m[2m✓[22m[39m (2.85) does not forward the same audit row again after a restart when the database sets the microseconds [33m 1450[2mms[22m[39m
certification-1  |      [33m[2m✓[22m[39m (2.82) issues an OAuth code with PKCE, redeems it once, reads with the token under row security and refuses replay, a wrong verifier, a foreign return target and an ungranted scope [33m 305[2mms[22m[39m
certification-1  |      [33m[2m✓[22m[39m (2.103) opens exactly the tools each new scope names against the real database, keeps the tenant boundary, reaches no worker lease operation through queues:write and throws for a tool name without an entry [33m 420[2mms[22m[39m
certification-1  |      [33m[2m✓[22m[39m (2.116) gives storage:write one deleting tool and no upload, runs it as the consenting user under the write policy of the bucket, keeps a foreign object in an owner bucket and gives the operator role only to the local bearer [33m 401[2mms[22m[39m
certification-1  |      [33m[2m✓[22m[39m (2.117) runs the free query under row level security as the consenting user, gives each user exactly their own rows, keeps a table without row level security unreachable over OAuth and answers the schema list with the readable surface only [33m 504[2mms[22m[39m
certification-1  |      [33m[2m✓[22m[39m (2.92) records a consent as one row, issues a token on it, revokes exactly that consent so the token stops working while the row stays, and refuses a scope nobody consented to [33m 318[2mms[22m[39m
certification-1  |      [33m[2m✓[22m[39m (2.122) cuts a trace at its own expiry and never at the outcome of its message, keeps it when the message is already pruned, never shorter than the queue retention, and stops at sixty-four stations [33m 738[2mms[22m[39m
certification-1  | 
certification-1  | [2m Test Files [22m [1m[32m31 passed[39m[22m[90m (31)[39m
certification-1  | [2m      Tests [22m [1m[32m262 passed[39m[22m[90m (262)[39m
certification-1  | [2m   Start at [22m 20:18:41
certification-1  | [2m   Duration [22m 63.68s[2m (transform 70.64s, setup 0ms, import 107.55s, tests 201.72s, environment 26ms)[22m
certification-1  | 
[Kcertification-1 exited with code 0
 Compose Stopping Aborting on container exit...
 Container qkern-slice-workers-certification-1 Stopping 
 Container qkern-slice-workers-certification-1 Stopped 
 Container qkern-slice-workers-postgres-1 Stopping 
 Container qkern-slice-workers-vault-1 Stopping 
postgres-1       | 2026-10-07 20:19:46.489 UTC [1] LOG:  received fast shutdown request
postgres-1       | 2026-10-07 20:19:46.489 UTC [1] LOG:  aborting any active transactions
vault-1          | ==> Vault shutdown triggered
vault-1          | 2026-10-07T20:19:46.490Z [INFO]  core: marked as sealed
vault-1          | 2026-10-07T20:19:46.491Z [INFO]  core: pre-seal teardown starting
vault-1          | 2026-10-07T20:19:46.493Z [INFO]  rollback: stopping rollback manager
vault-1          | 2026-10-07T20:19:46.495Z [INFO]  core: pre-seal teardown complete
postgres-1       | 2026-10-07 20:19:46.495 UTC [1] LOG:  background worker "logical replication launcher" (PID 350) exited with exit code 1
vault-1          | 2026-10-07T20:19:46.495Z [INFO]  core: stopping cluster listeners
vault-1          | 2026-10-07T20:19:46.495Z [INFO]  core.cluster-listener: forwarding rpc listeners stopped
postgres-1       | 2026-10-07 20:19:46.496 UTC [345] LOG:  shutting down
postgres-1       | 2026-10-07 20:19:46.496 UTC [345] LOG:  checkpoint starting: shutdown immediate
postgres-1       | 2026-10-07 20:19:46.505 UTC [345] LOG:  checkpoint complete: wrote 672 buffers (4.1%); 0 WAL file(s) added, 0 removed, 0 recycled; write=0.009 s, sync=0.001 s, total=0.010 s; sync files=366, longest=0.001 s, average=0.000 s; distance=3387 kB, estimate=23658 kB; lsn=0/6B05588, redo lsn=0/6B05588
postgres-1       | 2026-10-07 20:19:46.523 UTC [1] LOG:  database system is shut down
 Container qkern-slice-workers-postgres-1 Stopped 
[Kpostgres-1 exited with code 0
vault-1          | 2026-10-07T20:19:46.807Z [INFO]  core.cluster-listener: rpc listeners successfully shut down
vault-1          | 2026-10-07T20:19:46.807Z [INFO]  core: cluster listeners successfully shut down
vault-1          | 2026-10-07T20:19:46.808Z [INFO]  core: vault is sealed
 Container qkern-slice-workers-vault-1 Stopped 
[Kvault-1 exited with code 0
 Container qkern-slice-workers-certification-1 Stopping 
 Container qkern-slice-workers-certification-1 Stopped 
 Container qkern-slice-workers-certification-1 Removing 
 Container qkern-slice-workers-certification-1 Removed 
 Container qkern-slice-workers-postgres-1 Stopping 
 Container qkern-slice-workers-vault-1 Stopping 
 Container qkern-slice-workers-postgres-1 Stopped 
 Container qkern-slice-workers-postgres-1 Removing 
 Container qkern-slice-workers-vault-1 Stopped 
 Container qkern-slice-workers-vault-1 Removing 
 Container qkern-slice-workers-vault-1 Removed 
 Container qkern-slice-workers-postgres-1 Removed 
 Network qkern-slice-workers_default Removing 
 Network qkern-slice-workers_default Removed 
EXIT=0
EXIT=0
