
> qkern-platform@2.69.0 test:postgres:docker
> node scripts/postgres-certification.mjs

 Network qkern-slice-fns_default Creating 
 Network qkern-slice-fns_default Created 
 Container qkern-slice-fns-postgres-1 Creating 
 Container qkern-slice-fns-vault-1 Creating 
 Container qkern-slice-fns-postgres-1 Created 
 Container qkern-slice-fns-vault-1 Created 
 Container qkern-slice-fns-certification-1 Creating 
 Container qkern-slice-fns-certification-1 Created 
Attaching to certification-1, postgres-1, vault-1
 Container qkern-slice-fns-vault-1 Starting 
 Container qkern-slice-fns-postgres-1 Starting 
 Container qkern-slice-fns-vault-1 Started 
 Container qkern-slice-fns-postgres-1 Started 
 Container qkern-slice-fns-vault-1 Waiting 
 Container qkern-slice-fns-postgres-1 Waiting 
postgres-1  | The files belonging to this database system will be owned by user "postgres".
postgres-1  | This user must also own the server process.
postgres-1  | 
postgres-1  | The database cluster will be initialized with locale "en_US.utf8".
postgres-1  | The default database encoding has accordingly been set to "UTF8".
postgres-1  | The default text search configuration will be set to "english".
postgres-1  | 
postgres-1  | Data page checksums are disabled.
postgres-1  | 
postgres-1  | fixing permissions on existing directory /var/lib/postgresql/data ... ok
postgres-1  | creating subdirectories ... ok
postgres-1  | selecting dynamic shared memory implementation ... posix
postgres-1  | selecting default "max_connections" ... 100
postgres-1  | selecting default "shared_buffers" ... 128MB
postgres-1  | selecting default time zone ... UTC
postgres-1  | creating configuration files ... ok
postgres-1  | running bootstrap script ... ok
postgres-1  | sh: locale: not found
postgres-1  | 2026-09-30 22:44:47.295 UTC [37] WARNING:  no usable system locales were found
postgres-1  | performing post-bootstrap initialization ... ok
postgres-1  | syncing data to disk ... ok
postgres-1  | 
postgres-1  | 
postgres-1  | Success. You can now start the database server using:
postgres-1  | 
postgres-1  |     pg_ctl -D /var/lib/postgresql/data -l logfile start
postgres-1  | 
postgres-1  | initdb: warning: enabling "trust" authentication for local connections
postgres-1  | initdb: hint: You can change this by editing pg_hba.conf or using the option -A, or --auth-local and --auth-host, the next time you run initdb.
postgres-1  | waiting for server to start....2026-09-30 22:44:49.347 UTC [51] LOG:  starting PostgreSQL 17.10 on x86_64-pc-linux-musl, compiled by gcc (Alpine 15.2.0) 15.2.0, 64-bit
postgres-1  | 2026-09-30 22:44:49.357 UTC [51] LOG:  listening on Unix socket "/var/run/postgresql/.s.PGSQL.5432"
postgres-1  | 2026-09-30 22:44:49.375 UTC [54] LOG:  database system was shut down at 2026-09-30 22:44:49 UTC
postgres-1  | 2026-09-30 22:44:49.398 UTC [51] LOG:  database system is ready to accept connections
postgres-1  |  done
postgres-1  | server started
postgres-1  | CREATE DATABASE
postgres-1  | 
postgres-1  | 
postgres-1  | /usr/local/bin/docker-entrypoint.sh: running /docker-entrypoint-initdb.d/000-certification-init.sh
postgres-1  | certification-init: applying 0001_control_plane.sql
postgres-1  | CREATE EXTENSION
postgres-1  | CREATE TYPE
postgres-1  | CREATE TYPE
postgres-1  | CREATE TABLE
postgres-1  | CREATE TABLE
postgres-1  | CREATE TABLE
postgres-1  | CREATE TABLE
postgres-1  | CREATE INDEX
postgres-1  | CREATE TABLE
postgres-1  | CREATE TABLE
postgres-1  | CREATE INDEX
postgres-1  | CREATE TABLE
postgres-1  | CREATE INDEX
postgres-1  | CREATE TABLE
postgres-1  | CREATE TABLE
postgres-1  | CREATE INDEX
postgres-1  | ALTER TABLE
postgres-1  | ALTER TABLE
postgres-1  | ALTER TABLE
postgres-1  | ALTER TABLE
postgres-1  | ALTER TABLE
postgres-1  | CREATE POLICY
postgres-1  | CREATE POLICY
postgres-1  | CREATE POLICY
postgres-1  | CREATE POLICY
postgres-1  | CREATE POLICY
postgres-1  | certification-init: applying 0002_repository_hardening.sql
postgres-1  | BEGIN
postgres-1  | CREATE FUNCTION
postgres-1  | ALTER TABLE
postgres-1  | ALTER TABLE
postgres-1  | ALTER TABLE
postgres-1  | ALTER TABLE
postgres-1  | ALTER TABLE
postgres-1  | ALTER TABLE
postgres-1  | UPDATE 0
postgres-1  | ALTER TABLE
postgres-1  | CREATE INDEX
postgres-1  | CREATE INDEX
postgres-1  | CREATE FUNCTION
postgres-1  | CREATE TRIGGER
postgres-1  | CREATE TRIGGER
postgres-1  | CREATE TRIGGER
postgres-1  | CREATE FUNCTION
postgres-1  | CREATE FUNCTION
postgres-1  | CREATE TRIGGER
postgres-1  | CREATE TRIGGER
postgres-1  | ALTER TABLE
postgres-1  | ALTER TABLE
postgres-1  | ALTER TABLE
postgres-1  | ALTER TABLE
postgres-1  | ALTER TABLE
postgres-1  | ALTER TABLE
postgres-1  | ALTER TABLE
postgres-1  | ALTER TABLE
postgres-1  | ALTER TABLE
postgres-1  | ALTER TABLE
postgres-1  | ALTER TABLE
postgres-1  | ALTER TABLE
postgres-1  | ALTER TABLE
postgres-1  | ALTER TABLE
postgres-1  | ALTER TABLE
postgres-1  | ALTER TABLE
postgres-1  | DROP POLICY
postgres-1  | DROP POLICY
postgres-1  | DROP POLICY
postgres-1  | DROP POLICY
postgres-1  | DROP POLICY
postgres-1  | CREATE POLICY
postgres-1  | CREATE POLICY
postgres-1  | CREATE POLICY
postgres-1  | CREATE POLICY
postgres-1  | CREATE POLICY
postgres-1  | CREATE POLICY
postgres-1  | CREATE POLICY
postgres-1  | CREATE POLICY
postgres-1  | CREATE POLICY
postgres-1  | CREATE POLICY
postgres-1  | CREATE POLICY
postgres-1  | CREATE POLICY
postgres-1  | CREATE POLICY
postgres-1  | CREATE POLICY
postgres-1  | CREATE POLICY
postgres-1  | CREATE POLICY
postgres-1  | CREATE POLICY
postgres-1  | CREATE POLICY
postgres-1  | CREATE POLICY
postgres-1  | CREATE POLICY
postgres-1  | CREATE POLICY
postgres-1  | CREATE POLICY
postgres-1  | CREATE POLICY
postgres-1  | CREATE POLICY
postgres-1  | DO
postgres-1  | REVOKE
postgres-1  | GRANT
postgres-1  | GRANT
postgres-1  | GRANT
postgres-1  | GRANT
postgres-1  | GRANT
postgres-1  | GRANT
postgres-1  | GRANT
postgres-1  | GRANT
postgres-1  | GRANT
postgres-1  | GRANT
postgres-1  | GRANT
postgres-1  | GRANT
postgres-1  | GRANT
postgres-1  | COMMIT
postgres-1  | certification-init: applying 0003_auth_and_memberships.sql
postgres-1  | BEGIN
postgres-1  | ALTER TABLE
postgres-1  | ALTER TABLE
postgres-1  | UPDATE 0
postgres-1  | ALTER TABLE
postgres-1  | CREATE INDEX
postgres-1  | CREATE TRIGGER
postgres-1  | CREATE TABLE
postgres-1  | CREATE INDEX
postgres-1  | CREATE INDEX
postgres-1  | CREATE FUNCTION
postgres-1  | DO
postgres-1  | REVOKE
postgres-1  | REVOKE
postgres-1  | GRANT
postgres-1  | GRANT
postgres-1  | GRANT
postgres-1  | GRANT
postgres-1  | COMMIT
postgres-1  | certification-init: applying 0004_artifact_and_workspace_integrity.sql
postgres-1  | BEGIN
postgres-1  | ALTER TABLE
postgres-1  | CREATE INDEX
postgres-1  | ALTER TABLE
postgres-1  | ALTER TABLE
postgres-1  | ALTER TABLE
postgres-1  | CREATE FUNCTION
postgres-1  | CREATE TRIGGER
postgres-1  | CREATE FUNCTION
postgres-1  | CREATE TRIGGER
postgres-1  | REVOKE
postgres-1  | GRANT
postgres-1  | REVOKE
postgres-1  | GRANT
postgres-1  | GRANT
postgres-1  | GRANT
postgres-1  | COMMIT
postgres-1  | certification-init: applying 0005_migration_apply_queue.sql
postgres-1  | BEGIN
postgres-1  | CREATE TYPE
postgres-1  | CREATE TYPE
postgres-1  | CREATE TABLE
postgres-1  | CREATE INDEX
postgres-1  | CREATE INDEX
postgres-1  | CREATE TABLE
postgres-1  | CREATE INDEX
postgres-1  | CREATE TRIGGER
postgres-1  | CREATE TRIGGER
postgres-1  | CREATE FUNCTION
postgres-1  | CREATE TRIGGER
postgres-1  | CREATE FUNCTION
postgres-1  | CREATE TRIGGER
postgres-1  | ALTER TABLE
postgres-1  | ALTER TABLE
postgres-1  | ALTER TABLE
postgres-1  | ALTER TABLE
postgres-1  | CREATE POLICY
postgres-1  | CREATE POLICY
postgres-1  | CREATE POLICY
postgres-1  | CREATE POLICY
postgres-1  | CREATE POLICY
postgres-1  | CREATE POLICY
postgres-1  | REVOKE
postgres-1  | REVOKE
postgres-1  | REVOKE
postgres-1  | GRANT
postgres-1  | GRANT
postgres-1  | GRANT
postgres-1  | GRANT
postgres-1  | GRANT
postgres-1  | GRANT
postgres-1  | GRANT
postgres-1  | GRANT
postgres-1  | GRANT
postgres-1  | COMMIT
postgres-1  | certification-init: applying 0006_worker_runtime_boundary.sql
postgres-1  | BEGIN
postgres-1  | DO
postgres-1  | ALTER TABLE
postgres-1  | ALTER TABLE
postgres-1  | UPDATE 0
postgres-1  | ALTER TABLE
postgres-1  | REVOKE
postgres-1  | REVOKE
postgres-1  | REVOKE
postgres-1  | GRANT
postgres-1  | REVOKE
postgres-1  | REVOKE
postgres-1  | GRANT
postgres-1  | GRANT
postgres-1  | GRANT
postgres-1  | GRANT
postgres-1  | GRANT
postgres-1  | GRANT
postgres-1  | GRANT
postgres-1  | GRANT
postgres-1  | GRANT
postgres-1  | GRANT
postgres-1  | GRANT
postgres-1  | COMMIT
postgres-1  | certification-init: applying 0007_migration_claim_sequence.sql
postgres-1  | BEGIN
postgres-1  | ALTER TABLE
postgres-1  | REVOKE
postgres-1  | GRANT
postgres-1  | COMMIT
postgres-1  | certification-init: applying 0008_migration_reconciliation_quarantine.sql
postgres-1  | ALTER TYPE
postgres-1  | BEGIN
postgres-1  | ALTER TABLE
postgres-1  | REVOKE
postgres-1  | GRANT
postgres-1  | COMMIT
postgres-1  | certification-init: applying 0009_migration_review_commands.sql
postgres-1  | BEGIN
postgres-1  | CREATE TYPE
postgres-1  | ALTER TABLE
postgres-1  | CREATE TABLE
postgres-1  | CREATE INDEX
postgres-1  | CREATE INDEX
postgres-1  | CREATE TRIGGER
postgres-1  | ALTER TABLE
postgres-1  | ALTER TABLE
postgres-1  | CREATE POLICY
postgres-1  | CREATE POLICY
postgres-1  | CREATE POLICY
postgres-1  | REVOKE
postgres-1  | GRANT
postgres-1  | GRANT
postgres-1  | GRANT
postgres-1  | GRANT
postgres-1  | REVOKE
postgres-1  | GRANT
postgres-1  | COMMIT
postgres-1  | certification-init: applying 0010_migration_incident_escalations.sql
postgres-1  | BEGIN
postgres-1  | CREATE TYPE
postgres-1  | CREATE TYPE
postgres-1  | CREATE TABLE
postgres-1  | CREATE INDEX
postgres-1  | CREATE INDEX
postgres-1  | CREATE TRIGGER
postgres-1  | CREATE FUNCTION
postgres-1  | CREATE TRIGGER
postgres-1  | ALTER TABLE
postgres-1  | ALTER TABLE
postgres-1  | CREATE POLICY
postgres-1  | CREATE POLICY
postgres-1  | CREATE POLICY
postgres-1  | REVOKE
postgres-1  | REVOKE
postgres-1  | GRANT
postgres-1  | GRANT
postgres-1  | GRANT
postgres-1  | GRANT
postgres-1  | GRANT
postgres-1  | COMMIT
postgres-1  | certification-init: applying 0011_migration_incident_outbox.sql
postgres-1  | BEGIN
postgres-1  | CREATE TABLE
postgres-1  | CREATE INDEX
postgres-1  | CREATE TRIGGER
postgres-1  | INSERT 0 0
postgres-1  | ALTER TABLE
postgres-1  | ALTER TABLE
postgres-1  | CREATE POLICY
postgres-1  | CREATE POLICY
postgres-1  | CREATE POLICY
postgres-1  | REVOKE
postgres-1  | GRANT
postgres-1  | GRANT
postgres-1  | GRANT
postgres-1  | COMMIT
postgres-1  | certification-init: applying 0012_migration_incident_dead_letters.sql
postgres-1  | ALTER TYPE
postgres-1  | BEGIN
postgres-1  | ALTER TABLE
postgres-1  | CREATE INDEX
postgres-1  | CREATE TYPE
postgres-1  | CREATE TABLE
postgres-1  | CREATE INDEX
postgres-1  | CREATE INDEX
postgres-1  | CREATE TRIGGER
postgres-1  | CREATE FUNCTION
postgres-1  | CREATE TRIGGER
postgres-1  | ALTER TABLE
postgres-1  | ALTER TABLE
postgres-1  | CREATE POLICY
postgres-1  | CREATE POLICY
postgres-1  | CREATE POLICY
postgres-1  | REVOKE
postgres-1  | REVOKE
postgres-1  | GRANT
postgres-1  | GRANT
postgres-1  | GRANT
postgres-1  | GRANT
postgres-1  | GRANT
postgres-1  | COMMIT
postgres-1  | certification-init: applying 0013_migration_incident_delivery_health.sql
postgres-1  | BEGIN
postgres-1  | CREATE FUNCTION
postgres-1  | REVOKE
postgres-1  | GRANT
postgres-1  | COMMIT
postgres-1  | certification-init: applying 0014_migration_incident_delivery_visibility.sql
postgres-1  | BEGIN
postgres-1  | REVOKE
postgres-1  | DROP FUNCTION
postgres-1  | CREATE FUNCTION
postgres-1  | CREATE FUNCTION
postgres-1  | REVOKE
postgres-1  | REVOKE
postgres-1  | GRANT
postgres-1  | GRANT
postgres-1  | COMMIT
postgres-1  | certification-init: applying 0015_migration_incident_delivery_failure_classification.sql
postgres-1  | BEGIN
postgres-1  | ALTER TABLE
postgres-1  | REVOKE
postgres-1  | DROP FUNCTION
postgres-1  | CREATE FUNCTION
postgres-1  | REVOKE
postgres-1  | GRANT
postgres-1  | COMMIT
postgres-1  | certification-init: applying 0016_migration_incident_delivery_recovery_binding.sql
postgres-1  | BEGIN
postgres-1  | ALTER TABLE
postgres-1  | LOCK TABLE
postgres-1  | UPDATE 0
postgres-1  | UPDATE 0
postgres-1  | ALTER TABLE
postgres-1  | CREATE FUNCTION
postgres-1  | REVOKE
postgres-1  | GRANT
postgres-1  | COMMIT
postgres-1  | certification-init: applying 0017_migration_incident_verified_resolution.sql
postgres-1  | ALTER TYPE
postgres-1  | BEGIN
postgres-1  | CREATE TYPE
postgres-1  | CREATE TYPE
postgres-1  | CREATE TYPE
postgres-1  | ALTER TABLE
postgres-1  | CREATE TABLE
postgres-1  | CREATE INDEX
postgres-1  | CREATE INDEX
postgres-1  | CREATE TRIGGER
postgres-1  | CREATE FUNCTION
postgres-1  | CREATE FUNCTION
postgres-1  | CREATE FUNCTION
postgres-1  | CREATE TRIGGER
postgres-1  | ALTER TABLE
postgres-1  | ALTER TABLE
postgres-1  | CREATE POLICY
postgres-1  | CREATE POLICY
postgres-1  | CREATE POLICY
postgres-1  | REVOKE
postgres-1  | REVOKE
postgres-1  | GRANT
postgres-1  | GRANT
postgres-1  | GRANT
postgres-1  | GRANT
postgres-1  | GRANT
postgres-1  | COMMIT
postgres-1  | certification-init: applying 0018_migration_incident_delivery_recovery_generation.sql
postgres-1  | BEGIN
postgres-1  | ALTER TABLE
postgres-1  | LOCK TABLE
postgres-1  | UPDATE 0
postgres-1  | UPDATE 0
postgres-1  | ALTER TABLE
postgres-1  | ALTER TABLE
postgres-1  | CREATE FUNCTION
postgres-1  | REVOKE
postgres-1  | GRANT
postgres-1  | COMMIT
postgres-1  | certification-init: applying 0019_migration_apply_delivery_resilience.sql
postgres-1  | BEGIN
postgres-1  | ALTER TABLE
postgres-1  | CREATE INDEX
postgres-1  | CREATE TYPE
postgres-1  | CREATE TABLE
postgres-1  | CREATE INDEX
postgres-1  | CREATE INDEX
postgres-1  | CREATE TRIGGER
postgres-1  | CREATE FUNCTION
postgres-1  | CREATE TRIGGER
postgres-1  | ALTER TABLE
postgres-1  | ALTER TABLE
postgres-1  | CREATE POLICY
postgres-1  | CREATE POLICY
postgres-1  | CREATE POLICY
postgres-1  | CREATE FUNCTION
postgres-1  | CREATE FUNCTION
postgres-1  | REVOKE
postgres-1  | REVOKE
postgres-1  | REVOKE
postgres-1  | REVOKE
postgres-1  | REVOKE
postgres-1  | GRANT
postgres-1  | GRANT
postgres-1  | GRANT
postgres-1  | GRANT
postgres-1  | GRANT
postgres-1  | GRANT
postgres-1  | GRANT
postgres-1  | COMMIT
postgres-1  | certification-init: applying 0020_project_database_provisioning.sql
postgres-1  | BEGIN
postgres-1  | DO
postgres-1  | CREATE TYPE
postgres-1  | CREATE TABLE
postgres-1  | CREATE TABLE
postgres-1  | ALTER TABLE
postgres-1  | CREATE INDEX
postgres-1  | CREATE TRIGGER
postgres-1  | ALTER TABLE
postgres-1  | ALTER TABLE
postgres-1  | ALTER TABLE
postgres-1  | ALTER TABLE
postgres-1  | CREATE POLICY
postgres-1  | CREATE POLICY
postgres-1  | CREATE FUNCTION
postgres-1  | CREATE FUNCTION
postgres-1  | REVOKE
postgres-1  | REVOKE
postgres-1  | REVOKE
postgres-1  | REVOKE
postgres-1  | REVOKE
postgres-1  | GRANT
postgres-1  | GRANT
postgres-1  | GRANT
postgres-1  | GRANT
postgres-1  | GRANT
postgres-1  | GRANT
postgres-1  | GRANT
postgres-1  | GRANT
postgres-1  | GRANT
postgres-1  | GRANT
postgres-1  | GRANT
postgres-1  | GRANT
postgres-1  | GRANT
postgres-1  | GRANT
postgres-1  | GRANT
postgres-1  | COMMIT
postgres-1  | certification-init: applying 0021_project_database_provisioning_health.sql
postgres-1  | BEGIN
postgres-1  | CREATE TABLE
postgres-1  | CREATE INDEX
postgres-1  | ALTER TABLE
postgres-1  | ALTER TABLE
postgres-1  | CREATE POLICY
postgres-1  | CREATE FUNCTION
postgres-1  | REVOKE
postgres-1  | REVOKE
postgres-1  | GRANT
postgres-1  | GRANT
postgres-1  | GRANT
postgres-1  | COMMIT
postgres-1  | certification-init: applying 0022_project_automation_policies.sql
postgres-1  | BEGIN
postgres-1  | CREATE TABLE
postgres-1  | ALTER TABLE
postgres-1  | UPDATE 0
postgres-1  | ALTER TABLE
postgres-1  | ALTER TABLE
postgres-1  | ALTER TABLE
postgres-1  | CREATE POLICY
postgres-1  | CREATE POLICY
postgres-1  | CREATE POLICY
postgres-1  | REVOKE
postgres-1  | GRANT
postgres-1  | GRANT
postgres-1  | COMMIT
postgres-1  | certification-init: applying 0023_project_api_keys.sql
postgres-1  | BEGIN
postgres-1  | CREATE TABLE
postgres-1  | CREATE INDEX
postgres-1  | CREATE INDEX
postgres-1  | CREATE FUNCTION
postgres-1  | CREATE TRIGGER
postgres-1  | ALTER TABLE
postgres-1  | CREATE POLICY
postgres-1  | CREATE POLICY
postgres-1  | CREATE POLICY
postgres-1  | CREATE FUNCTION
postgres-1  | REVOKE
postgres-1  | REVOKE
postgres-1  | REVOKE
postgres-1  | GRANT
postgres-1  | GRANT
postgres-1  | GRANT
postgres-1  | GRANT
postgres-1  | COMMIT
postgres-1  | certification-init: applying 0024_project_auth.sql
postgres-1  | BEGIN
postgres-1  | CREATE TABLE
postgres-1  | CREATE INDEX
postgres-1  | CREATE TABLE
postgres-1  | CREATE INDEX
postgres-1  | CREATE INDEX
postgres-1  | CREATE TABLE
postgres-1  | CREATE INDEX
postgres-1  | CREATE TABLE
postgres-1  | CREATE TABLE
postgres-1  | CREATE FUNCTION
postgres-1  | CREATE TRIGGER
postgres-1  | CREATE TRIGGER
postgres-1  | CREATE TRIGGER
postgres-1  | CREATE TRIGGER
postgres-1  | CREATE TRIGGER
postgres-1  | REVOKE
postgres-1  | REVOKE
postgres-1  | GRANT
postgres-1  | GRANT
postgres-1  | GRANT
postgres-1  | GRANT
postgres-1  | GRANT
postgres-1  | GRANT
postgres-1  | GRANT
postgres-1  | GRANT
postgres-1  | GRANT
postgres-1  | COMMIT
postgres-1  | certification-init: applying 0025_project_storage.sql
postgres-1  | BEGIN
postgres-1  | CREATE TABLE
postgres-1  | CREATE INDEX
postgres-1  | CREATE TABLE
postgres-1  | CREATE INDEX
postgres-1  | CREATE INDEX
postgres-1  | CREATE INDEX
postgres-1  | CREATE TABLE
postgres-1  | CREATE INDEX
postgres-1  | CREATE INDEX
postgres-1  | CREATE FUNCTION
postgres-1  | CREATE FUNCTION
postgres-1  | CREATE FUNCTION
postgres-1  | CREATE TRIGGER
postgres-1  | CREATE TRIGGER
postgres-1  | CREATE TRIGGER
postgres-1  | ALTER TABLE
postgres-1  | ALTER TABLE
postgres-1  | ALTER TABLE
postgres-1  | CREATE POLICY
postgres-1  | CREATE POLICY
postgres-1  | CREATE POLICY
postgres-1  | CREATE POLICY
postgres-1  | CREATE POLICY
postgres-1  | CREATE POLICY
postgres-1  | CREATE POLICY
postgres-1  | CREATE POLICY
postgres-1  | CREATE POLICY
postgres-1  | CREATE POLICY
postgres-1  | REVOKE
postgres-1  | REVOKE
postgres-1  | REVOKE
postgres-1  | REVOKE
postgres-1  | GRANT
postgres-1  | GRANT
postgres-1  | GRANT
postgres-1  | GRANT
postgres-1  | GRANT
postgres-1  | GRANT
postgres-1  | GRANT
postgres-1  | GRANT
postgres-1  | GRANT
postgres-1  | COMMIT
postgres-1  | certification-init: applying 0026_project_queues.sql
postgres-1  | BEGIN
postgres-1  | CREATE TABLE
postgres-1  | CREATE INDEX
postgres-1  | CREATE TABLE
postgres-1  | CREATE INDEX
postgres-1  | CREATE INDEX
postgres-1  | CREATE INDEX
postgres-1  | CREATE INDEX
postgres-1  | CREATE INDEX
postgres-1  | CREATE FUNCTION
postgres-1  | CREATE FUNCTION
postgres-1  | CREATE FUNCTION
postgres-1  | CREATE TRIGGER
postgres-1  | CREATE TRIGGER
postgres-1  | CREATE TRIGGER
postgres-1  | ALTER TABLE
postgres-1  | ALTER TABLE
postgres-1  | CREATE POLICY
postgres-1  | CREATE POLICY
postgres-1  | CREATE POLICY
postgres-1  | CREATE POLICY
postgres-1  | CREATE POLICY
postgres-1  | CREATE POLICY
postgres-1  | REVOKE
postgres-1  | REVOKE
postgres-1  | REVOKE
postgres-1  | REVOKE
postgres-1  | GRANT
postgres-1  | GRANT
postgres-1  | GRANT
postgres-1  | GRANT
postgres-1  | GRANT
postgres-1  | GRANT
postgres-1  | COMMIT
postgres-1  | certification-init: applying 0027_project_queue_dead_letter_replay.sql
postgres-1  | BEGIN
postgres-1  | ALTER TABLE
postgres-1  | CREATE INDEX
postgres-1  | CREATE INDEX
postgres-1  | CREATE FUNCTION
postgres-1  | CREATE TRIGGER
postgres-1  | REVOKE
postgres-1  | GRANT
postgres-1  | COMMIT
postgres-1  | certification-init: applying 0028_usage_metering.sql
postgres-1  | BEGIN
postgres-1  | CREATE TABLE
postgres-1  | CREATE TABLE
postgres-1  | CREATE TABLE
postgres-1  | CREATE INDEX
postgres-1  | CREATE INDEX
postgres-1  | CREATE FUNCTION
postgres-1  | CREATE FUNCTION
postgres-1  | CREATE FUNCTION
postgres-1  | CREATE TRIGGER
postgres-1  | CREATE TRIGGER
postgres-1  | CREATE TRIGGER
postgres-1  | ALTER TABLE
postgres-1  | ALTER TABLE
postgres-1  | ALTER TABLE
postgres-1  | CREATE POLICY
postgres-1  | CREATE POLICY
postgres-1  | CREATE POLICY
postgres-1  | CREATE POLICY
postgres-1  | CREATE POLICY
postgres-1  | CREATE POLICY
postgres-1  | CREATE POLICY
postgres-1  | CREATE POLICY
postgres-1  | REVOKE
postgres-1  | REVOKE
postgres-1  | REVOKE
postgres-1  | REVOKE
postgres-1  | GRANT
postgres-1  | GRANT
postgres-1  | GRANT
postgres-1  | GRANT
postgres-1  | GRANT
postgres-1  | GRANT
postgres-1  | GRANT
postgres-1  | GRANT
postgres-1  | COMMIT
postgres-1  | certification-init: applying 0029_project_queue_definition_row_lock.sql
postgres-1  | GRANT
postgres-1  | CREATE POLICY
postgres-1  | certification-init: applying 0030_realtime_event_log.sql
postgres-1  | CREATE TABLE
postgres-1  | CREATE TABLE
postgres-1  | CREATE INDEX
postgres-1  | CREATE INDEX
postgres-1  | CREATE FUNCTION
postgres-1  | CREATE TRIGGER
postgres-1  | ALTER TABLE
postgres-1  | ALTER TABLE
postgres-1  | CREATE POLICY
postgres-1  | CREATE POLICY
postgres-1  | CREATE POLICY
postgres-1  | CREATE POLICY
postgres-1  | CREATE POLICY
postgres-1  | CREATE POLICY
postgres-1  | REVOKE
postgres-1  | REVOKE
postgres-1  | GRANT
postgres-1  | GRANT
postgres-1  | GRANT
postgres-1  | GRANT
postgres-1  | certification-init: applying 0031_project_cron.sql
postgres-1  | CREATE TABLE
postgres-1  | CREATE INDEX
postgres-1  | CREATE FUNCTION
postgres-1  | CREATE TRIGGER
postgres-1  | ALTER TABLE
postgres-1  | CREATE POLICY
postgres-1  | CREATE POLICY
postgres-1  | CREATE POLICY
postgres-1  | CREATE POLICY
postgres-1  | REVOKE
postgres-1  | REVOKE
postgres-1  | GRANT
postgres-1  | GRANT
postgres-1  | GRANT
postgres-1  | certification-init: applying 0032_project_webhooks.sql
postgres-1  | CREATE TABLE
postgres-1  | CREATE TABLE
postgres-1  | CREATE INDEX
postgres-1  | CREATE INDEX
postgres-1  | CREATE FUNCTION
postgres-1  | CREATE TRIGGER
postgres-1  | ALTER TABLE
postgres-1  | ALTER TABLE
postgres-1  | CREATE POLICY
postgres-1  | CREATE POLICY
postgres-1  | CREATE POLICY
postgres-1  | CREATE POLICY
postgres-1  | CREATE POLICY
postgres-1  | CREATE POLICY
postgres-1  | CREATE POLICY
postgres-1  | REVOKE
postgres-1  | REVOKE
postgres-1  | GRANT
postgres-1  | GRANT
postgres-1  | CREATE POLICY
postgres-1  | GRANT
postgres-1  | GRANT
postgres-1  | GRANT
postgres-1  | certification-init: applying 0033_project_functions.sql
postgres-1  | CREATE TABLE
postgres-1  | CREATE INDEX
postgres-1  | CREATE FUNCTION
postgres-1  | CREATE TRIGGER
postgres-1  | ALTER TABLE
postgres-1  | CREATE POLICY
postgres-1  | CREATE POLICY
postgres-1  | CREATE POLICY
postgres-1  | CREATE POLICY
postgres-1  | REVOKE
postgres-1  | REVOKE
postgres-1  | GRANT
postgres-1  | GRANT
postgres-1  | GRANT
postgres-1  | certification-init: applying 0034_project_functions_registry.sql
postgres-1  | ALTER TABLE
postgres-1  | ALTER TABLE
postgres-1  | certification-init: applying 0035_project_function_slots.sql
postgres-1  | CREATE TABLE
postgres-1  | CREATE INDEX
postgres-1  | CREATE FUNCTION
postgres-1  | CREATE TRIGGER
postgres-1  | ALTER TABLE
postgres-1  | CREATE POLICY
postgres-1  | CREATE POLICY
postgres-1  | CREATE POLICY
postgres-1  | REVOKE
postgres-1  | REVOKE
postgres-1  | GRANT
postgres-1  | GRANT
postgres-1  | certification-init: applying 0036_provisioner_heartbeat_upsert_grant.sql
postgres-1  | BEGIN
postgres-1  | GRANT
postgres-1  | COMMIT
postgres-1  | certification-init: applying 0037_provisioner_binding_returning_grant.sql
postgres-1  | BEGIN
postgres-1  | GRANT
postgres-1  | COMMIT
postgres-1  | certification-init: applying 0038_runtime_outbox_arbiter_grant.sql
postgres-1  | BEGIN
postgres-1  | GRANT
postgres-1  | COMMIT
postgres-1  | certification-init: applying 0039_billing_rate_cards.sql
postgres-1  | BEGIN
postgres-1  | CREATE TABLE
postgres-1  | CREATE INDEX
postgres-1  | ALTER TABLE
postgres-1  | ALTER TABLE
postgres-1  | CREATE POLICY
postgres-1  | CREATE POLICY
postgres-1  | REVOKE
postgres-1  | GRANT
postgres-1  | GRANT
postgres-1  | COMMIT
postgres-1  | certification-init: applying 0040_billing_invoices.sql
postgres-1  | BEGIN
postgres-1  | CREATE TABLE
postgres-1  | CREATE TABLE
postgres-1  | ALTER TABLE
postgres-1  | ALTER TABLE
postgres-1  | ALTER TABLE
postgres-1  | ALTER TABLE
postgres-1  | CREATE POLICY
postgres-1  | CREATE POLICY
postgres-1  | CREATE POLICY
postgres-1  | CREATE POLICY
postgres-1  | REVOKE
postgres-1  | GRANT
postgres-1  | GRANT
postgres-1  | GRANT
postgres-1  | GRANT
postgres-1  | GRANT
postgres-1  | COMMIT
postgres-1  | certification-init: applying 0041_project_storage_multipart.sql
postgres-1  | BEGIN
postgres-1  | ALTER TABLE
postgres-1  | ALTER TABLE
postgres-1  | COMMIT
postgres-1  | certification-init: applying 0042_project_function_deployments.sql
postgres-1  | BEGIN
postgres-1  | CREATE TABLE
postgres-1  | CREATE INDEX
postgres-1  | ALTER TABLE
postgres-1  | ALTER TABLE
postgres-1  | CREATE POLICY
postgres-1  | CREATE POLICY
postgres-1  | CREATE FUNCTION
postgres-1  | CREATE FUNCTION
postgres-1  | REVOKE
postgres-1  | REVOKE
postgres-1  | GRANT
postgres-1  | GRANT
postgres-1  | COMMIT
postgres-1  | certification-init: applying 0043_project_storage_upload_id_check_fix.sql
postgres-1  | ALTER TABLE
postgres-1  | ALTER TABLE
postgres-1  | certification-init: applying 0044_billing_invoice_numbers.sql
postgres-1  | BEGIN
postgres-1  | CREATE TABLE
postgres-1  | ALTER TABLE
postgres-1  | ALTER TABLE
postgres-1  | CREATE POLICY
postgres-1  | CREATE POLICY
postgres-1  | CREATE POLICY
postgres-1  | ALTER TABLE
postgres-1  | ALTER TABLE
postgres-1  | UPDATE 0
postgres-1  | ALTER TABLE
postgres-1  | ALTER TABLE
postgres-1  | UPDATE 0
postgres-1  | INSERT 0 0
postgres-1  | ALTER TABLE
postgres-1  | CREATE INDEX
postgres-1  | GRANT
postgres-1  | GRANT
postgres-1  | GRANT
postgres-1  | COMMIT
postgres-1  | certification-init: applying 0045_project_function_invocations.sql
postgres-1  | BEGIN
postgres-1  | CREATE TABLE
postgres-1  | CREATE INDEX
postgres-1  | ALTER TABLE
postgres-1  | ALTER TABLE
postgres-1  | CREATE POLICY
postgres-1  | CREATE POLICY
postgres-1  | REVOKE
postgres-1  | GRANT
postgres-1  | GRANT
postgres-1  | COMMIT
postgres-1  | certification-init: applying 0046_project_auth_audit.sql
postgres-1  | BEGIN
postgres-1  | GRANT
postgres-1  | GRANT
postgres-1  | GRANT
postgres-1  | GRANT
postgres-1  | CREATE POLICY
postgres-1  | COMMIT
postgres-1  | certification-init: applying 0047_audit_chain_order.sql
postgres-1  | BEGIN
postgres-1  | CREATE FUNCTION
postgres-1  | COMMIT
postgres-1  | certification-init: applying 0048_project_auth_mfa_enforcement.sql
postgres-1  | BEGIN
postgres-1  | CREATE TABLE
postgres-1  | ALTER TABLE
postgres-1  | ALTER TABLE
postgres-1  | CREATE FUNCTION
postgres-1  | CREATE TRIGGER
postgres-1  | REVOKE
postgres-1  | REVOKE
postgres-1  | GRANT
postgres-1  | GRANT
postgres-1  | GRANT
postgres-1  | COMMIT
postgres-1  | certification-init: applying 0049_project_database_webhooks.sql
postgres-1  | CREATE TABLE
postgres-1  | CREATE INDEX
postgres-1  | ALTER TABLE
postgres-1  | CREATE POLICY
postgres-1  | CREATE POLICY
postgres-1  | CREATE POLICY
postgres-1  | REVOKE
postgres-1  | GRANT
postgres-1  | certification-init: applying 0050_project_database_webhook_cursors.sql
postgres-1  | CREATE TABLE
postgres-1  | ALTER TABLE
postgres-1  | CREATE POLICY
postgres-1  | CREATE POLICY
postgres-1  | CREATE POLICY
postgres-1  | REVOKE
postgres-1  | GRANT
postgres-1  | certification-init: applying 0051_project_auth_return_targets.sql
postgres-1  | BEGIN
postgres-1  | ALTER TABLE
postgres-1  | ALTER TABLE
postgres-1  | REVOKE
postgres-1  | GRANT
postgres-1  | COMMIT
postgres-1  | certification-init: applying 0052_project_auth_rate_limits.sql
postgres-1  | BEGIN
postgres-1  | ALTER TABLE
postgres-1  | ALTER TABLE
postgres-1  | CREATE TABLE
postgres-1  | CREATE INDEX
postgres-1  | REVOKE
postgres-1  | GRANT
postgres-1  | REVOKE
postgres-1  | GRANT
postgres-1  | COMMIT
postgres-1  | certification-init: applying 0053_project_auth_password_protection.sql
postgres-1  | BEGIN
postgres-1  | ALTER TABLE
postgres-1  | ALTER TABLE
postgres-1  | REVOKE
postgres-1  | GRANT
postgres-1  | COMMIT
postgres-1  | certification-init: applying 0054_project_log_drains.sql
postgres-1  | BEGIN
postgres-1  | CREATE FUNCTION
postgres-1  | REVOKE
postgres-1  | GRANT
postgres-1  | CREATE TABLE
postgres-1  | CREATE INDEX
postgres-1  | ALTER TABLE
vault-1     | ==> Vault server configuration:
vault-1     | 
vault-1     | Administrative Namespace: 
vault-1     |              Api Address: http://0.0.0.0:8200
vault-1     |                      Cgo: disabled
vault-1     |          Cluster Address: https://0.0.0.0:8201
vault-1     |    Environment Variables: GOTRACEBACK, HOME, HOSTNAME, NAME, PATH, PWD, SHLVL, VAULT_DEV_LISTEN_ADDRESS, VAULT_DEV_ROOT_TOKEN_ID, VERSION
vault-1     |               Go Version: go1.23.3
vault-1     |               Listener 1: tcp (addr: "0.0.0.0:8200", cluster address: "0.0.0.0:8201", disable_request_limiter: "false", max_request_duration: "1m30s", max_request_size: "33554432", tls: "disabled")
vault-1     |                Log Level: 
vault-1     |                    Mlock: supported: true, enabled: false
vault-1     |            Recovery Mode: false
vault-1     |                  Storage: inmem
vault-1     |                  Version: Vault v1.18.3, built 2024-12-16T14:00:53Z
vault-1     |              Version Sha: 7ae4eca5403bf574f142cd8f987b8d83bafcd1de
vault-1     | 
postgres-1  | CREATE POLICY
postgres-1  | CREATE POLICY
postgres-1  | CREATE POLICY
postgres-1  | REVOKE
postgres-1  | GRANT
postgres-1  | COMMIT
postgres-1  | certification-init: applying 0055_user_console_settings.sql
postgres-1  | BEGIN
postgres-1  | CREATE TABLE
postgres-1  | CREATE TRIGGER
postgres-1  | REVOKE
postgres-1  | GRANT
postgres-1  | COMMIT
vault-1     | ==> Vault server started! Log data will stream in below:
postgres-1  | certification-init: applying 0056_project_log_drain_cursors.sql
vault-1     | 
vault-1     | 2026-09-30T22:44:59.521Z [INFO]  proxy environment: http_proxy="" https_proxy="" no_proxy=""
vault-1     | 2026-09-30T22:44:59.523Z [INFO]  incrementing seal generation: generation=1
vault-1     | 2026-09-30T22:44:59.523Z [WARN]  no `api_addr` value specified in config or in VAULT_API_ADDR; falling back to detection if possible, but this value should be manually set
vault-1     | 2026-09-30T22:44:59.527Z [INFO]  core: Initializing version history cache for core
vault-1     | 2026-09-30T22:44:59.527Z [INFO]  events: Starting event system
vault-1     | 2026-09-30T22:44:59.533Z [INFO]  core: security barrier not initialized
vault-1     | 2026-09-30T22:44:59.535Z [INFO]  core: security barrier initialized: stored=1 shares=1 threshold=1
vault-1     | 2026-09-30T22:44:59.539Z [INFO]  core: post-unseal setup starting
vault-1     | 2026-09-30T22:44:59.581Z [INFO]  core: loaded wrapping token key
vault-1     | 2026-09-30T22:44:59.581Z [INFO]  core: successfully setup plugin runtime catalog
vault-1     | 2026-09-30T22:44:59.581Z [INFO]  core: successfully setup plugin catalog: plugin-directory=""
vault-1     | 2026-09-30T22:44:59.581Z [INFO]  core: no mounts; adding default mount table
vault-1     | 2026-09-30T22:44:59.588Z [INFO]  core: successfully mounted: type=cubbyhole version="v1.18.3+builtin.vault" path=cubbyhole/ namespace="ID: root. Path: "
vault-1     | 2026-09-30T22:44:59.589Z [INFO]  core: successfully mounted: type=system version="v1.18.3+builtin.vault" path=sys/ namespace="ID: root. Path: "
vault-1     | 2026-09-30T22:44:59.590Z [INFO]  core: successfully mounted: type=identity version="v1.18.3+builtin.vault" path=identity/ namespace="ID: root. Path: "
vault-1     | 2026-09-30T22:44:59.592Z [INFO]  core: successfully mounted: type=token version="v1.18.3+builtin.vault" path=token/ namespace="ID: root. Path: "
vault-1     | 2026-09-30T22:44:59.593Z [INFO]  rollback: Starting the rollback manager with 256 workers
vault-1     | 2026-09-30T22:44:59.593Z [INFO]  rollback: starting rollback manager
vault-1     | 2026-09-30T22:44:59.594Z [INFO]  core: restoring leases
vault-1     | 2026-09-30T22:44:59.594Z [INFO]  expiration: lease restore complete
vault-1     | 2026-09-30T22:44:59.596Z [INFO]  identity: entities restored
vault-1     | 2026-09-30T22:44:59.597Z [INFO]  identity: groups restored
vault-1     | 2026-09-30T22:44:59.597Z [INFO]  core: Recorded vault version: vault version=1.18.3 upgrade time="2026-09-30 22:44:59.597215189 +0000 UTC" build date=2024-12-16T14:00:53Z
vault-1     | 2026-09-30T22:44:59.601Z [INFO]  core: post-unseal setup complete
vault-1     | 2026-09-30T22:44:59.604Z [INFO]  core: root token generated
vault-1     | 2026-09-30T22:44:59.604Z [INFO]  core: pre-seal teardown starting
vault-1     | 2026-09-30T22:44:59.604Z [INFO]  rollback: stopping rollback manager
vault-1     | 2026-09-30T22:44:59.605Z [INFO]  core: pre-seal teardown complete
vault-1     | 2026-09-30T22:44:59.606Z [INFO]  core.cluster-listener.tcp: starting listener: listener_address=0.0.0.0:8201
vault-1     | 2026-09-30T22:44:59.607Z [INFO]  core.cluster-listener: serving cluster requests: cluster_listen_address=[::]:8201
vault-1     | 2026-09-30T22:44:59.608Z [INFO]  core: post-unseal setup starting
vault-1     | 2026-09-30T22:44:59.609Z [INFO]  core: loaded wrapping token key
vault-1     | 2026-09-30T22:44:59.609Z [INFO]  core: successfully setup plugin runtime catalog
vault-1     | 2026-09-30T22:44:59.609Z [INFO]  core: successfully setup plugin catalog: plugin-directory=""
vault-1     | 2026-09-30T22:44:59.616Z [INFO]  core: successfully mounted: type=system version="v1.18.3+builtin.vault" path=sys/ namespace="ID: root. Path: "
vault-1     | 2026-09-30T22:44:59.619Z [INFO]  core: successfully mounted: type=identity version="v1.18.3+builtin.vault" path=identity/ namespace="ID: root. Path: "
vault-1     | 2026-09-30T22:44:59.619Z [INFO]  core: successfully mounted: type=cubbyhole version="v1.18.3+builtin.vault" path=cubbyhole/ namespace="ID: root. Path: "
vault-1     | 2026-09-30T22:44:59.629Z [INFO]  core: successfully mounted: type=token version="v1.18.3+builtin.vault" path=token/ namespace="ID: root. Path: "
vault-1     | 2026-09-30T22:44:59.631Z [INFO]  rollback: Starting the rollback manager with 256 workers
vault-1     | 2026-09-30T22:44:59.631Z [INFO]  rollback: starting rollback manager
vault-1     | 2026-09-30T22:44:59.634Z [INFO]  core: restoring leases
vault-1     | 2026-09-30T22:44:59.635Z [INFO]  expiration: lease restore complete
vault-1     | 2026-09-30T22:44:59.638Z [INFO]  identity: entities restored
vault-1     | 2026-09-30T22:44:59.638Z [INFO]  identity: groups restored
vault-1     | 2026-09-30T22:44:59.641Z [INFO]  core: post-unseal setup complete
vault-1     | 2026-09-30T22:44:59.641Z [INFO]  core: vault is unsealed
vault-1     | 2026-09-30T22:44:59.655Z [INFO]  expiration: revoked lease: lease_id=auth/token/root/hc36dd407e14ba166bababac6538a729e70bd06e40fcad84184fbb5f048881f0a
vault-1     | 2026-09-30T22:44:59.691Z [INFO]  core: successful mount: namespace="" path=secret/ type=kv version="v0.20.0+builtin"
postgres-1  | BEGIN
postgres-1  | CREATE TABLE
postgres-1  | ALTER TABLE
postgres-1  | CREATE POLICY
postgres-1  | CREATE POLICY
postgres-1  | CREATE POLICY
postgres-1  | REVOKE
postgres-1  | GRANT
postgres-1  | COMMIT
vault-1     | WARNING! dev mode is enabled! In this mode, Vault runs entirely in-memory
vault-1     | and starts unsealed with a single unseal key. The root token is already
vault-1     | authenticated to the CLI, so you can immediately begin using Vault.
vault-1     | 
vault-1     | You may need to set the following environment variables:
vault-1     | 
vault-1     |     $ export VAULT_ADDR='http://0.0.0.0:8200'
vault-1     | 
vault-1     | The unseal key and root token are displayed below in case you want to
vault-1     | seal/unseal the Vault or re-authenticate.
vault-1     | 
vault-1     | Unseal Key: awt9BG38qJNPxUjYNvi+NuNAcsSVOJfH444P4Poy+RY=
vault-1     | Root Token: qkern-certification-root-token
vault-1     | 
vault-1     | Development mode should NOT be used in production installations!
vault-1     | 
postgres-1  | certification-init: applying 0057_project_dashboard_webhooks.sql
postgres-1  | BEGIN
postgres-1  | CREATE FUNCTION
postgres-1  | REVOKE
postgres-1  | GRANT
postgres-1  | CREATE TABLE
postgres-1  | CREATE INDEX
postgres-1  | ALTER TABLE
postgres-1  | CREATE POLICY
postgres-1  | CREATE POLICY
postgres-1  | CREATE POLICY
postgres-1  | REVOKE
postgres-1  | GRANT
postgres-1  | CREATE TABLE
postgres-1  | ALTER TABLE
postgres-1  | CREATE POLICY
postgres-1  | CREATE POLICY
postgres-1  | CREATE POLICY
postgres-1  | REVOKE
postgres-1  | GRANT
postgres-1  | COMMIT
postgres-1  | certification-init: applying 0058_project_auth_hooks.sql
postgres-1  | BEGIN
postgres-1  | ALTER TABLE
postgres-1  | ALTER TABLE
postgres-1  | ALTER TABLE
postgres-1  | ALTER TABLE
postgres-1  | REVOKE
postgres-1  | GRANT
postgres-1  | COMMIT
postgres-1  | certification-init: applying 0059_project_storage_s3_access_keys.sql
postgres-1  | BEGIN
postgres-1  | CREATE TABLE
postgres-1  | CREATE INDEX
postgres-1  | CREATE INDEX
postgres-1  | CREATE TABLE
postgres-1  | CREATE INDEX
postgres-1  | CREATE FUNCTION
postgres-1  | CREATE TRIGGER
postgres-1  | ALTER TABLE
postgres-1  | ALTER TABLE
postgres-1  | CREATE POLICY
postgres-1  | CREATE POLICY
postgres-1  | CREATE POLICY
postgres-1  | CREATE POLICY
postgres-1  | CREATE POLICY
postgres-1  | CREATE POLICY
postgres-1  | REVOKE
postgres-1  | REVOKE
postgres-1  | REVOKE
postgres-1  | GRANT
postgres-1  | GRANT
postgres-1  | GRANT
postgres-1  | GRANT
postgres-1  | COMMIT
postgres-1  | certification-init: applying 0060_project_auth_passkeys.sql
postgres-1  | BEGIN
postgres-1  | CREATE TABLE
postgres-1  | CREATE INDEX
postgres-1  | ALTER TABLE
postgres-1  | ALTER TABLE
postgres-1  | CREATE TRIGGER
postgres-1  | REVOKE
postgres-1  | GRANT
postgres-1  | GRANT
postgres-1  | COMMIT
postgres-1  | certification-init: applying 0061_project_auth_third_party_providers.sql
postgres-1  | BEGIN
postgres-1  | CREATE TABLE
postgres-1  | ALTER TABLE
postgres-1  | ALTER TABLE
postgres-1  | ALTER TABLE
postgres-1  | ALTER TABLE
postgres-1  | ALTER TABLE
postgres-1  | REVOKE
postgres-1  | GRANT
postgres-1  | COMMIT
postgres-1  | certification-init: applying 0062_project_auth_oauth_server.sql
postgres-1  | BEGIN
postgres-1  | CREATE TABLE
postgres-1  | ALTER TABLE
postgres-1  | ALTER TABLE
postgres-1  | ALTER TABLE
postgres-1  | REVOKE
postgres-1  | GRANT
postgres-1  | CREATE TABLE
postgres-1  | ALTER TABLE
postgres-1  | ALTER TABLE
postgres-1  | ALTER TABLE
postgres-1  | CREATE TRIGGER
postgres-1  | REVOKE
postgres-1  | GRANT
postgres-1  | GRANT
postgres-1  | CREATE TABLE
postgres-1  | ALTER TABLE
postgres-1  | ALTER TABLE
postgres-1  | REVOKE
postgres-1  | GRANT
postgres-1  | COMMIT
postgres-1  | certification-init: applying 0063_project_auth_expiry_retention.sql
postgres-1  | BEGIN
postgres-1  | CREATE INDEX
 Container qkern-slice-fns-vault-1 Healthy 
postgres-1  | CREATE INDEX
postgres-1  | CREATE INDEX
postgres-1  | GRANT
postgres-1  | GRANT
postgres-1  | GRANT
postgres-1  | COMMIT
postgres-1  | certification-init: applying 0064_project_auth_oauth_consents.sql
postgres-1  | BEGIN
postgres-1  | CREATE TABLE
postgres-1  | ALTER TABLE
postgres-1  | ALTER TABLE
postgres-1  | CREATE INDEX
postgres-1  | CREATE INDEX
postgres-1  | CREATE TRIGGER
postgres-1  | CREATE FUNCTION
postgres-1  | CREATE TRIGGER
postgres-1  | REVOKE
postgres-1  | REVOKE
postgres-1  | GRANT
postgres-1  | GRANT
postgres-1  | GRANT
postgres-1  | ALTER TABLE
postgres-1  | ALTER TABLE
postgres-1  | COMMIT
postgres-1  | certification-init: applying 0065_project_storage_s3_access_key_secrets.sql
postgres-1  | BEGIN
postgres-1  | ALTER TABLE
postgres-1  | CREATE FUNCTION
postgres-1  | CREATE FUNCTION
postgres-1  | REVOKE
postgres-1  | GRANT
postgres-1  | COMMIT
postgres-1  | certification-init: applying 0066_project_cron_time_zone.sql
postgres-1  | ALTER TABLE
postgres-1  | certification-init: applying 0069_project_function_invocation_output.sql
postgres-1  | BEGIN
postgres-1  | CREATE TABLE
postgres-1  | CREATE INDEX
postgres-1  | ALTER TABLE
postgres-1  | ALTER TABLE
postgres-1  | CREATE POLICY
postgres-1  | CREATE POLICY
postgres-1  | REVOKE
postgres-1  | GRANT
postgres-1  | GRANT
postgres-1  | COMMIT
postgres-1  | certification-init: applying 0070_project_auth_saml.sql
postgres-1  | BEGIN
postgres-1  | CREATE TABLE
postgres-1  | CREATE INDEX
postgres-1  | ALTER TABLE
postgres-1  | ALTER TABLE
postgres-1  | ALTER TABLE
postgres-1  | ALTER TABLE
postgres-1  | CREATE TRIGGER
postgres-1  | REVOKE
postgres-1  | GRANT
postgres-1  | COMMIT
postgres-1  | certification-init: applying 0071_project_storage_s3_multipart.sql
postgres-1  | BEGIN
postgres-1  | ALTER TABLE
postgres-1  | ALTER TABLE
postgres-1  | ALTER TABLE
postgres-1  | ALTER TABLE
postgres-1  | ALTER TABLE
postgres-1  | ALTER TABLE
postgres-1  | ALTER TABLE
postgres-1  | ALTER TABLE
postgres-1  | CREATE TABLE
postgres-1  | CREATE INDEX
postgres-1  | CREATE FUNCTION
postgres-1  | GRANT
postgres-1  | REVOKE
postgres-1  | ALTER TABLE
postgres-1  | CREATE POLICY
postgres-1  | CREATE POLICY
postgres-1  | CREATE POLICY
postgres-1  | CREATE POLICY
postgres-1  | GRANT
postgres-1  | GRANT
postgres-1  | COMMIT
postgres-1  | certification-init: applying 0073_project_auth_oauth_tool_scopes.sql
postgres-1  | BEGIN
postgres-1  | ALTER TABLE
postgres-1  | ALTER TABLE
postgres-1  | ALTER TABLE
postgres-1  | ALTER TABLE
postgres-1  | ALTER TABLE
postgres-1  | ALTER TABLE
postgres-1  | ALTER TABLE
postgres-1  | ALTER TABLE
postgres-1  | COMMIT
postgres-1  | certification-init: applying 0075_log_drain_function_output_source.sql
postgres-1  | BEGIN
postgres-1  | CREATE FUNCTION
postgres-1  | REVOKE
postgres-1  | GRANT
postgres-1  | COMMIT
postgres-1  | certification-init: applied 71 migrations
postgres-1  | CREATE EXTENSION
postgres-1  | CREATE ROLE
postgres-1  | CREATE ROLE
postgres-1  | CREATE ROLE
postgres-1  | CREATE ROLE
postgres-1  | CREATE ROLE
postgres-1  | GRANT ROLE
postgres-1  | GRANT ROLE
postgres-1  | GRANT ROLE
postgres-1  | GRANT ROLE
postgres-1  | 2026-09-30 22:45:02.586 UTC [349] WARNING:  role "qkern_app" has not been granted membership in role "qkern_auth" by role "qkern"
postgres-1  | WARNING:  role "qkern_app" has not been granted membership in role "qkern_auth" by role "qkern"
postgres-1  | REVOKE ROLE
postgres-1  | 2026-09-30 22:45:02.587 UTC [349] WARNING:  role "qkern_app" has not been granted membership in role "qkern_worker" by role "qkern"
postgres-1  | REVOKE ROLE
postgres-1  | WARNING:  role "qkern_app" has not been granted membership in role "qkern_worker" by role "qkern"
postgres-1  | WARNING:  role "qkern_app" has not been granted membership in role "qkern_provisioner" by role "qkern"
postgres-1  | 2026-09-30 22:45:02.587 UTC [349] WARNING:  role "qkern_app" has not been granted membership in role "qkern_provisioner" by role "qkern"
postgres-1  | REVOKE ROLE
postgres-1  | 2026-09-30 22:45:02.588 UTC [349] WARNING:  role "qkern_auth_app" has not been granted membership in role "qkern_runtime" by role "qkern"
postgres-1  | REVOKE ROLE
postgres-1  | WARNING:  role "qkern_auth_app" has not been granted membership in role "qkern_runtime" by role "qkern"
postgres-1  | 2026-09-30 22:45:02.589 UTC [349] WARNING:  role "qkern_auth_app" has not been granted membership in role "qkern_worker" by role "qkern"
postgres-1  | WARNING:  role "qkern_auth_app" has not been granted membership in role "qkern_worker" by role "qkern"
postgres-1  | REVOKE ROLE
postgres-1  | 2026-09-30 22:45:02.589 UTC [349] WARNING:  role "qkern_auth_app" has not been granted membership in role "qkern_provisioner" by role "qkern"
postgres-1  | WARNING:  role "qkern_auth_app" has not been granted membership in role "qkern_provisioner" by role "qkern"
postgres-1  | REVOKE ROLE
postgres-1  | 2026-09-30 22:45:02.590 UTC [349] WARNING:  role "qkern_worker_app" has not been granted membership in role "qkern_runtime" by role "qkern"
postgres-1  | 2026-09-30 22:45:02.590 UTC [349] WARNING:  role "qkern_worker_app" has not been granted membership in role "qkern_auth" by role "qkern"
postgres-1  | 2026-09-30 22:45:02.590 UTC [349] WARNING:  role "qkern_worker_app" has not been granted membership in role "qkern_provisioner" by role "qkern"
postgres-1  | WARNING:  role "qkern_worker_app" has not been granted membership in role "qkern_runtime" by role "qkern"
postgres-1  | WARNING:  role "qkern_worker_app" has not been granted membership in role "qkern_auth" by role "qkern"
postgres-1  | WARNING:  role "qkern_worker_app" has not been granted membership in role "qkern_provisioner" by role "qkern"
postgres-1  | REVOKE ROLE
postgres-1  | 2026-09-30 22:45:02.590 UTC [349] WARNING:  role "qkern_provisioner_app" has not been granted membership in role "qkern_runtime" by role "qkern"
postgres-1  | 2026-09-30 22:45:02.590 UTC [349] WARNING:  role "qkern_provisioner_app" has not been granted membership in role "qkern_auth" by role "qkern"
postgres-1  | 2026-09-30 22:45:02.590 UTC [349] WARNING:  role "qkern_provisioner_app" has not been granted membership in role "qkern_worker" by role "qkern"
postgres-1  | WARNING:  role "qkern_provisioner_app" has not been granted membership in role "qkern_runtime" by role "qkern"
postgres-1  | WARNING:  role "qkern_provisioner_app" has not been granted membership in role "qkern_auth" by role "qkern"
postgres-1  | WARNING:  role "qkern_provisioner_app" has not been granted membership in role "qkern_worker" by role "qkern"
postgres-1  | REVOKE ROLE
postgres-1  | 2026-09-30 22:45:02.591 UTC [349] WARNING:  role "qkern_project_api_app" has not been granted membership in role "qkern_runtime" by role "qkern"
postgres-1  | 2026-09-30 22:45:02.591 UTC [349] WARNING:  role "qkern_project_api_app" has not been granted membership in role "qkern_auth" by role "qkern"
postgres-1  | 2026-09-30 22:45:02.591 UTC [349] WARNING:  role "qkern_project_api_app" has not been granted membership in role "qkern_worker" by role "qkern"
postgres-1  | 2026-09-30 22:45:02.591 UTC [349] WARNING:  role "qkern_project_api_app" has not been granted membership in role "qkern_provisioner" by role "qkern"
postgres-1  | WARNING:  role "qkern_project_api_app" has not been granted membership in role "qkern_runtime" by role "qkern"
postgres-1  | WARNING:  role "qkern_project_api_app" has not been granted membership in role "qkern_auth" by role "qkern"
postgres-1  | WARNING:  role "qkern_project_api_app" has not been granted membership in role "qkern_worker" by role "qkern"
postgres-1  | WARNING:  role "qkern_project_api_app" has not been granted membership in role "qkern_provisioner" by role "qkern"
postgres-1  | REVOKE ROLE
postgres-1  | ALTER ROLE
postgres-1  | ALTER ROLE
postgres-1  | ALTER ROLE
postgres-1  | ALTER ROLE
postgres-1  | ALTER ROLE
postgres-1  | ALTER ROLE
postgres-1  | ALTER ROLE
postgres-1  | ALTER ROLE
postgres-1  | ALTER ROLE
postgres-1  | ALTER ROLE
postgres-1  | ALTER ROLE
postgres-1  | ALTER ROLE
postgres-1  | ALTER ROLE
postgres-1  | ALTER ROLE
postgres-1  | ALTER ROLE
postgres-1  | project-database: kein Passwort gesetzt, lokale Projektdatenbank wird nicht angelegt
postgres-1  | 
postgres-1  | waiting for server to shut down....2026-09-30 22:45:02.614 UTC [51] LOG:  received fast shutdown request
postgres-1  | 2026-09-30 22:45:02.614 UTC [51] LOG:  aborting any active transactions
postgres-1  | 2026-09-30 22:45:02.619 UTC [51] LOG:  background worker "logical replication launcher" (PID 57) exited with exit code 1
postgres-1  | 2026-09-30 22:45:02.620 UTC [52] LOG:  shutting down
postgres-1  | 2026-09-30 22:45:02.620 UTC [52] LOG:  checkpoint starting: shutdown immediate
postgres-1  | 2026-09-30 22:45:02.649 UTC [52] LOG:  checkpoint complete: wrote 1267 buffers (7.7%); 0 WAL file(s) added, 0 removed, 0 recycled; write=0.026 s, sync=0.004 s, total=0.030 s; sync files=744, longest=0.001 s, average=0.001 s; distance=8636 kB, estimate=8636 kB; lsn=0/1D61100, redo lsn=0/1D61100
postgres-1  | 2026-09-30 22:45:02.672 UTC [51] LOG:  database system is shut down
postgres-1  |  done
postgres-1  | server stopped
postgres-1  | 
postgres-1  | PostgreSQL init process complete; ready for start up.
postgres-1  | 
postgres-1  | 2026-09-30 22:45:02.815 UTC [1] LOG:  starting PostgreSQL 17.10 on x86_64-pc-linux-musl, compiled by gcc (Alpine 15.2.0) 15.2.0, 64-bit
postgres-1  | 2026-09-30 22:45:02.815 UTC [1] LOG:  listening on IPv4 address "0.0.0.0", port 5432
postgres-1  | 2026-09-30 22:45:02.815 UTC [1] LOG:  listening on IPv6 address "::", port 5432
postgres-1  | 2026-09-30 22:45:02.820 UTC [1] LOG:  listening on Unix socket "/var/run/postgresql/.s.PGSQL.5432"
postgres-1  | 2026-09-30 22:45:02.825 UTC [355] LOG:  database system was shut down at 2026-09-30 22:45:02 UTC
postgres-1  | 2026-09-30 22:45:02.851 UTC [1] LOG:  database system is ready to accept connections
 Container qkern-slice-fns-postgres-1 Healthy 
 Container qkern-slice-fns-certification-1 Starting 
 Container qkern-slice-fns-certification-1 Started 
certification-1  | vault-seed: one signing secret written
certification-1  | 
certification-1  | added 240 packages, and audited 241 packages in 2m
certification-1  | 
certification-1  | 61 packages are looking for funding
certification-1  |   run `npm fund` for details
certification-1  | 
certification-1  | 10 vulnerabilities (6 moderate, 3 high, 1 critical)
certification-1  | 
certification-1  | To address issues that do not require attention, run:
certification-1  |   npm audit fix
certification-1  | 
certification-1  | To address all issues, run:
certification-1  |   npm audit fix --force
certification-1  | 
certification-1  | Run `npm audit` for details.
certification-1  | npm notice
certification-1  | npm notice New major version of npm available! 11.17.0 -> 12.2.0
certification-1  | npm notice Changelog: https://github.com/npm/cli/releases/tag/v12.2.0
certification-1  | npm notice To update run: npm install -g npm@12.2.0
certification-1  | npm notice
certification-1  | 
certification-1  | > qkern-platform@2.69.0 test:postgres
certification-1  | > vitest run tests/postgres.integration.test.ts tests/postgres-incident-recovery.integration.test.ts tests/generated-data-postgres.integration.test.ts tests/project-auth-postgres.integration.test.ts tests/project-storage-postgres.integration.test.ts tests/project-queues-postgres.integration.test.ts tests/usage-metering-postgres.integration.test.ts tests/realtime-postgres.integration.test.ts tests/realtime-change-feed-postgres.integration.test.ts tests/realtime-change-chain-postgres.integration.test.ts tests/realtime-change-soak-postgres.integration.test.ts tests/project-queues-multi-instance.integration.test.ts tests/compute-cron-postgres.integration.test.ts tests/compute-webhook-postgres.integration.test.ts tests/compute-webhook-chain.integration.test.ts tests/compute-definitions-postgres.integration.test.ts tests/compute-functions-postgres.integration.test.ts tests/usage-emitters-postgres.integration.test.ts tests/migration-process-postgres.integration.test.ts tests/realtime-process-postgres.integration.test.ts tests/provisioning-port-postgres.integration.test.ts tests/migration-enqueue-postgres.integration.test.ts tests/sql-privilege-clause-contract.integration.test.ts tests/queue-connection-pressure-postgres.integration.test.ts tests/usage-billing-postgres.integration.test.ts tests/billing-invoice-postgres.integration.test.ts tests/data-plane-query-postgres.integration.test.ts tests/data-plane-triggers-postgres.integration.test.ts tests/data-plane-functions-postgres.integration.test.ts tests/data-plane-catalog-postgres.integration.test.ts tests/data-plane-catalog-wide-postgres.integration.test.ts
certification-1  | 
certification-1  | 
certification-1  | [1m[30m[46m RUN [49m[39m[22m [36mv4.1.10 [39m[90m/workspace/qkern[39m
certification-1  | 
postgres-1       | 2026-09-30 22:47:00.952 UTC [880] ERROR:  permission denied for table project_database_provisioning_jobs
postgres-1       | 2026-09-30 22:47:00.952 UTC [880] STATEMENT:  SELECT 1 FROM project_database_provisioning_jobs LIMIT 1
postgres-1       | 2026-09-30 22:47:01.002 UTC [880] ERROR:  permission denied for table project_database_bindings
postgres-1       | 2026-09-30 22:47:01.002 UTC [880] STATEMENT:  SELECT 1 FROM project_database_bindings LIMIT 1
certification-1  |  [32m✓[39m tests/provisioning-port-postgres.integration.test.ts [2m([22m[2m6 tests[22m[2m)[22m[33m 1776[2mms[22m[39m
certification-1  |      [33m[2m✓[22m[39m (2.88) hands the web runtime the order of its own tenant and never a field of the binding [33m 950[2mms[22m[39m
postgres-1       | 2026-09-30 22:47:02.105 UTC [876] ERROR:  new row for relation "migration_incident_delivery_commands" violates check constraint "migration_incident_delivery_commands_expected_failure_code"
postgres-1       | 2026-09-30 22:47:02.105 UTC [876] DETAIL:  Failing row contains (bfeab914-2439-4e29-a4e7-77ada17574ae, fc9485e6-fe03-4724-b762-5ea8fee83f77, 156ee98e-aefe-4f5d-8be7-5e277b1b2339, constraint-test, destination_recovered, pending, null, 2026-09-30 22:47:02.097818+00, 2026-09-30 22:47:02.097818+00, null, null).
postgres-1       | 2026-09-30 22:47:02.105 UTC [876] STATEMENT:  INSERT INTO migration_incident_delivery_commands
postgres-1       | 	           (organization_id, migration_incident_id, requested_by, reason_code,
postgres-1       | 	            expected_failure_code, expected_retry_cycle)
postgres-1       | 	         VALUES ($1, $2, 'constraint-test', 'destination_recovered', NULL, NULL)
postgres-1       | 2026-09-30 22:47:02.193 UTC [843] ERROR:  webhook delivery content is immutable
postgres-1       | 2026-09-30 22:47:02.193 UTC [843] CONTEXT:  PL/pgSQL function qkern_validate_project_webhook_delivery_update() line 8 at RAISE
postgres-1       | 2026-09-30 22:47:02.193 UTC [843] STATEMENT:  UPDATE project_webhook_deliveries SET payload='{"tampered":true}'::jsonb WHERE id=$1
postgres-1       | 2026-09-30 22:47:02.309 UTC [902] ERROR:  relation "change_feed" already exists
postgres-1       | 2026-09-30 22:47:02.309 UTC [902] STATEMENT:  -- Run once after 0002_qkern_migration_fence.sql as the trusted project database
postgres-1       | 	-- provisioner. Provides trigger-based change capture for Realtime.
postgres-1       | 	--
postgres-1       | 	-- ## Warum Trigger und nicht logische Replikation
postgres-1       | 	--
postgres-1       | 	-- Logische Replikation sieht jede Aenderung ohne Schemaeingriff, verlangt aber
postgres-1       | 	-- eine Rolle mit Replikationsrecht und einen Slot. Beides steht im direkten
postgres-1       | 	-- Widerspruch zu diesem Schema: 0001 prueft fuer jede beteiligte Rolle
postgres-1       | 	-- ausdruecklich rolreplication = false. Ein hängender Konsument laesst den Slot
postgres-1       | 	-- ausserdem unbegrenzt WAL halten, bis die Platte voll ist -- ein
postgres-1       | 	-- Betriebsrisiko, das der Kunde traegt und QKERN nicht begrenzen kann.
postgres-1       | 	--
postgres-1       | 	-- Trigger sind begrenzbar: der Feed hat Groessengrenzen und Aufbewahrung, und
postgres-1       | 	-- das Anschalten je Tabelle ist eine Schemaaenderung, die den vorhandenen
postgres-1       | 	-- Change-Set- und Approval-Weg durchlaeuft.
postgres-1       | 	--
postgres-1       | 	-- ## Warum keine Zeilenwerte gespeichert werden
postgres-1       | 	--
postgres-1       | 	-- Der Feed haelt ausschliesslich die Primaerschluesselwerte. Die eigentlichen
postgres-1       | 	-- Zeilenwerte werden je Abonnent frisch gelesen, und zwar mit dessen Claims.
postgres-1       | 	-- Row Level Security autorisiert und erzeugt die Nutzlast damit in einem
postgres-1       | 	-- Schritt. Wuerden die Werte hier liegen, muesste eine zweite, unabhaengige
postgres-1       | 	-- Sichtbarkeitspruefung sie korrekt filtern -- eine Kopie der RLS-Logik
postgres-1       | 	-- ausserhalb der Datenbank und damit eine dauerhafte Fehlerquelle.
postgres-1       | 	
postgres-1       | 	BEGIN;
postgres-1       | 	
postgres-1       | 	CREATE TABLE qkern_internal.change_feed (
postgres-1       | 	  position bigint GENERATED ALWAYS AS IDENTITY PRIMARY KEY,
postgres-1       | 	  schema_name text NOT NULL CHECK (schema_name ~ '^[a-z_][a-z0-9_]{0,62}$'),
postgres-1       | 	  table_name text NOT NULL CHECK (table_name ~ '^[a-z_][a-z0-9_]{0,62}$'),
postgres-1       | 	  operation text NOT NULL CHECK (operation IN ('insert', 'update', 'delete')),
postgres-1       | 	  -- Nur Primaerschluesselwerte. Die Grenze verhindert, dass ein zusammengesetzter
postgres-1       | 	  -- Schluessel den Feed aufblaeht.
postgres-1       | 	  row_key jsonb NOT NULL CHECK (octet_length(row_key::text) <= 4096),
postgres-1       | 	  committed_at timestamptz NOT NULL DEFAULT now()
postgres-1       | 	);
postgres-1       | 	
postgres-1       | 	CREATE INDEX change_feed_retention_idx ON qkern_internal.change_feed (committed_at);
postgres-1       | 	
postgres-1       | 	ALTER TABLE qkern_internal.change_feed OWNER TO qkern_ledger_owner;
postgres-1       | 	
postgres-1       | 	-- SECURITY DEFINER: Der Schreiber einer Zeile besitzt keine Rechte auf dem
postgres-1       | 	-- Feed und soll sie auch nicht bekommen. Der Trigger schreibt stellvertretend.
postgres-1       | 	-- search_path wird fest gesetzt, damit kein Aufrufer die aufgeloesten Objekte
postgres-1       | 	-- umlenken kann.
postgres-1       | 	CREATE OR REPLACE FUNCTION qkern_internal.capture_change()
postgres-1       | 	RETURNS trigger
postgres-1       | 	LANGUAGE plpgsql
postgres-1       | 	SECURITY DEFINER
postgres-1       | 	SET search_path = qkern_internal, pg_catalog
postgres-1       | 	AS $$
postgres-1       | 	DECLARE
postgres-1       | 	  key_columns text[];
postgres-1       | 	  source record;
postgres-1       | 	  key jsonb;
postgres-1       | 	BEGIN
postgres-1       | 	  SELECT array_agg(attribute.attname ORDER BY attribute.attnum)
postgres-1       | 	    INTO key_columns
postgres-1       | 	    FROM pg_index index
postgres-1       | 	    JOIN pg_attribute attribute
postgres-1       | 	      ON attribute.attrelid = index.indrelid AND attribute.attnum = ANY (index.indkey)
postgres-1       | 	   WHERE index.indrelid = TG_RELID AND index.indisprimary;
postgres-1       | 	
postgres-1       | 	  IF key_columns IS NULL THEN
postgres-1       | 	    RAISE EXCEPTION 'change capture requires a primary key on %.%', TG_TABLE_SCHEMA, TG_TABLE_NAME
postgres-1       | 	      USING ERRCODE = '55000';
postgres-1       | 	  END IF;
postgres-1       | 	
postgres-1       | 	  source := CASE WHEN TG_OP = 'DELETE' THEN OLD ELSE NEW END;
postgres-1       | 	  SELECT jsonb_object_agg(entry.key, entry.value)
postgres-1       | 	    INTO key
postgres-1       | 	    FROM jsonb_each(to_jsonb(source)) AS entry
postgres-1       | 	   WHERE entry.key = ANY (key_columns);
postgres-1       | 	
postgres-1       | 	  INSERT INTO qkern_internal.change_feed (schema_name, table_name, operation, row_key)
postgres-1       | 	  VALUES (TG_TABLE_SCHEMA, TG_TABLE_NAME, lower(TG_OP), key);
postgres-1       | 	
postgres-1       | 	  RETURN NULL;
postgres-1       | 	END;
postgres-1       | 	$$;
postgres-1       | 	
postgres-1       | 	ALTER FUNCTION qkern_internal.capture_change() OWNER TO qkern_ledger_owner;
postgres-1       | 	
postgres-1       | 	REVOKE ALL ON qkern_internal.change_feed FROM PUBLIC;
postgres-1       | 	REVOKE ALL ON FUNCTION qkern_internal.capture_change() FROM PUBLIC;
postgres-1       | 	
postgres-1       | 	-- Die Laufzeitrolle liest den Feed und raeumt ihn auf. Sie darf ihn niemals
postgres-1       | 	-- schreiben: ein erfundenes Aenderungsereignis wuerde einen Lesevorgang mit
postgres-1       | 	-- fremden Claims ausloesen.
postgres-1       | 	GRANT USAGE ON SCHEMA qkern_internal TO qkern_project_api_app;
postgres-1       | 	GRANT SELECT, DELETE ON qkern_internal.change_feed TO qkern_project_api_app;
postgres-1       | 	
postgres-1       | 	COMMIT;
postgres-1       | 	
postgres-1       | 2026-09-30 22:47:02.376 UTC [900] ERROR:  new row for relation "migration_incident_delivery_commands" violates check constraint "migration_incident_delivery_commands_expected_retry_cycle"
postgres-1       | 2026-09-30 22:47:02.376 UTC [900] DETAIL:  Failing row contains (5f3189f2-be82-478d-b7f6-a686dcd1413b, fc9485e6-fe03-4724-b762-5ea8fee83f77, 156ee98e-aefe-4f5d-8be7-5e277b1b2339, constraint-test, destination_recovered, pending, null, 2026-09-30 22:47:02.265636+00, 2026-09-30 22:47:02.265636+00, PUBLISH_FAILED, null).
postgres-1       | 2026-09-30 22:47:02.376 UTC [900] STATEMENT:  INSERT INTO migration_incident_delivery_commands
postgres-1       | 	           (organization_id, migration_incident_id, requested_by, reason_code,
postgres-1       | 	            expected_failure_code, expected_retry_cycle)
postgres-1       | 	         VALUES ($1, $2, 'constraint-test', 'destination_recovered', 'PUBLISH_FAILED', NULL)
postgres-1       | 2026-09-30 22:47:02.443 UTC [901] ERROR:  a settled webhook delivery is final
postgres-1       | 2026-09-30 22:47:02.443 UTC [901] CONTEXT:  PL/pgSQL function qkern_validate_project_webhook_delivery_update() line 14 at RAISE
postgres-1       | 2026-09-30 22:47:02.443 UTC [901] STATEMENT:  UPDATE project_webhook_deliveries SET status='pending' WHERE id=$1
postgres-1       | 2026-09-30 22:47:02.609 UTC [879] ERROR:  new row violates row-level security policy for table "items"
postgres-1       | 2026-09-30 22:47:02.609 UTC [879] CONTEXT:  SQL function "add_item" statement 1
postgres-1       | 2026-09-30 22:47:02.609 UTC [879] STATEMENT:  SELECT "generated_5d70d686_5af2_4532_a794_9a4111a38814"."add_item"("item_name" => $1::text, "item_owner" => $2::text) AS result
postgres-1       | 2026-09-30 22:47:02.697 UTC [917] ERROR:  permission denied for table project_functions
postgres-1       | 2026-09-30 22:47:02.697 UTC [917] STATEMENT:  UPDATE project_functions SET image=$2 WHERE id=$1
postgres-1       | 2026-09-30 22:47:02.766 UTC [919] ERROR:  permission denied for table project_functions
postgres-1       | 2026-09-30 22:47:02.766 UTC [919] STATEMENT:  UPDATE project_functions SET memory_mib=2048 WHERE id=$1
postgres-1       | 2026-09-30 22:47:02.790 UTC [906] ERROR:  new row for relation "project_functions" violates check constraint "project_functions_image_check"
postgres-1       | 2026-09-30 22:47:02.790 UTC [906] DETAIL:  Failing row contains (2aec799e-16fc-4963-9442-00afd8382b66, 774bc436-787c-41a7-95e9-f783d9814418, c5f3b7c5-6977-4e7e-8cb6-002308054f9c, development, tagged-40789ad8, nodejs24, registry.example.com/qkern/probe:latest, handler.mjs, 30000, 128, 1, {}, {}, t, 2026-09-30 22:47:02.779779+00).
postgres-1       | 2026-09-30 22:47:02.790 UTC [906] STATEMENT:  INSERT INTO project_functions
postgres-1       | 	         (organization_id, project_id, environment, name, runtime, image, entrypoint)
postgres-1       | 	       VALUES ($1,$2,'development',$3,'nodejs24','registry.example.com/qkern/probe:latest','handler.mjs')
postgres-1       | 2026-09-30 22:47:02.795 UTC [893] ERROR:  project storage object identity is immutable
postgres-1       | 2026-09-30 22:47:02.795 UTC [893] CONTEXT:  PL/pgSQL function qkern_reject_project_storage_object_mutation() line 12 at RAISE
postgres-1       | 2026-09-30 22:47:02.795 UTC [893] STATEMENT:  UPDATE project_storage_objects SET deleted_at=coalesce(deleted_at,$5)
postgres-1       | 	        WHERE organization_id=$1 AND project_id=$2 AND environment=$3 AND id=$4
postgres-1       | 	        RETURNING id,organization_id,project_id,environment,bucket_id,object_key,owner_subject,
postgres-1       | 	  provider_key,size_bytes,content_type,checksum_sha256,etag,status,created_at,delete_after,deleted_at
postgres-1       | 2026-09-30 22:47:02.814 UTC [920] ERROR:  permission denied for table project_cron_definitions
postgres-1       | 2026-09-30 22:47:02.814 UTC [920] STATEMENT:  UPDATE project_cron_definitions SET time_zone='UTC' WHERE id=$1
postgres-1       | 2026-09-30 22:47:02.818 UTC [910] ERROR:  duplicate key value violates unique constraint "project_functions_name_key"
postgres-1       | 2026-09-30 22:47:02.818 UTC [910] STATEMENT:  INSERT INTO project_functions
postgres-1       | 	           (organization_id, project_id, environment, name, runtime, image, entrypoint,
postgres-1       | 	            timeout_ms, memory_mib, max_concurrency, egress_origins, secret_refs, enabled)
postgres-1       | 	         VALUES ($1,$2,$3,$4,'nodejs24',$5,$6,$7,$8,$9,$10,$11,$12)
postgres-1       | 	         RETURNING id, organization_id, project_id, environment, name, runtime, image,
postgres-1       | 	  entrypoint, timeout_ms, memory_mib, max_concurrency, egress_origins, secret_refs, enabled,
postgres-1       | 	  created_at
certification-1  |  [32m✓[39m tests/generated-data-postgres.integration.test.ts [2m([22m[2m9 tests[22m[2m)[22m[33m 2974[2mms[22m[39m
certification-1  |      [33m[2m✓[22m[39m enforces RLS across insert, list, update and delete [33m 472[2mms[22m[39m
certification-1  |      [33m[2m✓[22m[39m serves a schema with capitals exactly and never merges it with its lowercase twin (2.33) [33m 528[2mms[22m[39m
certification-1  |      [33m[2m✓[22m[39m serves security-invoker views read-only under the caller's RLS [33m 341[2mms[22m[39m
postgres-1       | 2026-09-30 22:47:02.854 UTC [903] ERROR:  duplicate key value violates unique constraint "project_cron_definitions_name_key"
postgres-1       | 2026-09-30 22:47:02.854 UTC [903] STATEMENT:  INSERT INTO project_cron_definitions
postgres-1       | 	           (organization_id, project_id, environment, name, expression, queue, payload, enabled,
postgres-1       | 	            time_zone)
postgres-1       | 	         VALUES ($1,$2,$3,$4,$5,$6,$7,$8,$9)
postgres-1       | 	         RETURNING id, organization_id, project_id, environment, name, expression, queue,
postgres-1       | 	  payload, enabled, time_zone, last_dispatched_at, created_at
certification-1  |  [32m✓[39m tests/compute-webhook-postgres.integration.test.ts [2m([22m[2m10 tests[22m[2m)[22m[33m 3518[2mms[22m[39m
certification-1  |      [33m[2m✓[22m[39m persists a delivery and hands it to exactly one of many claimants [33m 778[2mms[22m[39m
certification-1  |      [33m[2m✓[22m[39m refuses a settlement from the wrong worker or a stale token [33m 347[2mms[22m[39m
certification-1  |      [33m[2m✓[22m[39m schedules a retry with a server-computed delay [33m 424[2mms[22m[39m
postgres-1       | 2026-09-30 22:47:03.118 UTC [927] ERROR:  permission denied for table project_cron_definitions
postgres-1       | 2026-09-30 22:47:03.118 UTC [927] STATEMENT:  UPDATE project_cron_definitions SET expression='*/1 * * * *' WHERE id=$1
postgres-1       | 2026-09-30 22:47:03.173 UTC [932] ERROR:  permission denied for table project_webhooks
postgres-1       | 2026-09-30 22:47:03.173 UTC [932] STATEMENT:  UPDATE project_webhooks SET url='https://elsewhere.example.com/hooks' WHERE id=$1
certification-1  |  [32m✓[39m tests/project-storage-postgres.integration.test.ts [2m([22m[2m8 tests[22m[2m)[22m[33m 2286[2mms[22m[39m
certification-1  |      [33m[2m✓[22m[39m persists an exact verified upload and moves quota from reserved to used [33m 608[2mms[22m[39m
certification-1  |      [33m[2m✓[22m[39m releases used quota once when delete and lifecycle expiration race [33m 389[2mms[22m[39m
certification-1  |      [33m[2m✓[22m[39m (2.51) lists objects with their scanner verdict without exposing a provider key [33m 352[2mms[22m[39m
postgres-1       | 2026-09-30 22:47:03.798 UTC [916] ERROR:  migration incident resolution requires worker-verified ledger evidence
postgres-1       | 2026-09-30 22:47:03.798 UTC [916] CONTEXT:  PL/pgSQL function qkern_validate_migration_incident_acknowledgement() line 49 at RAISE
postgres-1       | 2026-09-30 22:47:03.798 UTC [916] STATEMENT:  UPDATE migration_incidents
postgres-1       | 	       SET status = 'resolved',
postgres-1       | 	           resolution_code = 'target_ledger_match'::qkern_migration_incident_resolution_code
postgres-1       | 	       WHERE organization_id = $1 AND migration_job_id = $2
postgres-1       | 	         AND status IN ('open', 'acknowledged')
postgres-1       | 	       RETURNING 
postgres-1       | 	  id, organization_id, migration_job_id, project_id, environment, change_set_id,
postgres-1       | 	  kind, severity, status, detected_review_cycle, detected_reconciliation_attempt,
postgres-1       | 	  acknowledged_by, acknowledgement_code, acknowledged_at,
postgres-1       | 	  resolved_by, resolution_code, resolved_at, created_at, updated_at
postgres-1       | 2026-09-30 22:47:04.027 UTC [948] ERROR:  permission denied for table project_functions
postgres-1       | 2026-09-30 22:47:04.027 UTC [948] STATEMENT:  UPDATE project_functions SET image=$1 WHERE id=$2
postgres-1       | 2026-09-30 22:47:04.036 UTC [353] LOG:  checkpoint starting: immediate force wait
certification-1  |  [32m✓[39m tests/compute-definitions-postgres.integration.test.ts [2m([22m[2m10 tests[22m[2m)[22m[33m 3118[2mms[22m[39m
certification-1  |      [33m[2m✓[22m[39m creates, lists and pauses a cron definition through the unprivileged runtime role [33m 625[2mms[22m[39m
certification-1  |      [33m[2m✓[22m[39m denies the runtime role any change beyond the enabled flag [33m 316[2mms[22m[39m
certification-1  |      [33m[2m✓[22m[39m deletes a disabled webhook together with its pending deliveries [33m 543[2mms[22m[39m
certification-1  |      [33m[2m✓[22m[39m writes one chained audit entry per deployment [33m 414[2mms[22m[39m
postgres-1       | 2026-09-30 22:47:05.133 UTC [353] LOG:  checkpoint complete: wrote 1598 buffers (9.8%); 0 WAL file(s) added, 0 removed, 1 recycled; write=1.079 s, sync=0.004 s, total=1.103 s; sync files=567, longest=0.001 s, average=0.001 s; distance=12284 kB, estimate=12284 kB; lsn=0/29A3920, redo lsn=0/29603E8
postgres-1       | 2026-09-30 22:47:05.270 UTC [959] ERROR:  cron progress must not move backwards
postgres-1       | 2026-09-30 22:47:05.270 UTC [959] CONTEXT:  PL/pgSQL function qkern_validate_project_cron_update() line 10 at RAISE
postgres-1       | 2026-09-30 22:47:05.270 UTC [959] STATEMENT:  UPDATE project_cron_definitions
postgres-1       | 	            SET last_dispatched_at=$3, updated_at=now()
postgres-1       | 	          WHERE organization_id=$1 AND id=$2
postgres-1       | 2026-09-30 22:47:05.393 UTC [980] ERROR:  relation "change_feed" already exists
postgres-1       | 2026-09-30 22:47:05.393 UTC [980] STATEMENT:  -- Run once after 0002_qkern_migration_fence.sql as the trusted project database
postgres-1       | 	-- provisioner. Provides trigger-based change capture for Realtime.
postgres-1       | 	--
postgres-1       | 	-- ## Warum Trigger und nicht logische Replikation
postgres-1       | 	--
postgres-1       | 	-- Logische Replikation sieht jede Aenderung ohne Schemaeingriff, verlangt aber
postgres-1       | 	-- eine Rolle mit Replikationsrecht und einen Slot. Beides steht im direkten
postgres-1       | 	-- Widerspruch zu diesem Schema: 0001 prueft fuer jede beteiligte Rolle
postgres-1       | 	-- ausdruecklich rolreplication = false. Ein hängender Konsument laesst den Slot
postgres-1       | 	-- ausserdem unbegrenzt WAL halten, bis die Platte voll ist -- ein
postgres-1       | 	-- Betriebsrisiko, das der Kunde traegt und QKERN nicht begrenzen kann.
postgres-1       | 	--
postgres-1       | 	-- Trigger sind begrenzbar: der Feed hat Groessengrenzen und Aufbewahrung, und
postgres-1       | 	-- das Anschalten je Tabelle ist eine Schemaaenderung, die den vorhandenen
postgres-1       | 	-- Change-Set- und Approval-Weg durchlaeuft.
postgres-1       | 	--
postgres-1       | 	-- ## Warum keine Zeilenwerte gespeichert werden
postgres-1       | 	--
postgres-1       | 	-- Der Feed haelt ausschliesslich die Primaerschluesselwerte. Die eigentlichen
postgres-1       | 	-- Zeilenwerte werden je Abonnent frisch gelesen, und zwar mit dessen Claims.
postgres-1       | 	-- Row Level Security autorisiert und erzeugt die Nutzlast damit in einem
postgres-1       | 	-- Schritt. Wuerden die Werte hier liegen, muesste eine zweite, unabhaengige
postgres-1       | 	-- Sichtbarkeitspruefung sie korrekt filtern -- eine Kopie der RLS-Logik
postgres-1       | 	-- ausserhalb der Datenbank und damit eine dauerhafte Fehlerquelle.
postgres-1       | 	
postgres-1       | 	BEGIN;
postgres-1       | 	
postgres-1       | 	CREATE TABLE qkern_internal.change_feed (
postgres-1       | 	  position bigint GENERATED ALWAYS AS IDENTITY PRIMARY KEY,
postgres-1       | 	  schema_name text NOT NULL CHECK (schema_name ~ '^[a-z_][a-z0-9_]{0,62}$'),
postgres-1       | 	  table_name text NOT NULL CHECK (table_name ~ '^[a-z_][a-z0-9_]{0,62}$'),
postgres-1       | 	  operation text NOT NULL CHECK (operation IN ('insert', 'update', 'delete')),
postgres-1       | 	  -- Nur Primaerschluesselwerte. Die Grenze verhindert, dass ein zusammengesetzter
postgres-1       | 	  -- Schluessel den Feed aufblaeht.
postgres-1       | 	  row_key jsonb NOT NULL CHECK (octet_length(row_key::text) <= 4096),
postgres-1       | 	  committed_at timestamptz NOT NULL DEFAULT now()
postgres-1       | 	);
postgres-1       | 	
postgres-1       | 	CREATE INDEX change_feed_retention_idx ON qkern_internal.change_feed (committed_at);
postgres-1       | 	
postgres-1       | 	ALTER TABLE qkern_internal.change_feed OWNER TO qkern_ledger_owner;
postgres-1       | 	
postgres-1       | 	-- SECURITY DEFINER: Der Schreiber einer Zeile besitzt keine Rechte auf dem
postgres-1       | 	-- Feed und soll sie auch nicht bekommen. Der Trigger schreibt stellvertretend.
postgres-1       | 	-- search_path wird fest gesetzt, damit kein Aufrufer die aufgeloesten Objekte
postgres-1       | 	-- umlenken kann.
postgres-1       | 	CREATE OR REPLACE FUNCTION qkern_internal.capture_change()
postgres-1       | 	RETURNS trigger
postgres-1       | 	LANGUAGE plpgsql
postgres-1       | 	SECURITY DEFINER
postgres-1       | 	SET search_path = qkern_internal, pg_catalog
postgres-1       | 	AS $$
postgres-1       | 	DECLARE
postgres-1       | 	  key_columns text[];
postgres-1       | 	  source record;
postgres-1       | 	  key jsonb;
postgres-1       | 	BEGIN
postgres-1       | 	  SELECT array_agg(attribute.attname ORDER BY attribute.attnum)
postgres-1       | 	    INTO key_columns
postgres-1       | 	    FROM pg_index index
postgres-1       | 	    JOIN pg_attribute attribute
postgres-1       | 	      ON attribute.attrelid = index.indrelid AND attribute.attnum = ANY (index.indkey)
postgres-1       | 	   WHERE index.indrelid = TG_RELID AND index.indisprimary;
postgres-1       | 	
postgres-1       | 	  IF key_columns IS NULL THEN
postgres-1       | 	    RAISE EXCEPTION 'change capture requires a primary key on %.%', TG_TABLE_SCHEMA, TG_TABLE_NAME
postgres-1       | 	      USING ERRCODE = '55000';
postgres-1       | 	  END IF;
postgres-1       | 	
postgres-1       | 	  source := CASE WHEN TG_OP = 'DELETE' THEN OLD ELSE NEW END;
postgres-1       | 	  SELECT jsonb_object_agg(entry.key, entry.value)
postgres-1       | 	    INTO key
postgres-1       | 	    FROM jsonb_each(to_jsonb(source)) AS entry
postgres-1       | 	   WHERE entry.key = ANY (key_columns);
postgres-1       | 	
postgres-1       | 	  INSERT INTO qkern_internal.change_feed (schema_name, table_name, operation, row_key)
postgres-1       | 	  VALUES (TG_TABLE_SCHEMA, TG_TABLE_NAME, lower(TG_OP), key);
postgres-1       | 	
postgres-1       | 	  RETURN NULL;
postgres-1       | 	END;
postgres-1       | 	$$;
postgres-1       | 	
postgres-1       | 	ALTER FUNCTION qkern_internal.capture_change() OWNER TO qkern_ledger_owner;
postgres-1       | 	
postgres-1       | 	REVOKE ALL ON qkern_internal.change_feed FROM PUBLIC;
postgres-1       | 	REVOKE ALL ON FUNCTION qkern_internal.capture_change() FROM PUBLIC;
postgres-1       | 	
postgres-1       | 	-- Die Laufzeitrolle liest den Feed und raeumt ihn auf. Sie darf ihn niemals
postgres-1       | 	-- schreiben: ein erfundenes Aenderungsereignis wuerde einen Lesevorgang mit
postgres-1       | 	-- fremden Claims ausloesen.
postgres-1       | 	GRANT USAGE ON SCHEMA qkern_internal TO qkern_project_api_app;
postgres-1       | 	GRANT SELECT, DELETE ON qkern_internal.change_feed TO qkern_project_api_app;
postgres-1       | 	
postgres-1       | 	COMMIT;
postgres-1       | 	
postgres-1       | 2026-09-30 22:47:05.564 UTC [987] ERROR:  permission denied for table billing_rate_cards
postgres-1       | 2026-09-30 22:47:05.564 UTC [987] STATEMENT:  UPDATE billing_rate_cards SET unit_price_micros = 1 WHERE organization_id = $1
postgres-1       | 2026-09-30 22:47:05.569 UTC [987] ERROR:  permission denied for table billing_rate_cards
postgres-1       | 2026-09-30 22:47:05.569 UTC [987] STATEMENT:  DELETE FROM billing_rate_cards WHERE organization_id = $1
postgres-1       | 2026-09-30 22:47:05.624 UTC [930] ERROR:  function slots are immutable
postgres-1       | 2026-09-30 22:47:05.624 UTC [930] CONTEXT:  PL/pgSQL function qkern_reject_project_function_slot_update() line 3 at RAISE
postgres-1       | 2026-09-30 22:47:05.624 UTC [930] STATEMENT:  UPDATE project_function_slots SET expires_at = now() + interval '1 hour'
postgres-1       | 	        WHERE organization_id=$1 AND function_id=$2
certification-1  |  [32m✓[39m tests/usage-billing-postgres.integration.test.ts [2m([22m[2m4 tests[22m[2m)[22m[33m 703[2mms[22m[39m
certification-1  |  [32m✓[39m tests/compute-functions-postgres.integration.test.ts [2m([22m[2m13 tests[22m[2m)[22m[33m 3498[2mms[22m[39m
certification-1  |      [33m[2m✓[22m[39m stops a second instance once the shared limit is reached [33m 591[2mms[22m[39m
certification-1  |      [33m[2m✓[22m[39m hands the place on once the first instance is done [33m 393[2mms[22m[39m
certification-1  |      [33m[2m✓[22m[39m reclaims the place of an instance that never came back [33m 304[2mms[22m[39m
certification-1  |      [33m[2m✓[22m[39m counts the places of one definition only [33m 1208[2mms[22m[39m
postgres-1       | 2026-09-30 22:47:05.806 UTC [957] ERROR:  cron progress must not move backwards
postgres-1       | 2026-09-30 22:47:05.806 UTC [957] CONTEXT:  PL/pgSQL function qkern_validate_project_cron_update() line 10 at RAISE
postgres-1       | 2026-09-30 22:47:05.806 UTC [957] STATEMENT:  UPDATE project_cron_definitions
postgres-1       | 	            SET last_dispatched_at=$3, updated_at=now()
postgres-1       | 	          WHERE organization_id=$1 AND id=$2
postgres-1       | 2026-09-30 22:47:05.861 UTC [960] ERROR:  cron progress must not move backwards
postgres-1       | 2026-09-30 22:47:05.861 UTC [960] CONTEXT:  PL/pgSQL function qkern_validate_project_cron_update() line 10 at RAISE
postgres-1       | 2026-09-30 22:47:05.861 UTC [960] STATEMENT:  UPDATE project_cron_definitions
postgres-1       | 	            SET last_dispatched_at=$3, updated_at=now()
postgres-1       | 	          WHERE organization_id=$1 AND id=$2
certification-1  |  [32m✓[39m tests/postgres-incident-recovery.integration.test.ts [2m([22m[2m6 tests[22m[2m)[22m[33m 6211[2mms[22m[39m
certification-1  |      [33m[2m✓[22m[39m closes PostgreSQL CHECK-NULL bypasses for every new pending command [33m 384[2mms[22m[39m
certification-1  |      [33m[2m✓[22m[39m rejects an old command when the same failure code returns in a later generation [33m 474[2mms[22m[39m
certification-1  |      [33m[2m✓[22m[39m keeps duplicate runtime inserts behind the worker's command-first lock [33m 493[2mms[22m[39m
postgres-1       | 2026-09-30 22:47:05.908 UTC [958] ERROR:  cron progress must not move backwards
postgres-1       | 2026-09-30 22:47:05.908 UTC [958] CONTEXT:  PL/pgSQL function qkern_validate_project_cron_update() line 10 at RAISE
postgres-1       | 2026-09-30 22:47:05.908 UTC [958] STATEMENT:  UPDATE project_cron_definitions
postgres-1       | 	            SET last_dispatched_at=$3, updated_at=now()
postgres-1       | 	          WHERE organization_id=$1 AND id=$2
postgres-1       | 2026-09-30 22:47:05.960 UTC [844] ERROR:  cron progress must not move backwards
postgres-1       | 2026-09-30 22:47:05.960 UTC [844] CONTEXT:  PL/pgSQL function qkern_validate_project_cron_update() line 10 at RAISE
postgres-1       | 2026-09-30 22:47:05.960 UTC [844] STATEMENT:  UPDATE project_cron_definitions SET last_dispatched_at=$2 WHERE id=$1
postgres-1       | 2026-09-30 22:47:06.529 UTC [999] ERROR:  cron identity is immutable
postgres-1       | 2026-09-30 22:47:06.529 UTC [999] CONTEXT:  PL/pgSQL function qkern_validate_project_cron_update() line 6 at RAISE
postgres-1       | 2026-09-30 22:47:06.529 UTC [999] STATEMENT:  UPDATE project_cron_definitions SET project_id=$2 WHERE id=$1
postgres-1       | 2026-09-30 22:47:06.571 UTC [997] ERROR:  permission denied for table project_auth_users
postgres-1       | 2026-09-30 22:47:06.571 UTC [997] STATEMENT:  SELECT id FROM project_auth_users LIMIT 1
postgres-1       | 2026-09-30 22:47:06.744 UTC [986] ERROR:  change capture requires a primary key on public.cdc_keyless_a9d1574d444c
postgres-1       | 2026-09-30 22:47:06.744 UTC [986] CONTEXT:  PL/pgSQL function capture_change() line 15 at RAISE
postgres-1       | 2026-09-30 22:47:06.744 UTC [986] STATEMENT:  INSERT INTO public.cdc_keyless_a9d1574d444c (label) VALUES ('orphan')
certification-1  | [90mstdout[2m | tests/sql-privilege-clause-contract.integration.test.ts[2m > [22m[2mSQL privilege clause contract[2m > [22m[2mfinds statements to check
certification-1  | [22m[39mprivilege clause contract: 141 Anweisungen, 12 Spaltenlisten nicht auswertbar, 969 Platzhalter offen
certification-1  | 
certification-1  | [90mstderr[2m | tests/realtime-change-soak-postgres.integration.test.ts[2m > [22m[2mRealtime change soak PostgreSQL certification[2m > [22m[2mdelivers every change of a sustained writer without loss, gap or stall
certification-1  | [22m[39msoak: 120 Aenderungen, p50 2239 ms, p95 2757 ms, max 2849 ms
certification-1  | 
postgres-1       | 2026-09-30 22:47:07.476 UTC [1024] ERROR:  permission denied for table change_feed
postgres-1       | 2026-09-30 22:47:07.476 UTC [1024] STATEMENT:  INSERT INTO qkern_internal.change_feed (schema_name, table_name, operation, row_key)
postgres-1       | 	       VALUES ('public', 'forged', 'insert', '{"id":"forged"}'::jsonb)
certification-1  | [90mstderr[2m | tests/realtime-change-soak-postgres.integration.test.ts[2m > [22m[2mRealtime change soak PostgreSQL certification[2m > [22m[2mdelivers every change of a sustained writer without loss, gap or stall
certification-1  | [22m[39msoak: 5 Buchungen fuer 120 Nachrichten
certification-1  | 
certification-1  |  [32m✓[39m tests/realtime-change-soak-postgres.integration.test.ts [2m([22m[2m1 test[22m[2m)[22m[33m 5482[2mms[22m[39m
postgres-1       | 2026-09-30 22:47:07.649 UTC [894] ERROR:  realtime events are append-only
postgres-1       | 2026-09-30 22:47:07.649 UTC [894] CONTEXT:  PL/pgSQL function qkern_reject_realtime_event_update() line 3 at RAISE
postgres-1       | 2026-09-30 22:47:07.649 UTC [894] STATEMENT:  UPDATE realtime_events SET event='tampered'
postgres-1       | 	        WHERE organization_id=$1 AND channel=$2
certification-1  |      [33m[2m✓[22m[39m delivers every change of a sustained writer without loss, gap or stall [33m 4976[2mms[22m[39m
postgres-1       | 2026-09-30 22:47:08.015 UTC [991] ERROR:  new row violates row-level security policy "audit_logs_project_auth_insert" for table "audit_logs"
postgres-1       | 2026-09-30 22:47:08.015 UTC [991] STATEMENT:  INSERT INTO audit_logs
postgres-1       | 	         (organization_id, project_id, environment, actor_type, actor_ref, action, resource_ref,
postgres-1       | 	          status, redacted_metadata, previous_hash, entry_hash)
postgres-1       | 	       VALUES ($1, $2, $3, $4, $5, $6, $7, $8, $9::jsonb, NULL, repeat('0', 64))
postgres-1       | 	       RETURNING id, organization_id, project_id, environment, actor_type, actor_ref, action, resource_ref,
postgres-1       | 	                 status, redacted_metadata, previous_hash, entry_hash, created_at
certification-1  |  [32m✓[39m tests/compute-webhook-chain.integration.test.ts [2m([22m[2m6 tests[22m[2m)[22m[33m 3475[2mms[22m[39m
certification-1  |      [33m[2m✓[22m[39m carries an enqueued event all the way to a verified, acknowledged delivery [33m 713[2mms[22m[39m
certification-1  |      [33m[2m✓[22m[39m dead-letters after the attempt limit of the definition [33m 1474[2mms[22m[39m
certification-1  |      [33m[2m✓[22m[39m does not send for a switched-off definition [33m 350[2mms[22m[39m
certification-1  |  [32m✓[39m tests/realtime-postgres.integration.test.ts [2m([22m[2m7 tests[22m[2m)[22m[33m 6414[2mms[22m[39m
certification-1  |      [33m[2m✓[22m[39m delivers a broadcast to a subscriber on a second instance through PostgreSQL [33m 1684[2mms[22m[39m
certification-1  |      [33m[2m✓[22m[39m assigns one global sequence per channel across instances [33m 2130[2mms[22m[39m
certification-1  |      [33m[2m✓[22m[39m keeps events after a restart of every instance [33m 553[2mms[22m[39m
certification-1  |      [33m[2m✓[22m[39m refuses to change a stored event [33m 1112[2mms[22m[39m
certification-1  |  [32m✓[39m tests/project-queues-postgres.integration.test.ts [2m([22m[2m9 tests[22m[2m)[22m[33m 6060[2mms[22m[39m
certification-1  |      [33m[2m✓[22m[39m persists only the dedupe verifier and returns the same durable receipt [33m 546[2mms[22m[39m
certification-1  |      [33m[2m✓[22m[39m claims each ready row at most once across concurrent workers [33m 1196[2mms[22m[39m
certification-1  |      [33m[2m✓[22m[39m persists one audited replay binding for concurrent dead-letter requests [33m 681[2mms[22m[39m
certification-1  |      [33m[2m✓[22m[39m consumes an enqueued message and calls the function [33m 1635[2mms[22m[39m
certification-1  |      [33m[2m✓[22m[39m retries when the function is unavailable [33m 362[2mms[22m[39m
certification-1  |  [32m✓[39m tests/realtime-change-feed-postgres.integration.test.ts [2m([22m[2m6 tests[22m[2m)[22m[33m 3418[2mms[22m[39m
certification-1  |      [33m[2m✓[22m[39m captures insert, update and delete with only the primary key [33m 303[2mms[22m[39m
certification-1  |      [33m[2m✓[22m[39m never lets the runtime role write the feed [33m 555[2mms[22m[39m
certification-1  |      [33m[2m✓[22m[39m lets the runtime role read and prune the feed [33m 700[2mms[22m[39m
certification-1  |  [32m✓[39m tests/migration-enqueue-postgres.integration.test.ts [2m([22m[2m3 tests[22m[2m)[22m[33m 1693[2mms[22m[39m
postgres-1       | 2026-09-30 22:47:09.266 UTC [1042] ERROR:  permission denied for table migration_outbox
postgres-1       | 2026-09-30 22:47:09.266 UTC [1042] STATEMENT:  SELECT status FROM migration_outbox
postgres-1       | 2026-09-30 22:47:09.280 UTC [1042] ERROR:  permission denied for table migration_outbox
postgres-1       | 2026-09-30 22:47:09.280 UTC [1042] STATEMENT:  SELECT lease_owner FROM migration_outbox
postgres-1       | 2026-09-30 22:47:09.283 UTC [1042] ERROR:  permission denied for table migration_outbox
postgres-1       | 2026-09-30 22:47:09.283 UTC [1042] STATEMENT:  SELECT lease_token FROM migration_outbox
postgres-1       | 2026-09-30 22:47:09.286 UTC [1042] ERROR:  permission denied for table migration_outbox
postgres-1       | 2026-09-30 22:47:09.286 UTC [1042] STATEMENT:  SELECT lease_expires_at FROM migration_outbox
postgres-1       | 2026-09-30 22:47:09.292 UTC [1042] ERROR:  permission denied for table migration_outbox
postgres-1       | 2026-09-30 22:47:09.292 UTC [1042] STATEMENT:  SELECT failure_count FROM migration_outbox
postgres-1       | 2026-09-30 22:47:09.300 UTC [1042] ERROR:  permission denied for table migration_outbox
postgres-1       | 2026-09-30 22:47:09.300 UTC [1042] STATEMENT:  SELECT available_at FROM migration_outbox
postgres-1       | 2026-09-30 22:47:09.576 UTC [1040] WARNING:  "wal_level" is insufficient to publish logical changes
postgres-1       | 2026-09-30 22:47:09.576 UTC [1040] HINT:  Set "wal_level" to "logical" before creating subscriptions.
certification-1  |  [32m✓[39m tests/data-plane-functions-postgres.integration.test.ts [2m([22m[2m1 test[22m[2m)[22m[33m 1196[2mms[22m[39m
certification-1  |      [33m[2m✓[22m[39m lists functions and procedures with signature, return, volatility and security, and hides aggregates and other schemas [33m 737[2mms[22m[39m
certification-1  |  [32m✓[39m tests/project-auth-postgres.integration.test.ts [2m([22m[2m4 tests[22m[2m)[22m[33m 4913[2mms[22m[39m
certification-1  |      [33m[2m✓[22m[39m persists app users only through the auth role and keeps runtime access closed [33m 833[2mms[22m[39m
certification-1  |      [33m[2m✓[22m[39m lists active sessions and revokes one family or all of one user in PostgreSQL (2.34) [33m 985[2mms[22m[39m
certification-1  |      [33m[2m✓[22m[39m records auth events through the auth role into the intact platform audit chain (2.35) [33m 341[2mms[22m[39m
certification-1  |  [32m✓[39m tests/usage-emitters-postgres.integration.test.ts [2m([22m[2m20 tests[22m[2m)[22m[33m 5795[2mms[22m[39m
certification-1  |      [33m[2m✓[22m[39m counts a real enqueue in the durable ledger [33m 341[2mms[22m[39m
certification-1  |      [33m[2m✓[22m[39m stops the enqueue when the hard limit is reached and writes no message [33m 347[2mms[22m[39m
certification-1  |      [33m[2m✓[22m[39m counts every simultaneous enqueue across queues exactly once [33m 1749[2mms[22m[39m
certification-1  |        [33m[2m✓[22m[39m counts the rows a real read actually returned [33m 514[2mms[22m[39m
certification-1  |        [33m[2m✓[22m[39m loses an unwritten buffer instead of counting it twice [33m 468[2mms[22m[39m
certification-1  |      [33m[2m✓[22m[39m pages through every event exactly once [33m 413[2mms[22m[39m
certification-1  |      [33m[2m✓[22m[39m keeps a sibling project out of the archive [33m 328[2mms[22m[39m
certification-1  |  [32m✓[39m tests/data-plane-catalog-wide-postgres.integration.test.ts [2m([22m[2m4 tests[22m[2m)[22m[33m 2540[2mms[22m[39m
certification-1  |      [33m[2m✓[22m[39m lists available extensions with the installed ones first and their version [33m 1087[2mms[22m[39m
certification-1  |  [32m✓[39m tests/data-plane-catalog-postgres.integration.test.ts [2m([22m[2m3 tests[22m[2m)[22m[33m 1845[2mms[22m[39m
certification-1  |      [33m[2m✓[22m[39m lists indexes with method, uniqueness, columns, expression and predicate [33m 342[2mms[22m[39m
certification-1  |  [32m✓[39m tests/usage-metering-postgres.integration.test.ts [2m([22m[2m4 tests[22m[2m)[22m[33m 1233[2mms[22m[39m
certification-1  |      [33m[2m✓[22m[39m serializes concurrent hard-quota decisions and persists verifier-only events [33m 776[2mms[22m[39m
certification-1  |  [32m✓[39m tests/queue-connection-pressure-postgres.integration.test.ts [2m([22m[2m1 test[22m[2m)[22m[33m 1230[2mms[22m[39m
certification-1  |      [33m[2m✓[22m[39m names an exhausted pool instead of calling it a queue conflict [33m 320[2mms[22m[39m
certification-1  |  [32m✓[39m tests/data-plane-query-postgres.integration.test.ts [2m([22m[2m2 tests[22m[2m)[22m[33m 1119[2mms[22m[39m
certification-1  |      [33m[2m✓[22m[39m returns real rows, honest truncation and redacted secrets [33m 387[2mms[22m[39m
certification-1  |  [32m✓[39m tests/data-plane-triggers-postgres.integration.test.ts [2m([22m[2m1 test[22m[2m)[22m[33m 729[2mms[22m[39m
certification-1  |  [32m✓[39m tests/sql-privilege-clause-contract.integration.test.ts [2m([22m[2m2 tests[22m[2m)[22m[33m 9812[2mms[22m[39m
certification-1  |      [33m[2m✓[22m[39m finds statements to check [33m 1185[2mms[22m[39m
certification-1  |      [33m[2m✓[22m[39m grants every write role the read right its clauses require [33m 7612[2mms[22m[39m
postgres-1       | 2026-09-30 22:47:15.137 UTC [353] LOG:  checkpoint starting: immediate force wait
postgres-1       | 2026-09-30 22:47:15.227 UTC [353] LOG:  checkpoint complete: wrote 396 buffers (2.4%); 0 WAL file(s) added, 0 removed, 0 recycled; write=0.086 s, sync=0.001 s, total=0.092 s; sync files=264, longest=0.001 s, average=0.001 s; distance=1809 kB, estimate=11237 kB; lsn=0/2B32208, redo lsn=0/2B249F0
certification-1  |  [32m✓[39m tests/migration-process-postgres.integration.test.ts [2m([22m[2m3 tests[22m[2m)[22m[33m 15409[2mms[22m[39m
certification-1  |      [33m[2m✓[22m[39m applies a queued statement to the real project database [33m 6731[2mms[22m[39m
certification-1  |      [33m[2m✓[22m[39m keeps a tampered statement out of the project database [33m 4545[2mms[22m[39m
certification-1  |      [33m[2m✓[22m[39m names the violated boundary condition without describing the database [33m 2662[2mms[22m[39m
certification-1  |  [32m✓[39m tests/realtime-change-chain-postgres.integration.test.ts [2m([22m[2m6 tests[22m[2m)[22m[33m 13931[2mms[22m[39m
certification-1  |      [33m[2m✓[22m[39m carries a change from the trigger to a subscriber that may see it [33m 696[2mms[22m[39m
certification-1  |      [33m[2m✓[22m[39m keeps order and delivers each change exactly once under a burst [33m 1795[2mms[22m[39m
certification-1  |      [33m[2m✓[22m[39m keeps every subscriber's subset correct with many subscribers at once [33m 10447[2mms[22m[39m
certification-1  |  [32m✓[39m tests/realtime-process-postgres.integration.test.ts [2m([22m[2m3 tests[22m[2m)[22m[33m 15519[2mms[22m[39m
certification-1  |      [33m[2m✓[22m[39m serves a real client from the shipped process [33m 9483[2mms[22m[39m
certification-1  |      [33m[2m✓[22m[39m refuses production with an ephemeral log and names the condition [33m 2799[2mms[22m[39m
certification-1  |      [33m[2m✓[22m[39m serves a client on a public bind after the explicit opt-in [33m 2906[2mms[22m[39m
postgres-1       | 2026-09-30 22:47:18.652 UTC [1171] ERROR:  permission denied for table users
postgres-1       | 2026-09-30 22:47:18.652 UTC [1171] STATEMENT:  SELECT id FROM users LIMIT 1
postgres-1       | 2026-09-30 22:47:18.721 UTC [1172] ERROR:  permission denied for table projects
postgres-1       | 2026-09-30 22:47:18.721 UTC [1172] STATEMENT:  SELECT id FROM projects LIMIT 1
certification-1  |  [32m✓[39m tests/project-queues-multi-instance.integration.test.ts [2m([22m[2m6 tests[22m[2m)[22m[33m 19374[2mms[22m[39m
certification-1  |      [33m[2m✓[22m[39m claims every message exactly once across six competing instances [33m 7417[2mms[22m[39m
certification-1  |      [33m[2m✓[22m[39m gives a message to exactly one instance when many claim at the same moment [33m 1877[2mms[22m[39m
certification-1  |      [33m[2m✓[22m[39m fences a vanished worker: the lease survives, the stale token does not [33m 6480[2mms[22m[39m
certification-1  |      [33m[2m✓[22m[39m keeps retry authority on the server when instances fail concurrently [33m 934[2mms[22m[39m
certification-1  |      [33m[2m✓[22m[39m enforces the capacity limit even when instances enqueue at the same time [33m 1910[2mms[22m[39m
certification-1  |      [33m[2m✓[22m[39m deduplicates the same key across instances, not just within one [33m 426[2mms[22m[39m
certification-1  |  [32m✓[39m tests/billing-invoice-postgres.integration.test.ts [2m([22m[2m6 tests[22m[2m)[22m[33m 19171[2mms[22m[39m
certification-1  |      [33m[2m✓[22m[39m issues the closed month's invoice from the shipped process [33m 4678[2mms[22m[39m
certification-1  |      [33m[2m✓[22m[39m leaves the issued invoice untouched on a second run [33m 4393[2mms[22m[39m
certification-1  |      [33m[2m✓[22m[39m refuses an open period at its configuration boundary [33m 1745[2mms[22m[39m
certification-1  |      [33m[2m✓[22m[39m issues exactly one invoice when two runs race for the same period [33m 2589[2mms[22m[39m
certification-1  |      [33m[2m✓[22m[39m numbers invoices gaplessly per organization and stamps the due date [33m 5129[2mms[22m[39m
certification-1  |  [32m✓[39m tests/compute-cron-postgres.integration.test.ts [2m([22m[2m12 tests[22m[2m)[22m[33m 21967[2mms[22m[39m
certification-1  |      [33m[2m✓[22m[39m dispatches a due occurrence into the queue and advances the progress [33m 498[2mms[22m[39m
certification-1  |      [33m[2m✓[22m[39m dispatches a zoned schedule through the real progress across the missing hour [33m 766[2mms[22m[39m
certification-1  |      [33m[2m✓[22m[39m dispatches L, # and W schedules through the real progress [33m 1934[2mms[22m[39m
certification-1  |      [33m[2m✓[22m[39m produces exactly one message when two schedulers fire the same occurrence [33m 2223[2mms[22m[39m
certification-1  |      [33m[2m✓[22m[39m keeps the identity of a definition immutable [33m 584[2mms[22m[39m
certification-1  |      [33m[2m✓[22m[39m hides definitions of a different organization [33m 1082[2mms[22m[39m
certification-1  |      [33m[2m✓[22m[39m dispatches from the shipped process [33m 8983[2mms[22m[39m
certification-1  |      [33m[2m✓[22m[39m reports ready while the cron loop is doing its rounds [33m 2789[2mms[22m[39m
certification-1  |      [33m[2m✓[22m[39m stops reporting ready when every definition fails [33m 2377[2mms[22m[39m
postgres-1       | 2026-09-30 22:47:33.927 UTC [1170] ERROR:  new row for relation "project_queue_messages" violates check constraint "project_queue_messages_dedupe_pair"
postgres-1       | 2026-09-30 22:47:33.927 UTC [1170] DETAIL:  Failing row contains (7c45077f-f9e9-4bef-9e54-84e06e410990, ba3dea97-f37c-4759-8f50-38704a0cf470, 19ae411c-5257-44c4-9eb4-995aadd134e0, development, b6415e85-e2e1-44cf-82be-8050c30c594f, {}, available, probe, ffffffffffffffffffffffffffffffffffffffffffffffffffffffffffffffff, null, 0, 2026-09-30 22:47:33.926331+00, null, null, 0, null, null, 2026-09-30 22:47:33.926331+00, null, null, null).
postgres-1       | 2026-09-30 22:47:33.927 UTC [1170] STATEMENT:  INSERT INTO project_queue_messages
postgres-1       | 	        (organization_id,project_id,environment,queue_id,payload,owner_subject,dedupe_key_hash)
postgres-1       | 	        VALUES ($1,$2,'development',$3,'{}'::jsonb,'probe',$4)
postgres-1       | 2026-09-30 22:47:34.163 UTC [1255] FATAL:  database "absent_b84bfb33_6d26_407d_9b3f_cc5b36628eee" does not exist
postgres-1       | 2026-09-30 22:47:35.540 UTC [353] LOG:  checkpoint starting: immediate force wait
postgres-1       | 2026-09-30 22:47:35.549 UTC [353] LOG:  checkpoint complete: wrote 212 buffers (1.3%); 0 WAL file(s) added, 0 removed, 2 recycled; write=0.007 s, sync=0.001 s, total=0.010 s; sync files=186, longest=0.001 s, average=0.001 s; distance=25198 kB, estimate=25198 kB; lsn=0/43C0628, redo lsn=0/43C05D0
postgres-1       | 2026-09-30 22:47:41.467 UTC [1175] ERROR:  new row for relation "project_auth_settings" violates check constraint "project_auth_settings_rate_limits_check"
postgres-1       | 2026-09-30 22:47:41.467 UTC [1175] DETAIL:  Failing row contains (f0f98dce-61a7-4553-86e5-5d8e71fcebfe, 54fad4de-4c7e-4295-968c-447dd659a232, development, f, 2026-09-26 12:00:00+00, {}, 0, 900, 5, 3600, 2, 900, f, 12, named, null, 2000, null, 2000, {}).
postgres-1       | 2026-09-30 22:47:41.467 UTC [1175] STATEMENT:  UPDATE project_auth_settings SET sign_in_max = 0
postgres-1       | 	       WHERE organization_id = $1 AND project_id = $2 AND environment = 'development'
postgres-1       | 2026-09-30 22:47:42.804 UTC [1287] ERROR:  new row for relation "project_auth_settings" violates check constraint "project_auth_settings_password_protection_check"
postgres-1       | 2026-09-30 22:47:42.804 UTC [1287] DETAIL:  Failing row contains (1766e32e-40a4-4dd7-a6ec-64acf9b2d06a, 9405af95-a121-4c4e-bdef-d7bf67223cdb, development, f, 2026-09-26 13:00:00+00, {}, 10, 900, 5, 3600, 60, 3600, t, 11, generic, null, 2000, null, 2000, {}).
postgres-1       | 2026-09-30 22:47:42.804 UTC [1287] STATEMENT:  UPDATE project_auth_settings SET password_min_length = 11
postgres-1       | 	         WHERE organization_id = $1 AND project_id = $2 AND environment = 'development'
postgres-1       | 2026-09-30 22:47:42.897 UTC [1297] ERROR:  new row for relation "project_auth_settings" violates check constraint "project_auth_settings_password_protection_check"
postgres-1       | 2026-09-30 22:47:42.897 UTC [1297] DETAIL:  Failing row contains (1766e32e-40a4-4dd7-a6ec-64acf9b2d06a, 9405af95-a121-4c4e-bdef-d7bf67223cdb, development, f, 2026-09-26 13:00:00+00, {}, 10, 900, 5, 3600, 60, 3600, t, 129, generic, null, 2000, null, 2000, {}).
postgres-1       | 2026-09-30 22:47:42.897 UTC [1297] STATEMENT:  UPDATE project_auth_settings SET password_min_length = 129
postgres-1       | 	         WHERE organization_id = $1 AND project_id = $2 AND environment = 'development'
postgres-1       | 2026-09-30 22:47:42.968 UTC [1298] ERROR:  new row for relation "project_auth_settings" violates check constraint "project_auth_settings_password_protection_check"
postgres-1       | 2026-09-30 22:47:42.968 UTC [1298] DETAIL:  Failing row contains (1766e32e-40a4-4dd7-a6ec-64acf9b2d06a, 9405af95-a121-4c4e-bdef-d7bf67223cdb, development, f, 2026-09-26 13:00:00+00, {}, 10, 900, 5, 3600, 60, 3600, t, 14, loud, null, 2000, null, 2000, {}).
postgres-1       | 2026-09-30 22:47:42.968 UTC [1298] STATEMENT:  UPDATE project_auth_settings SET leaked_password_notice = 'loud'
postgres-1       | 	         WHERE organization_id = $1 AND project_id = $2 AND environment = 'development'
postgres-1       | 2026-09-30 22:47:47.253 UTC [353] LOG:  checkpoint starting: immediate force wait
postgres-1       | 2026-09-30 22:47:47.258 UTC [353] LOG:  checkpoint complete: wrote 159 buffers (1.0%); 0 WAL file(s) added, 0 removed, 0 recycled; write=0.004 s, sync=0.001 s, total=0.006 s; sync files=132, longest=0.001 s, average=0.001 s; distance=5193 kB, estimate=23198 kB; lsn=0/48D2D08, redo lsn=0/48D2CB0
postgres-1       | 2026-09-30 22:47:55.128 UTC [353] LOG:  checkpoint starting: immediate force wait
postgres-1       | 2026-09-30 22:47:55.140 UTC [353] LOG:  checkpoint complete: wrote 74 buffers (0.5%); 0 WAL file(s) added, 0 removed, 0 recycled; write=0.007 s, sync=0.004 s, total=0.012 s; sync files=61, longest=0.003 s, average=0.001 s; distance=4605 kB, estimate=21339 kB; lsn=0/4D523C8, redo lsn=0/4D52370
postgres-1       | 2026-09-30 22:47:55.701 UTC [1253] ERROR:  new row for relation "user_console_settings" violates check constraint "user_console_settings_language_check"
postgres-1       | 2026-09-30 22:47:55.701 UTC [1253] DETAIL:  Failing row contains (2dd3d7aa-241a-4c7c-a900-09ae71354604, es, de-CH, browser, overview, system, 2026-09-30 22:47:55.700871+00, 2026-09-30 22:47:55.700871+00).
postgres-1       | 2026-09-30 22:47:55.701 UTC [1253] STATEMENT:  INSERT INTO user_console_settings (user_id, language) VALUES ($1, $2)
postgres-1       | 2026-09-30 22:47:55.724 UTC [1374] ERROR:  new row for relation "user_console_settings" violates check constraint "user_console_settings_format_locale_check"
postgres-1       | 2026-09-30 22:47:55.724 UTC [1374] DETAIL:  Failing row contains (2dd3d7aa-241a-4c7c-a900-09ae71354604, browser, de-AT, browser, overview, system, 2026-09-30 22:47:55.721031+00, 2026-09-30 22:47:55.721031+00).
postgres-1       | 2026-09-30 22:47:55.724 UTC [1374] STATEMENT:  INSERT INTO user_console_settings (user_id, format_locale) VALUES ($1, $2)
postgres-1       | 2026-09-30 22:47:55.743 UTC [1375] ERROR:  new row for relation "user_console_settings" violates check constraint "user_console_settings_theme_check"
postgres-1       | 2026-09-30 22:47:55.743 UTC [1375] DETAIL:  Failing row contains (2dd3d7aa-241a-4c7c-a900-09ae71354604, browser, de-CH, browser, overview, sepia, 2026-09-30 22:47:55.740352+00, 2026-09-30 22:47:55.740352+00).
postgres-1       | 2026-09-30 22:47:55.743 UTC [1375] STATEMENT:  INSERT INTO user_console_settings (user_id, theme) VALUES ($1, $2)
postgres-1       | 2026-09-30 22:47:55.762 UTC [1376] ERROR:  new row for relation "user_console_settings" violates check constraint "user_console_settings_time_zone_check"
postgres-1       | 2026-09-30 22:47:55.762 UTC [1376] DETAIL:  Failing row contains (2dd3d7aa-241a-4c7c-a900-09ae71354604, browser, de-CH, kein zonenname mit leerzeichen, overview, system, 2026-09-30 22:47:55.759188+00, 2026-09-30 22:47:55.759188+00).
postgres-1       | 2026-09-30 22:47:55.762 UTC [1376] STATEMENT:  INSERT INTO user_console_settings (user_id, time_zone) VALUES ($1, $2)
postgres-1       | 2026-09-30 22:47:55.785 UTC [1377] ERROR:  new row for relation "user_console_settings" violates check constraint "user_console_settings_start_view_check"
postgres-1       | 2026-09-30 22:47:55.785 UTC [1377] DETAIL:  Failing row contains (2dd3d7aa-241a-4c7c-a900-09ae71354604, browser, de-CH, browser, Nicht Erlaubt, system, 2026-09-30 22:47:55.78102+00, 2026-09-30 22:47:55.78102+00).
postgres-1       | 2026-09-30 22:47:55.785 UTC [1377] STATEMENT:  INSERT INTO user_console_settings (user_id, start_view) VALUES ($1, $2)
postgres-1       | 2026-09-30 22:47:55.810 UTC [1299] ERROR:  permission denied for table users
postgres-1       | 2026-09-30 22:47:55.810 UTC [1299] STATEMENT:  UPDATE users SET status = 'disabled' WHERE id = $1
postgres-1       | 2026-09-30 22:48:12.963 UTC [1435] ERROR:  relation "plaene_3b96a55a_a0da_435c_84c3_b5ec10ff0560.gibt_es_nicht" does not exist at character 73
postgres-1       | 2026-09-30 22:48:12.963 UTC [1435] STATEMENT:  EXPLAIN (FORMAT JSON, COSTS ON, VERBOSE OFF, SUMMARY ON) SELECT id FROM "plaene_3b96a55a_a0da_435c_84c3_b5ec10ff0560".gibt_es_nicht
postgres-1       | 2026-09-30 22:48:13.049 UTC [1378] ERROR:  division by zero
postgres-1       | 2026-09-30 22:48:13.049 UTC [1378] STATEMENT:  SELECT 1 / 0
postgres-1       | 2026-09-30 22:48:13.071 UTC [1464] ERROR:  division by zero
postgres-1       | 2026-09-30 22:48:13.071 UTC [1464] STATEMENT:  SELECT 1 / 0
postgres-1       | 2026-09-30 22:48:13.094 UTC [1465] ERROR:  division by zero
postgres-1       | 2026-09-30 22:48:13.094 UTC [1465] STATEMENT:  SELECT 1 / 0
postgres-1       | 2026-09-30 22:48:13.118 UTC [1466] ERROR:  division by zero
postgres-1       | 2026-09-30 22:48:13.118 UTC [1466] STATEMENT:  SELECT 1 / 0
postgres-1       | 2026-09-30 22:48:13.139 UTC [1467] ERROR:  division by zero
postgres-1       | 2026-09-30 22:48:13.139 UTC [1467] STATEMENT:  SELECT 1 / 0
postgres-1       | 2026-09-30 22:48:13.157 UTC [1468] ERROR:  division by zero
postgres-1       | 2026-09-30 22:48:13.157 UTC [1468] STATEMENT:  SELECT 1 / 0
postgres-1       | 2026-09-30 22:48:13.184 UTC [1469] ERROR:  division by zero
postgres-1       | 2026-09-30 22:48:13.184 UTC [1469] STATEMENT:  SELECT 1 / 0
postgres-1       | 2026-09-30 22:48:13.231 UTC [1470] ERROR:  division by zero
postgres-1       | 2026-09-30 22:48:13.231 UTC [1470] STATEMENT:  SELECT 1 / 0
postgres-1       | 2026-09-30 22:48:13.288 UTC [1471] ERROR:  division by zero
postgres-1       | 2026-09-30 22:48:13.288 UTC [1471] STATEMENT:  SELECT 1 / 0
postgres-1       | 2026-09-30 22:48:13.331 UTC [1472] ERROR:  division by zero
postgres-1       | 2026-09-30 22:48:13.331 UTC [1472] STATEMENT:  SELECT 1 / 0
postgres-1       | 2026-09-30 22:48:15.680 UTC [1484] ERROR:  permission denied for table pg_user_mapping
postgres-1       | 2026-09-30 22:48:15.680 UTC [1484] STATEMENT:  SELECT umoptions FROM pg_catalog.pg_user_mapping
postgres-1       | 2026-09-30 22:48:15.747 UTC [1473] WARNING:  "wal_level" is insufficient to publish logical changes
postgres-1       | 2026-09-30 22:48:15.747 UTC [1473] HINT:  Set "wal_level" to "logical" before creating subscriptions.
postgres-1       | 2026-09-30 22:48:15.777 UTC [1486] ERROR:  permission denied for table pg_subscription
postgres-1       | 2026-09-30 22:48:15.777 UTC [1486] STATEMENT:  SELECT subconninfo FROM pg_catalog.pg_subscription
postgres-1       | 2026-09-30 22:48:17.414 UTC [1380] ERROR:  permission denied for table project_storage_s3_access_keys
postgres-1       | 2026-09-30 22:48:17.414 UTC [1380] STATEMENT:  DELETE FROM project_storage_s3_access_keys WHERE id = $1
postgres-1       | 2026-09-30 22:48:17.420 UTC [1174] ERROR:  permission denied for table project_storage_s3_access_keys
postgres-1       | 2026-09-30 22:48:17.420 UTC [1174] STATEMENT:  UPDATE project_storage_s3_access_keys SET name = 'anders' WHERE id = $1
postgres-1       | 2026-09-30 22:48:17.426 UTC [1473] ERROR:  project storage S3 access keys are immutable except for one-way revocation
postgres-1       | 2026-09-30 22:48:17.426 UTC [1473] CONTEXT:  PL/pgSQL function qkern_reject_project_storage_s3_access_key_mutation() line 14 at RAISE
postgres-1       | 2026-09-30 22:48:17.426 UTC [1473] STATEMENT:  UPDATE project_storage_s3_access_keys SET revoked_at = now() + interval '1 hour' WHERE id = $1
postgres-1       | 2026-09-30 22:48:17.590 UTC [1498] ERROR:  project storage S3 access keys are immutable except for one-way revocation
postgres-1       | 2026-09-30 22:48:17.590 UTC [1498] CONTEXT:  PL/pgSQL function qkern_reject_project_storage_s3_access_key_mutation() line 14 at RAISE
postgres-1       | 2026-09-30 22:48:17.590 UTC [1498] STATEMENT:  UPDATE project_storage_s3_access_keys SET secret_ciphertext = $2 WHERE id = $1
postgres-1       | 2026-09-30 22:48:20.771 UTC [1379] ERROR:  new row for relation "project_auth_settings" violates check constraint "project_auth_settings_hook_claims_check"
postgres-1       | 2026-09-30 22:48:20.771 UTC [1379] DETAIL:  Failing row contains (81ae5516-4b56-4a9c-92cc-3d6737f36e61, d54081bc-50fb-4eb6-940c-35ea59187b5e, development, f, 2026-09-30 22:48:20.252+00, {}, 10, 900, 5, 3600, 60, 3600, f, 12, named, null, 2000, hook-claims-b7ea788b, 2000, {role}).
postgres-1       | 2026-09-30 22:48:20.771 UTC [1379] STATEMENT:  UPDATE project_auth_settings SET access_token_hook_function = $1, access_token_hook_claims = ARRAY['role']::text[] WHERE organization_id = '81ae5516-4b56-4a9c-92cc-3d6737f36e61' AND project_id = 'd54081bc-50fb-4eb6-940c-35ea59187b5e'
postgres-1       | 	      AND environment = 'development'
postgres-1       | 2026-09-30 22:48:20.814 UTC [1510] ERROR:  new row for relation "project_auth_settings" violates check constraint "project_auth_settings_hook_timeout_check"
postgres-1       | 2026-09-30 22:48:20.814 UTC [1510] DETAIL:  Failing row contains (81ae5516-4b56-4a9c-92cc-3d6737f36e61, d54081bc-50fb-4eb6-940c-35ea59187b5e, development, f, 2026-09-30 22:48:20.252+00, {}, 10, 900, 5, 3600, 60, 3600, f, 12, named, null, 0, null, 2000, {}).
postgres-1       | 2026-09-30 22:48:20.814 UTC [1510] STATEMENT:  UPDATE project_auth_settings SET sign_in_hook_timeout_ms = 0 WHERE organization_id = '81ae5516-4b56-4a9c-92cc-3d6737f36e61' AND project_id = 'd54081bc-50fb-4eb6-940c-35ea59187b5e'
postgres-1       | 	      AND environment = 'development'
postgres-1       | 2026-09-30 22:48:20.889 UTC [1511] ERROR:  new row for relation "project_auth_settings" violates check constraint "project_auth_settings_hook_function_check"
postgres-1       | 2026-09-30 22:48:20.889 UTC [1511] DETAIL:  Failing row contains (81ae5516-4b56-4a9c-92cc-3d6737f36e61, d54081bc-50fb-4eb6-940c-35ea59187b5e, development, f, 2026-09-30 22:48:20.252+00, {}, 10, 900, 5, 3600, 60, 3600, f, 12, named, Nope!, 2000, null, 2000, {}).
postgres-1       | 2026-09-30 22:48:20.889 UTC [1511] STATEMENT:  UPDATE project_auth_settings SET sign_in_hook_function = 'Nope!' WHERE organization_id = '81ae5516-4b56-4a9c-92cc-3d6737f36e61' AND project_id = 'd54081bc-50fb-4eb6-940c-35ea59187b5e'
postgres-1       | 	      AND environment = 'development'
postgres-1       | 2026-09-30 22:48:20.946 UTC [1512] ERROR:  new row for relation "project_auth_settings" violates check constraint "project_auth_settings_hook_claims_check"
postgres-1       | 2026-09-30 22:48:20.946 UTC [1512] DETAIL:  Failing row contains (81ae5516-4b56-4a9c-92cc-3d6737f36e61, d54081bc-50fb-4eb6-940c-35ea59187b5e, development, f, 2026-09-30 22:48:20.252+00, {}, 10, 900, 5, 3600, 60, 3600, f, 12, named, null, 2000, null, 2000, {tenant}).
postgres-1       | 2026-09-30 22:48:20.946 UTC [1512] STATEMENT:  UPDATE project_auth_settings SET access_token_hook_function = NULL, access_token_hook_claims = ARRAY['tenant']::text[] WHERE organization_id = '81ae5516-4b56-4a9c-92cc-3d6737f36e61' AND project_id = 'd54081bc-50fb-4eb6-940c-35ea59187b5e'
postgres-1       | 	      AND environment = 'development'
postgres-1       | 2026-09-30 22:48:21.886 UTC [1513] ERROR:  permission denied for table project_auth_passkeys
postgres-1       | 2026-09-30 22:48:21.886 UTC [1513] STATEMENT:  UPDATE project_auth_passkeys SET public_key = $1
postgres-1       | 	        WHERE organization_id = $2 AND project_id = $3
postgres-1       | 2026-09-30 22:48:23.783 UTC [1523] ERROR:  new row for relation "project_auth_third_party_providers" violates check constraint "project_auth_third_party_providers_role_check"
postgres-1       | 2026-09-30 22:48:23.783 UTC [1523] DETAIL:  Failing row contains (401ded67-2f27-4fac-9063-94f07c1867d2, ed759b6f-96b8-43bb-ab56-56989b4f2cbc, d7c636a2-9efb-4fa0-9aab-11424c00f6cd, development, direkt, https://direkt.example.com, https://aussteller-2-80.example.com/.well-known/jwks.json, {qkern-app-2-80}, sub, null, service_role, 2026-09-30 22:48:23.774243+00).
postgres-1       | 2026-09-30 22:48:23.783 UTC [1523] STATEMENT:  INSERT INTO project_auth_third_party_providers
postgres-1       | 	        (id, organization_id, project_id, environment, name, issuer, jwks_uri, audiences, default_role)
postgres-1       | 	        VALUES ($1,$2,$3,$4,'direkt','https://direkt.example.com',$5,ARRAY[$6]::text[],'service_role')
postgres-1       | 2026-09-30 22:48:23.853 UTC [1533] ERROR:  permission denied for table project_auth_third_party_providers
postgres-1       | 2026-09-30 22:48:23.853 UTC [1533] STATEMENT:  UPDATE project_auth_third_party_providers SET jwks_uri = $1 WHERE issuer = $2
postgres-1       | 2026-09-30 22:48:29.565 UTC [1565] ERROR:  new row violates row-level security policy for table "notizen"
postgres-1       | 2026-09-30 22:48:29.565 UTC [1565] STATEMENT:  INSERT INTO "graphqlw_c808907b_25d6_481f_9220_e176baaf4764"."notizen" ("besitzer", "inhalt", "menge")
postgres-1       | 	         VALUES ($1, $2, $3)
postgres-1       | 	         RETURNING "id", "besitzer", "inhalt", "menge"
postgres-1       | 2026-09-30 22:48:29.652 UTC [1565] ERROR:  new row violates row-level security policy for table "notizen"
postgres-1       | 2026-09-30 22:48:29.652 UTC [1565] STATEMENT:  UPDATE "graphqlw_c808907b_25d6_481f_9220_e176baaf4764"."notizen" SET "besitzer" = $1
postgres-1       | 	       WHERE "menge" = $2 RETURNING "id", "besitzer", "inhalt", "menge"
postgres-1       | 2026-09-30 22:48:30.765 UTC [1575] ERROR:  permission denied for table project_auth_oauth_clients
postgres-1       | 2026-09-30 22:48:30.765 UTC [1575] STATEMENT:  UPDATE project_auth_oauth_clients SET scopes = ARRAY['data:write']::text[] WHERE id = $1
postgres-1       | 2026-09-30 22:48:30.768 UTC [1534] ERROR:  new row for relation "project_auth_oauth_codes" violates check constraint "project_auth_oauth_codes_pkce_check"
postgres-1       | 2026-09-30 22:48:30.768 UTC [1534] DETAIL:  Failing row contains (4c590e97-2a79-493e-9f40-310a1ee3ce80, 4ecd6f02-5089-42bb-bcd9-e5bca9f3614b, 9e97af5f-2c64-40c3-91ef-03966675a8ab, development, e0c5bed5-4c28-47f2-881d-71b679a83bd7, 37cc3c2d-6117-41f0-8c29-b78c0a6b2e1d, https://app.test/oauth/zurueck, {data:read}, direkt-ccfec58d-5eb9-4d8d-b57d-c24029114787, 6SM7hB896qGzVTVcdXpDPk2shEqzwScRyDfgyCQa2Mg, plain, 2026-09-30 22:48:30.766712+00, 2026-09-30 22:49:30.766712+00, null, null).
postgres-1       | 2026-09-30 22:48:30.768 UTC [1534] STATEMENT:  INSERT INTO project_auth_oauth_codes
postgres-1       | 	        (id, organization_id, project_id, environment, client_id, auth_user_id, redirect_uri,
postgres-1       | 	         scopes, code_hash, code_challenge, code_challenge_method, expires_at)
postgres-1       | 	        VALUES ($1,$2,$3,'development',$4,$5,$6,ARRAY['data:read']::text[],$7,$8,'plain',now() + interval '1 minute')
postgres-1       | 2026-09-30 22:48:32.058 UTC [353] LOG:  checkpoint starting: immediate force wait
postgres-1       | 2026-09-30 22:48:32.119 UTC [353] LOG:  checkpoint complete: wrote 486 buffers (3.0%); 0 WAL file(s) added, 0 removed, 2 recycled; write=0.057 s, sync=0.001 s, total=0.061 s; sync files=293, longest=0.001 s, average=0.000 s; distance=27540 kB, estimate=27540 kB; lsn=0/6837608, redo lsn=0/68375B0
postgres-1       | 2026-09-30 22:48:32.319 UTC [1497] ERROR:  permission denied for table project_auth_one_time_tokens
postgres-1       | 2026-09-30 22:48:32.319 UTC [1497] STATEMENT:  DELETE FROM project_auth_one_time_tokens WHERE organization_id = $1
postgres-1       | 2026-09-30 22:48:32.360 UTC [1581] ERROR:  permission denied for table project_auth_oauth_tokens
postgres-1       | 2026-09-30 22:48:32.360 UTC [1581] STATEMENT:  DELETE FROM project_auth_oauth_tokens WHERE organization_id = $1
postgres-1       | 2026-09-30 22:48:32.831 UTC [1590] ERROR:  permission denied for table project_auth_saml_assertions
postgres-1       | 2026-09-30 22:48:32.831 UTC [1590] STATEMENT:  DELETE FROM project_auth_saml_assertions WHERE organization_id = $1
postgres-1       | 2026-09-30 22:48:36.017 UTC [1576] ERROR:  permission denied for table project_auth_oauth_consents
postgres-1       | 2026-09-30 22:48:36.017 UTC [1576] STATEMENT:  DELETE FROM project_auth_oauth_consents WHERE id = $1
postgres-1       | 2026-09-30 22:48:36.020 UTC [1578] ERROR:  project auth oauth consents are immutable except for one-way revocation
postgres-1       | 2026-09-30 22:48:36.020 UTC [1578] CONTEXT:  PL/pgSQL function qkern_reject_project_auth_oauth_consent_mutation() line 8 at RAISE
postgres-1       | 2026-09-30 22:48:36.020 UTC [1578] STATEMENT:  UPDATE project_auth_oauth_consents SET revoked_at = NULL WHERE id = $1
postgres-1       | 2026-09-30 22:48:36.046 UTC [1602] ERROR:  permission denied for table project_auth_oauth_consents
postgres-1       | 2026-09-30 22:48:36.046 UTC [1602] STATEMENT:  UPDATE project_auth_oauth_consents SET scopes = ARRAY['data:write']::text[] WHERE id = $1
postgres-1       | 2026-09-30 22:48:36.185 UTC [1499] ERROR:  update or delete on table "users" violates foreign key constraint "organizations_created_by_fkey" on table "organizations"
postgres-1       | 2026-09-30 22:48:36.185 UTC [1499] DETAIL:  Key (id)=(ccb1262d-1110-415a-a816-2e3f437f79c5) is still referenced from table "organizations".
postgres-1       | 2026-09-30 22:48:36.185 UTC [1499] STATEMENT:  DELETE FROM users WHERE id = $1
postgres-1       | 2026-09-30 22:48:36.242 UTC [1606] ERROR:  extension "vector" is not available
postgres-1       | 2026-09-30 22:48:36.242 UTC [1606] DETAIL:  Could not open extension control file "/usr/local/share/postgresql/extension/vector.control": No such file or directory.
postgres-1       | 2026-09-30 22:48:36.242 UTC [1606] HINT:  The extension must first be installed on the system where PostgreSQL is running.
postgres-1       | 2026-09-30 22:48:36.242 UTC [1606] STATEMENT:  CREATE EXTENSION vector
postgres-1       | 2026-09-30 22:48:36.321 UTC [1607] ERROR:  array is too long
postgres-1       | 2026-09-30 22:48:36.321 UTC [1607] DETAIL:  A cube cannot have more than 100 dimensions.
postgres-1       | 2026-09-30 22:48:36.321 UTC [1607] STATEMENT:  SELECT cube(array_fill(0::float8, ARRAY[$1::int]))
postgres-1       | 2026-09-30 22:48:37.081 UTC [1608] ERROR:  update or delete on table "users" violates foreign key constraint "organizations_created_by_fkey" on table "organizations"
postgres-1       | 2026-09-30 22:48:37.081 UTC [1608] DETAIL:  Key (id)=(c8fd7de0-0ddb-4afb-a3b0-45500fa47b7a) is still referenced from table "organizations".
postgres-1       | 2026-09-30 22:48:37.081 UTC [1608] STATEMENT:  DELETE FROM users WHERE id = $1
postgres-1       | 2026-09-30 22:48:38.134 UTC [1592] ERROR:  permission denied for table project_function_invocation_output
postgres-1       | 2026-09-30 22:48:38.134 UTC [1592] STATEMENT:  UPDATE project_function_invocation_output SET truncated = true
postgres-1       | 2026-09-30 22:48:38.139 UTC [1592] ERROR:  permission denied for table project_function_invocation_output
postgres-1       | 2026-09-30 22:48:38.139 UTC [1592] STATEMENT:  DELETE FROM project_function_invocation_output
postgres-1       | 2026-09-30 22:48:38.149 UTC [1615] ERROR:  new row for relation "project_function_invocation_output" violates check constraint "project_function_invocation_output_line_count_check"
postgres-1       | 2026-09-30 22:48:38.149 UTC [1615] DETAIL:  Failing row contains (447c4fb0-f4c9-4714-901b-9ac12b44ac96, 51f08dbd-517d-47c5-9a02-fc9953e3d68c, 4f54f235-fb9d-43fe-85d0-1af190737cec, development, a93277ff-f668-49b2-b635-896175168454, 42ee21d6-422c-4b43-bb27-bbae5c80d2a1, 2026-09-30 22:48:38.143766+00, 501, 501, 0, 0, f, 0, [{"at": "2026-09-29T10:00:00.000Z", "cut": false, "text": "x", "...).
postgres-1       | 2026-09-30 22:48:38.149 UTC [1615] STATEMENT:  INSERT INTO project_function_invocation_output
postgres-1       | 	         (organization_id, project_id, environment, function_id, invocation_id,
postgres-1       | 	          line_count, stdout_lines, stderr_lines, byte_count, truncated, dropped_lines, lines)
postgres-1       | 	       VALUES ($1, $2, 'development', $3, $4, $5, $6, 0, 0, $7, $8, $9::jsonb)
postgres-1       | 2026-09-30 22:48:38.173 UTC [1620] ERROR:  new row for relation "project_function_invocation_output" violates check constraint "project_function_invocation_output_lines_shape"
postgres-1       | 2026-09-30 22:48:38.173 UTC [1620] DETAIL:  Failing row contains (f26fe8bc-bd20-4d89-8f29-56a1fc52d2ef, 51f08dbd-517d-47c5-9a02-fc9953e3d68c, 4f54f235-fb9d-43fe-85d0-1af190737cec, development, a93277ff-f668-49b2-b635-896175168454, 42ee21d6-422c-4b43-bb27-bbae5c80d2a1, 2026-09-30 22:48:38.167991+00, 2, 2, 0, 0, f, 0, [{"at": "2026-09-29T10:00:00.000Z", "cut": false, "text": "x", "...).
postgres-1       | 2026-09-30 22:48:38.173 UTC [1620] STATEMENT:  INSERT INTO project_function_invocation_output
postgres-1       | 	         (organization_id, project_id, environment, function_id, invocation_id,
postgres-1       | 	          line_count, stdout_lines, stderr_lines, byte_count, truncated, dropped_lines, lines)
postgres-1       | 	       VALUES ($1, $2, 'development', $3, $4, $5, $6, 0, 0, $7, $8, $9::jsonb)
postgres-1       | 2026-09-30 22:48:38.202 UTC [1621] ERROR:  insert or update on table "project_function_invocation_output" violates foreign key constraint "project_function_invocation_o_organization_id_invocation_i_fkey"
postgres-1       | 2026-09-30 22:48:38.202 UTC [1621] DETAIL:  Key (organization_id, invocation_id)=(51f08dbd-517d-47c5-9a02-fc9953e3d68c, ed90939d-6d0d-407e-8bd6-ea25cd163bf3) is not present in table "project_function_invocations".
postgres-1       | 2026-09-30 22:48:38.202 UTC [1621] STATEMENT:  INSERT INTO project_function_invocation_output
postgres-1       | 	         (organization_id, project_id, environment, function_id, invocation_id,
postgres-1       | 	          line_count, stdout_lines, stderr_lines, byte_count, truncated, dropped_lines, lines)
postgres-1       | 	       VALUES ($1, $2, 'development', $3, $4, $5, $6, 0, 0, $7, $8, $9::jsonb)
postgres-1       | 2026-09-30 22:48:38.236 UTC [1622] ERROR:  duplicate key value violates unique constraint "project_function_invocation_o_organization_id_invocation_id_key"
postgres-1       | 2026-09-30 22:48:38.236 UTC [1622] DETAIL:  Key (organization_id, invocation_id)=(51f08dbd-517d-47c5-9a02-fc9953e3d68c, 89117f36-8a17-4a5e-bf2d-1f684084baff) already exists.
postgres-1       | 2026-09-30 22:48:38.236 UTC [1622] STATEMENT:  INSERT INTO project_function_invocation_output
postgres-1       | 	         (organization_id, project_id, environment, function_id, invocation_id,
postgres-1       | 	          line_count, stdout_lines, stderr_lines, byte_count, truncated, dropped_lines, lines)
postgres-1       | 	       VALUES ($1, $2, 'development', $3, $4, $5, $6, 0, 0, $7, $8, $9::jsonb)
postgres-1       | 2026-09-30 22:48:38.480 UTC [1603] ERROR:  duplicate key value violates unique constraint "project_auth_saml_assertion_key"
postgres-1       | 2026-09-30 22:48:38.480 UTC [1603] DETAIL:  Key (organization_id, project_id, environment, provider, assertion_id)=(9420aca0-3a0a-47f3-a261-3c041195ccce, 5cc7c1dc-f911-4ea5-89fa-efb7455e6685, development, federation, _aff876f8524cc4a028073d5379a86c210) already exists.
postgres-1       | 2026-09-30 22:48:38.480 UTC [1603] STATEMENT:  INSERT INTO project_auth_saml_assertions
postgres-1       | 	      (organization_id, project_id, environment, provider, assertion_id, expires_at)
postgres-1       | 	      VALUES ($1, $2, 'development', 'federation', $3, now() + interval '5 minutes')
postgres-1       | 2026-09-30 22:48:38.488 UTC [1604] ERROR:  new row for relation "project_auth_saml_assertions" violates check constraint "project_auth_saml_assertions_assertion_id_check"
postgres-1       | 2026-09-30 22:48:38.488 UTC [1604] DETAIL:  Failing row contains (e1fc4d90-e6f3-43e9-b97e-a5121040104c, 9420aca0-3a0a-47f3-a261-3c041195ccce, 5cc7c1dc-f911-4ea5-89fa-efb7455e6685, development, federation, 9nope, 2026-09-30 22:48:38.488277+00, 2026-09-30 22:53:38.488277+00).
postgres-1       | 2026-09-30 22:48:38.488 UTC [1604] STATEMENT:  INSERT INTO project_auth_saml_assertions
postgres-1       | 	      (organization_id, project_id, environment, provider, assertion_id, expires_at)
postgres-1       | 	      VALUES ($1, $2, 'development', 'federation', '9nope', now() + interval '5 minutes')
postgres-1       | 2026-09-30 22:48:38.509 UTC [1624] ERROR:  new row for relation "project_auth_saml_assertions" violates check constraint "project_auth_saml_assertions_provider_check"
postgres-1       | 2026-09-30 22:48:38.509 UTC [1624] DETAIL:  Failing row contains (d55762ae-1a3c-45a0-9307-4c32c5aaaf72, 9420aca0-3a0a-47f3-a261-3c041195ccce, 5cc7c1dc-f911-4ea5-89fa-efb7455e6685, development, Federation, _abc, 2026-09-30 22:48:38.504246+00, 2026-09-30 22:53:38.504246+00).
postgres-1       | 2026-09-30 22:48:38.509 UTC [1624] STATEMENT:  INSERT INTO project_auth_saml_assertions
postgres-1       | 	      (organization_id, project_id, environment, provider, assertion_id, expires_at)
postgres-1       | 	      VALUES ($1, $2, 'development', 'Federation', '_abc', now() + interval '5 minutes')
postgres-1       | 2026-09-30 22:48:38.533 UTC [1625] ERROR:  new row for relation "project_auth_saml_assertions" violates check constraint "project_auth_saml_assertions_window"
postgres-1       | 2026-09-30 22:48:38.533 UTC [1625] DETAIL:  Failing row contains (0209424c-510e-4685-b449-1e2e94624bbe, 9420aca0-3a0a-47f3-a261-3c041195ccce, 5cc7c1dc-f911-4ea5-89fa-efb7455e6685, development, federation, _window, 2026-09-30 22:48:38.526642+00, 2026-09-30 22:47:38.526642+00).
postgres-1       | 2026-09-30 22:48:38.533 UTC [1625] STATEMENT:  INSERT INTO project_auth_saml_assertions
postgres-1       | 	      (organization_id, project_id, environment, provider, assertion_id, used_at, expires_at)
postgres-1       | 	      VALUES ($1, $2, 'development', 'federation', '_window', now(), now() - interval '1 minute')
postgres-1       | 2026-09-30 22:48:38.559 UTC [1626] ERROR:  new row for relation "project_auth_one_time_tokens" violates check constraint "project_auth_one_time_tokens_purpose_check"
postgres-1       | 2026-09-30 22:48:38.559 UTC [1626] DETAIL:  Failing row contains (d70f747f-1366-4895-86dd-017ef341e410, 9420aca0-3a0a-47f3-a261-3c041195ccce, 5cc7c1dc-f911-4ea5-89fa-efb7455e6685, development, null, saml_reply, aaaaaaaaaaaaaaaaaaaaaaaaaaaaaaaaaaaaaaaaaaaaaaaaaaaaaaaaaaaaaaaa, {}, 2026-09-30 22:48:38.55312+00, 2026-09-30 22:53:38.55312+00, null).
postgres-1       | 2026-09-30 22:48:38.559 UTC [1626] STATEMENT:  INSERT INTO project_auth_one_time_tokens
postgres-1       | 	      (organization_id, project_id, environment, purpose, token_hash, expires_at)
postgres-1       | 	      VALUES ($1, $2, 'development', 'saml_reply', $3, now() + interval '5 minutes')
postgres-1       | 2026-09-30 22:48:38.589 UTC [1627] ERROR:  permission denied for table project_auth_saml_assertions
postgres-1       | 2026-09-30 22:48:38.589 UTC [1627] STATEMENT:  UPDATE project_auth_saml_assertions SET assertion_id = '_other' WHERE organization_id = $1
postgres-1       | 2026-09-30 22:48:38.776 UTC [1623] ERROR:  project storage upload verifier and identity are immutable
postgres-1       | 2026-09-30 22:48:38.776 UTC [1623] CONTEXT:  PL/pgSQL function qkern_reject_project_storage_upload_mutation() line 15 at RAISE
postgres-1       | 2026-09-30 22:48:38.776 UTC [1623] STATEMENT:  UPDATE project_storage_uploads
postgres-1       | 	      SET parts_declared = true, kind = 'single', provider_upload_id = NULL
postgres-1       | 	      WHERE id = $1
postgres-1       | 2026-09-30 22:48:38.798 UTC [1629] ERROR:  project storage upload verifier and identity are immutable
postgres-1       | 2026-09-30 22:48:38.798 UTC [1629] CONTEXT:  PL/pgSQL function qkern_reject_project_storage_upload_mutation() line 15 at RAISE
postgres-1       | 2026-09-30 22:48:38.798 UTC [1629] STATEMENT:  UPDATE project_storage_uploads SET parts_declared = false
postgres-1       | 	      WHERE id = $1
postgres-1       | 2026-09-30 22:48:38.937 UTC [1630] ERROR:  project storage upload verifier and identity are immutable
postgres-1       | 2026-09-30 22:48:38.937 UTC [1630] CONTEXT:  PL/pgSQL function qkern_reject_project_storage_upload_mutation() line 15 at RAISE
postgres-1       | 2026-09-30 22:48:38.937 UTC [1630] STATEMENT:  UPDATE project_storage_uploads SET checksum_sha256 = NULL WHERE id = $1
postgres-1       | 2026-09-30 22:48:38.975 UTC [1631] ERROR:  new row for relation "project_storage_uploads" violates check constraint "project_storage_uploads_completed_content"
postgres-1       | 2026-09-30 22:48:38.975 UTC [1631] DETAIL:  Failing row contains (803f9d4f-2fe3-41f4-a154-fe74375c697f, 7a5a5eeb-a9ef-4b73-8b0c-0e98fbddc637, 1b89241c-9b83-4a9e-9cb2-395cd8d16ae1, development, 135009aa-a10a-42f6-8a51-f1676aad1b64, halfway.txt, 7a5a5eeb-a9ef-4b73-8b0c-0e98fbddc637/1b89241c-9b83-4a9e-9cb2-395..., dcd80189-9af0-4ff6-990f-16a008f22a61, text/plain, 1, null, DT75DOrZI_f44ErEFHFUw-BmuRvyYd5S-ELBRUoYl3o, completed, 2026-09-30 22:48:38.739+00, 2026-09-30 23:48:38.739+00, null, null, multipart, provider-upload-halfway, t).
postgres-1       | 2026-09-30 22:48:38.975 UTC [1631] STATEMENT:  UPDATE project_storage_uploads SET status = 'completed', size_bytes = 1 WHERE id = $1
certification-1  |  [31m❯[39m tests/postgres.integration.test.ts [2m([22m[2m62 tests[22m[2m | [22m[31m1 failed[39m[2m)[22m[33m 80838[2mms[22m[39m
certification-1  |      [32m✓[39m runs the certification cluster with room for every declared pool[32m 11[2mms[22m[39m
certification-1  |      [32m✓[39m keeps global auth and tenant runtime privileges separated[32m 159[2mms[22m[39m
certification-1  |      [32m✓[39m enforces tenant isolation through a non-superuser runtime connection[32m 80[2mms[22m[39m
certification-1  |      [32m✓[39m discovers memberships only through the auth boundary[32m 72[2mms[22m[39m
certification-1  |      [32m✓[39m keeps audit chain order equal to (created_at, id) order under concurrent writers (2.36)[32m 214[2mms[22m[39m
certification-1  |      [33m[2m✓[22m[39m finds exactly the open table and the USING (true) policy through the real catalog (2.39) [33m 308[2mms[22m[39m
certification-1  |      [33m[2m✓[22m[39m finds the suspected missing index, the unused index, the bloat and the missing sample in real statistics (2.40) [33m 13723[2mms[22m[39m
certification-1  |      [33m[2m✓[22m[39m reads composite, self-referencing and cross-schema foreign keys through the project read role (2.41) [33m 312[2mms[22m[39m
certification-1  |      [32m✓[39m (2.42) reconstructs the cron log from the real dedupe verifier of an enqueued occurrence[32m 297[2mms[22m[39m
certification-1  |      [32m✓[39m (2.43) enqueues a dedupe key into a queue without a dedupe window against the real pair constraint[32m 232[2mms[22m[39m
certification-1  |      [32m✓[39m (2.44) reads a real catalog as a healthy database and a binding that points nowhere as degraded[32m 231[2mms[22m[39m
certification-1  |      [33m[2m✓[22m[39m (2.45) aggregates usage events written through the real service into the right hourly buckets [33m 403[2mms[22m[39m
certification-1  |      [32m✓[39m (2.46) counts the sessions of the project read role and carries no query text out of the database[32m 100[2mms[22m[39m
certification-1  |      [33m[2m✓[22m[39m (2.49) applies a console change set through the approval path and leaves the table as described [33m 854[2mms[22m[39m
certification-1  |      [32m✓[39m (2.47) aggregates project auth audit rows into buckets without carrying an address[32m 138[2mms[22m[39m
certification-1  |      [32m✓[39m (2.71) splits the failures of the real chain by action and says since when[32m 118[2mms[22m[39m
certification-1  |      [33m[2m✓[22m[39m (2.52) refuses a usable session without the second factor when the project requires it [33m 1359[2mms[22m[39m
certification-1  |      [33m[2m✓[22m[39m (2.54) refuses a return target outside the allowed list of the project [33m 1006[2mms[22m[39m
certification-1  |      [33m[2m✓[22m[39m (2.56) refuses the login attempt that crosses the limit and lets the next window through [33m 3350[2mms[22m[39m
certification-1  |      [33m[2m✓[22m[39m (2.60) refuses a known leaked password at sign-up when the project requires it [33m 1653[2mms[22m[39m
certification-1  |      [32m✓[39m (2.59) reports the roles and the TLS state of the project database without a connection string[32m 235[2mms[22m[39m
certification-1  |      [33m[2m✓[22m[39m (2.62) tells for a real table what a signed-in user may read and write [33m 542[2mms[22m[39m
certification-1  |      [33m[2m✓[22m[39m (2.61) runs every prepared template against a real catalog without writing [33m 1091[2mms[22m[39m
certification-1  |      [32m✓[39m (2.57) proves the advisor rules that used to be unreachable[32m 183[2mms[22m[39m
certification-1  |      [33m[2m✓[22m[39m (2.67) shows what a query costs in the console without showing the query [33m 1404[2mms[22m[39m
certification-1  |      [33m[2m✓[22m[39m (2.50) turns a real table change into a signed webhook delivery [33m 623[2mms[22m[39m
certification-1  |      [33m[2m✓[22m[39m (2.63) forwards only the fields the console already shows [33m 436[2mms[22m[39m
certification-1  |      [32m✓[39m (2.55) lists function invocations with outcome and duration without the container output[32m 170[2mms[22m[39m
certification-1  |      [33m[2m✓[22m[39m (2.53) delivers a table change through the running bridge process [33m 7277[2mms[22m[39m
certification-1  | [31m     [31m×[31m (2.107) discovers the environments of its own organization from the real control plane, sees no other organization, refuses a list beside the discovery, and counts what it does not serve[39m[32m 201[2mms[22m[39m
certification-1  |      [33m[2m✓[22m[39m (2.108) forwards the real container output of a real invocation as one entry per line, keeps a two kibibyte line, and reads no more invocations per run than its own limit allows [33m 314[2mms[22m[39m
certification-1  |      [32m✓[39m (2.66) stores the console settings of a user and gives them back unchanged[32m 145[2mms[22m[39m
certification-1  |      [33m[2m✓[22m[39m (2.65) searches across the sources that have routes and says what it cannot reach [33m 333[2mms[22m[39m
certification-1  |      [33m[2m✓[22m[39m (2.64) forwards through the running collector process and continues after a restart [33m 7341[2mms[22m[39m
certification-1  |      [33m[2m✓[22m[39m (2.68) reads what this environment runs on from the real server and the real control plane [33m 683[2mms[22m[39m
certification-1  |      [33m[2m✓[22m[39m (2.69) explains a real query plan without executing the query [33m 8806[2mms[22m[39m
certification-1  |      [33m[2m✓[22m[39m (2.70) reports the state of the real database from counters that really move [33m 2657[2mms[22m[39m
certification-1  |      [32m✓[39m (2.72) reads foreign data wrappers without carrying a foreign password out[32m 104[2mms[22m[39m
certification-1  |      [33m[2m✓[22m[39m (2.74) reads a real replication slot with its backlog and carries no connection secret out [33m 706[2mms[22m[39m
certification-1  |      [33m[2m✓[22m[39m (2.75) turns a real project event into a signed dashboard webhook delivery [33m 842[2mms[22m[39m
certification-1  |      [32m✓[39m (2.78) issues an S3 access key pair once, never again, and revokes without deleting[32m 204[2mms[22m[39m
certification-1  |      [32m✓[39m (2.96) keeps the S3 secret as a ciphertext the runtime role can write once, hands a valid pair to the endpoint without a tenant, and lets a real SigV4 request pass exactly while the pair is neither revoked nor expired[32m 197[2mms[22m[39m
certification-1  |      [33m[2m✓[22m[39m (2.77) calls the auth hooks of a real sign-in and refuses one that wants a reserved claim [33m 3392[2mms[22m[39m
certification-1  |      [33m[2m✓[22m[39m (2.79) registers a real passkey, signs in with a real signature and refuses replay, wrong origin and a counter that runs backwards [33m 1470[2mms[22m[39m
certification-1  |      [33m[2m✓[22m[39m (2.81) counts change sets, approvals and apply jobs per fixed environment under RLS [33m 681[2mms[22m[39m
certification-1  |      [33m[2m✓[22m[39m (2.80) accepts a real foreign token through the Data API under row security and refuses the four forgeries [33m 1100[2mms[22m[39m
certification-1  |      [33m[2m✓[22m[39m (2.85) does not forward the same audit row again after a restart when the database sets the microseconds [33m 4237[2mms[22m[39m
certification-1  |      [33m[2m✓[22m[39m (2.83) answers a real GraphQL query under row security and refuses depth, a table without RLS and an alias trick [33m 574[2mms[22m[39m
certification-1  |      [33m[2m✓[22m[39m (2.97) writes through GraphQL exactly the rows the policy allows, rolls the whole request back on one rejected row and refuses a table without RLS, a missing filter and an exceeded limit [33m 849[2mms[22m[39m
certification-1  |      [33m[2m✓[22m[39m (2.82) issues an OAuth code with PKCE, redeems it once, reads with the token under row security and refuses replay, a wrong verifier, a foreign return target and an ungranted scope [33m 1317[2mms[22m[39m
certification-1  |      [33m[2m✓[22m[39m (2.86) reads the realtime channels, keeps a counter past retention, counts the change feed backlog against the stored position and shows the neighbour nothing [33m 816[2mms[22m[39m
certification-1  |      [33m[2m✓[22m[39m (2.89) removes exactly the long-expired one-time artefacts, keeps the fresh ones, keeps a code whose token still lives, and lets only the auth role delete [33m 507[2mms[22m[39m
certification-1  |      [32m✓[39m (2.104) removes the long-expired saml replay bars, keeps one that expired inside the clock skew even at the shortest grace, keeps the other environment, and lets only the auth role delete[32m 261[2mms[22m[39m
certification-1  |      [33m[2m✓[22m[39m (2.91) turns a real OAuth token into an MCP session with exactly the tools its scopes open, writes a row through it, and refuses an ungranted, an expired and a revoked token with the same answer [33m 1192[2mms[22m[39m
certification-1  |      [33m[2m✓[22m[39m (2.103) opens exactly the tools each new scope names against the real database, keeps the tenant boundary, reaches no worker lease operation through queues:write and throws for a tool name without an entry [33m 1305[2mms[22m[39m
certification-1  |      [33m[2m✓[22m[39m (2.92) records a consent as one row, issues a token on it, revokes exactly that consent so the token stops working while the row stays, and refuses a scope nobody consented to [33m 792[2mms[22m[39m
certification-1  |      [33m[2m✓[22m[39m (2.93) proves what the vector page claims: this server offers no vector type, CREATE EXTENSION vector fails, cube stops at its hard dimension limit, and a bucket written under row security has no place for an embedding [33m 315[2mms[22m[39m
certification-1  |      [33m[2m✓[22m[39m (2.94) revokes exactly one issued OAuth token so that token stops working while its consent, its neighbour token and the right to a new one all stay [33m 584[2mms[22m[39m
certification-1  |      [33m[2m✓[22m[39m (2.95) embeds neighbour rows over real foreign keys and shows exactly what the policy of the embedded table allows, refuses an unknown relation, a neighbour without row security and one embed too many [33m 921[2mms[22m[39m
certification-1  |      [32m✓[39m (2.98) keeps what a container wrote in its own table under the tenant, append-only, bounded by the checks of 0069, and drops it with the function[32m 271[2mms[22m[39m
certification-1  |      [33m[2m✓[22m[39m (2.99) turns a really signed SAML assertion into a session in the real database, bars the same assertion the second time at the unique constraint of 0070, and keeps that bar inside its own environment and provider [33m 452[2mms[22m[39m
certification-1  |      [33m[2m✓[22m[39m (2.101) books an S3 multipart upload part by part against the real quota, replaces a part without booking it twice, and lets no completed reservation stand without the checksum of the whole file [33m 305[2mms[22m[39m
certification-1  | 
certification-1  | [31m⎯⎯⎯⎯⎯⎯⎯[39m[1m[41m Failed Tests 1 [49m[22m[31m⎯⎯⎯⎯⎯⎯⎯[39m
certification-1  | 
certification-1  | [41m[1m FAIL [22m[49m tests/postgres.integration.test.ts[2m > [22mPostgreSQL 17 role and RLS integration[2m > [22m(2.107) discovers the environments of its own organization from the real control plane, sees no other organization, refuses a list beside the discovery, and counts what it does not serve
certification-1  | [31m[1mAssertionError[22m: expected [ { …(3) }, { …(3) } ] to deeply equal [][39m
certification-1  | 
certification-1  | [32m- Expected[39m
certification-1  | [31m+ Received[39m
certification-1  | 
certification-1  | [32m- [][39m
certification-1  | [31m+ [[39m
certification-1  | [31m+   {[39m
certification-1  | [31m+     "environment": "development",[39m
certification-1  | [31m+     "organizationId": "e9b57ab0-af67-41e6-be5d-0b1c4295301f",[39m
certification-1  | [31m+     "projectId": "3cb9e221-14e6-44ea-be7a-2b2ea5c8734f",[39m
certification-1  | [31m+   },[39m
certification-1  | [31m+   {[39m
certification-1  | [31m+     "environment": "production",[39m
certification-1  | [31m+     "organizationId": "e9b57ab0-af67-41e6-be5d-0b1c4295301f",[39m
certification-1  | [31m+     "projectId": "3cb9e221-14e6-44ea-be7a-2b2ea5c8734f",[39m
certification-1  | [31m+   },[39m
certification-1  | [31m+ ][39m
certification-1  | 
certification-1  | [36m [2m❯[22m tests/postgres.integration.test.ts:[2m4539:61[22m[39m
certification-1  |     [90m4537|[39m     // RLS filtert, statt abzuweisen. Ein Prozess, der alle Organisati…
certification-1  |     [90m4538|[39m     // entdecken will, kommt hier nicht weiter.
certification-1  |     [90m4539|[39m     expect(await catalog.environments(foreignOrganization)).toEqual([]…
certification-1  |     [90m   |[39m                                                             [31m^[39m
certification-1  |     [90m4540|[39m     // Und die Zeilen sind wirklich da; die leere Antwort ist die Roll…
certification-1  |     [90m4541|[39m     // und nicht ein leerer Bestand.
certification-1  | 
certification-1  | [31m[2m⎯⎯⎯⎯⎯⎯⎯⎯⎯⎯⎯⎯⎯⎯⎯⎯⎯⎯⎯⎯⎯⎯⎯⎯[1/1]⎯[22m[39m
certification-1  | 
certification-1  | 
certification-1  | [2m Test Files [22m [1m[31m1 failed[39m[22m[2m | [22m[1m[32m30 passed[39m[22m[90m (31)[39m
certification-1  | [2m      Tests [22m [1m[31m1 failed[39m[22m[2m | [22m[1m[32m237 passed[39m[22m[90m (238)[39m
certification-1  | [2m   Start at [22m 22:46:53
certification-1  | [2m   Duration [22m 105.79s[2m (transform 97.06s, setup 0ms, import 153.37s, tests 267.25s, environment 23ms)[22m
certification-1  | 
[Kcertification-1 exited with code 1
 Compose Stopping Aborting on container exit...
 Container qkern-slice-fns-certification-1 Stopping 
 Container qkern-slice-fns-certification-1 Stopped 
 Container qkern-slice-fns-postgres-1 Stopping 
 Container qkern-slice-fns-vault-1 Stopping 
postgres-1       | 2026-09-30 22:48:44.429 UTC [1] LOG:  received fast shutdown request
postgres-1       | 2026-09-30 22:48:44.429 UTC [1] LOG:  aborting any active transactions
postgres-1       | 2026-09-30 22:48:44.439 UTC [1] LOG:  background worker "logical replication launcher" (PID 358) exited with exit code 1
vault-1          | ==> Vault shutdown triggered
vault-1          | 2026-09-30T22:48:44.440Z [INFO]  core: marked as sealed
vault-1          | 2026-09-30T22:48:44.442Z [INFO]  core: pre-seal teardown starting
vault-1          | 2026-09-30T22:48:44.447Z [INFO]  rollback: stopping rollback manager
vault-1          | 2026-09-30T22:48:44.450Z [INFO]  core: pre-seal teardown complete
vault-1          | 2026-09-30T22:48:44.451Z [INFO]  core: stopping cluster listeners
vault-1          | 2026-09-30T22:48:44.452Z [INFO]  core.cluster-listener: forwarding rpc listeners stopped
postgres-1       | 2026-09-30 22:48:44.465 UTC [353] LOG:  shutting down
postgres-1       | 2026-09-30 22:48:44.465 UTC [353] LOG:  checkpoint starting: shutdown immediate
postgres-1       | 2026-09-30 22:48:44.497 UTC [353] LOG:  checkpoint complete: wrote 282 buffers (1.7%); 0 WAL file(s) added, 0 removed, 0 recycled; write=0.028 s, sync=0.002 s, total=0.032 s; sync files=211, longest=0.001 s, average=0.001 s; distance=1246 kB, estimate=24911 kB; lsn=0/696EE10, redo lsn=0/696EE10
vault-1          | 2026-09-30T22:48:44.559Z [INFO]  core.cluster-listener: rpc listeners successfully shut down
vault-1          | 2026-09-30T22:48:44.561Z [INFO]  core: cluster listeners successfully shut down
vault-1          | 2026-09-30T22:48:44.567Z [INFO]  core: vault is sealed
postgres-1       | 2026-09-30 22:48:44.574 UTC [1] LOG:  database system is shut down
 Container qkern-slice-fns-vault-1 Stopped 
[Kvault-1 exited with code 0
 Container qkern-slice-fns-postgres-1 Stopped 
[Kpostgres-1 exited with code 0

 Container qkern-slice-fns-certification-1 Stopping 
 Container qkern-slice-fns-certification-1 Stopped 
 Container qkern-slice-fns-certification-1 Removing 
 Container qkern-slice-fns-certification-1 Removed 
 Container qkern-slice-fns-vault-1 Stopping 
 Container qkern-slice-fns-postgres-1 Stopping 
 Container qkern-slice-fns-vault-1 Stopped 
 Container qkern-slice-fns-vault-1 Removing 
 Container qkern-slice-fns-postgres-1 Stopped 
 Container qkern-slice-fns-postgres-1 Removing 
 Container qkern-slice-fns-vault-1 Removed 
 Container qkern-slice-fns-postgres-1 Removed 
 Network qkern-slice-fns_default Removing 
 Network qkern-slice-fns_default Removed 
EXIT=1
EXIT=1
