
> qkern-platform@2.69.0 test:postgres:docker
> node scripts/postgres-certification.mjs

 Network qkern-slice-fns_default Creating 
 Network qkern-slice-fns_default Created 
 Container qkern-slice-fns-postgres-1 Creating 
 Container qkern-slice-fns-vault-1 Creating 
 Container qkern-slice-fns-postgres-1 Created 
 Container qkern-slice-fns-vault-1 Created 
 Container qkern-slice-fns-certification-1 Creating 
 Container qkern-slice-fns-certification-1 Created 
Attaching to certification-1, postgres-1, vault-1
 Container qkern-slice-fns-vault-1 Starting 
 Container qkern-slice-fns-postgres-1 Starting 
 Container qkern-slice-fns-vault-1 Started 
 Container qkern-slice-fns-postgres-1 Started 
 Container qkern-slice-fns-vault-1 Waiting 
 Container qkern-slice-fns-postgres-1 Waiting 
postgres-1  | The files belonging to this database system will be owned by user "postgres".
postgres-1  | This user must also own the server process.
postgres-1  | 
postgres-1  | The database cluster will be initialized with locale "en_US.utf8".
postgres-1  | The default database encoding has accordingly been set to "UTF8".
postgres-1  | The default text search configuration will be set to "english".
postgres-1  | 
postgres-1  | Data page checksums are disabled.
postgres-1  | 
postgres-1  | fixing permissions on existing directory /var/lib/postgresql/data ... ok
postgres-1  | creating subdirectories ... ok
postgres-1  | selecting dynamic shared memory implementation ... posix
postgres-1  | selecting default "max_connections" ... 100
postgres-1  | selecting default "shared_buffers" ... 128MB
postgres-1  | selecting default time zone ... UTC
postgres-1  | creating configuration files ... ok
postgres-1  | running bootstrap script ... ok
postgres-1  | sh: locale: not found
postgres-1  | 2026-09-30 22:42:09.902 UTC [36] WARNING:  no usable system locales were found
postgres-1  | performing post-bootstrap initialization ... ok
postgres-1  | syncing data to disk ... ok
postgres-1  | 
postgres-1  | 
postgres-1  | Success. You can now start the database server using:
postgres-1  | 
postgres-1  |     pg_ctl -D /var/lib/postgresql/data -l logfile start
postgres-1  | 
postgres-1  | initdb: warning: enabling "trust" authentication for local connections
postgres-1  | initdb: hint: You can change this by editing pg_hba.conf or using the option -A, or --auth-local and --auth-host, the next time you run initdb.
postgres-1  | waiting for server to start....2026-09-30 22:42:10.321 UTC [42] LOG:  starting PostgreSQL 17.10 on x86_64-pc-linux-musl, compiled by gcc (Alpine 15.2.0) 15.2.0, 64-bit
postgres-1  | 2026-09-30 22:42:10.325 UTC [42] LOG:  listening on Unix socket "/var/run/postgresql/.s.PGSQL.5432"
postgres-1  | 2026-09-30 22:42:10.326 UTC [45] LOG:  database system was shut down at 2026-09-30 22:42:10 UTC
postgres-1  | 2026-09-30 22:42:10.329 UTC [42] LOG:  database system is ready to accept connections
postgres-1  |  done
postgres-1  | server started
postgres-1  | CREATE DATABASE
postgres-1  | 
postgres-1  | 
postgres-1  | /usr/local/bin/docker-entrypoint.sh: running /docker-entrypoint-initdb.d/000-certification-init.sh
postgres-1  | certification-init: applying 0001_control_plane.sql
postgres-1  | CREATE EXTENSION
postgres-1  | CREATE TYPE
postgres-1  | CREATE TYPE
postgres-1  | CREATE TABLE
postgres-1  | CREATE TABLE
postgres-1  | CREATE TABLE
postgres-1  | CREATE TABLE
postgres-1  | CREATE INDEX
postgres-1  | CREATE TABLE
postgres-1  | CREATE TABLE
postgres-1  | CREATE INDEX
postgres-1  | CREATE TABLE
postgres-1  | CREATE INDEX
postgres-1  | CREATE TABLE
postgres-1  | CREATE TABLE
postgres-1  | CREATE INDEX
postgres-1  | ALTER TABLE
postgres-1  | ALTER TABLE
postgres-1  | ALTER TABLE
postgres-1  | ALTER TABLE
postgres-1  | ALTER TABLE
postgres-1  | CREATE POLICY
postgres-1  | CREATE POLICY
postgres-1  | CREATE POLICY
postgres-1  | CREATE POLICY
postgres-1  | CREATE POLICY
postgres-1  | certification-init: applying 0002_repository_hardening.sql
postgres-1  | BEGIN
postgres-1  | CREATE FUNCTION
postgres-1  | ALTER TABLE
postgres-1  | ALTER TABLE
postgres-1  | ALTER TABLE
postgres-1  | ALTER TABLE
postgres-1  | ALTER TABLE
postgres-1  | ALTER TABLE
postgres-1  | UPDATE 0
postgres-1  | ALTER TABLE
postgres-1  | CREATE INDEX
postgres-1  | CREATE INDEX
postgres-1  | CREATE FUNCTION
postgres-1  | CREATE TRIGGER
postgres-1  | CREATE TRIGGER
postgres-1  | CREATE TRIGGER
postgres-1  | CREATE FUNCTION
postgres-1  | CREATE FUNCTION
postgres-1  | CREATE TRIGGER
postgres-1  | CREATE TRIGGER
postgres-1  | ALTER TABLE
postgres-1  | ALTER TABLE
postgres-1  | ALTER TABLE
postgres-1  | ALTER TABLE
postgres-1  | ALTER TABLE
postgres-1  | ALTER TABLE
postgres-1  | ALTER TABLE
postgres-1  | ALTER TABLE
postgres-1  | ALTER TABLE
postgres-1  | ALTER TABLE
postgres-1  | ALTER TABLE
postgres-1  | ALTER TABLE
postgres-1  | ALTER TABLE
postgres-1  | ALTER TABLE
postgres-1  | ALTER TABLE
postgres-1  | ALTER TABLE
postgres-1  | DROP POLICY
postgres-1  | DROP POLICY
postgres-1  | DROP POLICY
postgres-1  | DROP POLICY
postgres-1  | DROP POLICY
postgres-1  | CREATE POLICY
postgres-1  | CREATE POLICY
postgres-1  | CREATE POLICY
postgres-1  | CREATE POLICY
postgres-1  | CREATE POLICY
postgres-1  | CREATE POLICY
postgres-1  | CREATE POLICY
postgres-1  | CREATE POLICY
postgres-1  | CREATE POLICY
postgres-1  | CREATE POLICY
postgres-1  | CREATE POLICY
postgres-1  | CREATE POLICY
postgres-1  | CREATE POLICY
postgres-1  | CREATE POLICY
postgres-1  | CREATE POLICY
postgres-1  | CREATE POLICY
postgres-1  | CREATE POLICY
postgres-1  | CREATE POLICY
postgres-1  | CREATE POLICY
postgres-1  | CREATE POLICY
postgres-1  | CREATE POLICY
postgres-1  | CREATE POLICY
postgres-1  | CREATE POLICY
postgres-1  | CREATE POLICY
postgres-1  | DO
postgres-1  | REVOKE
postgres-1  | GRANT
postgres-1  | GRANT
postgres-1  | GRANT
postgres-1  | GRANT
postgres-1  | GRANT
postgres-1  | GRANT
postgres-1  | GRANT
postgres-1  | GRANT
postgres-1  | GRANT
postgres-1  | GRANT
postgres-1  | GRANT
postgres-1  | GRANT
postgres-1  | GRANT
postgres-1  | COMMIT
postgres-1  | certification-init: applying 0003_auth_and_memberships.sql
postgres-1  | BEGIN
postgres-1  | ALTER TABLE
postgres-1  | ALTER TABLE
postgres-1  | UPDATE 0
postgres-1  | ALTER TABLE
postgres-1  | CREATE INDEX
postgres-1  | CREATE TRIGGER
postgres-1  | CREATE TABLE
postgres-1  | CREATE INDEX
postgres-1  | CREATE INDEX
postgres-1  | CREATE FUNCTION
postgres-1  | DO
postgres-1  | REVOKE
postgres-1  | REVOKE
postgres-1  | GRANT
postgres-1  | GRANT
postgres-1  | GRANT
postgres-1  | GRANT
postgres-1  | COMMIT
postgres-1  | certification-init: applying 0004_artifact_and_workspace_integrity.sql
postgres-1  | BEGIN
postgres-1  | ALTER TABLE
postgres-1  | CREATE INDEX
postgres-1  | ALTER TABLE
postgres-1  | ALTER TABLE
postgres-1  | ALTER TABLE
postgres-1  | CREATE FUNCTION
postgres-1  | CREATE TRIGGER
postgres-1  | CREATE FUNCTION
postgres-1  | CREATE TRIGGER
postgres-1  | REVOKE
postgres-1  | GRANT
postgres-1  | REVOKE
postgres-1  | GRANT
postgres-1  | GRANT
postgres-1  | GRANT
postgres-1  | COMMIT
postgres-1  | certification-init: applying 0005_migration_apply_queue.sql
postgres-1  | BEGIN
postgres-1  | CREATE TYPE
postgres-1  | CREATE TYPE
postgres-1  | CREATE TABLE
postgres-1  | CREATE INDEX
postgres-1  | CREATE INDEX
postgres-1  | CREATE TABLE
postgres-1  | CREATE INDEX
postgres-1  | CREATE TRIGGER
postgres-1  | CREATE TRIGGER
postgres-1  | CREATE FUNCTION
postgres-1  | CREATE TRIGGER
postgres-1  | CREATE FUNCTION
postgres-1  | CREATE TRIGGER
postgres-1  | ALTER TABLE
postgres-1  | ALTER TABLE
postgres-1  | ALTER TABLE
postgres-1  | ALTER TABLE
postgres-1  | CREATE POLICY
postgres-1  | CREATE POLICY
postgres-1  | CREATE POLICY
postgres-1  | CREATE POLICY
postgres-1  | CREATE POLICY
postgres-1  | CREATE POLICY
postgres-1  | REVOKE
postgres-1  | REVOKE
postgres-1  | REVOKE
postgres-1  | GRANT
postgres-1  | GRANT
postgres-1  | GRANT
postgres-1  | GRANT
postgres-1  | GRANT
postgres-1  | GRANT
postgres-1  | GRANT
postgres-1  | GRANT
postgres-1  | GRANT
postgres-1  | COMMIT
postgres-1  | certification-init: applying 0006_worker_runtime_boundary.sql
postgres-1  | BEGIN
postgres-1  | DO
postgres-1  | ALTER TABLE
postgres-1  | ALTER TABLE
postgres-1  | UPDATE 0
postgres-1  | ALTER TABLE
postgres-1  | REVOKE
postgres-1  | REVOKE
postgres-1  | REVOKE
postgres-1  | GRANT
postgres-1  | REVOKE
postgres-1  | REVOKE
postgres-1  | GRANT
postgres-1  | GRANT
postgres-1  | GRANT
postgres-1  | GRANT
postgres-1  | GRANT
postgres-1  | GRANT
postgres-1  | GRANT
postgres-1  | GRANT
postgres-1  | GRANT
postgres-1  | GRANT
postgres-1  | GRANT
postgres-1  | COMMIT
postgres-1  | certification-init: applying 0007_migration_claim_sequence.sql
postgres-1  | BEGIN
postgres-1  | ALTER TABLE
postgres-1  | REVOKE
postgres-1  | GRANT
postgres-1  | COMMIT
postgres-1  | certification-init: applying 0008_migration_reconciliation_quarantine.sql
postgres-1  | ALTER TYPE
postgres-1  | BEGIN
postgres-1  | ALTER TABLE
postgres-1  | REVOKE
postgres-1  | GRANT
postgres-1  | COMMIT
postgres-1  | certification-init: applying 0009_migration_review_commands.sql
postgres-1  | BEGIN
postgres-1  | CREATE TYPE
postgres-1  | ALTER TABLE
postgres-1  | CREATE TABLE
postgres-1  | CREATE INDEX
postgres-1  | CREATE INDEX
postgres-1  | CREATE TRIGGER
postgres-1  | ALTER TABLE
postgres-1  | ALTER TABLE
postgres-1  | CREATE POLICY
postgres-1  | CREATE POLICY
postgres-1  | CREATE POLICY
postgres-1  | REVOKE
postgres-1  | GRANT
postgres-1  | GRANT
postgres-1  | GRANT
postgres-1  | GRANT
postgres-1  | REVOKE
postgres-1  | GRANT
postgres-1  | COMMIT
postgres-1  | certification-init: applying 0010_migration_incident_escalations.sql
postgres-1  | BEGIN
postgres-1  | CREATE TYPE
postgres-1  | CREATE TYPE
postgres-1  | CREATE TABLE
postgres-1  | CREATE INDEX
postgres-1  | CREATE INDEX
postgres-1  | CREATE TRIGGER
postgres-1  | CREATE FUNCTION
postgres-1  | CREATE TRIGGER
postgres-1  | ALTER TABLE
postgres-1  | ALTER TABLE
postgres-1  | CREATE POLICY
postgres-1  | CREATE POLICY
postgres-1  | CREATE POLICY
postgres-1  | REVOKE
postgres-1  | REVOKE
postgres-1  | GRANT
postgres-1  | GRANT
postgres-1  | GRANT
postgres-1  | GRANT
postgres-1  | GRANT
postgres-1  | COMMIT
postgres-1  | certification-init: applying 0011_migration_incident_outbox.sql
postgres-1  | BEGIN
postgres-1  | CREATE TABLE
postgres-1  | CREATE INDEX
postgres-1  | CREATE TRIGGER
postgres-1  | INSERT 0 0
postgres-1  | ALTER TABLE
postgres-1  | ALTER TABLE
postgres-1  | CREATE POLICY
postgres-1  | CREATE POLICY
postgres-1  | CREATE POLICY
postgres-1  | REVOKE
postgres-1  | GRANT
postgres-1  | GRANT
postgres-1  | GRANT
postgres-1  | COMMIT
postgres-1  | certification-init: applying 0012_migration_incident_dead_letters.sql
postgres-1  | ALTER TYPE
postgres-1  | BEGIN
postgres-1  | ALTER TABLE
postgres-1  | CREATE INDEX
postgres-1  | CREATE TYPE
postgres-1  | CREATE TABLE
postgres-1  | CREATE INDEX
postgres-1  | CREATE INDEX
postgres-1  | CREATE TRIGGER
postgres-1  | CREATE FUNCTION
postgres-1  | CREATE TRIGGER
postgres-1  | ALTER TABLE
postgres-1  | ALTER TABLE
postgres-1  | CREATE POLICY
postgres-1  | CREATE POLICY
postgres-1  | CREATE POLICY
postgres-1  | REVOKE
postgres-1  | REVOKE
postgres-1  | GRANT
postgres-1  | GRANT
postgres-1  | GRANT
postgres-1  | GRANT
postgres-1  | GRANT
postgres-1  | COMMIT
postgres-1  | certification-init: applying 0013_migration_incident_delivery_health.sql
postgres-1  | BEGIN
postgres-1  | CREATE FUNCTION
postgres-1  | REVOKE
postgres-1  | GRANT
postgres-1  | COMMIT
postgres-1  | certification-init: applying 0014_migration_incident_delivery_visibility.sql
postgres-1  | BEGIN
postgres-1  | REVOKE
postgres-1  | DROP FUNCTION
postgres-1  | CREATE FUNCTION
postgres-1  | CREATE FUNCTION
postgres-1  | REVOKE
postgres-1  | REVOKE
postgres-1  | GRANT
postgres-1  | GRANT
postgres-1  | COMMIT
postgres-1  | certification-init: applying 0015_migration_incident_delivery_failure_classification.sql
postgres-1  | BEGIN
postgres-1  | ALTER TABLE
postgres-1  | REVOKE
postgres-1  | DROP FUNCTION
postgres-1  | CREATE FUNCTION
postgres-1  | REVOKE
postgres-1  | GRANT
postgres-1  | COMMIT
postgres-1  | certification-init: applying 0016_migration_incident_delivery_recovery_binding.sql
postgres-1  | BEGIN
postgres-1  | ALTER TABLE
postgres-1  | LOCK TABLE
postgres-1  | UPDATE 0
postgres-1  | UPDATE 0
postgres-1  | ALTER TABLE
postgres-1  | CREATE FUNCTION
postgres-1  | REVOKE
postgres-1  | GRANT
postgres-1  | COMMIT
postgres-1  | certification-init: applying 0017_migration_incident_verified_resolution.sql
postgres-1  | ALTER TYPE
postgres-1  | BEGIN
postgres-1  | CREATE TYPE
postgres-1  | CREATE TYPE
postgres-1  | CREATE TYPE
postgres-1  | ALTER TABLE
postgres-1  | CREATE TABLE
postgres-1  | CREATE INDEX
postgres-1  | CREATE INDEX
postgres-1  | CREATE TRIGGER
postgres-1  | CREATE FUNCTION
postgres-1  | CREATE FUNCTION
postgres-1  | CREATE FUNCTION
postgres-1  | CREATE TRIGGER
postgres-1  | ALTER TABLE
postgres-1  | ALTER TABLE
postgres-1  | CREATE POLICY
postgres-1  | CREATE POLICY
postgres-1  | CREATE POLICY
postgres-1  | REVOKE
postgres-1  | REVOKE
postgres-1  | GRANT
postgres-1  | GRANT
postgres-1  | GRANT
postgres-1  | GRANT
postgres-1  | GRANT
postgres-1  | COMMIT
postgres-1  | certification-init: applying 0018_migration_incident_delivery_recovery_generation.sql
postgres-1  | BEGIN
postgres-1  | ALTER TABLE
postgres-1  | LOCK TABLE
postgres-1  | UPDATE 0
postgres-1  | UPDATE 0
postgres-1  | ALTER TABLE
postgres-1  | ALTER TABLE
postgres-1  | CREATE FUNCTION
postgres-1  | REVOKE
postgres-1  | GRANT
postgres-1  | COMMIT
postgres-1  | certification-init: applying 0019_migration_apply_delivery_resilience.sql
postgres-1  | BEGIN
postgres-1  | ALTER TABLE
postgres-1  | CREATE INDEX
postgres-1  | CREATE TYPE
postgres-1  | CREATE TABLE
postgres-1  | CREATE INDEX
postgres-1  | CREATE INDEX
postgres-1  | CREATE TRIGGER
postgres-1  | CREATE FUNCTION
postgres-1  | CREATE TRIGGER
postgres-1  | ALTER TABLE
postgres-1  | ALTER TABLE
postgres-1  | CREATE POLICY
postgres-1  | CREATE POLICY
postgres-1  | CREATE POLICY
postgres-1  | CREATE FUNCTION
postgres-1  | CREATE FUNCTION
postgres-1  | REVOKE
postgres-1  | REVOKE
postgres-1  | REVOKE
postgres-1  | REVOKE
postgres-1  | REVOKE
postgres-1  | GRANT
postgres-1  | GRANT
postgres-1  | GRANT
postgres-1  | GRANT
postgres-1  | GRANT
postgres-1  | GRANT
postgres-1  | GRANT
postgres-1  | COMMIT
postgres-1  | certification-init: applying 0020_project_database_provisioning.sql
postgres-1  | BEGIN
postgres-1  | DO
postgres-1  | CREATE TYPE
postgres-1  | CREATE TABLE
postgres-1  | CREATE TABLE
postgres-1  | ALTER TABLE
postgres-1  | CREATE INDEX
postgres-1  | CREATE TRIGGER
postgres-1  | ALTER TABLE
postgres-1  | ALTER TABLE
postgres-1  | ALTER TABLE
postgres-1  | ALTER TABLE
postgres-1  | CREATE POLICY
postgres-1  | CREATE POLICY
postgres-1  | CREATE FUNCTION
postgres-1  | CREATE FUNCTION
postgres-1  | REVOKE
postgres-1  | REVOKE
postgres-1  | REVOKE
postgres-1  | REVOKE
postgres-1  | REVOKE
postgres-1  | GRANT
postgres-1  | GRANT
postgres-1  | GRANT
postgres-1  | GRANT
postgres-1  | GRANT
postgres-1  | GRANT
postgres-1  | GRANT
postgres-1  | GRANT
postgres-1  | GRANT
postgres-1  | GRANT
postgres-1  | GRANT
postgres-1  | GRANT
postgres-1  | GRANT
postgres-1  | GRANT
postgres-1  | GRANT
postgres-1  | COMMIT
postgres-1  | certification-init: applying 0021_project_database_provisioning_health.sql
postgres-1  | BEGIN
postgres-1  | CREATE TABLE
postgres-1  | CREATE INDEX
postgres-1  | ALTER TABLE
postgres-1  | ALTER TABLE
postgres-1  | CREATE POLICY
postgres-1  | CREATE FUNCTION
postgres-1  | REVOKE
postgres-1  | REVOKE
postgres-1  | GRANT
postgres-1  | GRANT
postgres-1  | GRANT
postgres-1  | COMMIT
postgres-1  | certification-init: applying 0022_project_automation_policies.sql
postgres-1  | BEGIN
postgres-1  | CREATE TABLE
postgres-1  | ALTER TABLE
postgres-1  | UPDATE 0
postgres-1  | ALTER TABLE
postgres-1  | ALTER TABLE
postgres-1  | ALTER TABLE
postgres-1  | CREATE POLICY
postgres-1  | CREATE POLICY
postgres-1  | CREATE POLICY
postgres-1  | REVOKE
postgres-1  | GRANT
postgres-1  | GRANT
postgres-1  | COMMIT
postgres-1  | certification-init: applying 0023_project_api_keys.sql
postgres-1  | BEGIN
postgres-1  | CREATE TABLE
postgres-1  | CREATE INDEX
postgres-1  | CREATE INDEX
postgres-1  | CREATE FUNCTION
postgres-1  | CREATE TRIGGER
postgres-1  | ALTER TABLE
postgres-1  | CREATE POLICY
postgres-1  | CREATE POLICY
postgres-1  | CREATE POLICY
postgres-1  | CREATE FUNCTION
postgres-1  | REVOKE
postgres-1  | REVOKE
postgres-1  | REVOKE
postgres-1  | GRANT
postgres-1  | GRANT
postgres-1  | GRANT
postgres-1  | GRANT
postgres-1  | COMMIT
postgres-1  | certification-init: applying 0024_project_auth.sql
postgres-1  | BEGIN
postgres-1  | CREATE TABLE
postgres-1  | CREATE INDEX
postgres-1  | CREATE TABLE
postgres-1  | CREATE INDEX
postgres-1  | CREATE INDEX
postgres-1  | CREATE TABLE
postgres-1  | CREATE INDEX
postgres-1  | CREATE TABLE
postgres-1  | CREATE TABLE
postgres-1  | CREATE FUNCTION
postgres-1  | CREATE TRIGGER
postgres-1  | CREATE TRIGGER
postgres-1  | CREATE TRIGGER
postgres-1  | CREATE TRIGGER
postgres-1  | CREATE TRIGGER
postgres-1  | REVOKE
postgres-1  | REVOKE
postgres-1  | GRANT
postgres-1  | GRANT
postgres-1  | GRANT
postgres-1  | GRANT
postgres-1  | GRANT
postgres-1  | GRANT
postgres-1  | GRANT
postgres-1  | GRANT
postgres-1  | GRANT
postgres-1  | COMMIT
postgres-1  | certification-init: applying 0025_project_storage.sql
postgres-1  | BEGIN
postgres-1  | CREATE TABLE
postgres-1  | CREATE INDEX
postgres-1  | CREATE TABLE
postgres-1  | CREATE INDEX
postgres-1  | CREATE INDEX
postgres-1  | CREATE INDEX
postgres-1  | CREATE TABLE
postgres-1  | CREATE INDEX
postgres-1  | CREATE INDEX
postgres-1  | CREATE FUNCTION
postgres-1  | CREATE FUNCTION
postgres-1  | CREATE FUNCTION
postgres-1  | CREATE TRIGGER
postgres-1  | CREATE TRIGGER
postgres-1  | CREATE TRIGGER
postgres-1  | ALTER TABLE
postgres-1  | ALTER TABLE
postgres-1  | ALTER TABLE
postgres-1  | CREATE POLICY
postgres-1  | CREATE POLICY
postgres-1  | CREATE POLICY
postgres-1  | CREATE POLICY
postgres-1  | CREATE POLICY
postgres-1  | CREATE POLICY
postgres-1  | CREATE POLICY
postgres-1  | CREATE POLICY
postgres-1  | CREATE POLICY
postgres-1  | CREATE POLICY
postgres-1  | REVOKE
postgres-1  | REVOKE
postgres-1  | REVOKE
postgres-1  | REVOKE
postgres-1  | GRANT
postgres-1  | GRANT
postgres-1  | GRANT
postgres-1  | GRANT
postgres-1  | GRANT
postgres-1  | GRANT
postgres-1  | GRANT
postgres-1  | GRANT
postgres-1  | GRANT
postgres-1  | COMMIT
postgres-1  | certification-init: applying 0026_project_queues.sql
postgres-1  | BEGIN
postgres-1  | CREATE TABLE
postgres-1  | CREATE INDEX
postgres-1  | CREATE TABLE
postgres-1  | CREATE INDEX
postgres-1  | CREATE INDEX
postgres-1  | CREATE INDEX
postgres-1  | CREATE INDEX
postgres-1  | CREATE INDEX
postgres-1  | CREATE FUNCTION
postgres-1  | CREATE FUNCTION
postgres-1  | CREATE FUNCTION
postgres-1  | CREATE TRIGGER
postgres-1  | CREATE TRIGGER
postgres-1  | CREATE TRIGGER
postgres-1  | ALTER TABLE
postgres-1  | ALTER TABLE
postgres-1  | CREATE POLICY
postgres-1  | CREATE POLICY
postgres-1  | CREATE POLICY
postgres-1  | CREATE POLICY
postgres-1  | CREATE POLICY
postgres-1  | CREATE POLICY
postgres-1  | REVOKE
postgres-1  | REVOKE
postgres-1  | REVOKE
postgres-1  | REVOKE
postgres-1  | GRANT
postgres-1  | GRANT
postgres-1  | GRANT
postgres-1  | GRANT
postgres-1  | GRANT
postgres-1  | GRANT
postgres-1  | COMMIT
postgres-1  | certification-init: applying 0027_project_queue_dead_letter_replay.sql
postgres-1  | BEGIN
postgres-1  | ALTER TABLE
postgres-1  | CREATE INDEX
postgres-1  | CREATE INDEX
postgres-1  | CREATE FUNCTION
postgres-1  | CREATE TRIGGER
postgres-1  | REVOKE
postgres-1  | GRANT
postgres-1  | COMMIT
postgres-1  | certification-init: applying 0028_usage_metering.sql
postgres-1  | BEGIN
postgres-1  | CREATE TABLE
postgres-1  | CREATE TABLE
postgres-1  | CREATE TABLE
postgres-1  | CREATE INDEX
postgres-1  | CREATE INDEX
postgres-1  | CREATE FUNCTION
postgres-1  | CREATE FUNCTION
postgres-1  | CREATE FUNCTION
postgres-1  | CREATE TRIGGER
postgres-1  | CREATE TRIGGER
postgres-1  | CREATE TRIGGER
postgres-1  | ALTER TABLE
postgres-1  | ALTER TABLE
postgres-1  | ALTER TABLE
postgres-1  | CREATE POLICY
postgres-1  | CREATE POLICY
postgres-1  | CREATE POLICY
postgres-1  | CREATE POLICY
postgres-1  | CREATE POLICY
postgres-1  | CREATE POLICY
postgres-1  | CREATE POLICY
postgres-1  | CREATE POLICY
postgres-1  | REVOKE
postgres-1  | REVOKE
postgres-1  | REVOKE
postgres-1  | REVOKE
postgres-1  | GRANT
postgres-1  | GRANT
postgres-1  | GRANT
postgres-1  | GRANT
postgres-1  | GRANT
postgres-1  | GRANT
postgres-1  | GRANT
postgres-1  | GRANT
postgres-1  | COMMIT
postgres-1  | certification-init: applying 0029_project_queue_definition_row_lock.sql
postgres-1  | GRANT
postgres-1  | CREATE POLICY
postgres-1  | certification-init: applying 0030_realtime_event_log.sql
postgres-1  | CREATE TABLE
postgres-1  | CREATE TABLE
postgres-1  | CREATE INDEX
postgres-1  | CREATE INDEX
postgres-1  | CREATE FUNCTION
postgres-1  | CREATE TRIGGER
postgres-1  | ALTER TABLE
postgres-1  | ALTER TABLE
postgres-1  | CREATE POLICY
postgres-1  | CREATE POLICY
postgres-1  | CREATE POLICY
postgres-1  | CREATE POLICY
postgres-1  | CREATE POLICY
postgres-1  | CREATE POLICY
postgres-1  | REVOKE
postgres-1  | REVOKE
postgres-1  | GRANT
postgres-1  | GRANT
postgres-1  | GRANT
postgres-1  | GRANT
postgres-1  | certification-init: applying 0031_project_cron.sql
postgres-1  | CREATE TABLE
postgres-1  | CREATE INDEX
postgres-1  | CREATE FUNCTION
postgres-1  | CREATE TRIGGER
postgres-1  | ALTER TABLE
postgres-1  | CREATE POLICY
postgres-1  | CREATE POLICY
postgres-1  | CREATE POLICY
postgres-1  | CREATE POLICY
postgres-1  | REVOKE
postgres-1  | REVOKE
postgres-1  | GRANT
postgres-1  | GRANT
postgres-1  | GRANT
postgres-1  | certification-init: applying 0032_project_webhooks.sql
postgres-1  | CREATE TABLE
postgres-1  | CREATE TABLE
postgres-1  | CREATE INDEX
postgres-1  | CREATE INDEX
postgres-1  | CREATE FUNCTION
postgres-1  | CREATE TRIGGER
postgres-1  | ALTER TABLE
postgres-1  | ALTER TABLE
postgres-1  | CREATE POLICY
postgres-1  | CREATE POLICY
postgres-1  | CREATE POLICY
postgres-1  | CREATE POLICY
postgres-1  | CREATE POLICY
postgres-1  | CREATE POLICY
postgres-1  | CREATE POLICY
postgres-1  | REVOKE
postgres-1  | REVOKE
postgres-1  | GRANT
postgres-1  | GRANT
postgres-1  | CREATE POLICY
postgres-1  | GRANT
postgres-1  | GRANT
postgres-1  | GRANT
postgres-1  | certification-init: applying 0033_project_functions.sql
postgres-1  | CREATE TABLE
postgres-1  | CREATE INDEX
postgres-1  | CREATE FUNCTION
postgres-1  | CREATE TRIGGER
postgres-1  | ALTER TABLE
postgres-1  | CREATE POLICY
postgres-1  | CREATE POLICY
postgres-1  | CREATE POLICY
postgres-1  | CREATE POLICY
postgres-1  | REVOKE
postgres-1  | REVOKE
postgres-1  | GRANT
postgres-1  | GRANT
postgres-1  | GRANT
postgres-1  | certification-init: applying 0034_project_functions_registry.sql
postgres-1  | ALTER TABLE
postgres-1  | ALTER TABLE
postgres-1  | certification-init: applying 0035_project_function_slots.sql
postgres-1  | CREATE TABLE
postgres-1  | CREATE INDEX
postgres-1  | CREATE FUNCTION
postgres-1  | CREATE TRIGGER
postgres-1  | ALTER TABLE
postgres-1  | CREATE POLICY
postgres-1  | CREATE POLICY
postgres-1  | CREATE POLICY
postgres-1  | REVOKE
postgres-1  | REVOKE
postgres-1  | GRANT
postgres-1  | GRANT
postgres-1  | certification-init: applying 0036_provisioner_heartbeat_upsert_grant.sql
postgres-1  | BEGIN
postgres-1  | GRANT
postgres-1  | COMMIT
postgres-1  | certification-init: applying 0037_provisioner_binding_returning_grant.sql
postgres-1  | BEGIN
postgres-1  | GRANT
postgres-1  | COMMIT
postgres-1  | certification-init: applying 0038_runtime_outbox_arbiter_grant.sql
postgres-1  | BEGIN
postgres-1  | GRANT
postgres-1  | COMMIT
postgres-1  | certification-init: applying 0039_billing_rate_cards.sql
postgres-1  | BEGIN
postgres-1  | CREATE TABLE
postgres-1  | CREATE INDEX
postgres-1  | ALTER TABLE
postgres-1  | ALTER TABLE
postgres-1  | CREATE POLICY
postgres-1  | CREATE POLICY
postgres-1  | REVOKE
postgres-1  | GRANT
postgres-1  | GRANT
postgres-1  | COMMIT
postgres-1  | certification-init: applying 0040_billing_invoices.sql
postgres-1  | BEGIN
postgres-1  | CREATE TABLE
postgres-1  | CREATE TABLE
postgres-1  | ALTER TABLE
postgres-1  | ALTER TABLE
postgres-1  | ALTER TABLE
postgres-1  | ALTER TABLE
postgres-1  | CREATE POLICY
postgres-1  | CREATE POLICY
postgres-1  | CREATE POLICY
postgres-1  | CREATE POLICY
postgres-1  | REVOKE
postgres-1  | GRANT
postgres-1  | GRANT
postgres-1  | GRANT
postgres-1  | GRANT
postgres-1  | GRANT
postgres-1  | COMMIT
postgres-1  | certification-init: applying 0041_project_storage_multipart.sql
postgres-1  | BEGIN
postgres-1  | ALTER TABLE
postgres-1  | ALTER TABLE
postgres-1  | COMMIT
postgres-1  | certification-init: applying 0042_project_function_deployments.sql
postgres-1  | BEGIN
postgres-1  | CREATE TABLE
postgres-1  | CREATE INDEX
postgres-1  | ALTER TABLE
postgres-1  | ALTER TABLE
postgres-1  | CREATE POLICY
postgres-1  | CREATE POLICY
postgres-1  | CREATE FUNCTION
postgres-1  | CREATE FUNCTION
postgres-1  | REVOKE
postgres-1  | REVOKE
postgres-1  | GRANT
postgres-1  | GRANT
postgres-1  | COMMIT
postgres-1  | certification-init: applying 0043_project_storage_upload_id_check_fix.sql
postgres-1  | ALTER TABLE
postgres-1  | ALTER TABLE
postgres-1  | certification-init: applying 0044_billing_invoice_numbers.sql
postgres-1  | BEGIN
postgres-1  | CREATE TABLE
postgres-1  | ALTER TABLE
postgres-1  | ALTER TABLE
postgres-1  | CREATE POLICY
postgres-1  | CREATE POLICY
postgres-1  | CREATE POLICY
postgres-1  | ALTER TABLE
postgres-1  | ALTER TABLE
postgres-1  | UPDATE 0
postgres-1  | ALTER TABLE
postgres-1  | ALTER TABLE
postgres-1  | UPDATE 0
postgres-1  | INSERT 0 0
postgres-1  | ALTER TABLE
postgres-1  | CREATE INDEX
postgres-1  | GRANT
postgres-1  | GRANT
postgres-1  | GRANT
postgres-1  | COMMIT
postgres-1  | certification-init: applying 0045_project_function_invocations.sql
postgres-1  | BEGIN
postgres-1  | CREATE TABLE
postgres-1  | CREATE INDEX
postgres-1  | ALTER TABLE
postgres-1  | ALTER TABLE
postgres-1  | CREATE POLICY
postgres-1  | CREATE POLICY
postgres-1  | REVOKE
postgres-1  | GRANT
postgres-1  | GRANT
postgres-1  | COMMIT
postgres-1  | certification-init: applying 0046_project_auth_audit.sql
postgres-1  | BEGIN
postgres-1  | GRANT
postgres-1  | GRANT
postgres-1  | GRANT
postgres-1  | GRANT
postgres-1  | CREATE POLICY
postgres-1  | COMMIT
postgres-1  | certification-init: applying 0047_audit_chain_order.sql
postgres-1  | BEGIN
postgres-1  | CREATE FUNCTION
postgres-1  | COMMIT
postgres-1  | certification-init: applying 0048_project_auth_mfa_enforcement.sql
postgres-1  | BEGIN
postgres-1  | CREATE TABLE
postgres-1  | ALTER TABLE
postgres-1  | ALTER TABLE
postgres-1  | CREATE FUNCTION
postgres-1  | CREATE TRIGGER
postgres-1  | REVOKE
postgres-1  | REVOKE
postgres-1  | GRANT
postgres-1  | GRANT
postgres-1  | GRANT
postgres-1  | COMMIT
postgres-1  | certification-init: applying 0049_project_database_webhooks.sql
postgres-1  | CREATE TABLE
postgres-1  | CREATE INDEX
postgres-1  | ALTER TABLE
postgres-1  | CREATE POLICY
postgres-1  | CREATE POLICY
postgres-1  | CREATE POLICY
postgres-1  | REVOKE
postgres-1  | GRANT
postgres-1  | certification-init: applying 0050_project_database_webhook_cursors.sql
postgres-1  | CREATE TABLE
postgres-1  | ALTER TABLE
postgres-1  | CREATE POLICY
postgres-1  | CREATE POLICY
postgres-1  | CREATE POLICY
postgres-1  | REVOKE
postgres-1  | GRANT
postgres-1  | certification-init: applying 0051_project_auth_return_targets.sql
postgres-1  | BEGIN
postgres-1  | ALTER TABLE
postgres-1  | ALTER TABLE
postgres-1  | REVOKE
postgres-1  | GRANT
postgres-1  | COMMIT
postgres-1  | certification-init: applying 0052_project_auth_rate_limits.sql
postgres-1  | BEGIN
postgres-1  | ALTER TABLE
postgres-1  | ALTER TABLE
postgres-1  | CREATE TABLE
postgres-1  | CREATE INDEX
postgres-1  | REVOKE
postgres-1  | GRANT
postgres-1  | REVOKE
postgres-1  | GRANT
postgres-1  | COMMIT
postgres-1  | certification-init: applying 0053_project_auth_password_protection.sql
postgres-1  | BEGIN
postgres-1  | ALTER TABLE
postgres-1  | ALTER TABLE
postgres-1  | REVOKE
postgres-1  | GRANT
postgres-1  | COMMIT
postgres-1  | certification-init: applying 0054_project_log_drains.sql
postgres-1  | BEGIN
postgres-1  | CREATE FUNCTION
postgres-1  | REVOKE
postgres-1  | GRANT
postgres-1  | CREATE TABLE
postgres-1  | CREATE INDEX
postgres-1  | ALTER TABLE
postgres-1  | CREATE POLICY
postgres-1  | CREATE POLICY
postgres-1  | CREATE POLICY
postgres-1  | REVOKE
postgres-1  | GRANT
postgres-1  | COMMIT
postgres-1  | certification-init: applying 0055_user_console_settings.sql
postgres-1  | BEGIN
postgres-1  | CREATE TABLE
postgres-1  | CREATE TRIGGER
postgres-1  | REVOKE
postgres-1  | GRANT
postgres-1  | COMMIT
postgres-1  | certification-init: applying 0056_project_log_drain_cursors.sql
postgres-1  | BEGIN
postgres-1  | CREATE TABLE
postgres-1  | ALTER TABLE
postgres-1  | CREATE POLICY
postgres-1  | CREATE POLICY
postgres-1  | CREATE POLICY
postgres-1  | REVOKE
postgres-1  | GRANT
postgres-1  | COMMIT
postgres-1  | certification-init: applying 0057_project_dashboard_webhooks.sql
postgres-1  | BEGIN
postgres-1  | CREATE FUNCTION
postgres-1  | REVOKE
postgres-1  | GRANT
postgres-1  | CREATE TABLE
postgres-1  | CREATE INDEX
postgres-1  | ALTER TABLE
postgres-1  | CREATE POLICY
postgres-1  | CREATE POLICY
postgres-1  | CREATE POLICY
postgres-1  | REVOKE
postgres-1  | GRANT
postgres-1  | CREATE TABLE
postgres-1  | ALTER TABLE
postgres-1  | CREATE POLICY
postgres-1  | CREATE POLICY
postgres-1  | CREATE POLICY
postgres-1  | REVOKE
postgres-1  | GRANT
postgres-1  | COMMIT
postgres-1  | certification-init: applying 0058_project_auth_hooks.sql
postgres-1  | BEGIN
postgres-1  | ALTER TABLE
postgres-1  | ALTER TABLE
postgres-1  | ALTER TABLE
postgres-1  | ALTER TABLE
postgres-1  | REVOKE
postgres-1  | GRANT
postgres-1  | COMMIT
postgres-1  | certification-init: applying 0059_project_storage_s3_access_keys.sql
postgres-1  | BEGIN
postgres-1  | CREATE TABLE
postgres-1  | CREATE INDEX
postgres-1  | CREATE INDEX
postgres-1  | CREATE TABLE
postgres-1  | CREATE INDEX
postgres-1  | CREATE FUNCTION
postgres-1  | CREATE TRIGGER
postgres-1  | ALTER TABLE
postgres-1  | ALTER TABLE
postgres-1  | CREATE POLICY
postgres-1  | CREATE POLICY
postgres-1  | CREATE POLICY
postgres-1  | CREATE POLICY
postgres-1  | CREATE POLICY
postgres-1  | CREATE POLICY
postgres-1  | REVOKE
postgres-1  | REVOKE
postgres-1  | REVOKE
postgres-1  | GRANT
postgres-1  | GRANT
postgres-1  | GRANT
postgres-1  | GRANT
postgres-1  | COMMIT
postgres-1  | certification-init: applying 0060_project_auth_passkeys.sql
postgres-1  | BEGIN
postgres-1  | CREATE TABLE
postgres-1  | CREATE INDEX
postgres-1  | ALTER TABLE
postgres-1  | ALTER TABLE
postgres-1  | CREATE TRIGGER
postgres-1  | REVOKE
postgres-1  | GRANT
postgres-1  | GRANT
postgres-1  | COMMIT
postgres-1  | certification-init: applying 0061_project_auth_third_party_providers.sql
postgres-1  | BEGIN
postgres-1  | CREATE TABLE
postgres-1  | ALTER TABLE
postgres-1  | ALTER TABLE
postgres-1  | ALTER TABLE
postgres-1  | ALTER TABLE
postgres-1  | ALTER TABLE
postgres-1  | REVOKE
postgres-1  | GRANT
postgres-1  | COMMIT
postgres-1  | certification-init: applying 0062_project_auth_oauth_server.sql
postgres-1  | BEGIN
postgres-1  | CREATE TABLE
postgres-1  | ALTER TABLE
postgres-1  | ALTER TABLE
postgres-1  | ALTER TABLE
postgres-1  | REVOKE
postgres-1  | GRANT
postgres-1  | CREATE TABLE
postgres-1  | ALTER TABLE
postgres-1  | ALTER TABLE
postgres-1  | ALTER TABLE
postgres-1  | CREATE TRIGGER
postgres-1  | REVOKE
postgres-1  | GRANT
postgres-1  | GRANT
postgres-1  | CREATE TABLE
postgres-1  | ALTER TABLE
postgres-1  | ALTER TABLE
postgres-1  | REVOKE
postgres-1  | GRANT
postgres-1  | COMMIT
postgres-1  | certification-init: applying 0063_project_auth_expiry_retention.sql
postgres-1  | BEGIN
postgres-1  | CREATE INDEX
postgres-1  | CREATE INDEX
postgres-1  | CREATE INDEX
postgres-1  | GRANT
postgres-1  | GRANT
postgres-1  | GRANT
postgres-1  | COMMIT
postgres-1  | certification-init: applying 0064_project_auth_oauth_consents.sql
postgres-1  | BEGIN
postgres-1  | CREATE TABLE
postgres-1  | ALTER TABLE
postgres-1  | ALTER TABLE
postgres-1  | CREATE INDEX
postgres-1  | CREATE INDEX
postgres-1  | CREATE TRIGGER
postgres-1  | CREATE FUNCTION
postgres-1  | CREATE TRIGGER
postgres-1  | REVOKE
postgres-1  | REVOKE
postgres-1  | GRANT
postgres-1  | GRANT
postgres-1  | GRANT
postgres-1  | ALTER TABLE
postgres-1  | ALTER TABLE
postgres-1  | COMMIT
postgres-1  | certification-init: applying 0065_project_storage_s3_access_key_secrets.sql
postgres-1  | BEGIN
postgres-1  | ALTER TABLE
postgres-1  | CREATE FUNCTION
postgres-1  | CREATE FUNCTION
postgres-1  | REVOKE
postgres-1  | GRANT
postgres-1  | COMMIT
postgres-1  | certification-init: applying 0066_project_cron_time_zone.sql
postgres-1  | ALTER TABLE
postgres-1  | certification-init: applying 0069_project_function_invocation_output.sql
postgres-1  | BEGIN
postgres-1  | CREATE TABLE
postgres-1  | CREATE INDEX
postgres-1  | ALTER TABLE
postgres-1  | ALTER TABLE
postgres-1  | CREATE POLICY
postgres-1  | CREATE POLICY
postgres-1  | REVOKE
postgres-1  | GRANT
postgres-1  | GRANT
postgres-1  | COMMIT
postgres-1  | certification-init: applying 0070_project_auth_saml.sql
postgres-1  | BEGIN
postgres-1  | CREATE TABLE
postgres-1  | CREATE INDEX
postgres-1  | ALTER TABLE
postgres-1  | ALTER TABLE
postgres-1  | ALTER TABLE
postgres-1  | ALTER TABLE
postgres-1  | CREATE TRIGGER
postgres-1  | REVOKE
postgres-1  | GRANT
postgres-1  | COMMIT
postgres-1  | certification-init: applying 0071_project_storage_s3_multipart.sql
postgres-1  | BEGIN
postgres-1  | ALTER TABLE
postgres-1  | ALTER TABLE
postgres-1  | ALTER TABLE
postgres-1  | ALTER TABLE
postgres-1  | ALTER TABLE
postgres-1  | ALTER TABLE
postgres-1  | ALTER TABLE
postgres-1  | ALTER TABLE
postgres-1  | CREATE TABLE
postgres-1  | CREATE INDEX
postgres-1  | CREATE FUNCTION
postgres-1  | GRANT
postgres-1  | REVOKE
postgres-1  | ALTER TABLE
postgres-1  | CREATE POLICY
postgres-1  | CREATE POLICY
postgres-1  | CREATE POLICY
postgres-1  | CREATE POLICY
postgres-1  | GRANT
postgres-1  | GRANT
postgres-1  | COMMIT
postgres-1  | certification-init: applying 0073_project_auth_oauth_tool_scopes.sql
postgres-1  | BEGIN
postgres-1  | ALTER TABLE
postgres-1  | ALTER TABLE
postgres-1  | ALTER TABLE
postgres-1  | ALTER TABLE
postgres-1  | ALTER TABLE
postgres-1  | ALTER TABLE
postgres-1  | ALTER TABLE
postgres-1  | ALTER TABLE
postgres-1  | COMMIT
postgres-1  | certification-init: applying 0075_log_drain_function_output_source.sql
postgres-1  | BEGIN
postgres-1  | CREATE FUNCTION
postgres-1  | REVOKE
postgres-1  | GRANT
postgres-1  | COMMIT
postgres-1  | certification-init: applied 71 migrations
postgres-1  | CREATE EXTENSION
postgres-1  | CREATE ROLE
postgres-1  | CREATE ROLE
postgres-1  | CREATE ROLE
postgres-1  | CREATE ROLE
postgres-1  | CREATE ROLE
postgres-1  | GRANT ROLE
postgres-1  | GRANT ROLE
postgres-1  | GRANT ROLE
postgres-1  | GRANT ROLE
postgres-1  | 2026-09-30 22:42:12.769 UTC [300] WARNING:  role "qkern_app" has not been granted membership in role "qkern_auth" by role "qkern"
postgres-1  | REVOKE ROLE
postgres-1  | WARNING:  role "qkern_app" has not been granted membership in role "qkern_auth" by role "qkern"
postgres-1  | 2026-09-30 22:42:12.769 UTC [300] WARNING:  role "qkern_app" has not been granted membership in role "qkern_worker" by role "qkern"
postgres-1  | REVOKE ROLE
postgres-1  | WARNING:  role "qkern_app" has not been granted membership in role "qkern_worker" by role "qkern"
postgres-1  | 2026-09-30 22:42:12.769 UTC [300] WARNING:  role "qkern_app" has not been granted membership in role "qkern_provisioner" by role "qkern"
postgres-1  | WARNING:  role "qkern_app" has not been granted membership in role "qkern_provisioner" by role "qkern"
postgres-1  | REVOKE ROLE
postgres-1  | 2026-09-30 22:42:12.770 UTC [300] WARNING:  role "qkern_auth_app" has not been granted membership in role "qkern_runtime" by role "qkern"
postgres-1  | WARNING:  role "qkern_auth_app" has not been granted membership in role "qkern_runtime" by role "qkern"
postgres-1  | REVOKE ROLE
postgres-1  | 2026-09-30 22:42:12.770 UTC [300] WARNING:  role "qkern_auth_app" has not been granted membership in role "qkern_worker" by role "qkern"
postgres-1  | WARNING:  role "qkern_auth_app" has not been granted membership in role "qkern_worker" by role "qkern"
postgres-1  | REVOKE ROLE
postgres-1  | 2026-09-30 22:42:12.770 UTC [300] WARNING:  role "qkern_auth_app" has not been granted membership in role "qkern_provisioner" by role "qkern"
postgres-1  | WARNING:  role "qkern_auth_app" has not been granted membership in role "qkern_provisioner" by role "qkern"
postgres-1  | REVOKE ROLE
postgres-1  | 2026-09-30 22:42:12.770 UTC [300] WARNING:  role "qkern_worker_app" has not been granted membership in role "qkern_runtime" by role "qkern"
postgres-1  | 2026-09-30 22:42:12.770 UTC [300] WARNING:  role "qkern_worker_app" has not been granted membership in role "qkern_auth" by role "qkern"
postgres-1  | 2026-09-30 22:42:12.770 UTC [300] WARNING:  role "qkern_worker_app" has not been granted membership in role "qkern_provisioner" by role "qkern"
postgres-1  | REVOKE ROLE
postgres-1  | WARNING:  role "qkern_worker_app" has not been granted membership in role "qkern_runtime" by role "qkern"
postgres-1  | WARNING:  role "qkern_worker_app" has not been granted membership in role "qkern_auth" by role "qkern"
postgres-1  | WARNING:  role "qkern_worker_app" has not been granted membership in role "qkern_provisioner" by role "qkern"
postgres-1  | 2026-09-30 22:42:12.771 UTC [300] WARNING:  role "qkern_provisioner_app" has not been granted membership in role "qkern_runtime" by role "qkern"
postgres-1  | 2026-09-30 22:42:12.771 UTC [300] WARNING:  role "qkern_provisioner_app" has not been granted membership in role "qkern_auth" by role "qkern"
postgres-1  | 2026-09-30 22:42:12.771 UTC [300] WARNING:  role "qkern_provisioner_app" has not been granted membership in role "qkern_worker" by role "qkern"
postgres-1  | REVOKE ROLE
postgres-1  | WARNING:  role "qkern_provisioner_app" has not been granted membership in role "qkern_runtime" by role "qkern"
postgres-1  | WARNING:  role "qkern_provisioner_app" has not been granted membership in role "qkern_auth" by role "qkern"
postgres-1  | WARNING:  role "qkern_provisioner_app" has not been granted membership in role "qkern_worker" by role "qkern"
postgres-1  | 2026-09-30 22:42:12.771 UTC [300] WARNING:  role "qkern_project_api_app" has not been granted membership in role "qkern_runtime" by role "qkern"
postgres-1  | 2026-09-30 22:42:12.771 UTC [300] WARNING:  role "qkern_project_api_app" has not been granted membership in role "qkern_auth" by role "qkern"
postgres-1  | 2026-09-30 22:42:12.771 UTC [300] WARNING:  role "qkern_project_api_app" has not been granted membership in role "qkern_worker" by role "qkern"
postgres-1  | 2026-09-30 22:42:12.771 UTC [300] WARNING:  role "qkern_project_api_app" has not been granted membership in role "qkern_provisioner" by role "qkern"
postgres-1  | WARNING:  role "qkern_project_api_app" has not been granted membership in role "qkern_runtime" by role "qkern"
postgres-1  | WARNING:  role "qkern_project_api_app" has not been granted membership in role "qkern_auth" by role "qkern"
postgres-1  | REVOKE ROLE
postgres-1  | WARNING:  role "qkern_project_api_app" has not been granted membership in role "qkern_worker" by role "qkern"
postgres-1  | WARNING:  role "qkern_project_api_app" has not been granted membership in role "qkern_provisioner" by role "qkern"
postgres-1  | ALTER ROLE
postgres-1  | ALTER ROLE
postgres-1  | ALTER ROLE
postgres-1  | ALTER ROLE
postgres-1  | ALTER ROLE
postgres-1  | ALTER ROLE
postgres-1  | ALTER ROLE
postgres-1  | ALTER ROLE
postgres-1  | ALTER ROLE
postgres-1  | ALTER ROLE
postgres-1  | ALTER ROLE
postgres-1  | ALTER ROLE
postgres-1  | ALTER ROLE
postgres-1  | ALTER ROLE
postgres-1  | ALTER ROLE
postgres-1  | project-database: kein Passwort gesetzt, lokale Projektdatenbank wird nicht angelegt
postgres-1  | 
postgres-1  | waiting for server to shut down....2026-09-30 22:42:12.783 UTC [42] LOG:  received fast shutdown request
postgres-1  | 2026-09-30 22:42:12.783 UTC [42] LOG:  aborting any active transactions
postgres-1  | 2026-09-30 22:42:12.785 UTC [42] LOG:  background worker "logical replication launcher" (PID 48) exited with exit code 1
postgres-1  | 2026-09-30 22:42:12.785 UTC [43] LOG:  shutting down
postgres-1  | 2026-09-30 22:42:12.785 UTC [43] LOG:  checkpoint starting: shutdown immediate
postgres-1  | 2026-09-30 22:42:12.793 UTC [43] LOG:  checkpoint complete: wrote 1267 buffers (7.7%); 0 WAL file(s) added, 0 removed, 0 recycled; write=0.007 s, sync=0.002 s, total=0.009 s; sync files=744, longest=0.001 s, average=0.000 s; distance=8636 kB, estimate=8636 kB; lsn=0/1D61100, redo lsn=0/1D61100
postgres-1  | 2026-09-30 22:42:12.802 UTC [42] LOG:  database system is shut down
postgres-1  |  done
postgres-1  | server stopped
postgres-1  | 
postgres-1  | PostgreSQL init process complete; ready for start up.
postgres-1  | 
postgres-1  | 2026-09-30 22:42:12.903 UTC [1] LOG:  starting PostgreSQL 17.10 on x86_64-pc-linux-musl, compiled by gcc (Alpine 15.2.0) 15.2.0, 64-bit
postgres-1  | 2026-09-30 22:42:12.904 UTC [1] LOG:  listening on IPv4 address "0.0.0.0", port 5432
postgres-1  | 2026-09-30 22:42:12.904 UTC [1] LOG:  listening on IPv6 address "::", port 5432
postgres-1  | 2026-09-30 22:42:12.907 UTC [1] LOG:  listening on Unix socket "/var/run/postgresql/.s.PGSQL.5432"
postgres-1  | 2026-09-30 22:42:12.909 UTC [306] LOG:  database system was shut down at 2026-09-30 22:42:12 UTC
postgres-1  | 2026-09-30 22:42:12.931 UTC [1] LOG:  database system is ready to accept connections
 Container qkern-slice-fns-postgres-1 Healthy 
vault-1     | ==> Vault server configuration:
vault-1     | 
vault-1     | Administrative Namespace: 
vault-1     |              Api Address: http://0.0.0.0:8200
vault-1     |                      Cgo: disabled
vault-1     |          Cluster Address: https://0.0.0.0:8201
vault-1     |    Environment Variables: GOTRACEBACK, HOME, HOSTNAME, NAME, PATH, PWD, SHLVL, VAULT_DEV_LISTEN_ADDRESS, VAULT_DEV_ROOT_TOKEN_ID, VERSION
vault-1     |               Go Version: go1.23.3
vault-1     |               Listener 1: tcp (addr: "0.0.0.0:8200", cluster address: "0.0.0.0:8201", disable_request_limiter: "false", max_request_duration: "1m30s", max_request_size: "33554432", tls: "disabled")
vault-1     |                Log Level: 
vault-1     |                    Mlock: supported: true, enabled: false
vault-1     |            Recovery Mode: false
vault-1     |                  Storage: inmem
vault-1     |                  Version: Vault v1.18.3, built 2024-12-16T14:00:53Z
vault-1     |              Version Sha: 7ae4eca5403bf574f142cd8f987b8d83bafcd1de
vault-1     | 
vault-1     | 2026-09-30T22:42:19.150Z [INFO]  proxy environment: http_proxy="" https_proxy="" no_proxy=""
vault-1     | 2026-09-30T22:42:19.150Z [INFO]  incrementing seal generation: generation=1
vault-1     | 2026-09-30T22:42:19.150Z [WARN]  no `api_addr` value specified in config or in VAULT_API_ADDR; falling back to detection if possible, but this value should be manually set
vault-1     | 2026-09-30T22:42:19.150Z [INFO]  core: Initializing version history cache for core
vault-1     | 2026-09-30T22:42:19.150Z [INFO]  events: Starting event system
vault-1     | 2026-09-30T22:42:19.154Z [INFO]  core: security barrier not initialized
vault-1     | 2026-09-30T22:42:19.155Z [INFO]  core: security barrier initialized: stored=1 shares=1 threshold=1
vault-1     | 2026-09-30T22:42:19.155Z [INFO]  core: post-unseal setup starting
vault-1     | 2026-09-30T22:42:19.159Z [INFO]  core: loaded wrapping token key
vault-1     | 2026-09-30T22:42:19.159Z [INFO]  core: successfully setup plugin runtime catalog
vault-1     | 2026-09-30T22:42:19.159Z [INFO]  core: successfully setup plugin catalog: plugin-directory=""
vault-1     | 2026-09-30T22:42:19.159Z [INFO]  core: no mounts; adding default mount table
vault-1     | 2026-09-30T22:42:19.161Z [INFO]  core: successfully mounted: type=cubbyhole version="v1.18.3+builtin.vault" path=cubbyhole/ namespace="ID: root. Path: "
vault-1     | 2026-09-30T22:42:19.162Z [INFO]  core: successfully mounted: type=system version="v1.18.3+builtin.vault" path=sys/ namespace="ID: root. Path: "
vault-1     | 2026-09-30T22:42:19.162Z [INFO]  core: successfully mounted: type=identity version="v1.18.3+builtin.vault" path=identity/ namespace="ID: root. Path: "
vault-1     | 2026-09-30T22:42:19.164Z [INFO]  core: successfully mounted: type=token version="v1.18.3+builtin.vault" path=token/ namespace="ID: root. Path: "
vault-1     | 2026-09-30T22:42:19.164Z [INFO]  rollback: Starting the rollback manager with 256 workers
vault-1     | 2026-09-30T22:42:19.164Z [INFO]  rollback: starting rollback manager
vault-1     | 2026-09-30T22:42:19.165Z [INFO]  core: restoring leases
vault-1     | 2026-09-30T22:42:19.165Z [INFO]  expiration: lease restore complete
vault-1     | 2026-09-30T22:42:19.165Z [INFO]  identity: entities restored
vault-1     | 2026-09-30T22:42:19.166Z [INFO]  identity: groups restored
vault-1     | 2026-09-30T22:42:19.166Z [INFO]  core: Recorded vault version: vault version=1.18.3 upgrade time="2026-09-30 22:42:19.166050487 +0000 UTC" build date=2024-12-16T14:00:53Z
vault-1     | 2026-09-30T22:42:19.166Z [INFO]  core: post-unseal setup complete
vault-1     | 2026-09-30T22:42:19.166Z [INFO]  core: root token generated
vault-1     | 2026-09-30T22:42:19.166Z [INFO]  core: pre-seal teardown starting
vault-1     | 2026-09-30T22:42:19.166Z [INFO]  rollback: stopping rollback manager
vault-1     | 2026-09-30T22:42:19.166Z [INFO]  core: pre-seal teardown complete
vault-1     | 2026-09-30T22:42:19.166Z [INFO]  core.cluster-listener.tcp: starting listener: listener_address=0.0.0.0:8201
vault-1     | 2026-09-30T22:42:19.166Z [INFO]  core.cluster-listener: serving cluster requests: cluster_listen_address=[::]:8201
vault-1     | 2026-09-30T22:42:19.167Z [INFO]  core: post-unseal setup starting
vault-1     | 2026-09-30T22:42:19.167Z [INFO]  core: loaded wrapping token key
vault-1     | 2026-09-30T22:42:19.167Z [INFO]  core: successfully setup plugin runtime catalog
vault-1     | 2026-09-30T22:42:19.167Z [INFO]  core: successfully setup plugin catalog: plugin-directory=""
vault-1     | 2026-09-30T22:42:19.167Z [INFO]  core: successfully mounted: type=system version="v1.18.3+builtin.vault" path=sys/ namespace="ID: root. Path: "
vault-1     | 2026-09-30T22:42:19.168Z [INFO]  core: successfully mounted: type=identity version="v1.18.3+builtin.vault" path=identity/ namespace="ID: root. Path: "
vault-1     | 2026-09-30T22:42:19.168Z [INFO]  core: successfully mounted: type=cubbyhole version="v1.18.3+builtin.vault" path=cubbyhole/ namespace="ID: root. Path: "
vault-1     | 2026-09-30T22:42:19.168Z [INFO]  core: successfully mounted: type=token version="v1.18.3+builtin.vault" path=token/ namespace="ID: root. Path: "
vault-1     | 2026-09-30T22:42:19.169Z [INFO]  rollback: Starting the rollback manager with 256 workers
vault-1     | 2026-09-30T22:42:19.169Z [INFO]  core: restoring leases
vault-1     | 2026-09-30T22:42:19.169Z [INFO]  rollback: starting rollback manager
vault-1     | 2026-09-30T22:42:19.169Z [INFO]  identity: entities restored
vault-1     | 2026-09-30T22:42:19.169Z [INFO]  identity: groups restored
vault-1     | 2026-09-30T22:42:19.169Z [INFO]  expiration: lease restore complete
vault-1     | 2026-09-30T22:42:19.169Z [INFO]  core: post-unseal setup complete
vault-1     | 2026-09-30T22:42:19.169Z [INFO]  core: vault is unsealed
vault-1     | 2026-09-30T22:42:19.170Z [INFO]  expiration: revoked lease: lease_id=auth/token/root/hbbde588c8e67f9b51e8f2c8389dabc40150ce8447bb014e2ed0bc6767c889da4
vault-1     | 2026-09-30T22:42:19.174Z [INFO]  core: successful mount: namespace="" path=secret/ type=kv version="v0.20.0+builtin"
vault-1     | ==> Vault server started! Log data will stream in below:
vault-1     | 
vault-1     | WARNING! dev mode is enabled! In this mode, Vault runs entirely in-memory
vault-1     | and starts unsealed with a single unseal key. The root token is already
vault-1     | authenticated to the CLI, so you can immediately begin using Vault.
vault-1     | 
vault-1     | You may need to set the following environment variables:
vault-1     | 
vault-1     |     $ export VAULT_ADDR='http://0.0.0.0:8200'
vault-1     | 
vault-1     | The unseal key and root token are displayed below in case you want to
vault-1     | seal/unseal the Vault or re-authenticate.
vault-1     | 
vault-1     | Unseal Key: RjPPPAm/+NNDqDk3xn00pkjQ/rKq/5VSDTklrzSMoMc=
vault-1     | Root Token: qkern-certification-root-token
vault-1     | 
vault-1     | Development mode should NOT be used in production installations!
vault-1     | 
 Container qkern-slice-fns-vault-1 Healthy 
 Container qkern-slice-fns-certification-1 Starting 
 Container qkern-slice-fns-certification-1 Started 
certification-1  | vault-seed: one signing secret written
certification-1  | 
certification-1  | added 240 packages, and audited 241 packages in 23s
certification-1  | 
certification-1  | 61 packages are looking for funding
certification-1  |   run `npm fund` for details
certification-1  | 
certification-1  | 10 vulnerabilities (6 moderate, 3 high, 1 critical)
certification-1  | 
certification-1  | To address issues that do not require attention, run:
certification-1  |   npm audit fix
certification-1  | 
certification-1  | To address all issues, run:
certification-1  |   npm audit fix --force
certification-1  | 
certification-1  | Run `npm audit` for details.
certification-1  | npm notice
certification-1  | npm notice New major version of npm available! 11.17.0 -> 12.2.0
certification-1  | npm notice Changelog: https://github.com/npm/cli/releases/tag/v12.2.0
certification-1  | npm notice To update run: npm install -g npm@12.2.0
certification-1  | npm notice
certification-1  | 
certification-1  | > qkern-platform@2.69.0 test:postgres
certification-1  | > vitest run tests/postgres.integration.test.ts tests/postgres-incident-recovery.integration.test.ts tests/generated-data-postgres.integration.test.ts tests/project-auth-postgres.integration.test.ts tests/project-storage-postgres.integration.test.ts tests/project-queues-postgres.integration.test.ts tests/usage-metering-postgres.integration.test.ts tests/realtime-postgres.integration.test.ts tests/realtime-change-feed-postgres.integration.test.ts tests/realtime-change-chain-postgres.integration.test.ts tests/realtime-change-soak-postgres.integration.test.ts tests/project-queues-multi-instance.integration.test.ts tests/compute-cron-postgres.integration.test.ts tests/compute-webhook-postgres.integration.test.ts tests/compute-webhook-chain.integration.test.ts tests/compute-definitions-postgres.integration.test.ts tests/compute-functions-postgres.integration.test.ts tests/usage-emitters-postgres.integration.test.ts tests/migration-process-postgres.integration.test.ts tests/realtime-process-postgres.integration.test.ts tests/provisioning-port-postgres.integration.test.ts tests/migration-enqueue-postgres.integration.test.ts tests/sql-privilege-clause-contract.integration.test.ts tests/queue-connection-pressure-postgres.integration.test.ts tests/usage-billing-postgres.integration.test.ts tests/billing-invoice-postgres.integration.test.ts tests/data-plane-query-postgres.integration.test.ts tests/data-plane-triggers-postgres.integration.test.ts tests/data-plane-functions-postgres.integration.test.ts tests/data-plane-catalog-postgres.integration.test.ts tests/data-plane-catalog-wide-postgres.integration.test.ts
certification-1  | 
certification-1  | 
certification-1  | [1m[30m[46m RUN [49m[39m[22m [36mv4.1.10 [39m[90m/workspace/qkern[39m
certification-1  | 
postgres-1       | 2026-09-30 22:42:51.598 UTC [515] ERROR:  permission denied for table project_database_provisioning_jobs
postgres-1       | 2026-09-30 22:42:51.598 UTC [515] STATEMENT:  SELECT 1 FROM project_database_provisioning_jobs LIMIT 1
postgres-1       | 2026-09-30 22:42:51.610 UTC [515] ERROR:  permission denied for table project_database_bindings
postgres-1       | 2026-09-30 22:42:51.610 UTC [515] STATEMENT:  SELECT 1 FROM project_database_bindings LIMIT 1
certification-1  |  [32m✓[39m tests/provisioning-port-postgres.integration.test.ts [2m([22m[2m6 tests[22m[2m)[22m[33m 498[2mms[22m[39m
postgres-1       | 2026-09-30 22:42:51.861 UTC [476] ERROR:  webhook delivery content is immutable
postgres-1       | 2026-09-30 22:42:51.861 UTC [476] CONTEXT:  PL/pgSQL function qkern_validate_project_webhook_delivery_update() line 8 at RAISE
postgres-1       | 2026-09-30 22:42:51.861 UTC [476] STATEMENT:  UPDATE project_webhook_deliveries SET payload='{"tampered":true}'::jsonb WHERE id=$1
postgres-1       | 2026-09-30 22:42:52.025 UTC [538] ERROR:  relation "change_feed" already exists
postgres-1       | 2026-09-30 22:42:52.025 UTC [538] STATEMENT:  -- Run once after 0002_qkern_migration_fence.sql as the trusted project database
postgres-1       | 	-- provisioner. Provides trigger-based change capture for Realtime.
postgres-1       | 	--
postgres-1       | 	-- ## Warum Trigger und nicht logische Replikation
postgres-1       | 	--
postgres-1       | 	-- Logische Replikation sieht jede Aenderung ohne Schemaeingriff, verlangt aber
postgres-1       | 	-- eine Rolle mit Replikationsrecht und einen Slot. Beides steht im direkten
postgres-1       | 	-- Widerspruch zu diesem Schema: 0001 prueft fuer jede beteiligte Rolle
postgres-1       | 	-- ausdruecklich rolreplication = false. Ein hängender Konsument laesst den Slot
postgres-1       | 	-- ausserdem unbegrenzt WAL halten, bis die Platte voll ist -- ein
postgres-1       | 	-- Betriebsrisiko, das der Kunde traegt und QKERN nicht begrenzen kann.
postgres-1       | 	--
postgres-1       | 	-- Trigger sind begrenzbar: der Feed hat Groessengrenzen und Aufbewahrung, und
postgres-1       | 	-- das Anschalten je Tabelle ist eine Schemaaenderung, die den vorhandenen
postgres-1       | 	-- Change-Set- und Approval-Weg durchlaeuft.
postgres-1       | 	--
postgres-1       | 	-- ## Warum keine Zeilenwerte gespeichert werden
postgres-1       | 	--
postgres-1       | 	-- Der Feed haelt ausschliesslich die Primaerschluesselwerte. Die eigentlichen
postgres-1       | 	-- Zeilenwerte werden je Abonnent frisch gelesen, und zwar mit dessen Claims.
postgres-1       | 	-- Row Level Security autorisiert und erzeugt die Nutzlast damit in einem
postgres-1       | 	-- Schritt. Wuerden die Werte hier liegen, muesste eine zweite, unabhaengige
postgres-1       | 	-- Sichtbarkeitspruefung sie korrekt filtern -- eine Kopie der RLS-Logik
postgres-1       | 	-- ausserhalb der Datenbank und damit eine dauerhafte Fehlerquelle.
postgres-1       | 	
postgres-1       | 	BEGIN;
postgres-1       | 	
postgres-1       | 	CREATE TABLE qkern_internal.change_feed (
postgres-1       | 	  position bigint GENERATED ALWAYS AS IDENTITY PRIMARY KEY,
postgres-1       | 	  schema_name text NOT NULL CHECK (schema_name ~ '^[a-z_][a-z0-9_]{0,62}$'),
postgres-1       | 	  table_name text NOT NULL CHECK (table_name ~ '^[a-z_][a-z0-9_]{0,62}$'),
postgres-1       | 	  operation text NOT NULL CHECK (operation IN ('insert', 'update', 'delete')),
postgres-1       | 	  -- Nur Primaerschluesselwerte. Die Grenze verhindert, dass ein zusammengesetzter
postgres-1       | 	  -- Schluessel den Feed aufblaeht.
postgres-1       | 	  row_key jsonb NOT NULL CHECK (octet_length(row_key::text) <= 4096),
postgres-1       | 	  committed_at timestamptz NOT NULL DEFAULT now()
postgres-1       | 	);
postgres-1       | 	
postgres-1       | 	CREATE INDEX change_feed_retention_idx ON qkern_internal.change_feed (committed_at);
postgres-1       | 	
postgres-1       | 	ALTER TABLE qkern_internal.change_feed OWNER TO qkern_ledger_owner;
postgres-1       | 	
postgres-1       | 	-- SECURITY DEFINER: Der Schreiber einer Zeile besitzt keine Rechte auf dem
postgres-1       | 	-- Feed und soll sie auch nicht bekommen. Der Trigger schreibt stellvertretend.
postgres-1       | 	-- search_path wird fest gesetzt, damit kein Aufrufer die aufgeloesten Objekte
postgres-1       | 	-- umlenken kann.
postgres-1       | 	CREATE OR REPLACE FUNCTION qkern_internal.capture_change()
postgres-1       | 	RETURNS trigger
postgres-1       | 	LANGUAGE plpgsql
postgres-1       | 	SECURITY DEFINER
postgres-1       | 	SET search_path = qkern_internal, pg_catalog
postgres-1       | 	AS $$
postgres-1       | 	DECLARE
postgres-1       | 	  key_columns text[];
postgres-1       | 	  source record;
postgres-1       | 	  key jsonb;
postgres-1       | 	BEGIN
postgres-1       | 	  SELECT array_agg(attribute.attname ORDER BY attribute.attnum)
postgres-1       | 	    INTO key_columns
postgres-1       | 	    FROM pg_index index
postgres-1       | 	    JOIN pg_attribute attribute
postgres-1       | 	      ON attribute.attrelid = index.indrelid AND attribute.attnum = ANY (index.indkey)
postgres-1       | 	   WHERE index.indrelid = TG_RELID AND index.indisprimary;
postgres-1       | 	
postgres-1       | 	  IF key_columns IS NULL THEN
postgres-1       | 	    RAISE EXCEPTION 'change capture requires a primary key on %.%', TG_TABLE_SCHEMA, TG_TABLE_NAME
postgres-1       | 	      USING ERRCODE = '55000';
postgres-1       | 	  END IF;
postgres-1       | 	
postgres-1       | 	  source := CASE WHEN TG_OP = 'DELETE' THEN OLD ELSE NEW END;
postgres-1       | 	  SELECT jsonb_object_agg(entry.key, entry.value)
postgres-1       | 	    INTO key
postgres-1       | 	    FROM jsonb_each(to_jsonb(source)) AS entry
postgres-1       | 	   WHERE entry.key = ANY (key_columns);
postgres-1       | 	
postgres-1       | 	  INSERT INTO qkern_internal.change_feed (schema_name, table_name, operation, row_key)
postgres-1       | 	  VALUES (TG_TABLE_SCHEMA, TG_TABLE_NAME, lower(TG_OP), key);
postgres-1       | 	
postgres-1       | 	  RETURN NULL;
postgres-1       | 	END;
postgres-1       | 	$$;
postgres-1       | 	
postgres-1       | 	ALTER FUNCTION qkern_internal.capture_change() OWNER TO qkern_ledger_owner;
postgres-1       | 	
postgres-1       | 	REVOKE ALL ON qkern_internal.change_feed FROM PUBLIC;
postgres-1       | 	REVOKE ALL ON FUNCTION qkern_internal.capture_change() FROM PUBLIC;
postgres-1       | 	
postgres-1       | 	-- Die Laufzeitrolle liest den Feed und raeumt ihn auf. Sie darf ihn niemals
postgres-1       | 	-- schreiben: ein erfundenes Aenderungsereignis wuerde einen Lesevorgang mit
postgres-1       | 	-- fremden Claims ausloesen.
postgres-1       | 	GRANT USAGE ON SCHEMA qkern_internal TO qkern_project_api_app;
postgres-1       | 	GRANT SELECT, DELETE ON qkern_internal.change_feed TO qkern_project_api_app;
postgres-1       | 	
postgres-1       | 	COMMIT;
postgres-1       | 	
postgres-1       | 2026-09-30 22:42:52.056 UTC [529] ERROR:  a settled webhook delivery is final
postgres-1       | 2026-09-30 22:42:52.056 UTC [529] CONTEXT:  PL/pgSQL function qkern_validate_project_webhook_delivery_update() line 14 at RAISE
postgres-1       | 2026-09-30 22:42:52.056 UTC [529] STATEMENT:  UPDATE project_webhook_deliveries SET status='pending' WHERE id=$1
postgres-1       | 2026-09-30 22:42:52.059 UTC [477] ERROR:  new row for relation "migration_incident_delivery_commands" violates check constraint "migration_incident_delivery_commands_expected_failure_code"
postgres-1       | 2026-09-30 22:42:52.059 UTC [477] DETAIL:  Failing row contains (68a891b7-4354-47e8-9279-5e0fa96bf67d, 3063d4a0-a708-4093-b209-da0d77758768, b4008d32-f745-43d5-b04c-d5de9c452e3a, constraint-test, destination_recovered, pending, null, 2026-09-30 22:42:52.058589+00, 2026-09-30 22:42:52.058589+00, null, null).
postgres-1       | 2026-09-30 22:42:52.059 UTC [477] STATEMENT:  INSERT INTO migration_incident_delivery_commands
postgres-1       | 	           (organization_id, migration_incident_id, requested_by, reason_code,
postgres-1       | 	            expected_failure_code, expected_retry_cycle)
postgres-1       | 	         VALUES ($1, $2, 'constraint-test', 'destination_recovered', NULL, NULL)
postgres-1       | 2026-09-30 22:42:52.096 UTC [505] ERROR:  new row violates row-level security policy for table "items"
postgres-1       | 2026-09-30 22:42:52.096 UTC [505] CONTEXT:  SQL function "add_item" statement 1
postgres-1       | 2026-09-30 22:42:52.096 UTC [505] STATEMENT:  SELECT "generated_deb7ec0d_6dff_4d9d_af32_9d70a14d38d2"."add_item"("item_name" => $1::text, "item_owner" => $2::text) AS result
postgres-1       | 2026-09-30 22:42:52.116 UTC [543] ERROR:  new row for relation "migration_incident_delivery_commands" violates check constraint "migration_incident_delivery_commands_expected_retry_cycle"
postgres-1       | 2026-09-30 22:42:52.116 UTC [543] DETAIL:  Failing row contains (dabdcc71-14bf-440f-91da-eb3759fc38f4, 3063d4a0-a708-4093-b209-da0d77758768, b4008d32-f745-43d5-b04c-d5de9c452e3a, constraint-test, destination_recovered, pending, null, 2026-09-30 22:42:52.10463+00, 2026-09-30 22:42:52.10463+00, PUBLISH_FAILED, null).
postgres-1       | 2026-09-30 22:42:52.116 UTC [543] STATEMENT:  INSERT INTO migration_incident_delivery_commands
postgres-1       | 	           (organization_id, migration_incident_id, requested_by, reason_code,
postgres-1       | 	            expected_failure_code, expected_retry_cycle)
postgres-1       | 	         VALUES ($1, $2, 'constraint-test', 'destination_recovered', 'PUBLISH_FAILED', NULL)
postgres-1       | 2026-09-30 22:42:52.245 UTC [550] ERROR:  permission denied for table project_functions
postgres-1       | 2026-09-30 22:42:52.245 UTC [550] STATEMENT:  UPDATE project_functions SET image=$2 WHERE id=$1
postgres-1       | 2026-09-30 22:42:52.296 UTC [557] ERROR:  permission denied for table project_functions
postgres-1       | 2026-09-30 22:42:52.296 UTC [557] STATEMENT:  UPDATE project_functions SET memory_mib=2048 WHERE id=$1
certification-1  |  [32m✓[39m tests/generated-data-postgres.integration.test.ts [2m([22m[2m9 tests[22m[2m)[22m[33m 1020[2mms[22m[39m
postgres-1       | 2026-09-30 22:42:52.311 UTC [534] ERROR:  new row for relation "project_functions" violates check constraint "project_functions_image_check"
postgres-1       | 2026-09-30 22:42:52.311 UTC [534] DETAIL:  Failing row contains (f4ab9ae5-5597-4389-be41-acb88faf88ee, 4a1a8cf8-35b6-4c69-8b82-7e0480eec378, 768726ff-ee7d-4c12-80a1-4b547334cec5, development, tagged-c039e2c8, nodejs24, registry.example.com/qkern/probe:latest, handler.mjs, 30000, 128, 1, {}, {}, t, 2026-09-30 22:42:52.305347+00).
postgres-1       | 2026-09-30 22:42:52.311 UTC [534] STATEMENT:  INSERT INTO project_functions
postgres-1       | 	         (organization_id, project_id, environment, name, runtime, image, entrypoint)
postgres-1       | 	       VALUES ($1,$2,'development',$3,'nodejs24','registry.example.com/qkern/probe:latest','handler.mjs')
postgres-1       | 2026-09-30 22:42:52.335 UTC [556] ERROR:  permission denied for table project_cron_definitions
postgres-1       | 2026-09-30 22:42:52.335 UTC [556] STATEMENT:  UPDATE project_cron_definitions SET time_zone='UTC' WHERE id=$1
postgres-1       | 2026-09-30 22:42:52.347 UTC [539] ERROR:  duplicate key value violates unique constraint "project_functions_name_key"
postgres-1       | 2026-09-30 22:42:52.347 UTC [539] STATEMENT:  INSERT INTO project_functions
postgres-1       | 	           (organization_id, project_id, environment, name, runtime, image, entrypoint,
postgres-1       | 	            timeout_ms, memory_mib, max_concurrency, egress_origins, secret_refs, enabled)
postgres-1       | 	         VALUES ($1,$2,$3,$4,'nodejs24',$5,$6,$7,$8,$9,$10,$11,$12)
postgres-1       | 	         RETURNING id, organization_id, project_id, environment, name, runtime, image,
postgres-1       | 	  entrypoint, timeout_ms, memory_mib, max_concurrency, egress_origins, secret_refs, enabled,
postgres-1       | 	  created_at
postgres-1       | 2026-09-30 22:42:52.375 UTC [546] ERROR:  duplicate key value violates unique constraint "project_cron_definitions_name_key"
postgres-1       | 2026-09-30 22:42:52.375 UTC [546] STATEMENT:  INSERT INTO project_cron_definitions
postgres-1       | 	           (organization_id, project_id, environment, name, expression, queue, payload, enabled,
postgres-1       | 	            time_zone)
postgres-1       | 	         VALUES ($1,$2,$3,$4,$5,$6,$7,$8,$9)
postgres-1       | 	         RETURNING id, organization_id, project_id, environment, name, expression, queue,
postgres-1       | 	  payload, enabled, time_zone, last_dispatched_at, created_at
certification-1  |  [32m✓[39m tests/compute-webhook-postgres.integration.test.ts [2m([22m[2m10 tests[22m[2m)[22m[33m 1194[2mms[22m[39m
postgres-1       | 2026-09-30 22:42:52.414 UTC [519] ERROR:  project storage object identity is immutable
postgres-1       | 2026-09-30 22:42:52.414 UTC [519] CONTEXT:  PL/pgSQL function qkern_reject_project_storage_object_mutation() line 12 at RAISE
postgres-1       | 2026-09-30 22:42:52.414 UTC [519] STATEMENT:  UPDATE project_storage_objects SET deleted_at=coalesce(deleted_at,$5)
postgres-1       | 	        WHERE organization_id=$1 AND project_id=$2 AND environment=$3 AND id=$4
postgres-1       | 	        RETURNING id,organization_id,project_id,environment,bucket_id,object_key,owner_subject,
postgres-1       | 	  provider_key,size_bytes,content_type,checksum_sha256,etag,status,created_at,delete_after,deleted_at
postgres-1       | 2026-09-30 22:42:52.467 UTC [568] ERROR:  permission denied for table project_cron_definitions
postgres-1       | 2026-09-30 22:42:52.467 UTC [568] STATEMENT:  UPDATE project_cron_definitions SET expression='*/1 * * * *' WHERE id=$1
postgres-1       | 2026-09-30 22:42:52.524 UTC [571] ERROR:  permission denied for table project_webhooks
postgres-1       | 2026-09-30 22:42:52.524 UTC [571] STATEMENT:  UPDATE project_webhooks SET url='https://elsewhere.example.com/hooks' WHERE id=$1
certification-1  |  [32m✓[39m tests/project-storage-postgres.integration.test.ts [2m([22m[2m8 tests[22m[2m)[22m[33m 1145[2mms[22m[39m
postgres-1       | 2026-09-30 22:42:52.749 UTC [582] ERROR:  permission denied for table project_functions
postgres-1       | 2026-09-30 22:42:52.749 UTC [582] STATEMENT:  UPDATE project_functions SET image=$1 WHERE id=$2
postgres-1       | 2026-09-30 22:42:52.769 UTC [560] ERROR:  migration incident resolution requires worker-verified ledger evidence
postgres-1       | 2026-09-30 22:42:52.769 UTC [560] CONTEXT:  PL/pgSQL function qkern_validate_migration_incident_acknowledgement() line 49 at RAISE
postgres-1       | 2026-09-30 22:42:52.769 UTC [560] STATEMENT:  UPDATE migration_incidents
postgres-1       | 	       SET status = 'resolved',
postgres-1       | 	           resolution_code = 'target_ledger_match'::qkern_migration_incident_resolution_code
postgres-1       | 	       WHERE organization_id = $1 AND migration_job_id = $2
postgres-1       | 	         AND status IN ('open', 'acknowledged')
postgres-1       | 	       RETURNING 
postgres-1       | 	  id, organization_id, migration_job_id, project_id, environment, change_set_id,
postgres-1       | 	  kind, severity, status, detected_review_cycle, detected_reconciliation_attempt,
postgres-1       | 	  acknowledged_by, acknowledgement_code, acknowledged_at,
postgres-1       | 	  resolved_by, resolution_code, resolved_at, created_at, updated_at
postgres-1       | 2026-09-30 22:42:52.833 UTC [304] LOG:  checkpoint starting: immediate force wait
postgres-1       | 2026-09-30 22:42:52.869 UTC [304] LOG:  checkpoint complete: wrote 1425 buffers (8.7%); 0 WAL file(s) added, 0 removed, 1 recycled; write=0.033 s, sync=0.002 s, total=0.038 s; sync files=541, longest=0.001 s, average=0.001 s; distance=10937 kB, estimate=10937 kB; lsn=0/282A398, redo lsn=0/280F6F8
certification-1  |  [32m✓[39m tests/compute-definitions-postgres.integration.test.ts [2m([22m[2m10 tests[22m[2m)[22m[33m 1202[2mms[22m[39m
certification-1  |      [33m[2m✓[22m[39m creates, lists and pauses a cron definition through the unprivileged runtime role [33m 339[2mms[22m[39m
certification-1  |  [32m✓[39m tests/postgres-incident-recovery.integration.test.ts [2m([22m[2m6 tests[22m[2m)[22m[33m 1769[2mms[22m[39m
postgres-1       | 2026-09-30 22:42:53.002 UTC [523] ERROR:  realtime events are append-only
postgres-1       | 2026-09-30 22:42:53.002 UTC [523] CONTEXT:  PL/pgSQL function qkern_reject_realtime_event_update() line 3 at RAISE
postgres-1       | 2026-09-30 22:42:53.002 UTC [523] STATEMENT:  UPDATE realtime_events SET event='tampered'
postgres-1       | 	        WHERE organization_id=$1 AND channel=$2
certification-1  |  [32m✓[39m tests/realtime-postgres.integration.test.ts [2m([22m[2m7 tests[22m[2m)[22m[33m 1579[2mms[22m[39m
certification-1  |      [33m[2m✓[22m[39m assigns one global sequence per channel across instances [33m 363[2mms[22m[39m
postgres-1       | 2026-09-30 22:42:53.417 UTC [612] ERROR:  relation "change_feed" already exists
postgres-1       | 2026-09-30 22:42:53.417 UTC [612] STATEMENT:  -- Run once after 0002_qkern_migration_fence.sql as the trusted project database
postgres-1       | 	-- provisioner. Provides trigger-based change capture for Realtime.
postgres-1       | 	--
postgres-1       | 	-- ## Warum Trigger und nicht logische Replikation
postgres-1       | 	--
postgres-1       | 	-- Logische Replikation sieht jede Aenderung ohne Schemaeingriff, verlangt aber
postgres-1       | 	-- eine Rolle mit Replikationsrecht und einen Slot. Beides steht im direkten
postgres-1       | 	-- Widerspruch zu diesem Schema: 0001 prueft fuer jede beteiligte Rolle
postgres-1       | 	-- ausdruecklich rolreplication = false. Ein hängender Konsument laesst den Slot
postgres-1       | 	-- ausserdem unbegrenzt WAL halten, bis die Platte voll ist -- ein
postgres-1       | 	-- Betriebsrisiko, das der Kunde traegt und QKERN nicht begrenzen kann.
postgres-1       | 	--
postgres-1       | 	-- Trigger sind begrenzbar: der Feed hat Groessengrenzen und Aufbewahrung, und
postgres-1       | 	-- das Anschalten je Tabelle ist eine Schemaaenderung, die den vorhandenen
postgres-1       | 	-- Change-Set- und Approval-Weg durchlaeuft.
postgres-1       | 	--
postgres-1       | 	-- ## Warum keine Zeilenwerte gespeichert werden
postgres-1       | 	--
postgres-1       | 	-- Der Feed haelt ausschliesslich die Primaerschluesselwerte. Die eigentlichen
postgres-1       | 	-- Zeilenwerte werden je Abonnent frisch gelesen, und zwar mit dessen Claims.
postgres-1       | 	-- Row Level Security autorisiert und erzeugt die Nutzlast damit in einem
postgres-1       | 	-- Schritt. Wuerden die Werte hier liegen, muesste eine zweite, unabhaengige
postgres-1       | 	-- Sichtbarkeitspruefung sie korrekt filtern -- eine Kopie der RLS-Logik
postgres-1       | 	-- ausserhalb der Datenbank und damit eine dauerhafte Fehlerquelle.
postgres-1       | 	
postgres-1       | 	BEGIN;
postgres-1       | 	
postgres-1       | 	CREATE TABLE qkern_internal.change_feed (
postgres-1       | 	  position bigint GENERATED ALWAYS AS IDENTITY PRIMARY KEY,
postgres-1       | 	  schema_name text NOT NULL CHECK (schema_name ~ '^[a-z_][a-z0-9_]{0,62}$'),
postgres-1       | 	  table_name text NOT NULL CHECK (table_name ~ '^[a-z_][a-z0-9_]{0,62}$'),
postgres-1       | 	  operation text NOT NULL CHECK (operation IN ('insert', 'update', 'delete')),
postgres-1       | 	  -- Nur Primaerschluesselwerte. Die Grenze verhindert, dass ein zusammengesetzter
postgres-1       | 	  -- Schluessel den Feed aufblaeht.
postgres-1       | 	  row_key jsonb NOT NULL CHECK (octet_length(row_key::text) <= 4096),
postgres-1       | 	  committed_at timestamptz NOT NULL DEFAULT now()
postgres-1       | 	);
postgres-1       | 	
postgres-1       | 	CREATE INDEX change_feed_retention_idx ON qkern_internal.change_feed (committed_at);
postgres-1       | 	
postgres-1       | 	ALTER TABLE qkern_internal.change_feed OWNER TO qkern_ledger_owner;
postgres-1       | 	
postgres-1       | 	-- SECURITY DEFINER: Der Schreiber einer Zeile besitzt keine Rechte auf dem
postgres-1       | 	-- Feed und soll sie auch nicht bekommen. Der Trigger schreibt stellvertretend.
postgres-1       | 	-- search_path wird fest gesetzt, damit kein Aufrufer die aufgeloesten Objekte
postgres-1       | 	-- umlenken kann.
postgres-1       | 	CREATE OR REPLACE FUNCTION qkern_internal.capture_change()
postgres-1       | 	RETURNS trigger
postgres-1       | 	LANGUAGE plpgsql
postgres-1       | 	SECURITY DEFINER
postgres-1       | 	SET search_path = qkern_internal, pg_catalog
postgres-1       | 	AS $$
postgres-1       | 	DECLARE
postgres-1       | 	  key_columns text[];
postgres-1       | 	  source record;
postgres-1       | 	  key jsonb;
postgres-1       | 	BEGIN
postgres-1       | 	  SELECT array_agg(attribute.attname ORDER BY attribute.attnum)
postgres-1       | 	    INTO key_columns
postgres-1       | 	    FROM pg_index index
postgres-1       | 	    JOIN pg_attribute attribute
postgres-1       | 	      ON attribute.attrelid = index.indrelid AND attribute.attnum = ANY (index.indkey)
postgres-1       | 	   WHERE index.indrelid = TG_RELID AND index.indisprimary;
postgres-1       | 	
postgres-1       | 	  IF key_columns IS NULL THEN
postgres-1       | 	    RAISE EXCEPTION 'change capture requires a primary key on %.%', TG_TABLE_SCHEMA, TG_TABLE_NAME
postgres-1       | 	      USING ERRCODE = '55000';
postgres-1       | 	  END IF;
postgres-1       | 	
postgres-1       | 	  source := CASE WHEN TG_OP = 'DELETE' THEN OLD ELSE NEW END;
postgres-1       | 	  SELECT jsonb_object_agg(entry.key, entry.value)
postgres-1       | 	    INTO key
postgres-1       | 	    FROM jsonb_each(to_jsonb(source)) AS entry
postgres-1       | 	   WHERE entry.key = ANY (key_columns);
postgres-1       | 	
postgres-1       | 	  INSERT INTO qkern_internal.change_feed (schema_name, table_name, operation, row_key)
postgres-1       | 	  VALUES (TG_TABLE_SCHEMA, TG_TABLE_NAME, lower(TG_OP), key);
postgres-1       | 	
postgres-1       | 	  RETURN NULL;
postgres-1       | 	END;
postgres-1       | 	$$;
postgres-1       | 	
postgres-1       | 	ALTER FUNCTION qkern_internal.capture_change() OWNER TO qkern_ledger_owner;
postgres-1       | 	
postgres-1       | 	REVOKE ALL ON qkern_internal.change_feed FROM PUBLIC;
postgres-1       | 	REVOKE ALL ON FUNCTION qkern_internal.capture_change() FROM PUBLIC;
postgres-1       | 	
postgres-1       | 	-- Die Laufzeitrolle liest den Feed und raeumt ihn auf. Sie darf ihn niemals
postgres-1       | 	-- schreiben: ein erfundenes Aenderungsereignis wuerde einen Lesevorgang mit
postgres-1       | 	-- fremden Claims ausloesen.
postgres-1       | 	GRANT USAGE ON SCHEMA qkern_internal TO qkern_project_api_app;
postgres-1       | 	GRANT SELECT, DELETE ON qkern_internal.change_feed TO qkern_project_api_app;
postgres-1       | 	
postgres-1       | 	COMMIT;
postgres-1       | 	
postgres-1       | 2026-09-30 22:42:53.434 UTC [614] ERROR:  permission denied for table project_auth_users
postgres-1       | 2026-09-30 22:42:53.434 UTC [614] STATEMENT:  SELECT id FROM project_auth_users LIMIT 1
certification-1  | [90mstdout[2m | tests/sql-privilege-clause-contract.integration.test.ts[2m > [22m[2mSQL privilege clause contract[2m > [22m[2mfinds statements to check
certification-1  | [22m[39mprivilege clause contract: 141 Anweisungen, 12 Spaltenlisten nicht auswertbar, 969 Platzhalter offen
certification-1  | 
certification-1  |  [32m✓[39m tests/project-queues-postgres.integration.test.ts [2m([22m[2m9 tests[22m[2m)[22m[33m 1664[2mms[22m[39m
postgres-1       | 2026-09-30 22:42:53.657 UTC [616] ERROR:  change capture requires a primary key on public.cdc_keyless_811676945da8
postgres-1       | 2026-09-30 22:42:53.657 UTC [616] CONTEXT:  PL/pgSQL function capture_change() line 15 at RAISE
postgres-1       | 2026-09-30 22:42:53.657 UTC [616] STATEMENT:  INSERT INTO public.cdc_keyless_811676945da8 (label) VALUES ('orphan')
postgres-1       | 2026-09-30 22:42:53.748 UTC [636] ERROR:  permission denied for table change_feed
postgres-1       | 2026-09-30 22:42:53.748 UTC [636] STATEMENT:  INSERT INTO qkern_internal.change_feed (schema_name, table_name, operation, row_key)
postgres-1       | 	       VALUES ('public', 'forged', 'insert', '{"id":"forged"}'::jsonb)
postgres-1       | 2026-09-30 22:42:53.824 UTC [573] ERROR:  function slots are immutable
postgres-1       | 2026-09-30 22:42:53.824 UTC [573] CONTEXT:  PL/pgSQL function qkern_reject_project_function_slot_update() line 3 at RAISE
postgres-1       | 2026-09-30 22:42:53.824 UTC [573] STATEMENT:  UPDATE project_function_slots SET expires_at = now() + interval '1 hour'
postgres-1       | 	        WHERE organization_id=$1 AND function_id=$2
certification-1  |  [32m✓[39m tests/realtime-change-feed-postgres.integration.test.ts [2m([22m[2m6 tests[22m[2m)[22m[33m 640[2mms[22m[39m
certification-1  |  [32m✓[39m tests/compute-functions-postgres.integration.test.ts [2m([22m[2m13 tests[22m[2m)[22m[33m 1985[2mms[22m[39m
certification-1  |      [33m[2m✓[22m[39m stops a second instance once the shared limit is reached [33m 377[2mms[22m[39m
certification-1  |      [33m[2m✓[22m[39m hands the place on once the first instance is done [33m 374[2mms[22m[39m
postgres-1       | 2026-09-30 22:42:53.976 UTC [610] ERROR:  cron progress must not move backwards
postgres-1       | 2026-09-30 22:42:53.976 UTC [610] CONTEXT:  PL/pgSQL function qkern_validate_project_cron_update() line 10 at RAISE
postgres-1       | 2026-09-30 22:42:53.976 UTC [610] STATEMENT:  UPDATE project_cron_definitions
postgres-1       | 	            SET last_dispatched_at=$3, updated_at=now()
postgres-1       | 	          WHERE organization_id=$1 AND id=$2
postgres-1       | 2026-09-30 22:42:54.007 UTC [609] ERROR:  cron progress must not move backwards
postgres-1       | 2026-09-30 22:42:54.007 UTC [609] CONTEXT:  PL/pgSQL function qkern_validate_project_cron_update() line 10 at RAISE
postgres-1       | 2026-09-30 22:42:54.007 UTC [609] STATEMENT:  UPDATE project_cron_definitions
postgres-1       | 	            SET last_dispatched_at=$3, updated_at=now()
postgres-1       | 	          WHERE organization_id=$1 AND id=$2
postgres-1       | 2026-09-30 22:42:54.090 UTC [603] ERROR:  new row violates row-level security policy "audit_logs_project_auth_insert" for table "audit_logs"
postgres-1       | 2026-09-30 22:42:54.090 UTC [603] STATEMENT:  INSERT INTO audit_logs
postgres-1       | 	         (organization_id, project_id, environment, actor_type, actor_ref, action, resource_ref,
postgres-1       | 	          status, redacted_metadata, previous_hash, entry_hash)
postgres-1       | 	       VALUES ($1, $2, $3, $4, $5, $6, $7, $8, $9::jsonb, NULL, repeat('0', 64))
postgres-1       | 	       RETURNING id, organization_id, project_id, environment, actor_type, actor_ref, action, resource_ref,
postgres-1       | 	                 status, redacted_metadata, previous_hash, entry_hash, created_at
postgres-1       | 2026-09-30 22:42:54.143 UTC [488] ERROR:  cron progress must not move backwards
postgres-1       | 2026-09-30 22:42:54.143 UTC [488] CONTEXT:  PL/pgSQL function qkern_validate_project_cron_update() line 10 at RAISE
postgres-1       | 2026-09-30 22:42:54.143 UTC [488] STATEMENT:  UPDATE project_cron_definitions SET last_dispatched_at=$2 WHERE id=$1
postgres-1       | 2026-09-30 22:42:54.159 UTC [645] WARNING:  "wal_level" is insufficient to publish logical changes
postgres-1       | 2026-09-30 22:42:54.159 UTC [645] HINT:  Set "wal_level" to "logical" before creating subscriptions.
postgres-1       | 2026-09-30 22:42:54.226 UTC [649] ERROR:  cron identity is immutable
postgres-1       | 2026-09-30 22:42:54.226 UTC [649] CONTEXT:  PL/pgSQL function qkern_validate_project_cron_update() line 6 at RAISE
postgres-1       | 2026-09-30 22:42:54.226 UTC [649] STATEMENT:  UPDATE project_cron_definitions SET project_id=$2 WHERE id=$1
postgres-1       | 2026-09-30 22:42:54.239 UTC [648] ERROR:  permission denied for table billing_rate_cards
postgres-1       | 2026-09-30 22:42:54.239 UTC [648] STATEMENT:  UPDATE billing_rate_cards SET unit_price_micros = 1 WHERE organization_id = $1
postgres-1       | 2026-09-30 22:42:54.247 UTC [648] ERROR:  permission denied for table billing_rate_cards
postgres-1       | 2026-09-30 22:42:54.247 UTC [648] STATEMENT:  DELETE FROM billing_rate_cards WHERE organization_id = $1
certification-1  |  [32m✓[39m tests/compute-webhook-chain.integration.test.ts [2m([22m[2m6 tests[22m[2m)[22m[33m 1135[2mms[22m[39m
postgres-1       | 2026-09-30 22:42:54.292 UTC [647] ERROR:  permission denied for table migration_outbox
postgres-1       | 2026-09-30 22:42:54.292 UTC [647] STATEMENT:  SELECT status FROM migration_outbox
certification-1  |  [32m✓[39m tests/usage-billing-postgres.integration.test.ts [2m([22m[2m4 tests[22m[2m)[22m[33m 465[2mms[22m[39m
postgres-1       | 2026-09-30 22:42:54.303 UTC [647] ERROR:  permission denied for table migration_outbox
postgres-1       | 2026-09-30 22:42:54.303 UTC [647] STATEMENT:  SELECT lease_owner FROM migration_outbox
postgres-1       | 2026-09-30 22:42:54.310 UTC [647] ERROR:  permission denied for table migration_outbox
postgres-1       | 2026-09-30 22:42:54.310 UTC [647] STATEMENT:  SELECT lease_token FROM migration_outbox
postgres-1       | 2026-09-30 22:42:54.319 UTC [647] ERROR:  permission denied for table migration_outbox
postgres-1       | 2026-09-30 22:42:54.319 UTC [647] STATEMENT:  SELECT lease_expires_at FROM migration_outbox
postgres-1       | 2026-09-30 22:42:54.324 UTC [647] ERROR:  permission denied for table migration_outbox
postgres-1       | 2026-09-30 22:42:54.324 UTC [647] STATEMENT:  SELECT failure_count FROM migration_outbox
postgres-1       | 2026-09-30 22:42:54.332 UTC [647] ERROR:  permission denied for table migration_outbox
postgres-1       | 2026-09-30 22:42:54.332 UTC [647] STATEMENT:  SELECT available_at FROM migration_outbox
certification-1  |  [32m✓[39m tests/project-auth-postgres.integration.test.ts [2m([22m[2m4 tests[22m[2m)[22m[33m 1397[2mms[22m[39m
certification-1  |      [33m[2m✓[22m[39m lists active sessions and revokes one family or all of one user in PostgreSQL (2.34) [33m 317[2mms[22m[39m
certification-1  |  [32m✓[39m tests/migration-enqueue-postgres.integration.test.ts [2m([22m[2m3 tests[22m[2m)[22m[33m 443[2mms[22m[39m
certification-1  |  [32m✓[39m tests/data-plane-catalog-wide-postgres.integration.test.ts [2m([22m[2m4 tests[22m[2m)[22m[33m 455[2mms[22m[39m
certification-1  | [90mstderr[2m | tests/realtime-change-soak-postgres.integration.test.ts[2m > [22m[2mRealtime change soak PostgreSQL certification[2m > [22m[2mdelivers every change of a sustained writer without loss, gap or stall
certification-1  | [22m[39msoak: 120 Aenderungen, p50 850 ms, p95 1344 ms, max 1405 ms
certification-1  | 
certification-1  | [90mstderr[2m | tests/realtime-change-soak-postgres.integration.test.ts[2m > [22m[2mRealtime change soak PostgreSQL certification[2m > [22m[2mdelivers every change of a sustained writer without loss, gap or stall
certification-1  | [22m[39msoak: 5 Buchungen fuer 120 Nachrichten
certification-1  | 
certification-1  |  [32m✓[39m tests/realtime-change-soak-postgres.integration.test.ts [2m([22m[2m1 test[22m[2m)[22m[33m 3086[2mms[22m[39m
certification-1  |      [33m[2m✓[22m[39m delivers every change of a sustained writer without loss, gap or stall [33m 2440[2mms[22m[39m
certification-1  |  [32m✓[39m tests/data-plane-functions-postgres.integration.test.ts [2m([22m[2m1 test[22m[2m)[22m[33m 580[2mms[22m[39m
certification-1  |      [33m[2m✓[22m[39m lists functions and procedures with signature, return, volatility and security, and hides aggregates and other schemas [33m 403[2mms[22m[39m
certification-1  |  [32m✓[39m tests/usage-metering-postgres.integration.test.ts [2m([22m[2m4 tests[22m[2m)[22m[33m 828[2mms[22m[39m
certification-1  |      [33m[2m✓[22m[39m serializes concurrent hard-quota decisions and persists verifier-only events [33m 520[2mms[22m[39m
certification-1  |  [32m✓[39m tests/data-plane-triggers-postgres.integration.test.ts [2m([22m[2m1 test[22m[2m)[22m[33m 435[2mms[22m[39m
certification-1  |  [32m✓[39m tests/data-plane-catalog-postgres.integration.test.ts [2m([22m[2m3 tests[22m[2m)[22m[33m 370[2mms[22m[39m
certification-1  |  [32m✓[39m tests/data-plane-query-postgres.integration.test.ts [2m([22m[2m2 tests[22m[2m)[22m[33m 360[2mms[22m[39m
certification-1  |  [32m✓[39m tests/queue-connection-pressure-postgres.integration.test.ts [2m([22m[2m1 test[22m[2m)[22m[33m 646[2mms[22m[39m
certification-1  |      [33m[2m✓[22m[39m names an exhausted pool instead of calling it a queue conflict [33m 464[2mms[22m[39m
certification-1  |  [32m✓[39m tests/usage-emitters-postgres.integration.test.ts [2m([22m[2m20 tests[22m[2m)[22m[33m 3078[2mms[22m[39m
certification-1  |      [33m[2m✓[22m[39m counts a real enqueue in the durable ledger [33m 310[2mms[22m[39m
certification-1  |      [33m[2m✓[22m[39m counts every simultaneous enqueue across queues exactly once [33m 396[2mms[22m[39m
certification-1  |        [33m[2m✓[22m[39m counts the rows a real read actually returned [33m 481[2mms[22m[39m
certification-1  |      [33m[2m✓[22m[39m pages through every event exactly once [33m 361[2mms[22m[39m
certification-1  |  [32m✓[39m tests/sql-privilege-clause-contract.integration.test.ts [2m([22m[2m2 tests[22m[2m)[22m[33m 5139[2mms[22m[39m
certification-1  |      [33m[2m✓[22m[39m grants every write role the read right its clauses require [33m 4628[2mms[22m[39m
postgres-1       | 2026-09-30 22:42:58.491 UTC [723] FATAL:  terminating connection due to administrator command
postgres-1       | 2026-09-30 22:42:58.596 UTC [304] LOG:  checkpoint starting: immediate force wait
postgres-1       | 2026-09-30 22:42:58.616 UTC [304] LOG:  checkpoint complete: wrote 610 buffers (3.7%); 0 WAL file(s) added, 0 removed, 0 recycled; write=0.019 s, sync=0.001 s, total=0.021 s; sync files=281, longest=0.001 s, average=0.000 s; distance=2586 kB, estimate=10102 kB; lsn=0/2A95F70, redo lsn=0/2A95F18
certification-1  |  [32m✓[39m tests/migration-process-postgres.integration.test.ts [2m([22m[2m3 tests[22m[2m)[22m[33m 7499[2mms[22m[39m
certification-1  |      [33m[2m✓[22m[39m applies a queued statement to the real project database [33m 2711[2mms[22m[39m
certification-1  |      [33m[2m✓[22m[39m keeps a tampered statement out of the project database [33m 2298[2mms[22m[39m
certification-1  |      [33m[2m✓[22m[39m names the violated boundary condition without describing the database [33m 2077[2mms[22m[39m
postgres-1       | 2026-09-30 22:42:58.667 UTC [726] ERROR:  permission denied for table users
postgres-1       | 2026-09-30 22:42:58.667 UTC [726] STATEMENT:  SELECT id FROM users LIMIT 1
postgres-1       | 2026-09-30 22:42:58.759 UTC [727] ERROR:  permission denied for table projects
postgres-1       | 2026-09-30 22:42:58.759 UTC [727] STATEMENT:  SELECT id FROM projects LIMIT 1
certification-1  |  [32m✓[39m tests/realtime-process-postgres.integration.test.ts [2m([22m[2m3 tests[22m[2m)[22m[33m 9813[2mms[22m[39m
certification-1  |      [33m[2m✓[22m[39m serves a real client from the shipped process [33m 4902[2mms[22m[39m
certification-1  |      [33m[2m✓[22m[39m refuses production with an ephemeral log and names the condition [33m 2103[2mms[22m[39m
certification-1  |      [33m[2m✓[22m[39m serves a client on a public bind after the explicit opt-in [33m 2673[2mms[22m[39m
certification-1  |  [32m✓[39m tests/billing-invoice-postgres.integration.test.ts [2m([22m[2m6 tests[22m[2m)[22m[33m 10534[2mms[22m[39m
certification-1  |      [33m[2m✓[22m[39m issues the closed month's invoice from the shipped process [33m 1550[2mms[22m[39m
certification-1  |      [33m[2m✓[22m[39m leaves the issued invoice untouched on a second run [33m 2051[2mms[22m[39m
certification-1  |      [33m[2m✓[22m[39m refuses an open period at its configuration boundary [33m 751[2mms[22m[39m
certification-1  |      [33m[2m✓[22m[39m issues exactly one invoice when two runs race for the same period [33m 1298[2mms[22m[39m
certification-1  |      [33m[2m✓[22m[39m numbers invoices gaplessly per organization and stamps the due date [33m 4602[2mms[22m[39m
certification-1  |  [32m✓[39m tests/realtime-change-chain-postgres.integration.test.ts [2m([22m[2m6 tests[22m[2m)[22m[33m 10615[2mms[22m[39m
certification-1  |      [33m[2m✓[22m[39m keeps order and delivers each change exactly once under a burst [33m 830[2mms[22m[39m
certification-1  |      [33m[2m✓[22m[39m keeps every subscriber's subset correct with many subscribers at once [33m 9233[2mms[22m[39m
certification-1  |  [32m✓[39m tests/compute-cron-postgres.integration.test.ts [2m([22m[2m12 tests[22m[2m)[22m[33m 12111[2mms[22m[39m
certification-1  |      [33m[2m✓[22m[39m dispatches L, # and W schedules through the real progress [33m 930[2mms[22m[39m
certification-1  |      [33m[2m✓[22m[39m produces exactly one message when two schedulers fire the same occurrence [33m 999[2mms[22m[39m
certification-1  |      [33m[2m✓[22m[39m dispatches from the shipped process [33m 4897[2mms[22m[39m
certification-1  |      [33m[2m✓[22m[39m reports ready while the cron loop is doing its rounds [33m 2476[2mms[22m[39m
certification-1  |      [33m[2m✓[22m[39m stops reporting ready when every definition fails [33m 1668[2mms[22m[39m
certification-1  |  [32m✓[39m tests/project-queues-multi-instance.integration.test.ts [2m([22m[2m6 tests[22m[2m)[22m[33m 12203[2mms[22m[39m
certification-1  |      [33m[2m✓[22m[39m claims every message exactly once across six competing instances [33m 3551[2mms[22m[39m
certification-1  |      [33m[2m✓[22m[39m fences a vanished worker: the lease survives, the stale token does not [33m 6299[2mms[22m[39m
certification-1  |      [33m[2m✓[22m[39m keeps retry authority on the server when instances fail concurrently [33m 840[2mms[22m[39m
certification-1  |      [33m[2m✓[22m[39m enforces the capacity limit even when instances enqueue at the same time [33m 1011[2mms[22m[39m
postgres-1       | 2026-09-30 22:43:12.013 UTC [724] ERROR:  new row for relation "project_queue_messages" violates check constraint "project_queue_messages_dedupe_pair"
postgres-1       | 2026-09-30 22:43:12.013 UTC [724] DETAIL:  Failing row contains (60eaea10-7d70-405b-92ad-9209fdcd7a08, 9a2b9d95-14b5-42ec-bc8a-13269592380b, abed5d80-bbd7-4324-b40e-05060e43c01e, development, c7697026-11fe-4a2c-a845-74c070b507b4, {}, available, probe, ffffffffffffffffffffffffffffffffffffffffffffffffffffffffffffffff, null, 0, 2026-09-30 22:43:12.013414+00, null, null, 0, null, null, 2026-09-30 22:43:12.013414+00, null, null, null).
postgres-1       | 2026-09-30 22:43:12.013 UTC [724] STATEMENT:  INSERT INTO project_queue_messages
postgres-1       | 	        (organization_id,project_id,environment,queue_id,payload,owner_subject,dedupe_key_hash)
postgres-1       | 	        VALUES ($1,$2,'development',$3,'{}'::jsonb,'probe',$4)
postgres-1       | 2026-09-30 22:43:12.067 UTC [855] FATAL:  database "absent_f36afdbb_bde3_4c22_9988_7f050fa14e8a" does not exist
postgres-1       | 2026-09-30 22:43:12.412 UTC [304] LOG:  checkpoint starting: immediate force wait
postgres-1       | 2026-09-30 22:43:12.414 UTC [304] LOG:  checkpoint complete: wrote 232 buffers (1.4%); 0 WAL file(s) added, 0 removed, 2 recycled; write=0.002 s, sync=0.001 s, total=0.003 s; sync files=186, longest=0.001 s, average=0.000 s; distance=25264 kB, estimate=25264 kB; lsn=0/4342348, redo lsn=0/43422F0
postgres-1       | 2026-09-30 22:43:14.883 UTC [729] ERROR:  new row for relation "project_auth_settings" violates check constraint "project_auth_settings_rate_limits_check"
postgres-1       | 2026-09-30 22:43:14.883 UTC [729] DETAIL:  Failing row contains (a381b66a-0b2c-409f-a9eb-9152163613ea, 152c8a98-beeb-4917-ac1b-75ab0e17b352, development, f, 2026-09-26 12:00:00+00, {}, 0, 900, 5, 3600, 2, 900, f, 12, named, null, 2000, null, 2000, {}).
postgres-1       | 2026-09-30 22:43:14.883 UTC [729] STATEMENT:  UPDATE project_auth_settings SET sign_in_max = 0
postgres-1       | 	       WHERE organization_id = $1 AND project_id = $2 AND environment = 'development'
postgres-1       | 2026-09-30 22:43:15.695 UTC [869] ERROR:  new row for relation "project_auth_settings" violates check constraint "project_auth_settings_password_protection_check"
postgres-1       | 2026-09-30 22:43:15.695 UTC [869] DETAIL:  Failing row contains (7463a166-2d76-4503-a483-de3a6fb32d50, 5e44d40e-30a5-43aa-a9f0-4002d4b142d9, development, f, 2026-09-26 13:00:00+00, {}, 10, 900, 5, 3600, 60, 3600, t, 11, generic, null, 2000, null, 2000, {}).
postgres-1       | 2026-09-30 22:43:15.695 UTC [869] STATEMENT:  UPDATE project_auth_settings SET password_min_length = 11
postgres-1       | 	         WHERE organization_id = $1 AND project_id = $2 AND environment = 'development'
postgres-1       | 2026-09-30 22:43:15.716 UTC [879] ERROR:  new row for relation "project_auth_settings" violates check constraint "project_auth_settings_password_protection_check"
postgres-1       | 2026-09-30 22:43:15.716 UTC [879] DETAIL:  Failing row contains (7463a166-2d76-4503-a483-de3a6fb32d50, 5e44d40e-30a5-43aa-a9f0-4002d4b142d9, development, f, 2026-09-26 13:00:00+00, {}, 10, 900, 5, 3600, 60, 3600, t, 129, generic, null, 2000, null, 2000, {}).
postgres-1       | 2026-09-30 22:43:15.716 UTC [879] STATEMENT:  UPDATE project_auth_settings SET password_min_length = 129
postgres-1       | 	         WHERE organization_id = $1 AND project_id = $2 AND environment = 'development'
postgres-1       | 2026-09-30 22:43:15.739 UTC [880] ERROR:  new row for relation "project_auth_settings" violates check constraint "project_auth_settings_password_protection_check"
postgres-1       | 2026-09-30 22:43:15.739 UTC [880] DETAIL:  Failing row contains (7463a166-2d76-4503-a483-de3a6fb32d50, 5e44d40e-30a5-43aa-a9f0-4002d4b142d9, development, f, 2026-09-26 13:00:00+00, {}, 10, 900, 5, 3600, 60, 3600, t, 14, loud, null, 2000, null, 2000, {}).
postgres-1       | 2026-09-30 22:43:15.739 UTC [880] STATEMENT:  UPDATE project_auth_settings SET leaked_password_notice = 'loud'
postgres-1       | 	         WHERE organization_id = $1 AND project_id = $2 AND environment = 'development'
postgres-1       | 2026-09-30 22:43:18.010 UTC [304] LOG:  checkpoint starting: immediate force wait
postgres-1       | 2026-09-30 22:43:18.012 UTC [304] LOG:  checkpoint complete: wrote 209 buffers (1.3%); 0 WAL file(s) added, 0 removed, 0 recycled; write=0.002 s, sync=0.001 s, total=0.003 s; sync files=144, longest=0.001 s, average=0.000 s; distance=5462 kB, estimate=23284 kB; lsn=0/4897D70, redo lsn=0/4897D18
postgres-1       | 2026-09-30 22:43:23.530 UTC [304] LOG:  checkpoint starting: immediate force wait
postgres-1       | 2026-09-30 22:43:23.532 UTC [304] LOG:  checkpoint complete: wrote 67 buffers (0.4%); 0 WAL file(s) added, 0 removed, 0 recycled; write=0.002 s, sync=0.001 s, total=0.003 s; sync files=61, longest=0.001 s, average=0.000 s; distance=4573 kB, estimate=21413 kB; lsn=0/4D0F4A8, redo lsn=0/4D0F450
postgres-1       | 2026-09-30 22:43:23.542 UTC [853] ERROR:  duplicate key value violates unique constraint "one_personal_workspace_per_user"
postgres-1       | 2026-09-30 22:43:23.542 UTC [853] DETAIL:  Key (user_id)=(57e61352-b503-4417-a063-b438a82c5db7) already exists.
postgres-1       | 2026-09-30 22:43:23.542 UTC [853] STATEMENT:  INSERT INTO organization_members
postgres-1       | 	        (organization_id, user_id, role, is_personal_workspace)
postgres-1       | 	        VALUES ($1, $2, 'owner', true)
postgres-1       | 2026-09-30 22:43:23.809 UTC [936] ERROR:  new row for relation "user_console_settings" violates check constraint "user_console_settings_language_check"
postgres-1       | 2026-09-30 22:43:23.809 UTC [936] DETAIL:  Failing row contains (395e9030-a80e-4f74-a9f0-391c32ea16d7, es, de-CH, browser, overview, system, 2026-09-30 22:43:23.809195+00, 2026-09-30 22:43:23.809195+00).
postgres-1       | 2026-09-30 22:43:23.809 UTC [936] STATEMENT:  INSERT INTO user_console_settings (user_id, language) VALUES ($1, $2)
postgres-1       | 2026-09-30 22:43:23.825 UTC [937] ERROR:  new row for relation "user_console_settings" violates check constraint "user_console_settings_format_locale_check"
postgres-1       | 2026-09-30 22:43:23.825 UTC [937] DETAIL:  Failing row contains (395e9030-a80e-4f74-a9f0-391c32ea16d7, browser, de-AT, browser, overview, system, 2026-09-30 22:43:23.823138+00, 2026-09-30 22:43:23.823138+00).
postgres-1       | 2026-09-30 22:43:23.825 UTC [937] STATEMENT:  INSERT INTO user_console_settings (user_id, format_locale) VALUES ($1, $2)
postgres-1       | 2026-09-30 22:43:23.841 UTC [938] ERROR:  new row for relation "user_console_settings" violates check constraint "user_console_settings_theme_check"
postgres-1       | 2026-09-30 22:43:23.841 UTC [938] DETAIL:  Failing row contains (395e9030-a80e-4f74-a9f0-391c32ea16d7, browser, de-CH, browser, overview, sepia, 2026-09-30 22:43:23.83866+00, 2026-09-30 22:43:23.83866+00).
postgres-1       | 2026-09-30 22:43:23.841 UTC [938] STATEMENT:  INSERT INTO user_console_settings (user_id, theme) VALUES ($1, $2)
postgres-1       | 2026-09-30 22:43:23.856 UTC [939] ERROR:  new row for relation "user_console_settings" violates check constraint "user_console_settings_time_zone_check"
postgres-1       | 2026-09-30 22:43:23.856 UTC [939] DETAIL:  Failing row contains (395e9030-a80e-4f74-a9f0-391c32ea16d7, browser, de-CH, kein zonenname mit leerzeichen, overview, system, 2026-09-30 22:43:23.853755+00, 2026-09-30 22:43:23.853755+00).
postgres-1       | 2026-09-30 22:43:23.856 UTC [939] STATEMENT:  INSERT INTO user_console_settings (user_id, time_zone) VALUES ($1, $2)
postgres-1       | 2026-09-30 22:43:23.871 UTC [940] ERROR:  new row for relation "user_console_settings" violates check constraint "user_console_settings_start_view_check"
postgres-1       | 2026-09-30 22:43:23.871 UTC [940] DETAIL:  Failing row contains (395e9030-a80e-4f74-a9f0-391c32ea16d7, browser, de-CH, browser, Nicht Erlaubt, system, 2026-09-30 22:43:23.869177+00, 2026-09-30 22:43:23.869177+00).
postgres-1       | 2026-09-30 22:43:23.871 UTC [940] STATEMENT:  INSERT INTO user_console_settings (user_id, start_view) VALUES ($1, $2)
postgres-1       | 2026-09-30 22:43:23.890 UTC [881] ERROR:  permission denied for table users
postgres-1       | 2026-09-30 22:43:23.890 UTC [881] STATEMENT:  UPDATE users SET status = 'disabled' WHERE id = $1
postgres-1       | 2026-09-30 22:43:38.327 UTC [988] ERROR:  relation "plaene_753bc9d4_e464_4131_945e_b2ee6c67bb34.gibt_es_nicht" does not exist at character 73
postgres-1       | 2026-09-30 22:43:38.327 UTC [988] STATEMENT:  EXPLAIN (FORMAT JSON, COSTS ON, VERBOSE OFF, SUMMARY ON) SELECT id FROM "plaene_753bc9d4_e464_4131_945e_b2ee6c67bb34".gibt_es_nicht
postgres-1       | 2026-09-30 22:43:38.383 UTC [941] ERROR:  division by zero
postgres-1       | 2026-09-30 22:43:38.383 UTC [941] STATEMENT:  SELECT 1 / 0
postgres-1       | 2026-09-30 22:43:38.398 UTC [1018] ERROR:  division by zero
postgres-1       | 2026-09-30 22:43:38.398 UTC [1018] STATEMENT:  SELECT 1 / 0
postgres-1       | 2026-09-30 22:43:38.414 UTC [1019] ERROR:  division by zero
postgres-1       | 2026-09-30 22:43:38.414 UTC [1019] STATEMENT:  SELECT 1 / 0
postgres-1       | 2026-09-30 22:43:38.431 UTC [1020] ERROR:  division by zero
postgres-1       | 2026-09-30 22:43:38.431 UTC [1020] STATEMENT:  SELECT 1 / 0
postgres-1       | 2026-09-30 22:43:38.447 UTC [1021] ERROR:  division by zero
postgres-1       | 2026-09-30 22:43:38.447 UTC [1021] STATEMENT:  SELECT 1 / 0
postgres-1       | 2026-09-30 22:43:38.466 UTC [1022] ERROR:  division by zero
postgres-1       | 2026-09-30 22:43:38.466 UTC [1022] STATEMENT:  SELECT 1 / 0
postgres-1       | 2026-09-30 22:43:38.481 UTC [1023] ERROR:  division by zero
postgres-1       | 2026-09-30 22:43:38.481 UTC [1023] STATEMENT:  SELECT 1 / 0
postgres-1       | 2026-09-30 22:43:38.498 UTC [1024] ERROR:  division by zero
postgres-1       | 2026-09-30 22:43:38.498 UTC [1024] STATEMENT:  SELECT 1 / 0
postgres-1       | 2026-09-30 22:43:38.514 UTC [1025] ERROR:  division by zero
postgres-1       | 2026-09-30 22:43:38.514 UTC [1025] STATEMENT:  SELECT 1 / 0
postgres-1       | 2026-09-30 22:43:38.529 UTC [1026] ERROR:  division by zero
postgres-1       | 2026-09-30 22:43:38.529 UTC [1026] STATEMENT:  SELECT 1 / 0
postgres-1       | 2026-09-30 22:43:40.726 UTC [1038] ERROR:  permission denied for table pg_user_mapping
postgres-1       | 2026-09-30 22:43:40.726 UTC [1038] STATEMENT:  SELECT umoptions FROM pg_catalog.pg_user_mapping
postgres-1       | 2026-09-30 22:43:40.775 UTC [1027] WARNING:  "wal_level" is insufficient to publish logical changes
postgres-1       | 2026-09-30 22:43:40.775 UTC [1027] HINT:  Set "wal_level" to "logical" before creating subscriptions.
postgres-1       | 2026-09-30 22:43:40.792 UTC [1040] ERROR:  permission denied for table pg_subscription
postgres-1       | 2026-09-30 22:43:40.792 UTC [1040] STATEMENT:  SELECT subconninfo FROM pg_catalog.pg_subscription
postgres-1       | 2026-09-30 22:43:41.269 UTC [728] ERROR:  permission denied for table project_storage_s3_access_keys
postgres-1       | 2026-09-30 22:43:41.269 UTC [728] STATEMENT:  DELETE FROM project_storage_s3_access_keys WHERE id = $1
postgres-1       | 2026-09-30 22:43:41.273 UTC [730] ERROR:  permission denied for table project_storage_s3_access_keys
postgres-1       | 2026-09-30 22:43:41.273 UTC [730] STATEMENT:  UPDATE project_storage_s3_access_keys SET name = 'anders' WHERE id = $1
postgres-1       | 2026-09-30 22:43:41.277 UTC [1027] ERROR:  project storage S3 access keys are immutable except for one-way revocation
postgres-1       | 2026-09-30 22:43:41.277 UTC [1027] CONTEXT:  PL/pgSQL function qkern_reject_project_storage_s3_access_key_mutation() line 14 at RAISE
postgres-1       | 2026-09-30 22:43:41.277 UTC [1027] STATEMENT:  UPDATE project_storage_s3_access_keys SET revoked_at = now() + interval '1 hour' WHERE id = $1
postgres-1       | 2026-09-30 22:43:41.376 UTC [1043] ERROR:  project storage S3 access keys are immutable except for one-way revocation
postgres-1       | 2026-09-30 22:43:41.376 UTC [1043] CONTEXT:  PL/pgSQL function qkern_reject_project_storage_s3_access_key_mutation() line 14 at RAISE
postgres-1       | 2026-09-30 22:43:41.376 UTC [1043] STATEMENT:  UPDATE project_storage_s3_access_keys SET secret_ciphertext = $2 WHERE id = $1
postgres-1       | 2026-09-30 22:43:42.800 UTC [942] ERROR:  new row for relation "project_auth_settings" violates check constraint "project_auth_settings_hook_claims_check"
postgres-1       | 2026-09-30 22:43:42.800 UTC [942] DETAIL:  Failing row contains (8a39b977-4956-4b0b-9965-de2f9d7c065a, 91c3e25e-5154-4d17-ae19-045aa7cf0056, development, f, 2026-09-30 22:43:42.666+00, {}, 10, 900, 5, 3600, 60, 3600, f, 12, named, null, 2000, hook-claims-62a759f4, 2000, {role}).
postgres-1       | 2026-09-30 22:43:42.800 UTC [942] STATEMENT:  UPDATE project_auth_settings SET access_token_hook_function = $1, access_token_hook_claims = ARRAY['role']::text[] WHERE organization_id = '8a39b977-4956-4b0b-9965-de2f9d7c065a' AND project_id = '91c3e25e-5154-4d17-ae19-045aa7cf0056'
postgres-1       | 	      AND environment = 'development'
postgres-1       | 2026-09-30 22:43:42.820 UTC [1054] ERROR:  new row for relation "project_auth_settings" violates check constraint "project_auth_settings_hook_timeout_check"
postgres-1       | 2026-09-30 22:43:42.820 UTC [1054] DETAIL:  Failing row contains (8a39b977-4956-4b0b-9965-de2f9d7c065a, 91c3e25e-5154-4d17-ae19-045aa7cf0056, development, f, 2026-09-30 22:43:42.666+00, {}, 10, 900, 5, 3600, 60, 3600, f, 12, named, null, 0, null, 2000, {}).
postgres-1       | 2026-09-30 22:43:42.820 UTC [1054] STATEMENT:  UPDATE project_auth_settings SET sign_in_hook_timeout_ms = 0 WHERE organization_id = '8a39b977-4956-4b0b-9965-de2f9d7c065a' AND project_id = '91c3e25e-5154-4d17-ae19-045aa7cf0056'
postgres-1       | 	      AND environment = 'development'
postgres-1       | 2026-09-30 22:43:42.839 UTC [1055] ERROR:  new row for relation "project_auth_settings" violates check constraint "project_auth_settings_hook_function_check"
postgres-1       | 2026-09-30 22:43:42.839 UTC [1055] DETAIL:  Failing row contains (8a39b977-4956-4b0b-9965-de2f9d7c065a, 91c3e25e-5154-4d17-ae19-045aa7cf0056, development, f, 2026-09-30 22:43:42.666+00, {}, 10, 900, 5, 3600, 60, 3600, f, 12, named, Nope!, 2000, null, 2000, {}).
postgres-1       | 2026-09-30 22:43:42.839 UTC [1055] STATEMENT:  UPDATE project_auth_settings SET sign_in_hook_function = 'Nope!' WHERE organization_id = '8a39b977-4956-4b0b-9965-de2f9d7c065a' AND project_id = '91c3e25e-5154-4d17-ae19-045aa7cf0056'
postgres-1       | 	      AND environment = 'development'
postgres-1       | 2026-09-30 22:43:42.858 UTC [1056] ERROR:  new row for relation "project_auth_settings" violates check constraint "project_auth_settings_hook_claims_check"
postgres-1       | 2026-09-30 22:43:42.858 UTC [1056] DETAIL:  Failing row contains (8a39b977-4956-4b0b-9965-de2f9d7c065a, 91c3e25e-5154-4d17-ae19-045aa7cf0056, development, f, 2026-09-30 22:43:42.666+00, {}, 10, 900, 5, 3600, 60, 3600, f, 12, named, null, 2000, null, 2000, {tenant}).
postgres-1       | 2026-09-30 22:43:42.858 UTC [1056] STATEMENT:  UPDATE project_auth_settings SET access_token_hook_function = NULL, access_token_hook_claims = ARRAY['tenant']::text[] WHERE organization_id = '8a39b977-4956-4b0b-9965-de2f9d7c065a' AND project_id = '91c3e25e-5154-4d17-ae19-045aa7cf0056'
postgres-1       | 	      AND environment = 'development'
postgres-1       | 2026-09-30 22:43:43.108 UTC [1057] ERROR:  permission denied for table project_auth_passkeys
postgres-1       | 2026-09-30 22:43:43.108 UTC [1057] STATEMENT:  UPDATE project_auth_passkeys SET public_key = $1
postgres-1       | 	        WHERE organization_id = $2 AND project_id = $3
postgres-1       | 2026-09-30 22:43:43.617 UTC [1058] ERROR:  new row for relation "project_auth_third_party_providers" violates check constraint "project_auth_third_party_providers_role_check"
postgres-1       | 2026-09-30 22:43:43.617 UTC [1058] DETAIL:  Failing row contains (c015ea25-92f4-452f-8ca1-cc0b5e7c9783, b8660faa-fb78-46c3-8f3e-582d43f2eab2, 303e5151-aa6a-4e44-9940-e20e615fb2dc, development, direkt, https://direkt.example.com, https://aussteller-2-80.example.com/.well-known/jwks.json, {qkern-app-2-80}, sub, null, service_role, 2026-09-30 22:43:43.615251+00).
postgres-1       | 2026-09-30 22:43:43.617 UTC [1058] STATEMENT:  INSERT INTO project_auth_third_party_providers
postgres-1       | 	        (id, organization_id, project_id, environment, name, issuer, jwks_uri, audiences, default_role)
postgres-1       | 	        VALUES ($1,$2,$3,$4,'direkt','https://direkt.example.com',$5,ARRAY[$6]::text[],'service_role')
postgres-1       | 2026-09-30 22:43:43.658 UTC [1059] ERROR:  permission denied for table project_auth_third_party_providers
postgres-1       | 2026-09-30 22:43:43.658 UTC [1059] STATEMENT:  UPDATE project_auth_third_party_providers SET jwks_uri = $1 WHERE issuer = $2
postgres-1       | 2026-09-30 22:43:46.332 UTC [1080] ERROR:  new row violates row-level security policy for table "notizen"
postgres-1       | 2026-09-30 22:43:46.332 UTC [1080] STATEMENT:  INSERT INTO "graphqlw_39f0ff59_fe68_408a_8fa6_935d135e5d09"."notizen" ("besitzer", "inhalt", "menge")
postgres-1       | 	         VALUES ($1, $2, $3)
postgres-1       | 	         RETURNING "id", "besitzer", "inhalt", "menge"
postgres-1       | 2026-09-30 22:43:46.359 UTC [1080] ERROR:  new row violates row-level security policy for table "notizen"
postgres-1       | 2026-09-30 22:43:46.359 UTC [1080] STATEMENT:  UPDATE "graphqlw_39f0ff59_fe68_408a_8fa6_935d135e5d09"."notizen" SET "besitzer" = $1
postgres-1       | 	       WHERE "menge" = $2 RETURNING "id", "besitzer", "inhalt", "menge"
postgres-1       | 2026-09-30 22:43:46.746 UTC [1082] ERROR:  permission denied for table project_auth_oauth_clients
postgres-1       | 2026-09-30 22:43:46.746 UTC [1082] STATEMENT:  UPDATE project_auth_oauth_clients SET scopes = ARRAY['data:write']::text[] WHERE id = $1
postgres-1       | 2026-09-30 22:43:46.749 UTC [1060] ERROR:  new row for relation "project_auth_oauth_codes" violates check constraint "project_auth_oauth_codes_pkce_check"
postgres-1       | 2026-09-30 22:43:46.749 UTC [1060] DETAIL:  Failing row contains (670042ed-50e0-48ec-aab5-ddfcf3f3ecc7, 7888ab95-1933-44e5-8220-ae4c896d2863, 03eaf890-abe5-40e6-840c-6b29116a613c, development, b43bd0eb-5514-475c-8da1-7bcaa05d6241, e3609eee-deb3-4bf5-ba37-a11d100c3318, https://app.test/oauth/zurueck, {data:read}, direkt-e65c3aa6-2b59-4806-89d4-e952aa2ae0f7, oekhfK5oV63L67Vb3EpQD6YyOh7GBfMmgJ2gV-Yw4ow, plain, 2026-09-30 22:43:46.748606+00, 2026-09-30 22:44:46.748606+00, null, null).
postgres-1       | 2026-09-30 22:43:46.749 UTC [1060] STATEMENT:  INSERT INTO project_auth_oauth_codes
postgres-1       | 	        (id, organization_id, project_id, environment, client_id, auth_user_id, redirect_uri,
postgres-1       | 	         scopes, code_hash, code_challenge, code_challenge_method, expires_at)
postgres-1       | 	        VALUES ($1,$2,$3,'development',$4,$5,$6,ARRAY['data:read']::text[],$7,$8,'plain',now() + interval '1 minute')
postgres-1       | 2026-09-30 22:43:47.363 UTC [304] LOG:  checkpoint starting: immediate force wait
postgres-1       | 2026-09-30 22:43:47.370 UTC [304] LOG:  checkpoint complete: wrote 339 buffers (2.1%); 0 WAL file(s) added, 0 removed, 2 recycled; write=0.006 s, sync=0.001 s, total=0.007 s; sync files=264, longest=0.001 s, average=0.000 s; distance=27104 kB, estimate=27104 kB; lsn=0/6787800, redo lsn=0/67877A8
postgres-1       | 2026-09-30 22:43:47.449 UTC [1042] ERROR:  permission denied for table project_auth_one_time_tokens
postgres-1       | 2026-09-30 22:43:47.449 UTC [1042] STATEMENT:  DELETE FROM project_auth_one_time_tokens WHERE organization_id = $1
postgres-1       | 2026-09-30 22:43:47.468 UTC [1096] ERROR:  permission denied for table project_auth_oauth_tokens
postgres-1       | 2026-09-30 22:43:47.468 UTC [1096] STATEMENT:  DELETE FROM project_auth_oauth_tokens WHERE organization_id = $1
postgres-1       | 2026-09-30 22:43:47.588 UTC [1097] ERROR:  permission denied for table project_auth_saml_assertions
postgres-1       | 2026-09-30 22:43:47.588 UTC [1097] STATEMENT:  DELETE FROM project_auth_saml_assertions WHERE organization_id = $1
postgres-1       | 2026-09-30 22:43:48.897 UTC [1093] ERROR:  permission denied for table project_auth_oauth_consents
postgres-1       | 2026-09-30 22:43:48.897 UTC [1093] STATEMENT:  DELETE FROM project_auth_oauth_consents WHERE id = $1
postgres-1       | 2026-09-30 22:43:48.899 UTC [1091] ERROR:  project auth oauth consents are immutable except for one-way revocation
postgres-1       | 2026-09-30 22:43:48.899 UTC [1091] CONTEXT:  PL/pgSQL function qkern_reject_project_auth_oauth_consent_mutation() line 8 at RAISE
postgres-1       | 2026-09-30 22:43:48.899 UTC [1091] STATEMENT:  UPDATE project_auth_oauth_consents SET revoked_at = NULL WHERE id = $1
postgres-1       | 2026-09-30 22:43:48.913 UTC [1109] ERROR:  permission denied for table project_auth_oauth_consents
postgres-1       | 2026-09-30 22:43:48.913 UTC [1109] STATEMENT:  UPDATE project_auth_oauth_consents SET scopes = ARRAY['data:write']::text[] WHERE id = $1
postgres-1       | 2026-09-30 22:43:49.023 UTC [1044] ERROR:  update or delete on table "users" violates foreign key constraint "organizations_created_by_fkey" on table "organizations"
postgres-1       | 2026-09-30 22:43:49.023 UTC [1044] DETAIL:  Key (id)=(e7e0a78d-2077-406b-914e-2cd8a50bb2d6) is still referenced from table "organizations".
postgres-1       | 2026-09-30 22:43:49.023 UTC [1044] STATEMENT:  DELETE FROM users WHERE id = $1
postgres-1       | 2026-09-30 22:43:49.060 UTC [1113] ERROR:  extension "vector" is not available
postgres-1       | 2026-09-30 22:43:49.060 UTC [1113] DETAIL:  Could not open extension control file "/usr/local/share/postgresql/extension/vector.control": No such file or directory.
postgres-1       | 2026-09-30 22:43:49.060 UTC [1113] HINT:  The extension must first be installed on the system where PostgreSQL is running.
postgres-1       | 2026-09-30 22:43:49.060 UTC [1113] STATEMENT:  CREATE EXTENSION vector
postgres-1       | 2026-09-30 22:43:49.107 UTC [1114] ERROR:  array is too long
postgres-1       | 2026-09-30 22:43:49.107 UTC [1114] DETAIL:  A cube cannot have more than 100 dimensions.
postgres-1       | 2026-09-30 22:43:49.107 UTC [1114] STATEMENT:  SELECT cube(array_fill(0::float8, ARRAY[$1::int]))
postgres-1       | 2026-09-30 22:43:49.471 UTC [1115] ERROR:  update or delete on table "users" violates foreign key constraint "organizations_created_by_fkey" on table "organizations"
postgres-1       | 2026-09-30 22:43:49.471 UTC [1115] DETAIL:  Key (id)=(ac73c8dc-b39f-4ed4-b7d0-1aa3f8ec5f64) is still referenced from table "organizations".
postgres-1       | 2026-09-30 22:43:49.471 UTC [1115] STATEMENT:  DELETE FROM users WHERE id = $1
postgres-1       | 2026-09-30 22:43:49.888 UTC [1099] ERROR:  permission denied for table project_function_invocation_output
postgres-1       | 2026-09-30 22:43:49.888 UTC [1099] STATEMENT:  UPDATE project_function_invocation_output SET truncated = true
postgres-1       | 2026-09-30 22:43:49.890 UTC [1099] ERROR:  permission denied for table project_function_invocation_output
postgres-1       | 2026-09-30 22:43:49.890 UTC [1099] STATEMENT:  DELETE FROM project_function_invocation_output
postgres-1       | 2026-09-30 22:43:49.896 UTC [1116] ERROR:  new row for relation "project_function_invocation_output" violates check constraint "project_function_invocation_output_line_count_check"
postgres-1       | 2026-09-30 22:43:49.896 UTC [1116] DETAIL:  Failing row contains (7d30328a-27f8-43ec-b19b-0170105d8cf0, a5332c9a-21d7-4772-93a4-37e7c2c7909b, e2b63b2e-2f30-42aa-bcb7-406b8f4033a7, development, a4c86e8b-bd99-4be2-87d0-9484d3b4e3ba, 4be28c13-80d5-486e-a5fe-b54d9e5b65e5, 2026-09-30 22:43:49.893552+00, 501, 501, 0, 0, f, 0, [{"at": "2026-09-29T10:00:00.000Z", "cut": false, "text": "x", "...).
postgres-1       | 2026-09-30 22:43:49.896 UTC [1116] STATEMENT:  INSERT INTO project_function_invocation_output
postgres-1       | 	         (organization_id, project_id, environment, function_id, invocation_id,
postgres-1       | 	          line_count, stdout_lines, stderr_lines, byte_count, truncated, dropped_lines, lines)
postgres-1       | 	       VALUES ($1, $2, 'development', $3, $4, $5, $6, 0, 0, $7, $8, $9::jsonb)
postgres-1       | 2026-09-30 22:43:49.909 UTC [1118] ERROR:  new row for relation "project_function_invocation_output" violates check constraint "project_function_invocation_output_lines_shape"
postgres-1       | 2026-09-30 22:43:49.909 UTC [1118] DETAIL:  Failing row contains (62fcfe6f-5ecb-40fd-8c25-64cf101747cd, a5332c9a-21d7-4772-93a4-37e7c2c7909b, e2b63b2e-2f30-42aa-bcb7-406b8f4033a7, development, a4c86e8b-bd99-4be2-87d0-9484d3b4e3ba, 4be28c13-80d5-486e-a5fe-b54d9e5b65e5, 2026-09-30 22:43:49.906018+00, 2, 2, 0, 0, f, 0, [{"at": "2026-09-29T10:00:00.000Z", "cut": false, "text": "x", "...).
postgres-1       | 2026-09-30 22:43:49.909 UTC [1118] STATEMENT:  INSERT INTO project_function_invocation_output
postgres-1       | 	         (organization_id, project_id, environment, function_id, invocation_id,
postgres-1       | 	          line_count, stdout_lines, stderr_lines, byte_count, truncated, dropped_lines, lines)
postgres-1       | 	       VALUES ($1, $2, 'development', $3, $4, $5, $6, 0, 0, $7, $8, $9::jsonb)
postgres-1       | 2026-09-30 22:43:49.925 UTC [1119] ERROR:  insert or update on table "project_function_invocation_output" violates foreign key constraint "project_function_invocation_o_organization_id_invocation_i_fkey"
postgres-1       | 2026-09-30 22:43:49.925 UTC [1119] DETAIL:  Key (organization_id, invocation_id)=(a5332c9a-21d7-4772-93a4-37e7c2c7909b, 5b209bbe-a9f5-455f-95d5-7cb1b0df1481) is not present in table "project_function_invocations".
postgres-1       | 2026-09-30 22:43:49.925 UTC [1119] STATEMENT:  INSERT INTO project_function_invocation_output
postgres-1       | 	         (organization_id, project_id, environment, function_id, invocation_id,
postgres-1       | 	          line_count, stdout_lines, stderr_lines, byte_count, truncated, dropped_lines, lines)
postgres-1       | 	       VALUES ($1, $2, 'development', $3, $4, $5, $6, 0, 0, $7, $8, $9::jsonb)
postgres-1       | 2026-09-30 22:43:49.937 UTC [1120] ERROR:  duplicate key value violates unique constraint "project_function_invocation_o_organization_id_invocation_id_key"
postgres-1       | 2026-09-30 22:43:49.937 UTC [1120] DETAIL:  Key (organization_id, invocation_id)=(a5332c9a-21d7-4772-93a4-37e7c2c7909b, 286a1377-33cb-46f0-9dae-eedaa47c33f2) already exists.
postgres-1       | 2026-09-30 22:43:49.937 UTC [1120] STATEMENT:  INSERT INTO project_function_invocation_output
postgres-1       | 	         (organization_id, project_id, environment, function_id, invocation_id,
postgres-1       | 	          line_count, stdout_lines, stderr_lines, byte_count, truncated, dropped_lines, lines)
postgres-1       | 	       VALUES ($1, $2, 'development', $3, $4, $5, $6, 0, 0, $7, $8, $9::jsonb)
postgres-1       | 2026-09-30 22:43:50.127 UTC [1111] ERROR:  duplicate key value violates unique constraint "project_auth_saml_assertion_key"
postgres-1       | 2026-09-30 22:43:50.127 UTC [1111] DETAIL:  Key (organization_id, project_id, environment, provider, assertion_id)=(7b43741b-50da-4609-ad2a-ed9273538567, 78d9aa70-6f46-4234-bbb7-928be6c91c48, development, federation, _a976fccb6a49f77d77761cb833c19ab2d) already exists.
postgres-1       | 2026-09-30 22:43:50.127 UTC [1111] STATEMENT:  INSERT INTO project_auth_saml_assertions
postgres-1       | 	      (organization_id, project_id, environment, provider, assertion_id, expires_at)
postgres-1       | 	      VALUES ($1, $2, 'development', 'federation', $3, now() + interval '5 minutes')
postgres-1       | 2026-09-30 22:43:50.131 UTC [1110] ERROR:  new row for relation "project_auth_saml_assertions" violates check constraint "project_auth_saml_assertions_assertion_id_check"
postgres-1       | 2026-09-30 22:43:50.131 UTC [1110] DETAIL:  Failing row contains (86b8b888-125a-4740-a5d3-2eea52ca7897, 7b43741b-50da-4609-ad2a-ed9273538567, 78d9aa70-6f46-4234-bbb7-928be6c91c48, development, federation, 9nope, 2026-09-30 22:43:50.131677+00, 2026-09-30 22:48:50.131677+00).
postgres-1       | 2026-09-30 22:43:50.131 UTC [1110] STATEMENT:  INSERT INTO project_auth_saml_assertions
postgres-1       | 	      (organization_id, project_id, environment, provider, assertion_id, expires_at)
postgres-1       | 	      VALUES ($1, $2, 'development', 'federation', '9nope', now() + interval '5 minutes')
postgres-1       | 2026-09-30 22:43:50.142 UTC [1122] ERROR:  new row for relation "project_auth_saml_assertions" violates check constraint "project_auth_saml_assertions_provider_check"
postgres-1       | 2026-09-30 22:43:50.142 UTC [1122] DETAIL:  Failing row contains (5761e738-37e6-447d-bb3c-34fc118b65ec, 7b43741b-50da-4609-ad2a-ed9273538567, 78d9aa70-6f46-4234-bbb7-928be6c91c48, development, Federation, _abc, 2026-09-30 22:43:50.140274+00, 2026-09-30 22:48:50.140274+00).
postgres-1       | 2026-09-30 22:43:50.142 UTC [1122] STATEMENT:  INSERT INTO project_auth_saml_assertions
postgres-1       | 	      (organization_id, project_id, environment, provider, assertion_id, expires_at)
postgres-1       | 	      VALUES ($1, $2, 'development', 'Federation', '_abc', now() + interval '5 minutes')
postgres-1       | 2026-09-30 22:43:50.154 UTC [1123] ERROR:  new row for relation "project_auth_saml_assertions" violates check constraint "project_auth_saml_assertions_window"
postgres-1       | 2026-09-30 22:43:50.154 UTC [1123] DETAIL:  Failing row contains (9e300eed-bd0b-4288-8e40-82b6ad09180b, 7b43741b-50da-4609-ad2a-ed9273538567, 78d9aa70-6f46-4234-bbb7-928be6c91c48, development, federation, _window, 2026-09-30 22:43:50.151691+00, 2026-09-30 22:42:50.151691+00).
postgres-1       | 2026-09-30 22:43:50.154 UTC [1123] STATEMENT:  INSERT INTO project_auth_saml_assertions
postgres-1       | 	      (organization_id, project_id, environment, provider, assertion_id, used_at, expires_at)
postgres-1       | 	      VALUES ($1, $2, 'development', 'federation', '_window', now(), now() - interval '1 minute')
postgres-1       | 2026-09-30 22:43:50.166 UTC [1124] ERROR:  new row for relation "project_auth_one_time_tokens" violates check constraint "project_auth_one_time_tokens_purpose_check"
postgres-1       | 2026-09-30 22:43:50.166 UTC [1124] DETAIL:  Failing row contains (ae6ffddd-f337-4c58-b061-281c01f43224, 7b43741b-50da-4609-ad2a-ed9273538567, 78d9aa70-6f46-4234-bbb7-928be6c91c48, development, null, saml_reply, aaaaaaaaaaaaaaaaaaaaaaaaaaaaaaaaaaaaaaaaaaaaaaaaaaaaaaaaaaaaaaaa, {}, 2026-09-30 22:43:50.163731+00, 2026-09-30 22:48:50.163731+00, null).
postgres-1       | 2026-09-30 22:43:50.166 UTC [1124] STATEMENT:  INSERT INTO project_auth_one_time_tokens
postgres-1       | 	      (organization_id, project_id, environment, purpose, token_hash, expires_at)
postgres-1       | 	      VALUES ($1, $2, 'development', 'saml_reply', $3, now() + interval '5 minutes')
postgres-1       | 2026-09-30 22:43:50.177 UTC [1125] ERROR:  permission denied for table project_auth_saml_assertions
postgres-1       | 2026-09-30 22:43:50.177 UTC [1125] STATEMENT:  UPDATE project_auth_saml_assertions SET assertion_id = '_other' WHERE organization_id = $1
postgres-1       | 2026-09-30 22:43:50.259 UTC [1121] ERROR:  project storage upload verifier and identity are immutable
postgres-1       | 2026-09-30 22:43:50.259 UTC [1121] CONTEXT:  PL/pgSQL function qkern_reject_project_storage_upload_mutation() line 15 at RAISE
postgres-1       | 2026-09-30 22:43:50.259 UTC [1121] STATEMENT:  UPDATE project_storage_uploads
postgres-1       | 	      SET parts_declared = true, kind = 'single', provider_upload_id = NULL
postgres-1       | 	      WHERE id = $1
postgres-1       | 2026-09-30 22:43:50.274 UTC [1127] ERROR:  project storage upload verifier and identity are immutable
postgres-1       | 2026-09-30 22:43:50.274 UTC [1127] CONTEXT:  PL/pgSQL function qkern_reject_project_storage_upload_mutation() line 15 at RAISE
postgres-1       | 2026-09-30 22:43:50.274 UTC [1127] STATEMENT:  UPDATE project_storage_uploads SET parts_declared = false
postgres-1       | 	      WHERE id = $1
postgres-1       | 2026-09-30 22:43:50.354 UTC [1128] ERROR:  project storage upload verifier and identity are immutable
postgres-1       | 2026-09-30 22:43:50.354 UTC [1128] CONTEXT:  PL/pgSQL function qkern_reject_project_storage_upload_mutation() line 15 at RAISE
postgres-1       | 2026-09-30 22:43:50.354 UTC [1128] STATEMENT:  UPDATE project_storage_uploads SET checksum_sha256 = NULL WHERE id = $1
postgres-1       | 2026-09-30 22:43:50.377 UTC [1129] ERROR:  new row for relation "project_storage_uploads" violates check constraint "project_storage_uploads_completed_content"
postgres-1       | 2026-09-30 22:43:50.377 UTC [1129] DETAIL:  Failing row contains (a5bde848-19e4-4f2f-904d-21ad96a8423a, b00ca33b-32b7-469b-a49d-39a8e1a5a301, 4177eea6-3db5-4cf0-afda-74f6d78c587e, development, 3d20f805-c12f-4adb-956a-7b50694a22b4, halfway.txt, b00ca33b-32b7-469b-a49d-39a8e1a5a301/4177eea6-3db5-4cf0-afda-74f..., 47e91765-4c63-4675-9ff2-168c7cdfab74, text/plain, 1, null, qjBGfQbDjb7XzFOIo5H_ypGoN30dVgGx6IhC0KG6AEM, completed, 2026-09-30 22:43:50.235+00, 2026-09-30 23:43:50.235+00, null, null, multipart, provider-upload-halfway, t).
postgres-1       | 2026-09-30 22:43:50.377 UTC [1129] STATEMENT:  UPDATE project_storage_uploads SET status = 'completed', size_bytes = 1 WHERE id = $1
certification-1  |  [31m❯[39m tests/postgres.integration.test.ts [2m([22m[2m62 tests[22m[2m | [22m[31m1 failed[39m[2m)[22m[33m 52104[2mms[22m[39m
certification-1  |      [32m✓[39m runs the certification cluster with room for every declared pool[32m 13[2mms[22m[39m
certification-1  |      [32m✓[39m keeps global auth and tenant runtime privileges separated[32m 159[2mms[22m[39m
certification-1  |      [32m✓[39m enforces tenant isolation through a non-superuser runtime connection[32m 77[2mms[22m[39m
certification-1  |      [32m✓[39m discovers memberships only through the auth boundary[32m 55[2mms[22m[39m
certification-1  |      [32m✓[39m keeps audit chain order equal to (created_at, id) order under concurrent writers (2.36)[32m 159[2mms[22m[39m
certification-1  |      [32m✓[39m finds exactly the open table and the USING (true) policy through the real catalog (2.39)[32m 200[2mms[22m[39m
certification-1  |      [33m[2m✓[22m[39m finds the suspected missing index, the unused index, the bloat and the missing sample in real statistics (2.40) [33m 12575[2mms[22m[39m
certification-1  |      [32m✓[39m reads composite, self-referencing and cross-schema foreign keys through the project read role (2.41)[32m 52[2mms[22m[39m
certification-1  |      [32m✓[39m (2.42) reconstructs the cron log from the real dedupe verifier of an enqueued occurrence[32m 80[2mms[22m[39m
certification-1  |      [32m✓[39m (2.43) enqueues a dedupe key into a queue without a dedupe window against the real pair constraint[32m 61[2mms[22m[39m
certification-1  |      [32m✓[39m (2.44) reads a real catalog as a healthy database and a binding that points nowhere as degraded[32m 49[2mms[22m[39m
certification-1  |      [32m✓[39m (2.45) aggregates usage events written through the real service into the right hourly buckets[32m 74[2mms[22m[39m
certification-1  |      [32m✓[39m (2.46) counts the sessions of the project read role and carries no query text out of the database[32m 40[2mms[22m[39m
certification-1  |      [32m✓[39m (2.49) applies a console change set through the approval path and leaves the table as described[32m 229[2mms[22m[39m
certification-1  |      [32m✓[39m (2.47) aggregates project auth audit rows into buckets without carrying an address[32m 37[2mms[22m[39m
certification-1  |      [32m✓[39m (2.71) splits the failures of the real chain by action and says since when[32m 40[2mms[22m[39m
certification-1  |      [33m[2m✓[22m[39m (2.52) refuses a usable session without the second factor when the project requires it [33m 534[2mms[22m[39m
certification-1  |      [33m[2m✓[22m[39m (2.54) refuses a return target outside the allowed list of the project [33m 347[2mms[22m[39m
certification-1  |      [33m[2m✓[22m[39m (2.56) refuses the login attempt that crosses the limit and lets the next window through [33m 1573[2mms[22m[39m
certification-1  |      [33m[2m✓[22m[39m (2.60) refuses a known leaked password at sign-up when the project requires it [33m 850[2mms[22m[39m
certification-1  |      [32m✓[39m (2.59) reports the roles and the TLS state of the project database without a connection string[32m 62[2mms[22m[39m
certification-1  |      [32m✓[39m (2.62) tells for a real table what a signed-in user may read and write[32m 164[2mms[22m[39m
certification-1  |      [33m[2m✓[22m[39m (2.61) runs every prepared template against a real catalog without writing [33m 394[2mms[22m[39m
certification-1  |      [32m✓[39m (2.57) proves the advisor rules that used to be unreachable[32m 67[2mms[22m[39m
certification-1  |      [33m[2m✓[22m[39m (2.67) shows what a query costs in the console without showing the query [33m 1267[2mms[22m[39m
certification-1  |      [32m✓[39m (2.50) turns a real table change into a signed webhook delivery[32m 264[2mms[22m[39m
certification-1  |      [32m✓[39m (2.63) forwards only the fields the console already shows[32m 244[2mms[22m[39m
certification-1  |      [32m✓[39m (2.55) lists function invocations with outcome and duration without the container output[32m 63[2mms[22m[39m
certification-1  |      [33m[2m✓[22m[39m (2.53) delivers a table change through the running bridge process [33m 5211[2mms[22m[39m
certification-1  | [31m     [31m×[31m (2.107) discovers the environments of its own organization from the real control plane, sees no other organization, refuses a list beside the discovery, and counts what it does not serve[39m[32m 45[2mms[22m[39m
certification-1  |      [32m✓[39m (2.108) forwards the real container output of a real invocation as one entry per line, keeps a two kibibyte line, and reads no more invocations per run than its own limit allows[32m 205[2mms[22m[39m
certification-1  |      [32m✓[39m (2.66) stores the console settings of a user and gives them back unchanged[32m 105[2mms[22m[39m
certification-1  |      [32m✓[39m (2.65) searches across the sources that have routes and says what it cannot reach[32m 179[2mms[22m[39m
certification-1  |      [33m[2m✓[22m[39m (2.64) forwards through the running collector process and continues after a restart [33m 5414[2mms[22m[39m
certification-1  |      [33m[2m✓[22m[39m (2.68) reads what this environment runs on from the real server and the real control plane [33m 462[2mms[22m[39m
certification-1  |      [33m[2m✓[22m[39m (2.69) explains a real query plan without executing the query [33m 8387[2mms[22m[39m
certification-1  |      [33m[2m✓[22m[39m (2.70) reports the state of the real database from counters that really move [33m 2357[2mms[22m[39m
certification-1  |      [32m✓[39m (2.72) reads foreign data wrappers without carrying a foreign password out[32m 76[2mms[22m[39m
certification-1  |      [32m✓[39m (2.74) reads a real replication slot with its backlog and carries no connection secret out[32m 176[2mms[22m[39m
certification-1  |      [32m✓[39m (2.75) turns a real project event into a signed dashboard webhook delivery[32m 232[2mms[22m[39m
certification-1  |      [32m✓[39m (2.78) issues an S3 access key pair once, never again, and revokes without deleting[32m 140[2mms[22m[39m
certification-1  |      [32m✓[39m (2.96) keeps the S3 secret as a ciphertext the runtime role can write once, hands a valid pair to the endpoint without a tenant, and lets a real SigV4 request pass exactly while the pair is neither revoked nor expired[32m 116[2mms[22m[39m
certification-1  |      [33m[2m✓[22m[39m (2.77) calls the auth hooks of a real sign-in and refuses one that wants a reserved claim [33m 1476[2mms[22m[39m
certification-1  |      [33m[2m✓[22m[39m (2.79) registers a real passkey, signs in with a real signature and refuses replay, wrong origin and a counter that runs backwards [33m 347[2mms[22m[39m
certification-1  |      [32m✓[39m (2.81) counts change sets, approvals and apply jobs per fixed environment under RLS[32m 140[2mms[22m[39m
certification-1  |      [33m[2m✓[22m[39m (2.80) accepts a real foreign token through the Data API under row security and refuses the four forgeries [33m 435[2mms[22m[39m
certification-1  |      [33m[2m✓[22m[39m (2.85) does not forward the same audit row again after a restart when the database sets the microseconds [33m 2133[2mms[22m[39m
certification-1  |      [32m✓[39m (2.83) answers a real GraphQL query under row security and refuses depth, a table without RLS and an alias trick[32m 185[2mms[22m[39m
certification-1  |      [33m[2m✓[22m[39m (2.97) writes through GraphQL exactly the rows the policy allows, rolls the whole request back on one rejected row and refuses a table without RLS, a missing filter and an exceeded limit [33m 327[2mms[22m[39m
certification-1  |      [33m[2m✓[22m[39m (2.82) issues an OAuth code with PKCE, redeems it once, reads with the token under row security and refuses replay, a wrong verifier, a foreign return target and an ungranted scope [33m 687[2mms[22m[39m
certification-1  |      [32m✓[39m (2.86) reads the realtime channels, keeps a counter past retention, counts the change feed backlog against the stored position and shows the neighbour nothing[32m 214[2mms[22m[39m
certification-1  |      [32m✓[39m (2.89) removes exactly the long-expired one-time artefacts, keeps the fresh ones, keeps a code whose token still lives, and lets only the auth role delete[32m 171[2mms[22m[39m
certification-1  |      [32m✓[39m (2.104) removes the long-expired saml replay bars, keeps one that expired inside the clock skew even at the shortest grace, keeps the other environment, and lets only the auth role delete[32m 54[2mms[22m[39m
certification-1  |      [33m[2m✓[22m[39m (2.91) turns a real OAuth token into an MCP session with exactly the tools its scopes open, writes a row through it, and refuses an ungranted, an expired and a revoked token with the same answer [33m 528[2mms[22m[39m
certification-1  |      [33m[2m✓[22m[39m (2.103) opens exactly the tools each new scope names against the real database, keeps the tenant boundary, reaches no worker lease operation through queues:write and throws for a tool name without an entry [33m 514[2mms[22m[39m
certification-1  |      [33m[2m✓[22m[39m (2.92) records a consent as one row, issues a token on it, revokes exactly that consent so the token stops working while the row stays, and refuses a scope nobody consented to [33m 382[2mms[22m[39m
certification-1  |      [32m✓[39m (2.93) proves what the vector page claims: this server offers no vector type, CREATE EXTENSION vector fails, cube stops at its hard dimension limit, and a bucket written under row security has no place for an embedding[32m 207[2mms[22m[39m
certification-1  |      [32m✓[39m (2.94) revokes exactly one issued OAuth token so that token stops working while its consent, its neighbour token and the right to a new one all stay[32m 239[2mms[22m[39m
certification-1  |      [33m[2m✓[22m[39m (2.95) embeds neighbour rows over real foreign keys and shows exactly what the policy of the embedded table allows, refuses an unknown relation, a neighbour without row security and one embed too many [33m 357[2mms[22m[39m
certification-1  |      [32m✓[39m (2.98) keeps what a container wrote in its own table under the tenant, append-only, bounded by the checks of 0069, and drops it with the function[32m 129[2mms[22m[39m
certification-1  |      [32m✓[39m (2.99) turns a really signed SAML assertion into a session in the real database, bars the same assertion the second time at the unique constraint of 0070, and keeps that bar inside its own environment and provider[32m 270[2mms[22m[39m
certification-1  |      [32m✓[39m (2.101) books an S3 multipart upload part by part against the real quota, replaces a part without booking it twice, and lets no completed reservation stand without the checksum of the whole file[32m 179[2mms[22m[39m
certification-1  | 
certification-1  | [31m⎯⎯⎯⎯⎯⎯⎯[39m[1m[41m Failed Tests 1 [49m[22m[31m⎯⎯⎯⎯⎯⎯⎯[39m
certification-1  | 
certification-1  | [41m[1m FAIL [22m[49m tests/postgres.integration.test.ts[2m > [22mPostgreSQL 17 role and RLS integration[2m > [22m(2.107) discovers the environments of its own organization from the real control plane, sees no other organization, refuses a list beside the discovery, and counts what it does not serve
certification-1  | [31m[1merror[22m: duplicate key value violates unique constraint "one_personal_workspace_per_user"[39m
certification-1  | [90m [2m❯[22m node_modules/pg-pool/index.js:[2m45:11[22m[39m
certification-1  | [36m [2m❯[22m tests/postgres.integration.test.ts:[2m4501:7[22m[39m
certification-1  |     [90m4499|[39m       await owner.query(`INSERT INTO organizations (id, name, slug, cr…
certification-1  |     [90m4500|[39m         VALUES ($1, $2, $3, $4)`, [organization, label, `scopes-${orga…
certification-1  |     [90m4501|[39m       await owner.query(`INSERT INTO organization_members
certification-1  |     [90m   |[39m       [31m^[39m
certification-1  |     [90m4502|[39m         (organization_id, user_id, role, is_personal_workspace)
certification-1  |     [90m4503|[39m         VALUES ($1, $2, 'owner', true)`, [organization, scopeOwner]);
certification-1  | 
certification-1  | [31m[2m⎯⎯⎯⎯⎯⎯⎯⎯⎯⎯⎯⎯⎯⎯⎯⎯⎯⎯⎯⎯⎯⎯⎯⎯[1/1]⎯[22m[39m
certification-1  | 
certification-1  | 
certification-1  | [2m Test Files [22m [1m[31m1 failed[39m[22m[2m | [22m[1m[32m30 passed[39m[22m[90m (31)[39m
certification-1  | [2m      Tests [22m [1m[31m1 failed[39m[22m[2m | [22m[1m[32m237 passed[39m[22m[90m (238)[39m
certification-1  | [2m   Start at [22m 22:42:49
certification-1  | [2m   Duration [22m 60.95s[2m (transform 25.17s, setup 0ms, import 39.45s, tests 145.99s, environment 18ms)[22m
certification-1  | 
[Kcertification-1 exited with code 1
 Compose Stopping Aborting on container exit...
 Container qkern-slice-fns-certification-1 Stopping 
 Container qkern-slice-fns-certification-1 Stopped 
 Container qkern-slice-fns-postgres-1 Stopping 
 Container qkern-slice-fns-vault-1 Stopping 
postgres-1       | 2026-09-30 22:43:51.488 UTC [1] LOG:  received fast shutdown request
postgres-1       | 2026-09-30 22:43:51.488 UTC [1] LOG:  aborting any active transactions
vault-1          | ==> Vault shutdown triggered
vault-1          | 2026-09-30T22:43:51.489Z [INFO]  core: marked as sealed
vault-1          | 2026-09-30T22:43:51.490Z [INFO]  core: pre-seal teardown starting
vault-1          | 2026-09-30T22:43:51.493Z [INFO]  rollback: stopping rollback manager
vault-1          | 2026-09-30T22:43:51.495Z [INFO]  core: pre-seal teardown complete
vault-1          | 2026-09-30T22:43:51.495Z [INFO]  core: stopping cluster listeners
vault-1          | 2026-09-30T22:43:51.495Z [INFO]  core.cluster-listener: forwarding rpc listeners stopped
postgres-1       | 2026-09-30 22:43:51.497 UTC [1] LOG:  background worker "logical replication launcher" (PID 309) exited with exit code 1
postgres-1       | 2026-09-30 22:43:51.497 UTC [304] LOG:  shutting down
postgres-1       | 2026-09-30 22:43:51.497 UTC [304] LOG:  checkpoint starting: shutdown immediate
postgres-1       | 2026-09-30 22:43:51.501 UTC [304] LOG:  checkpoint complete: wrote 275 buffers (1.7%); 0 WAL file(s) added, 0 removed, 0 recycled; write=0.004 s, sync=0.001 s, total=0.005 s; sync files=210, longest=0.001 s, average=0.000 s; distance=1227 kB, estimate=24517 kB; lsn=0/68BA410, redo lsn=0/68BA410
postgres-1       | 2026-09-30 22:43:51.529 UTC [1] LOG:  database system is shut down
vault-1          | 2026-09-30T22:43:51.960Z [INFO]  core.cluster-listener: rpc listeners successfully shut down
vault-1          | 2026-09-30T22:43:51.960Z [INFO]  core: cluster listeners successfully shut down
vault-1          | 2026-09-30T22:43:51.961Z [INFO]  core: vault is sealed
 Container qkern-slice-fns-postgres-1 Stopped 
[Kpostgres-1 exited with code 0
 Container qkern-slice-fns-vault-1 Stopped 
[Kvault-1 exited with code 0

 Container qkern-slice-fns-certification-1 Stopping 
 Container qkern-slice-fns-certification-1 Stopped 
 Container qkern-slice-fns-certification-1 Removing 
 Container qkern-slice-fns-certification-1 Removed 
 Container qkern-slice-fns-vault-1 Stopping 
 Container qkern-slice-fns-postgres-1 Stopping 
 Container qkern-slice-fns-postgres-1 Stopped 
 Container qkern-slice-fns-postgres-1 Removing 
 Container qkern-slice-fns-vault-1 Stopped 
 Container qkern-slice-fns-vault-1 Removing 
 Container qkern-slice-fns-postgres-1 Removed 
 Container qkern-slice-fns-vault-1 Removed 
 Network qkern-slice-fns_default Removing 
 Network qkern-slice-fns_default Removed 
EXIT=1
EXIT=1
