
> qkern-platform@2.72.0 test:postgres:docker
> node scripts/postgres-certification.mjs

 Network qkern-slice-tracepass_default Creating 
 Network qkern-slice-tracepass_default Created 
 Container qkern-slice-tracepass-postgres-1 Creating 
 Container qkern-slice-tracepass-vault-1 Creating 
 Container qkern-slice-tracepass-postgres-1 Created 
 Container qkern-slice-tracepass-vault-1 Created 
 Container qkern-slice-tracepass-certification-1 Creating 
 Container qkern-slice-tracepass-certification-1 Created 
Attaching to certification-1, postgres-1, vault-1
 Container qkern-slice-tracepass-vault-1 Starting 
 Container qkern-slice-tracepass-postgres-1 Starting 
 Container qkern-slice-tracepass-postgres-1 Started 
 Container qkern-slice-tracepass-vault-1 Started 
 Container qkern-slice-tracepass-postgres-1 Waiting 
 Container qkern-slice-tracepass-vault-1 Waiting 
postgres-1  | The files belonging to this database system will be owned by user "postgres".
postgres-1  | This user must also own the server process.
postgres-1  | 
postgres-1  | The database cluster will be initialized with locale "en_US.utf8".
postgres-1  | The default database encoding has accordingly been set to "UTF8".
postgres-1  | The default text search configuration will be set to "english".
postgres-1  | 
postgres-1  | Data page checksums are disabled.
postgres-1  | 
postgres-1  | fixing permissions on existing directory /var/lib/postgresql/data ... ok
postgres-1  | creating subdirectories ... ok
postgres-1  | selecting dynamic shared memory implementation ... posix
postgres-1  | selecting default "max_connections" ... 100
postgres-1  | selecting default "shared_buffers" ... 128MB
postgres-1  | selecting default time zone ... UTC
postgres-1  | creating configuration files ... ok
postgres-1  | running bootstrap script ... ok
postgres-1  | sh: locale: not found
postgres-1  | 2026-10-01 20:52:25.059 UTC [36] WARNING:  no usable system locales were found
postgres-1  | performing post-bootstrap initialization ... ok
postgres-1  | initdb: warning: enabling "trust" authentication for local connections
postgres-1  | initdb: hint: You can change this by editing pg_hba.conf or using the option -A, or --auth-local and --auth-host, the next time you run initdb.
postgres-1  | syncing data to disk ... ok
postgres-1  | 
postgres-1  | 
postgres-1  | Success. You can now start the database server using:
postgres-1  | 
postgres-1  |     pg_ctl -D /var/lib/postgresql/data -l logfile start
postgres-1  | 
postgres-1  | waiting for server to start....2026-10-01 20:52:25.670 UTC [42] LOG:  starting PostgreSQL 17.10 on x86_64-pc-linux-musl, compiled by gcc (Alpine 15.2.0) 15.2.0, 64-bit
postgres-1  | 2026-10-01 20:52:25.674 UTC [42] LOG:  listening on Unix socket "/var/run/postgresql/.s.PGSQL.5432"
postgres-1  | 2026-10-01 20:52:25.676 UTC [45] LOG:  database system was shut down at 2026-10-01 20:52:25 UTC
postgres-1  | 2026-10-01 20:52:25.686 UTC [42] LOG:  database system is ready to accept connections
postgres-1  |  done
postgres-1  | server started
postgres-1  | CREATE DATABASE
postgres-1  | 
postgres-1  | 
postgres-1  | /usr/local/bin/docker-entrypoint.sh: running /docker-entrypoint-initdb.d/000-certification-init.sh
postgres-1  | certification-init: applying 0001_control_plane.sql
postgres-1  | CREATE EXTENSION
postgres-1  | CREATE TYPE
postgres-1  | CREATE TYPE
postgres-1  | CREATE TABLE
postgres-1  | CREATE TABLE
postgres-1  | CREATE TABLE
postgres-1  | CREATE TABLE
postgres-1  | CREATE INDEX
postgres-1  | CREATE TABLE
postgres-1  | CREATE TABLE
postgres-1  | CREATE INDEX
postgres-1  | CREATE TABLE
postgres-1  | CREATE INDEX
postgres-1  | CREATE TABLE
postgres-1  | CREATE TABLE
postgres-1  | CREATE INDEX
postgres-1  | ALTER TABLE
postgres-1  | ALTER TABLE
postgres-1  | ALTER TABLE
postgres-1  | ALTER TABLE
postgres-1  | ALTER TABLE
postgres-1  | CREATE POLICY
postgres-1  | CREATE POLICY
postgres-1  | CREATE POLICY
postgres-1  | CREATE POLICY
postgres-1  | CREATE POLICY
postgres-1  | certification-init: applying 0002_repository_hardening.sql
postgres-1  | BEGIN
postgres-1  | CREATE FUNCTION
postgres-1  | ALTER TABLE
postgres-1  | ALTER TABLE
postgres-1  | ALTER TABLE
postgres-1  | ALTER TABLE
postgres-1  | ALTER TABLE
postgres-1  | ALTER TABLE
postgres-1  | UPDATE 0
postgres-1  | ALTER TABLE
postgres-1  | CREATE INDEX
postgres-1  | CREATE INDEX
postgres-1  | CREATE FUNCTION
postgres-1  | CREATE TRIGGER
postgres-1  | CREATE TRIGGER
postgres-1  | CREATE TRIGGER
postgres-1  | CREATE FUNCTION
postgres-1  | CREATE FUNCTION
postgres-1  | CREATE TRIGGER
postgres-1  | CREATE TRIGGER
postgres-1  | ALTER TABLE
postgres-1  | ALTER TABLE
postgres-1  | ALTER TABLE
postgres-1  | ALTER TABLE
postgres-1  | ALTER TABLE
postgres-1  | ALTER TABLE
postgres-1  | ALTER TABLE
postgres-1  | ALTER TABLE
postgres-1  | ALTER TABLE
postgres-1  | ALTER TABLE
postgres-1  | ALTER TABLE
postgres-1  | ALTER TABLE
postgres-1  | ALTER TABLE
postgres-1  | ALTER TABLE
postgres-1  | ALTER TABLE
postgres-1  | ALTER TABLE
postgres-1  | DROP POLICY
postgres-1  | DROP POLICY
postgres-1  | DROP POLICY
postgres-1  | DROP POLICY
postgres-1  | DROP POLICY
postgres-1  | CREATE POLICY
postgres-1  | CREATE POLICY
postgres-1  | CREATE POLICY
postgres-1  | CREATE POLICY
postgres-1  | CREATE POLICY
postgres-1  | CREATE POLICY
postgres-1  | CREATE POLICY
postgres-1  | CREATE POLICY
postgres-1  | CREATE POLICY
postgres-1  | CREATE POLICY
postgres-1  | CREATE POLICY
postgres-1  | CREATE POLICY
postgres-1  | CREATE POLICY
postgres-1  | CREATE POLICY
postgres-1  | CREATE POLICY
postgres-1  | CREATE POLICY
postgres-1  | CREATE POLICY
postgres-1  | CREATE POLICY
postgres-1  | CREATE POLICY
postgres-1  | CREATE POLICY
postgres-1  | CREATE POLICY
postgres-1  | CREATE POLICY
postgres-1  | CREATE POLICY
postgres-1  | CREATE POLICY
postgres-1  | DO
postgres-1  | REVOKE
postgres-1  | GRANT
postgres-1  | GRANT
postgres-1  | GRANT
postgres-1  | GRANT
postgres-1  | GRANT
postgres-1  | GRANT
postgres-1  | GRANT
postgres-1  | GRANT
postgres-1  | GRANT
postgres-1  | GRANT
postgres-1  | GRANT
postgres-1  | GRANT
postgres-1  | GRANT
postgres-1  | COMMIT
postgres-1  | certification-init: applying 0003_auth_and_memberships.sql
postgres-1  | BEGIN
postgres-1  | ALTER TABLE
postgres-1  | ALTER TABLE
postgres-1  | UPDATE 0
postgres-1  | ALTER TABLE
postgres-1  | CREATE INDEX
postgres-1  | CREATE TRIGGER
postgres-1  | CREATE TABLE
postgres-1  | CREATE INDEX
postgres-1  | CREATE INDEX
postgres-1  | CREATE FUNCTION
postgres-1  | DO
postgres-1  | REVOKE
postgres-1  | REVOKE
postgres-1  | GRANT
postgres-1  | GRANT
postgres-1  | GRANT
postgres-1  | GRANT
postgres-1  | COMMIT
postgres-1  | certification-init: applying 0004_artifact_and_workspace_integrity.sql
postgres-1  | BEGIN
postgres-1  | ALTER TABLE
postgres-1  | CREATE INDEX
postgres-1  | ALTER TABLE
postgres-1  | ALTER TABLE
postgres-1  | ALTER TABLE
postgres-1  | CREATE FUNCTION
postgres-1  | CREATE TRIGGER
postgres-1  | CREATE FUNCTION
postgres-1  | CREATE TRIGGER
postgres-1  | REVOKE
postgres-1  | GRANT
postgres-1  | REVOKE
postgres-1  | GRANT
postgres-1  | GRANT
postgres-1  | GRANT
postgres-1  | COMMIT
postgres-1  | certification-init: applying 0005_migration_apply_queue.sql
postgres-1  | BEGIN
postgres-1  | CREATE TYPE
postgres-1  | CREATE TYPE
postgres-1  | CREATE TABLE
postgres-1  | CREATE INDEX
postgres-1  | CREATE INDEX
postgres-1  | CREATE TABLE
postgres-1  | CREATE INDEX
postgres-1  | CREATE TRIGGER
postgres-1  | CREATE TRIGGER
postgres-1  | CREATE FUNCTION
postgres-1  | CREATE TRIGGER
postgres-1  | CREATE FUNCTION
postgres-1  | CREATE TRIGGER
postgres-1  | ALTER TABLE
postgres-1  | ALTER TABLE
postgres-1  | ALTER TABLE
postgres-1  | ALTER TABLE
postgres-1  | CREATE POLICY
postgres-1  | CREATE POLICY
postgres-1  | CREATE POLICY
postgres-1  | CREATE POLICY
postgres-1  | CREATE POLICY
postgres-1  | CREATE POLICY
postgres-1  | REVOKE
postgres-1  | REVOKE
postgres-1  | REVOKE
postgres-1  | GRANT
postgres-1  | GRANT
postgres-1  | GRANT
postgres-1  | GRANT
postgres-1  | GRANT
postgres-1  | GRANT
postgres-1  | GRANT
postgres-1  | GRANT
postgres-1  | GRANT
postgres-1  | COMMIT
postgres-1  | certification-init: applying 0006_worker_runtime_boundary.sql
postgres-1  | BEGIN
postgres-1  | DO
postgres-1  | ALTER TABLE
postgres-1  | ALTER TABLE
postgres-1  | UPDATE 0
postgres-1  | ALTER TABLE
postgres-1  | REVOKE
postgres-1  | REVOKE
postgres-1  | REVOKE
postgres-1  | GRANT
postgres-1  | REVOKE
postgres-1  | REVOKE
postgres-1  | GRANT
postgres-1  | GRANT
postgres-1  | GRANT
postgres-1  | GRANT
postgres-1  | GRANT
postgres-1  | GRANT
postgres-1  | GRANT
postgres-1  | GRANT
postgres-1  | GRANT
postgres-1  | GRANT
postgres-1  | GRANT
postgres-1  | COMMIT
postgres-1  | certification-init: applying 0007_migration_claim_sequence.sql
postgres-1  | BEGIN
postgres-1  | ALTER TABLE
postgres-1  | REVOKE
postgres-1  | GRANT
postgres-1  | COMMIT
postgres-1  | certification-init: applying 0008_migration_reconciliation_quarantine.sql
postgres-1  | ALTER TYPE
postgres-1  | BEGIN
postgres-1  | ALTER TABLE
postgres-1  | REVOKE
postgres-1  | GRANT
postgres-1  | COMMIT
postgres-1  | certification-init: applying 0009_migration_review_commands.sql
postgres-1  | BEGIN
postgres-1  | CREATE TYPE
postgres-1  | ALTER TABLE
postgres-1  | CREATE TABLE
postgres-1  | CREATE INDEX
postgres-1  | CREATE INDEX
postgres-1  | CREATE TRIGGER
postgres-1  | ALTER TABLE
postgres-1  | ALTER TABLE
postgres-1  | CREATE POLICY
postgres-1  | CREATE POLICY
postgres-1  | CREATE POLICY
postgres-1  | REVOKE
postgres-1  | GRANT
postgres-1  | GRANT
postgres-1  | GRANT
postgres-1  | GRANT
postgres-1  | REVOKE
postgres-1  | GRANT
postgres-1  | COMMIT
postgres-1  | certification-init: applying 0010_migration_incident_escalations.sql
postgres-1  | BEGIN
postgres-1  | CREATE TYPE
postgres-1  | CREATE TYPE
postgres-1  | CREATE TABLE
postgres-1  | CREATE INDEX
postgres-1  | CREATE INDEX
postgres-1  | CREATE TRIGGER
postgres-1  | CREATE FUNCTION
postgres-1  | CREATE TRIGGER
postgres-1  | ALTER TABLE
postgres-1  | ALTER TABLE
postgres-1  | CREATE POLICY
postgres-1  | CREATE POLICY
postgres-1  | CREATE POLICY
postgres-1  | REVOKE
postgres-1  | REVOKE
postgres-1  | GRANT
postgres-1  | GRANT
postgres-1  | GRANT
postgres-1  | GRANT
postgres-1  | GRANT
postgres-1  | COMMIT
postgres-1  | certification-init: applying 0011_migration_incident_outbox.sql
postgres-1  | BEGIN
postgres-1  | CREATE TABLE
postgres-1  | CREATE INDEX
postgres-1  | CREATE TRIGGER
postgres-1  | INSERT 0 0
postgres-1  | ALTER TABLE
postgres-1  | ALTER TABLE
postgres-1  | CREATE POLICY
postgres-1  | CREATE POLICY
postgres-1  | CREATE POLICY
postgres-1  | REVOKE
postgres-1  | GRANT
postgres-1  | GRANT
postgres-1  | GRANT
postgres-1  | COMMIT
postgres-1  | certification-init: applying 0012_migration_incident_dead_letters.sql
postgres-1  | ALTER TYPE
postgres-1  | BEGIN
postgres-1  | ALTER TABLE
postgres-1  | CREATE INDEX
postgres-1  | CREATE TYPE
postgres-1  | CREATE TABLE
postgres-1  | CREATE INDEX
postgres-1  | CREATE INDEX
postgres-1  | CREATE TRIGGER
postgres-1  | CREATE FUNCTION
postgres-1  | CREATE TRIGGER
postgres-1  | ALTER TABLE
postgres-1  | ALTER TABLE
postgres-1  | CREATE POLICY
postgres-1  | CREATE POLICY
postgres-1  | CREATE POLICY
postgres-1  | REVOKE
postgres-1  | REVOKE
postgres-1  | GRANT
postgres-1  | GRANT
postgres-1  | GRANT
postgres-1  | GRANT
postgres-1  | GRANT
postgres-1  | COMMIT
postgres-1  | certification-init: applying 0013_migration_incident_delivery_health.sql
postgres-1  | BEGIN
postgres-1  | CREATE FUNCTION
postgres-1  | REVOKE
postgres-1  | GRANT
postgres-1  | COMMIT
postgres-1  | certification-init: applying 0014_migration_incident_delivery_visibility.sql
postgres-1  | BEGIN
postgres-1  | REVOKE
postgres-1  | DROP FUNCTION
postgres-1  | CREATE FUNCTION
postgres-1  | CREATE FUNCTION
postgres-1  | REVOKE
postgres-1  | REVOKE
postgres-1  | GRANT
postgres-1  | GRANT
postgres-1  | COMMIT
postgres-1  | certification-init: applying 0015_migration_incident_delivery_failure_classification.sql
postgres-1  | BEGIN
postgres-1  | ALTER TABLE
postgres-1  | REVOKE
postgres-1  | DROP FUNCTION
postgres-1  | CREATE FUNCTION
postgres-1  | REVOKE
postgres-1  | GRANT
postgres-1  | COMMIT
postgres-1  | certification-init: applying 0016_migration_incident_delivery_recovery_binding.sql
postgres-1  | BEGIN
postgres-1  | ALTER TABLE
postgres-1  | LOCK TABLE
postgres-1  | UPDATE 0
postgres-1  | UPDATE 0
postgres-1  | ALTER TABLE
postgres-1  | CREATE FUNCTION
postgres-1  | REVOKE
postgres-1  | GRANT
postgres-1  | COMMIT
postgres-1  | certification-init: applying 0017_migration_incident_verified_resolution.sql
postgres-1  | ALTER TYPE
postgres-1  | BEGIN
postgres-1  | CREATE TYPE
postgres-1  | CREATE TYPE
postgres-1  | CREATE TYPE
postgres-1  | ALTER TABLE
postgres-1  | CREATE TABLE
postgres-1  | CREATE INDEX
postgres-1  | CREATE INDEX
postgres-1  | CREATE TRIGGER
postgres-1  | CREATE FUNCTION
postgres-1  | CREATE FUNCTION
postgres-1  | CREATE FUNCTION
postgres-1  | CREATE TRIGGER
postgres-1  | ALTER TABLE
postgres-1  | ALTER TABLE
postgres-1  | CREATE POLICY
postgres-1  | CREATE POLICY
postgres-1  | CREATE POLICY
postgres-1  | REVOKE
postgres-1  | REVOKE
postgres-1  | GRANT
postgres-1  | GRANT
postgres-1  | GRANT
postgres-1  | GRANT
postgres-1  | GRANT
postgres-1  | COMMIT
postgres-1  | certification-init: applying 0018_migration_incident_delivery_recovery_generation.sql
postgres-1  | BEGIN
postgres-1  | ALTER TABLE
postgres-1  | LOCK TABLE
postgres-1  | UPDATE 0
postgres-1  | UPDATE 0
postgres-1  | ALTER TABLE
postgres-1  | ALTER TABLE
postgres-1  | CREATE FUNCTION
postgres-1  | REVOKE
postgres-1  | GRANT
postgres-1  | COMMIT
postgres-1  | certification-init: applying 0019_migration_apply_delivery_resilience.sql
postgres-1  | BEGIN
postgres-1  | ALTER TABLE
postgres-1  | CREATE INDEX
postgres-1  | CREATE TYPE
postgres-1  | CREATE TABLE
postgres-1  | CREATE INDEX
postgres-1  | CREATE INDEX
postgres-1  | CREATE TRIGGER
postgres-1  | CREATE FUNCTION
postgres-1  | CREATE TRIGGER
postgres-1  | ALTER TABLE
postgres-1  | ALTER TABLE
postgres-1  | CREATE POLICY
postgres-1  | CREATE POLICY
postgres-1  | CREATE POLICY
postgres-1  | CREATE FUNCTION
postgres-1  | CREATE FUNCTION
postgres-1  | REVOKE
postgres-1  | REVOKE
postgres-1  | REVOKE
postgres-1  | REVOKE
postgres-1  | REVOKE
postgres-1  | GRANT
postgres-1  | GRANT
postgres-1  | GRANT
postgres-1  | GRANT
postgres-1  | GRANT
postgres-1  | GRANT
postgres-1  | GRANT
postgres-1  | COMMIT
postgres-1  | certification-init: applying 0020_project_database_provisioning.sql
postgres-1  | BEGIN
postgres-1  | DO
postgres-1  | CREATE TYPE
postgres-1  | CREATE TABLE
postgres-1  | CREATE TABLE
postgres-1  | ALTER TABLE
postgres-1  | CREATE INDEX
postgres-1  | CREATE TRIGGER
postgres-1  | ALTER TABLE
postgres-1  | ALTER TABLE
postgres-1  | ALTER TABLE
postgres-1  | ALTER TABLE
postgres-1  | CREATE POLICY
postgres-1  | CREATE POLICY
postgres-1  | CREATE FUNCTION
postgres-1  | CREATE FUNCTION
postgres-1  | REVOKE
postgres-1  | REVOKE
postgres-1  | REVOKE
postgres-1  | REVOKE
postgres-1  | REVOKE
postgres-1  | GRANT
postgres-1  | GRANT
postgres-1  | GRANT
postgres-1  | GRANT
postgres-1  | GRANT
postgres-1  | GRANT
postgres-1  | GRANT
postgres-1  | GRANT
postgres-1  | GRANT
postgres-1  | GRANT
postgres-1  | GRANT
postgres-1  | GRANT
postgres-1  | GRANT
postgres-1  | GRANT
postgres-1  | GRANT
postgres-1  | COMMIT
postgres-1  | certification-init: applying 0021_project_database_provisioning_health.sql
postgres-1  | BEGIN
postgres-1  | CREATE TABLE
postgres-1  | CREATE INDEX
postgres-1  | ALTER TABLE
postgres-1  | ALTER TABLE
postgres-1  | CREATE POLICY
postgres-1  | CREATE FUNCTION
postgres-1  | REVOKE
postgres-1  | REVOKE
postgres-1  | GRANT
postgres-1  | GRANT
postgres-1  | GRANT
postgres-1  | COMMIT
postgres-1  | certification-init: applying 0022_project_automation_policies.sql
postgres-1  | BEGIN
postgres-1  | CREATE TABLE
postgres-1  | ALTER TABLE
postgres-1  | UPDATE 0
postgres-1  | ALTER TABLE
postgres-1  | ALTER TABLE
postgres-1  | ALTER TABLE
postgres-1  | CREATE POLICY
postgres-1  | CREATE POLICY
postgres-1  | CREATE POLICY
postgres-1  | REVOKE
postgres-1  | GRANT
postgres-1  | GRANT
postgres-1  | COMMIT
postgres-1  | certification-init: applying 0023_project_api_keys.sql
postgres-1  | BEGIN
postgres-1  | CREATE TABLE
postgres-1  | CREATE INDEX
postgres-1  | CREATE INDEX
postgres-1  | CREATE FUNCTION
postgres-1  | CREATE TRIGGER
postgres-1  | ALTER TABLE
postgres-1  | CREATE POLICY
postgres-1  | CREATE POLICY
postgres-1  | CREATE POLICY
postgres-1  | CREATE FUNCTION
postgres-1  | REVOKE
postgres-1  | REVOKE
postgres-1  | REVOKE
postgres-1  | GRANT
postgres-1  | GRANT
postgres-1  | GRANT
postgres-1  | GRANT
postgres-1  | COMMIT
postgres-1  | certification-init: applying 0024_project_auth.sql
postgres-1  | BEGIN
postgres-1  | CREATE TABLE
postgres-1  | CREATE INDEX
postgres-1  | CREATE TABLE
postgres-1  | CREATE INDEX
postgres-1  | CREATE INDEX
postgres-1  | CREATE TABLE
postgres-1  | CREATE INDEX
postgres-1  | CREATE TABLE
postgres-1  | CREATE TABLE
postgres-1  | CREATE FUNCTION
postgres-1  | CREATE TRIGGER
postgres-1  | CREATE TRIGGER
postgres-1  | CREATE TRIGGER
postgres-1  | CREATE TRIGGER
postgres-1  | CREATE TRIGGER
postgres-1  | REVOKE
postgres-1  | REVOKE
postgres-1  | GRANT
postgres-1  | GRANT
postgres-1  | GRANT
postgres-1  | GRANT
postgres-1  | GRANT
postgres-1  | GRANT
postgres-1  | GRANT
postgres-1  | GRANT
postgres-1  | GRANT
postgres-1  | COMMIT
postgres-1  | certification-init: applying 0025_project_storage.sql
postgres-1  | BEGIN
postgres-1  | CREATE TABLE
postgres-1  | CREATE INDEX
postgres-1  | CREATE TABLE
postgres-1  | CREATE INDEX
postgres-1  | CREATE INDEX
postgres-1  | CREATE INDEX
postgres-1  | CREATE TABLE
postgres-1  | CREATE INDEX
postgres-1  | CREATE INDEX
postgres-1  | CREATE FUNCTION
postgres-1  | CREATE FUNCTION
postgres-1  | CREATE FUNCTION
postgres-1  | CREATE TRIGGER
postgres-1  | CREATE TRIGGER
postgres-1  | CREATE TRIGGER
postgres-1  | ALTER TABLE
postgres-1  | ALTER TABLE
postgres-1  | ALTER TABLE
postgres-1  | CREATE POLICY
postgres-1  | CREATE POLICY
postgres-1  | CREATE POLICY
postgres-1  | CREATE POLICY
postgres-1  | CREATE POLICY
postgres-1  | CREATE POLICY
postgres-1  | CREATE POLICY
postgres-1  | CREATE POLICY
postgres-1  | CREATE POLICY
postgres-1  | CREATE POLICY
postgres-1  | REVOKE
postgres-1  | REVOKE
postgres-1  | REVOKE
postgres-1  | REVOKE
postgres-1  | GRANT
postgres-1  | GRANT
postgres-1  | GRANT
postgres-1  | GRANT
postgres-1  | GRANT
postgres-1  | GRANT
postgres-1  | GRANT
postgres-1  | GRANT
postgres-1  | GRANT
postgres-1  | COMMIT
postgres-1  | certification-init: applying 0026_project_queues.sql
postgres-1  | BEGIN
postgres-1  | CREATE TABLE
postgres-1  | CREATE INDEX
postgres-1  | CREATE TABLE
postgres-1  | CREATE INDEX
postgres-1  | CREATE INDEX
postgres-1  | CREATE INDEX
postgres-1  | CREATE INDEX
postgres-1  | CREATE INDEX
postgres-1  | CREATE FUNCTION
postgres-1  | CREATE FUNCTION
postgres-1  | CREATE FUNCTION
postgres-1  | CREATE TRIGGER
postgres-1  | CREATE TRIGGER
postgres-1  | CREATE TRIGGER
postgres-1  | ALTER TABLE
postgres-1  | ALTER TABLE
postgres-1  | CREATE POLICY
postgres-1  | CREATE POLICY
postgres-1  | CREATE POLICY
postgres-1  | CREATE POLICY
postgres-1  | CREATE POLICY
postgres-1  | CREATE POLICY
postgres-1  | REVOKE
postgres-1  | REVOKE
postgres-1  | REVOKE
postgres-1  | REVOKE
postgres-1  | GRANT
postgres-1  | GRANT
postgres-1  | GRANT
postgres-1  | GRANT
postgres-1  | GRANT
postgres-1  | GRANT
postgres-1  | COMMIT
postgres-1  | certification-init: applying 0027_project_queue_dead_letter_replay.sql
postgres-1  | BEGIN
postgres-1  | ALTER TABLE
postgres-1  | CREATE INDEX
postgres-1  | CREATE INDEX
postgres-1  | CREATE FUNCTION
postgres-1  | CREATE TRIGGER
postgres-1  | REVOKE
postgres-1  | GRANT
postgres-1  | COMMIT
postgres-1  | certification-init: applying 0028_usage_metering.sql
postgres-1  | BEGIN
postgres-1  | CREATE TABLE
postgres-1  | CREATE TABLE
postgres-1  | CREATE TABLE
postgres-1  | CREATE INDEX
postgres-1  | CREATE INDEX
postgres-1  | CREATE FUNCTION
postgres-1  | CREATE FUNCTION
postgres-1  | CREATE FUNCTION
postgres-1  | CREATE TRIGGER
postgres-1  | CREATE TRIGGER
postgres-1  | CREATE TRIGGER
postgres-1  | ALTER TABLE
postgres-1  | ALTER TABLE
postgres-1  | ALTER TABLE
postgres-1  | CREATE POLICY
postgres-1  | CREATE POLICY
postgres-1  | CREATE POLICY
postgres-1  | CREATE POLICY
postgres-1  | CREATE POLICY
postgres-1  | CREATE POLICY
postgres-1  | CREATE POLICY
postgres-1  | CREATE POLICY
postgres-1  | REVOKE
postgres-1  | REVOKE
postgres-1  | REVOKE
postgres-1  | REVOKE
postgres-1  | GRANT
postgres-1  | GRANT
postgres-1  | GRANT
postgres-1  | GRANT
postgres-1  | GRANT
postgres-1  | GRANT
postgres-1  | GRANT
postgres-1  | GRANT
postgres-1  | COMMIT
postgres-1  | certification-init: applying 0029_project_queue_definition_row_lock.sql
postgres-1  | GRANT
postgres-1  | CREATE POLICY
postgres-1  | certification-init: applying 0030_realtime_event_log.sql
postgres-1  | CREATE TABLE
postgres-1  | CREATE TABLE
postgres-1  | CREATE INDEX
postgres-1  | CREATE INDEX
postgres-1  | CREATE FUNCTION
postgres-1  | CREATE TRIGGER
postgres-1  | ALTER TABLE
postgres-1  | ALTER TABLE
postgres-1  | CREATE POLICY
postgres-1  | CREATE POLICY
postgres-1  | CREATE POLICY
postgres-1  | CREATE POLICY
postgres-1  | CREATE POLICY
postgres-1  | CREATE POLICY
postgres-1  | REVOKE
postgres-1  | REVOKE
postgres-1  | GRANT
postgres-1  | GRANT
postgres-1  | GRANT
postgres-1  | GRANT
postgres-1  | certification-init: applying 0031_project_cron.sql
postgres-1  | CREATE TABLE
postgres-1  | CREATE INDEX
postgres-1  | CREATE FUNCTION
postgres-1  | CREATE TRIGGER
postgres-1  | ALTER TABLE
postgres-1  | CREATE POLICY
postgres-1  | CREATE POLICY
postgres-1  | CREATE POLICY
postgres-1  | CREATE POLICY
postgres-1  | REVOKE
postgres-1  | REVOKE
postgres-1  | GRANT
postgres-1  | GRANT
postgres-1  | GRANT
postgres-1  | certification-init: applying 0032_project_webhooks.sql
postgres-1  | CREATE TABLE
postgres-1  | CREATE TABLE
postgres-1  | CREATE INDEX
postgres-1  | CREATE INDEX
postgres-1  | CREATE FUNCTION
postgres-1  | CREATE TRIGGER
postgres-1  | ALTER TABLE
postgres-1  | ALTER TABLE
postgres-1  | CREATE POLICY
postgres-1  | CREATE POLICY
postgres-1  | CREATE POLICY
postgres-1  | CREATE POLICY
postgres-1  | CREATE POLICY
postgres-1  | CREATE POLICY
postgres-1  | CREATE POLICY
postgres-1  | REVOKE
postgres-1  | REVOKE
postgres-1  | GRANT
postgres-1  | GRANT
postgres-1  | CREATE POLICY
postgres-1  | GRANT
postgres-1  | GRANT
postgres-1  | GRANT
postgres-1  | certification-init: applying 0033_project_functions.sql
postgres-1  | CREATE TABLE
postgres-1  | CREATE INDEX
postgres-1  | CREATE FUNCTION
postgres-1  | CREATE TRIGGER
postgres-1  | ALTER TABLE
postgres-1  | CREATE POLICY
postgres-1  | CREATE POLICY
postgres-1  | CREATE POLICY
postgres-1  | CREATE POLICY
postgres-1  | REVOKE
postgres-1  | REVOKE
postgres-1  | GRANT
postgres-1  | GRANT
postgres-1  | GRANT
postgres-1  | certification-init: applying 0034_project_functions_registry.sql
postgres-1  | ALTER TABLE
postgres-1  | ALTER TABLE
postgres-1  | certification-init: applying 0035_project_function_slots.sql
postgres-1  | CREATE TABLE
postgres-1  | CREATE INDEX
postgres-1  | CREATE FUNCTION
postgres-1  | CREATE TRIGGER
postgres-1  | ALTER TABLE
postgres-1  | CREATE POLICY
postgres-1  | CREATE POLICY
postgres-1  | CREATE POLICY
postgres-1  | REVOKE
postgres-1  | REVOKE
postgres-1  | GRANT
postgres-1  | GRANT
postgres-1  | certification-init: applying 0036_provisioner_heartbeat_upsert_grant.sql
postgres-1  | BEGIN
postgres-1  | GRANT
postgres-1  | COMMIT
postgres-1  | certification-init: applying 0037_provisioner_binding_returning_grant.sql
postgres-1  | BEGIN
postgres-1  | GRANT
postgres-1  | COMMIT
postgres-1  | certification-init: applying 0038_runtime_outbox_arbiter_grant.sql
postgres-1  | BEGIN
postgres-1  | GRANT
postgres-1  | COMMIT
postgres-1  | certification-init: applying 0039_billing_rate_cards.sql
postgres-1  | BEGIN
postgres-1  | CREATE TABLE
postgres-1  | CREATE INDEX
postgres-1  | ALTER TABLE
postgres-1  | ALTER TABLE
postgres-1  | CREATE POLICY
postgres-1  | CREATE POLICY
postgres-1  | REVOKE
postgres-1  | GRANT
postgres-1  | GRANT
postgres-1  | COMMIT
postgres-1  | certification-init: applying 0040_billing_invoices.sql
postgres-1  | BEGIN
postgres-1  | CREATE TABLE
postgres-1  | CREATE TABLE
postgres-1  | ALTER TABLE
postgres-1  | ALTER TABLE
postgres-1  | ALTER TABLE
postgres-1  | ALTER TABLE
postgres-1  | CREATE POLICY
postgres-1  | CREATE POLICY
postgres-1  | CREATE POLICY
postgres-1  | CREATE POLICY
postgres-1  | REVOKE
postgres-1  | GRANT
postgres-1  | GRANT
postgres-1  | GRANT
postgres-1  | GRANT
postgres-1  | GRANT
postgres-1  | COMMIT
postgres-1  | certification-init: applying 0041_project_storage_multipart.sql
postgres-1  | BEGIN
postgres-1  | ALTER TABLE
postgres-1  | ALTER TABLE
postgres-1  | COMMIT
postgres-1  | certification-init: applying 0042_project_function_deployments.sql
postgres-1  | BEGIN
postgres-1  | CREATE TABLE
postgres-1  | CREATE INDEX
postgres-1  | ALTER TABLE
postgres-1  | ALTER TABLE
postgres-1  | CREATE POLICY
postgres-1  | CREATE POLICY
postgres-1  | CREATE FUNCTION
postgres-1  | CREATE FUNCTION
postgres-1  | REVOKE
postgres-1  | REVOKE
postgres-1  | GRANT
postgres-1  | GRANT
postgres-1  | COMMIT
postgres-1  | certification-init: applying 0043_project_storage_upload_id_check_fix.sql
postgres-1  | ALTER TABLE
postgres-1  | ALTER TABLE
postgres-1  | certification-init: applying 0044_billing_invoice_numbers.sql
postgres-1  | BEGIN
postgres-1  | CREATE TABLE
postgres-1  | ALTER TABLE
postgres-1  | ALTER TABLE
postgres-1  | CREATE POLICY
postgres-1  | CREATE POLICY
postgres-1  | CREATE POLICY
postgres-1  | ALTER TABLE
postgres-1  | ALTER TABLE
postgres-1  | UPDATE 0
postgres-1  | ALTER TABLE
postgres-1  | ALTER TABLE
postgres-1  | UPDATE 0
postgres-1  | INSERT 0 0
postgres-1  | ALTER TABLE
postgres-1  | CREATE INDEX
postgres-1  | GRANT
postgres-1  | GRANT
postgres-1  | GRANT
postgres-1  | COMMIT
postgres-1  | certification-init: applying 0045_project_function_invocations.sql
postgres-1  | BEGIN
postgres-1  | CREATE TABLE
postgres-1  | CREATE INDEX
postgres-1  | ALTER TABLE
postgres-1  | ALTER TABLE
postgres-1  | CREATE POLICY
postgres-1  | CREATE POLICY
postgres-1  | REVOKE
postgres-1  | GRANT
postgres-1  | GRANT
postgres-1  | COMMIT
postgres-1  | certification-init: applying 0046_project_auth_audit.sql
postgres-1  | BEGIN
postgres-1  | GRANT
postgres-1  | GRANT
postgres-1  | GRANT
postgres-1  | GRANT
postgres-1  | CREATE POLICY
postgres-1  | COMMIT
postgres-1  | certification-init: applying 0047_audit_chain_order.sql
postgres-1  | BEGIN
postgres-1  | CREATE FUNCTION
postgres-1  | COMMIT
postgres-1  | certification-init: applying 0048_project_auth_mfa_enforcement.sql
postgres-1  | BEGIN
postgres-1  | CREATE TABLE
postgres-1  | ALTER TABLE
postgres-1  | ALTER TABLE
postgres-1  | CREATE FUNCTION
postgres-1  | CREATE TRIGGER
postgres-1  | REVOKE
postgres-1  | REVOKE
postgres-1  | GRANT
postgres-1  | GRANT
postgres-1  | GRANT
postgres-1  | COMMIT
postgres-1  | certification-init: applying 0049_project_database_webhooks.sql
postgres-1  | CREATE TABLE
postgres-1  | CREATE INDEX
postgres-1  | ALTER TABLE
postgres-1  | CREATE POLICY
postgres-1  | CREATE POLICY
postgres-1  | CREATE POLICY
postgres-1  | REVOKE
postgres-1  | GRANT
postgres-1  | certification-init: applying 0050_project_database_webhook_cursors.sql
postgres-1  | CREATE TABLE
postgres-1  | ALTER TABLE
postgres-1  | CREATE POLICY
postgres-1  | CREATE POLICY
postgres-1  | CREATE POLICY
postgres-1  | REVOKE
postgres-1  | GRANT
postgres-1  | certification-init: applying 0051_project_auth_return_targets.sql
postgres-1  | BEGIN
postgres-1  | ALTER TABLE
postgres-1  | ALTER TABLE
postgres-1  | REVOKE
postgres-1  | GRANT
postgres-1  | COMMIT
postgres-1  | certification-init: applying 0052_project_auth_rate_limits.sql
postgres-1  | BEGIN
postgres-1  | ALTER TABLE
postgres-1  | ALTER TABLE
postgres-1  | CREATE TABLE
postgres-1  | CREATE INDEX
postgres-1  | REVOKE
postgres-1  | GRANT
postgres-1  | REVOKE
postgres-1  | GRANT
postgres-1  | COMMIT
postgres-1  | certification-init: applying 0053_project_auth_password_protection.sql
postgres-1  | BEGIN
postgres-1  | ALTER TABLE
postgres-1  | ALTER TABLE
postgres-1  | REVOKE
postgres-1  | GRANT
postgres-1  | COMMIT
postgres-1  | certification-init: applying 0054_project_log_drains.sql
postgres-1  | BEGIN
postgres-1  | CREATE FUNCTION
postgres-1  | REVOKE
postgres-1  | GRANT
postgres-1  | CREATE TABLE
postgres-1  | CREATE INDEX
postgres-1  | ALTER TABLE
postgres-1  | CREATE POLICY
postgres-1  | CREATE POLICY
postgres-1  | CREATE POLICY
postgres-1  | REVOKE
postgres-1  | GRANT
postgres-1  | COMMIT
postgres-1  | certification-init: applying 0055_user_console_settings.sql
postgres-1  | BEGIN
postgres-1  | CREATE TABLE
postgres-1  | CREATE TRIGGER
postgres-1  | REVOKE
postgres-1  | GRANT
postgres-1  | COMMIT
postgres-1  | certification-init: applying 0056_project_log_drain_cursors.sql
postgres-1  | BEGIN
postgres-1  | CREATE TABLE
postgres-1  | ALTER TABLE
postgres-1  | CREATE POLICY
postgres-1  | CREATE POLICY
postgres-1  | CREATE POLICY
postgres-1  | REVOKE
postgres-1  | GRANT
postgres-1  | COMMIT
postgres-1  | certification-init: applying 0057_project_dashboard_webhooks.sql
postgres-1  | BEGIN
postgres-1  | CREATE FUNCTION
postgres-1  | REVOKE
postgres-1  | GRANT
postgres-1  | CREATE TABLE
postgres-1  | CREATE INDEX
postgres-1  | ALTER TABLE
postgres-1  | CREATE POLICY
postgres-1  | CREATE POLICY
postgres-1  | CREATE POLICY
postgres-1  | REVOKE
postgres-1  | GRANT
postgres-1  | CREATE TABLE
postgres-1  | ALTER TABLE
postgres-1  | CREATE POLICY
postgres-1  | CREATE POLICY
postgres-1  | CREATE POLICY
postgres-1  | REVOKE
postgres-1  | GRANT
postgres-1  | COMMIT
postgres-1  | certification-init: applying 0058_project_auth_hooks.sql
postgres-1  | BEGIN
postgres-1  | ALTER TABLE
postgres-1  | ALTER TABLE
postgres-1  | ALTER TABLE
postgres-1  | ALTER TABLE
postgres-1  | REVOKE
postgres-1  | GRANT
postgres-1  | COMMIT
postgres-1  | certification-init: applying 0059_project_storage_s3_access_keys.sql
postgres-1  | BEGIN
postgres-1  | CREATE TABLE
postgres-1  | CREATE INDEX
postgres-1  | CREATE INDEX
postgres-1  | CREATE TABLE
postgres-1  | CREATE INDEX
postgres-1  | CREATE FUNCTION
postgres-1  | CREATE TRIGGER
postgres-1  | ALTER TABLE
postgres-1  | ALTER TABLE
postgres-1  | CREATE POLICY
postgres-1  | CREATE POLICY
postgres-1  | CREATE POLICY
postgres-1  | CREATE POLICY
postgres-1  | CREATE POLICY
postgres-1  | CREATE POLICY
postgres-1  | REVOKE
postgres-1  | REVOKE
postgres-1  | REVOKE
postgres-1  | GRANT
postgres-1  | GRANT
postgres-1  | GRANT
postgres-1  | GRANT
postgres-1  | COMMIT
postgres-1  | certification-init: applying 0060_project_auth_passkeys.sql
postgres-1  | BEGIN
postgres-1  | CREATE TABLE
postgres-1  | CREATE INDEX
postgres-1  | ALTER TABLE
postgres-1  | ALTER TABLE
postgres-1  | CREATE TRIGGER
postgres-1  | REVOKE
postgres-1  | GRANT
postgres-1  | GRANT
postgres-1  | COMMIT
postgres-1  | certification-init: applying 0061_project_auth_third_party_providers.sql
postgres-1  | BEGIN
postgres-1  | CREATE TABLE
postgres-1  | ALTER TABLE
postgres-1  | ALTER TABLE
postgres-1  | ALTER TABLE
postgres-1  | ALTER TABLE
postgres-1  | ALTER TABLE
postgres-1  | REVOKE
postgres-1  | GRANT
postgres-1  | COMMIT
postgres-1  | certification-init: applying 0062_project_auth_oauth_server.sql
postgres-1  | BEGIN
postgres-1  | CREATE TABLE
postgres-1  | ALTER TABLE
postgres-1  | ALTER TABLE
postgres-1  | ALTER TABLE
postgres-1  | REVOKE
postgres-1  | GRANT
postgres-1  | CREATE TABLE
postgres-1  | ALTER TABLE
postgres-1  | ALTER TABLE
postgres-1  | ALTER TABLE
postgres-1  | CREATE TRIGGER
postgres-1  | REVOKE
postgres-1  | GRANT
postgres-1  | GRANT
postgres-1  | CREATE TABLE
postgres-1  | ALTER TABLE
postgres-1  | ALTER TABLE
postgres-1  | REVOKE
postgres-1  | GRANT
postgres-1  | COMMIT
postgres-1  | certification-init: applying 0063_project_auth_expiry_retention.sql
postgres-1  | BEGIN
postgres-1  | CREATE INDEX
postgres-1  | CREATE INDEX
postgres-1  | CREATE INDEX
postgres-1  | GRANT
postgres-1  | GRANT
postgres-1  | GRANT
postgres-1  | COMMIT
postgres-1  | certification-init: applying 0064_project_auth_oauth_consents.sql
postgres-1  | BEGIN
postgres-1  | CREATE TABLE
postgres-1  | ALTER TABLE
postgres-1  | ALTER TABLE
postgres-1  | CREATE INDEX
postgres-1  | CREATE INDEX
postgres-1  | CREATE TRIGGER
postgres-1  | CREATE FUNCTION
postgres-1  | CREATE TRIGGER
postgres-1  | REVOKE
postgres-1  | REVOKE
postgres-1  | GRANT
postgres-1  | GRANT
postgres-1  | GRANT
postgres-1  | ALTER TABLE
postgres-1  | ALTER TABLE
postgres-1  | COMMIT
postgres-1  | certification-init: applying 0065_project_storage_s3_access_key_secrets.sql
postgres-1  | BEGIN
postgres-1  | ALTER TABLE
postgres-1  | CREATE FUNCTION
postgres-1  | CREATE FUNCTION
postgres-1  | REVOKE
postgres-1  | GRANT
postgres-1  | COMMIT
postgres-1  | certification-init: applying 0066_project_cron_time_zone.sql
postgres-1  | ALTER TABLE
postgres-1  | certification-init: applying 0069_project_function_invocation_output.sql
postgres-1  | BEGIN
postgres-1  | CREATE TABLE
postgres-1  | CREATE INDEX
postgres-1  | ALTER TABLE
postgres-1  | ALTER TABLE
postgres-1  | CREATE POLICY
postgres-1  | CREATE POLICY
postgres-1  | REVOKE
postgres-1  | GRANT
postgres-1  | GRANT
postgres-1  | COMMIT
postgres-1  | certification-init: applying 0070_project_auth_saml.sql
postgres-1  | BEGIN
postgres-1  | CREATE TABLE
postgres-1  | CREATE INDEX
postgres-1  | ALTER TABLE
postgres-1  | ALTER TABLE
postgres-1  | ALTER TABLE
postgres-1  | ALTER TABLE
postgres-1  | CREATE TRIGGER
postgres-1  | REVOKE
postgres-1  | GRANT
postgres-1  | COMMIT
postgres-1  | certification-init: applying 0071_project_storage_s3_multipart.sql
postgres-1  | BEGIN
postgres-1  | ALTER TABLE
postgres-1  | ALTER TABLE
postgres-1  | ALTER TABLE
postgres-1  | ALTER TABLE
postgres-1  | ALTER TABLE
postgres-1  | ALTER TABLE
postgres-1  | ALTER TABLE
postgres-1  | ALTER TABLE
postgres-1  | CREATE TABLE
postgres-1  | CREATE INDEX
postgres-1  | CREATE FUNCTION
postgres-1  | GRANT
postgres-1  | REVOKE
postgres-1  | ALTER TABLE
postgres-1  | CREATE POLICY
postgres-1  | CREATE POLICY
postgres-1  | CREATE POLICY
postgres-1  | CREATE POLICY
postgres-1  | GRANT
postgres-1  | GRANT
postgres-1  | COMMIT
postgres-1  | certification-init: applying 0073_project_auth_oauth_tool_scopes.sql
postgres-1  | BEGIN
postgres-1  | ALTER TABLE
postgres-1  | ALTER TABLE
postgres-1  | ALTER TABLE
postgres-1  | ALTER TABLE
postgres-1  | ALTER TABLE
postgres-1  | ALTER TABLE
postgres-1  | ALTER TABLE
postgres-1  | ALTER TABLE
postgres-1  | COMMIT
postgres-1  | certification-init: applying 0075_log_drain_function_output_source.sql
postgres-1  | BEGIN
postgres-1  | CREATE FUNCTION
postgres-1  | REVOKE
postgres-1  | GRANT
postgres-1  | COMMIT
postgres-1  | certification-init: applying 0077_realtime_presence.sql
postgres-1  | BEGIN
postgres-1  | CREATE TABLE
postgres-1  | CREATE INDEX
postgres-1  | CREATE INDEX
postgres-1  | ALTER TABLE
postgres-1  | CREATE POLICY
postgres-1  | CREATE POLICY
postgres-1  | CREATE POLICY
postgres-1  | CREATE POLICY
postgres-1  | REVOKE
postgres-1  | GRANT
postgres-1  | GRANT
postgres-1  | COMMIT
postgres-1  | certification-init: applying 0078_project_auth_oauth_storage_write_scope.sql
postgres-1  | BEGIN
postgres-1  | ALTER TABLE
postgres-1  | ALTER TABLE
postgres-1  | ALTER TABLE
postgres-1  | ALTER TABLE
postgres-1  | ALTER TABLE
postgres-1  | ALTER TABLE
postgres-1  | ALTER TABLE
postgres-1  | ALTER TABLE
postgres-1  | COMMIT
postgres-1  | certification-init: applying 0080_billing_invoice_positions.sql
postgres-1  | BEGIN
postgres-1  | ALTER TABLE
postgres-1  | UPDATE 0
postgres-1  | ALTER TABLE
postgres-1  | ALTER TABLE
postgres-1  | ALTER TABLE
postgres-1  | ALTER TABLE
postgres-1  | GRANT
postgres-1  | CREATE TABLE
postgres-1  | CREATE INDEX
postgres-1  | ALTER TABLE
postgres-1  | ALTER TABLE
postgres-1  | CREATE POLICY
postgres-1  | CREATE POLICY
postgres-1  | REVOKE
postgres-1  | GRANT
postgres-1  | GRANT
postgres-1  | GRANT
postgres-1  | COMMIT
postgres-1  | certification-init: applying 0081_project_queue_message_traces.sql
postgres-1  | BEGIN
postgres-1  | CREATE TABLE
postgres-1  | CREATE INDEX
postgres-1  | CREATE INDEX
postgres-1  | CREATE FUNCTION
postgres-1  | CREATE TRIGGER
postgres-1  | ALTER TABLE
postgres-1  | ALTER TABLE
postgres-1  | CREATE POLICY
postgres-1  | CREATE POLICY
postgres-1  | CREATE POLICY
postgres-1  | REVOKE
postgres-1  | REVOKE
postgres-1  | GRANT
postgres-1  | GRANT
postgres-1  | COMMIT
postgres-1  | certification-init: applying 0082_trace_spans_and_outbound_anchor.sql
postgres-1  | BEGIN
postgres-1  | ALTER TABLE
postgres-1  | ALTER TABLE
postgres-1  | ALTER TABLE
postgres-1  | ALTER TABLE
postgres-1  | ALTER TABLE
postgres-1  | CREATE FUNCTION
postgres-1  | REVOKE
postgres-1  | COMMIT
postgres-1  | certification-init: applied 76 migrations
postgres-1  | CREATE EXTENSION
postgres-1  | CREATE ROLE
postgres-1  | CREATE ROLE
postgres-1  | CREATE ROLE
postgres-1  | CREATE ROLE
postgres-1  | CREATE ROLE
postgres-1  | GRANT ROLE
postgres-1  | GRANT ROLE
postgres-1  | GRANT ROLE
postgres-1  | GRANT ROLE
postgres-1  | 2026-10-01 20:52:28.328 UTC [315] WARNING:  role "qkern_app" has not been granted membership in role "qkern_auth" by role "qkern"
postgres-1  | REVOKE ROLE
postgres-1  | WARNING:  role "qkern_app" has not been granted membership in role "qkern_auth" by role "qkern"
postgres-1  | 2026-10-01 20:52:28.328 UTC [315] WARNING:  role "qkern_app" has not been granted membership in role "qkern_worker" by role "qkern"
postgres-1  | REVOKE ROLE
postgres-1  | 2026-10-01 20:52:28.329 UTC [315] WARNING:  role "qkern_app" has not been granted membership in role "qkern_provisioner" by role "qkern"
postgres-1  | WARNING:  role "qkern_app" has not been granted membership in role "qkern_worker" by role "qkern"
postgres-1  | REVOKE ROLE
postgres-1  | WARNING:  role "qkern_app" has not been granted membership in role "qkern_provisioner" by role "qkern"
postgres-1  | 2026-10-01 20:52:28.329 UTC [315] WARNING:  role "qkern_auth_app" has not been granted membership in role "qkern_runtime" by role "qkern"
postgres-1  | REVOKE ROLE
postgres-1  | 2026-10-01 20:52:28.329 UTC [315] WARNING:  role "qkern_auth_app" has not been granted membership in role "qkern_worker" by role "qkern"
postgres-1  | REVOKE ROLE
postgres-1  | WARNING:  role "qkern_auth_app" has not been granted membership in role "qkern_runtime" by role "qkern"
postgres-1  | WARNING:  role "qkern_auth_app" has not been granted membership in role "qkern_worker" by role "qkern"
postgres-1  | 2026-10-01 20:52:28.329 UTC [315] WARNING:  role "qkern_auth_app" has not been granted membership in role "qkern_provisioner" by role "qkern"
postgres-1  | REVOKE ROLE
postgres-1  | 2026-10-01 20:52:28.329 UTC [315] WARNING:  role "qkern_worker_app" has not been granted membership in role "qkern_runtime" by role "qkern"
postgres-1  | 2026-10-01 20:52:28.329 UTC [315] WARNING:  role "qkern_worker_app" has not been granted membership in role "qkern_auth" by role "qkern"
postgres-1  | 2026-10-01 20:52:28.329 UTC [315] WARNING:  role "qkern_worker_app" has not been granted membership in role "qkern_provisioner" by role "qkern"
postgres-1  | WARNING:  role "qkern_auth_app" has not been granted membership in role "qkern_provisioner" by role "qkern"
postgres-1  | REVOKE ROLE
postgres-1  | 2026-10-01 20:52:28.330 UTC [315] WARNING:  role "qkern_provisioner_app" has not been granted membership in role "qkern_runtime" by role "qkern"
postgres-1  | 2026-10-01 20:52:28.330 UTC [315] WARNING:  role "qkern_provisioner_app" has not been granted membership in role "qkern_auth" by role "qkern"
postgres-1  | 2026-10-01 20:52:28.330 UTC [315] WARNING:  role "qkern_provisioner_app" has not been granted membership in role "qkern_worker" by role "qkern"
postgres-1  | WARNING:  role "qkern_worker_app" has not been granted membership in role "qkern_runtime" by role "qkern"
postgres-1  | WARNING:  role "qkern_worker_app" has not been granted membership in role "qkern_auth" by role "qkern"
postgres-1  | WARNING:  role "qkern_worker_app" has not been granted membership in role "qkern_provisioner" by role "qkern"
postgres-1  | WARNING:  role "qkern_provisioner_app" has not been granted membership in role "qkern_runtime" by role "qkern"
postgres-1  | WARNING:  role "qkern_provisioner_app" has not been granted membership in role "qkern_auth" by role "qkern"
postgres-1  | WARNING:  role "qkern_provisioner_app" has not been granted membership in role "qkern_worker" by role "qkern"
postgres-1  | REVOKE ROLE
postgres-1  | 2026-10-01 20:52:28.330 UTC [315] WARNING:  role "qkern_project_api_app" has not been granted membership in role "qkern_runtime" by role "qkern"
postgres-1  | 2026-10-01 20:52:28.330 UTC [315] WARNING:  role "qkern_project_api_app" has not been granted membership in role "qkern_auth" by role "qkern"
postgres-1  | 2026-10-01 20:52:28.330 UTC [315] WARNING:  role "qkern_project_api_app" has not been granted membership in role "qkern_worker" by role "qkern"
postgres-1  | 2026-10-01 20:52:28.330 UTC [315] WARNING:  role "qkern_project_api_app" has not been granted membership in role "qkern_provisioner" by role "qkern"
postgres-1  | WARNING:  role "qkern_project_api_app" has not been granted membership in role "qkern_runtime" by role "qkern"
postgres-1  | WARNING:  role "qkern_project_api_app" has not been granted membership in role "qkern_auth" by role "qkern"
postgres-1  | WARNING:  role "qkern_project_api_app" has not been granted membership in role "qkern_worker" by role "qkern"
postgres-1  | REVOKE ROLE
postgres-1  | WARNING:  role "qkern_project_api_app" has not been granted membership in role "qkern_provisioner" by role "qkern"
postgres-1  | ALTER ROLE
postgres-1  | ALTER ROLE
postgres-1  | ALTER ROLE
postgres-1  | ALTER ROLE
postgres-1  | ALTER ROLE
postgres-1  | ALTER ROLE
postgres-1  | ALTER ROLE
postgres-1  | ALTER ROLE
postgres-1  | ALTER ROLE
postgres-1  | ALTER ROLE
postgres-1  | ALTER ROLE
postgres-1  | ALTER ROLE
postgres-1  | ALTER ROLE
postgres-1  | ALTER ROLE
postgres-1  | ALTER ROLE
postgres-1  | project-database: kein Passwort gesetzt, lokale Projektdatenbank wird nicht angelegt
postgres-1  | 
postgres-1  | waiting for server to shut down....2026-10-01 20:52:28.346 UTC [42] LOG:  received fast shutdown request
postgres-1  | 2026-10-01 20:52:28.346 UTC [42] LOG:  aborting any active transactions
postgres-1  | 2026-10-01 20:52:28.349 UTC [42] LOG:  background worker "logical replication launcher" (PID 48) exited with exit code 1
postgres-1  | 2026-10-01 20:52:28.349 UTC [43] LOG:  shutting down
postgres-1  | 2026-10-01 20:52:28.349 UTC [43] LOG:  checkpoint starting: shutdown immediate
postgres-1  | 2026-10-01 20:52:28.358 UTC [43] LOG:  checkpoint complete: wrote 1280 buffers (7.8%); 0 WAL file(s) added, 0 removed, 0 recycled; write=0.008 s, sync=0.002 s, total=0.009 s; sync files=772, longest=0.001 s, average=0.000 s; distance=8879 kB, estimate=8879 kB; lsn=0/1D9DB18, redo lsn=0/1D9DB18
postgres-1  | 2026-10-01 20:52:28.366 UTC [42] LOG:  database system is shut down
postgres-1  |  done
postgres-1  | server stopped
postgres-1  | 
postgres-1  | PostgreSQL init process complete; ready for start up.
postgres-1  | 
postgres-1  | 2026-10-01 20:52:28.466 UTC [1] LOG:  starting PostgreSQL 17.10 on x86_64-pc-linux-musl, compiled by gcc (Alpine 15.2.0) 15.2.0, 64-bit
postgres-1  | 2026-10-01 20:52:28.467 UTC [1] LOG:  listening on IPv4 address "0.0.0.0", port 5432
postgres-1  | 2026-10-01 20:52:28.467 UTC [1] LOG:  listening on IPv6 address "::", port 5432
postgres-1  | 2026-10-01 20:52:28.663 UTC [1] LOG:  listening on Unix socket "/var/run/postgresql/.s.PGSQL.5432"
postgres-1  | 2026-10-01 20:52:28.665 UTC [329] LOG:  database system was shut down at 2026-10-01 20:52:28 UTC
postgres-1  | 2026-10-01 20:52:28.674 UTC [1] LOG:  database system is ready to accept connections
vault-1     | ==> Vault server configuration:
vault-1     | 
vault-1     | Administrative Namespace: 
vault-1     |              Api Address: http://0.0.0.0:8200
vault-1     |                      Cgo: disabled
vault-1     |          Cluster Address: https://0.0.0.0:8201
vault-1     |    Environment Variables: GOTRACEBACK, HOME, HOSTNAME, NAME, PATH, PWD, SHLVL, VAULT_DEV_LISTEN_ADDRESS, VAULT_DEV_ROOT_TOKEN_ID, VERSION
vault-1     |               Go Version: go1.23.3
vault-1     |               Listener 1: tcp (addr: "0.0.0.0:8200", cluster address: "0.0.0.0:8201", disable_request_limiter: "false", max_request_duration: "1m30s", max_request_size: "33554432", tls: "disabled")
vault-1     |                Log Level: 
vault-1     |                    Mlock: supported: true, enabled: false
vault-1     |            Recovery Mode: false
vault-1     |                  Storage: inmem
vault-1     |                  Version: Vault v1.18.3, built 2024-12-16T14:00:53Z
vault-1     |              Version Sha: 7ae4eca5403bf574f142cd8f987b8d83bafcd1de
vault-1     | 
vault-1     | ==> Vault server started! Log data will stream in below:
vault-1     | 
vault-1     | 2026-10-01T20:52:30.602Z [INFO]  proxy environment: http_proxy="" https_proxy="" no_proxy=""
vault-1     | 2026-10-01T20:52:30.603Z [INFO]  incrementing seal generation: generation=1
vault-1     | 2026-10-01T20:52:30.603Z [WARN]  no `api_addr` value specified in config or in VAULT_API_ADDR; falling back to detection if possible, but this value should be manually set
vault-1     | 2026-10-01T20:52:30.603Z [INFO]  core: Initializing version history cache for core
vault-1     | 2026-10-01T20:52:30.603Z [INFO]  events: Starting event system
vault-1     | 2026-10-01T20:52:30.605Z [INFO]  core: security barrier not initialized
vault-1     | 2026-10-01T20:52:30.605Z [INFO]  core: security barrier initialized: stored=1 shares=1 threshold=1
vault-1     | 2026-10-01T20:52:30.606Z [INFO]  core: post-unseal setup starting
vault-1     | 2026-10-01T20:52:30.615Z [INFO]  core: loaded wrapping token key
vault-1     | 2026-10-01T20:52:30.615Z [INFO]  core: successfully setup plugin runtime catalog
vault-1     | 2026-10-01T20:52:30.615Z [INFO]  core: successfully setup plugin catalog: plugin-directory=""
vault-1     | 2026-10-01T20:52:30.615Z [INFO]  core: no mounts; adding default mount table
vault-1     | 2026-10-01T20:52:30.618Z [INFO]  core: successfully mounted: type=cubbyhole version="v1.18.3+builtin.vault" path=cubbyhole/ namespace="ID: root. Path: "
vault-1     | 2026-10-01T20:52:30.618Z [INFO]  core: successfully mounted: type=system version="v1.18.3+builtin.vault" path=sys/ namespace="ID: root. Path: "
vault-1     | 2026-10-01T20:52:30.619Z [INFO]  core: successfully mounted: type=identity version="v1.18.3+builtin.vault" path=identity/ namespace="ID: root. Path: "
vault-1     | 2026-10-01T20:52:30.622Z [INFO]  core: successfully mounted: type=token version="v1.18.3+builtin.vault" path=token/ namespace="ID: root. Path: "
vault-1     | 2026-10-01T20:52:30.622Z [INFO]  rollback: Starting the rollback manager with 256 workers
vault-1     | 2026-10-01T20:52:30.623Z [INFO]  rollback: starting rollback manager
vault-1     | 2026-10-01T20:52:30.623Z [INFO]  core: restoring leases
vault-1     | 2026-10-01T20:52:30.623Z [INFO]  expiration: lease restore complete
vault-1     | 2026-10-01T20:52:30.624Z [INFO]  identity: entities restored
vault-1     | 2026-10-01T20:52:30.624Z [INFO]  identity: groups restored
vault-1     | 2026-10-01T20:52:30.625Z [INFO]  core: Recorded vault version: vault version=1.18.3 upgrade time="2026-10-01 20:52:30.625085519 +0000 UTC" build date=2024-12-16T14:00:53Z
vault-1     | 2026-10-01T20:52:30.625Z [INFO]  core: post-unseal setup complete
vault-1     | 2026-10-01T20:52:30.626Z [INFO]  core: root token generated
vault-1     | 2026-10-01T20:52:30.626Z [INFO]  core: pre-seal teardown starting
vault-1     | 2026-10-01T20:52:30.626Z [INFO]  rollback: stopping rollback manager
vault-1     | 2026-10-01T20:52:30.626Z [INFO]  core: pre-seal teardown complete
vault-1     | 2026-10-01T20:52:30.626Z [INFO]  core.cluster-listener.tcp: starting listener: listener_address=0.0.0.0:8201
vault-1     | 2026-10-01T20:52:30.627Z [INFO]  core.cluster-listener: serving cluster requests: cluster_listen_address=[::]:8201
vault-1     | 2026-10-01T20:52:30.627Z [INFO]  core: post-unseal setup starting
vault-1     | 2026-10-01T20:52:30.627Z [INFO]  core: loaded wrapping token key
vault-1     | 2026-10-01T20:52:30.627Z [INFO]  core: successfully setup plugin runtime catalog
vault-1     | 2026-10-01T20:52:30.627Z [INFO]  core: successfully setup plugin catalog: plugin-directory=""
vault-1     | 2026-10-01T20:52:30.628Z [INFO]  core: successfully mounted: type=system version="v1.18.3+builtin.vault" path=sys/ namespace="ID: root. Path: "
vault-1     | 2026-10-01T20:52:30.628Z [INFO]  core: successfully mounted: type=identity version="v1.18.3+builtin.vault" path=identity/ namespace="ID: root. Path: "
vault-1     | 2026-10-01T20:52:30.628Z [INFO]  core: successfully mounted: type=cubbyhole version="v1.18.3+builtin.vault" path=cubbyhole/ namespace="ID: root. Path: "
vault-1     | 2026-10-01T20:52:30.629Z [INFO]  core: successfully mounted: type=token version="v1.18.3+builtin.vault" path=token/ namespace="ID: root. Path: "
vault-1     | 2026-10-01T20:52:30.629Z [INFO]  rollback: Starting the rollback manager with 256 workers
vault-1     | 2026-10-01T20:52:30.629Z [INFO]  rollback: starting rollback manager
vault-1     | 2026-10-01T20:52:30.630Z [INFO]  core: restoring leases
vault-1     | 2026-10-01T20:52:30.630Z [INFO]  expiration: lease restore complete
vault-1     | 2026-10-01T20:52:30.630Z [INFO]  identity: entities restored
vault-1     | 2026-10-01T20:52:30.630Z [INFO]  identity: groups restored
vault-1     | 2026-10-01T20:52:30.630Z [INFO]  core: post-unseal setup complete
vault-1     | 2026-10-01T20:52:30.630Z [INFO]  core: vault is unsealed
vault-1     | 2026-10-01T20:52:30.632Z [INFO]  expiration: revoked lease: lease_id=auth/token/root/h85d4925840f1cc9a735ba826fefc3d0a0fb11ac918a21121facd88b2ee6cbd86
vault-1     | 2026-10-01T20:52:30.638Z [INFO]  core: successful mount: namespace="" path=secret/ type=kv version="v0.20.0+builtin"
vault-1     | WARNING! dev mode is enabled! In this mode, Vault runs entirely in-memory
vault-1     | and starts unsealed with a single unseal key. The root token is already
vault-1     | authenticated to the CLI, so you can immediately begin using Vault.
vault-1     | 
vault-1     | You may need to set the following environment variables:
vault-1     | 
vault-1     |     $ export VAULT_ADDR='http://0.0.0.0:8200'
vault-1     | 
vault-1     | The unseal key and root token are displayed below in case you want to
vault-1     | seal/unseal the Vault or re-authenticate.
vault-1     | 
vault-1     | Unseal Key: bOrNyXlT+tgT6MNohxEFQmJL4wQbrbvP10sOGy38lvQ=
vault-1     | Root Token: qkern-certification-root-token
vault-1     | 
vault-1     | Development mode should NOT be used in production installations!
vault-1     | 
 Container qkern-slice-tracepass-postgres-1 Healthy 
 Container qkern-slice-tracepass-vault-1 Healthy 
 Container qkern-slice-tracepass-certification-1 Starting 
 Container qkern-slice-tracepass-certification-1 Started 
certification-1  | vault-seed: one signing secret written
certification-1  | 
certification-1  | added 240 packages, and audited 241 packages in 18s
certification-1  | 
certification-1  | 61 packages are looking for funding
certification-1  |   run `npm fund` for details
certification-1  | 
certification-1  | 10 vulnerabilities (6 moderate, 3 high, 1 critical)
certification-1  | 
certification-1  | To address issues that do not require attention, run:
certification-1  |   npm audit fix
certification-1  | 
certification-1  | To address all issues, run:
certification-1  |   npm audit fix --force
certification-1  | 
certification-1  | Run `npm audit` for details.
certification-1  | npm notice
certification-1  | npm notice New major version of npm available! 11.17.0 -> 12.2.0
certification-1  | npm notice Changelog: https://github.com/npm/cli/releases/tag/v12.2.0
certification-1  | npm notice To update run: npm install -g npm@12.2.0
certification-1  | npm notice
certification-1  | 
certification-1  | > qkern-platform@2.72.0 test:postgres
certification-1  | > vitest run tests/postgres.integration.test.ts tests/postgres-incident-recovery.integration.test.ts tests/generated-data-postgres.integration.test.ts tests/project-auth-postgres.integration.test.ts tests/project-storage-postgres.integration.test.ts tests/project-queues-postgres.integration.test.ts tests/usage-metering-postgres.integration.test.ts tests/realtime-postgres.integration.test.ts tests/realtime-change-feed-postgres.integration.test.ts tests/realtime-change-chain-postgres.integration.test.ts tests/realtime-change-soak-postgres.integration.test.ts tests/project-queues-multi-instance.integration.test.ts tests/compute-cron-postgres.integration.test.ts tests/compute-webhook-postgres.integration.test.ts tests/compute-webhook-chain.integration.test.ts tests/compute-definitions-postgres.integration.test.ts tests/compute-functions-postgres.integration.test.ts tests/usage-emitters-postgres.integration.test.ts tests/migration-process-postgres.integration.test.ts tests/realtime-process-postgres.integration.test.ts tests/provisioning-port-postgres.integration.test.ts tests/migration-enqueue-postgres.integration.test.ts tests/sql-privilege-clause-contract.integration.test.ts tests/queue-connection-pressure-postgres.integration.test.ts tests/usage-billing-postgres.integration.test.ts tests/billing-invoice-postgres.integration.test.ts tests/data-plane-query-postgres.integration.test.ts tests/data-plane-triggers-postgres.integration.test.ts tests/data-plane-functions-postgres.integration.test.ts tests/data-plane-catalog-postgres.integration.test.ts tests/data-plane-catalog-wide-postgres.integration.test.ts
certification-1  | 
certification-1  | 
certification-1  | [1m[30m[46m RUN [49m[39m[22m [36mv4.1.10 [39m[90m/workspace/qkern[39m
certification-1  | 
postgres-1       | 2026-10-01 20:52:58.892 UTC [495] ERROR:  permission denied for table project_database_provisioning_jobs
postgres-1       | 2026-10-01 20:52:58.892 UTC [495] STATEMENT:  SELECT 1 FROM project_database_provisioning_jobs LIMIT 1
postgres-1       | 2026-10-01 20:52:58.910 UTC [495] ERROR:  permission denied for table project_database_bindings
postgres-1       | 2026-10-01 20:52:58.910 UTC [495] STATEMENT:  SELECT 1 FROM project_database_bindings LIMIT 1
certification-1  |  [32m✓[39m tests/provisioning-port-postgres.integration.test.ts [2m([22m[2m6 tests[22m[2m)[22m[33m 625[2mms[22m[39m
certification-1  |      [33m[2m✓[22m[39m (2.88) hands the web runtime the order of its own tenant and never a field of the binding [33m 321[2mms[22m[39m
postgres-1       | 2026-10-01 20:52:59.157 UTC [465] ERROR:  webhook delivery content is immutable
postgres-1       | 2026-10-01 20:52:59.157 UTC [465] CONTEXT:  PL/pgSQL function qkern_validate_project_webhook_delivery_update() line 10 at RAISE
postgres-1       | 2026-10-01 20:52:59.157 UTC [465] STATEMENT:  UPDATE project_webhook_deliveries SET payload='{"tampered":true}'::jsonb WHERE id=$1
postgres-1       | 2026-10-01 20:52:59.308 UTC [505] ERROR:  a settled webhook delivery is final
postgres-1       | 2026-10-01 20:52:59.308 UTC [505] CONTEXT:  PL/pgSQL function qkern_validate_project_webhook_delivery_update() line 16 at RAISE
postgres-1       | 2026-10-01 20:52:59.308 UTC [505] STATEMENT:  UPDATE project_webhook_deliveries SET status='pending' WHERE id=$1
postgres-1       | 2026-10-01 20:52:59.398 UTC [518] ERROR:  relation "change_feed" already exists
postgres-1       | 2026-10-01 20:52:59.398 UTC [518] STATEMENT:  -- Run once after 0002_qkern_migration_fence.sql as the trusted project database
postgres-1       | 	-- provisioner. Provides trigger-based change capture for Realtime.
postgres-1       | 	--
postgres-1       | 	-- ## Warum Trigger und nicht logische Replikation
postgres-1       | 	--
postgres-1       | 	-- Logische Replikation sieht jede Aenderung ohne Schemaeingriff, verlangt aber
postgres-1       | 	-- eine Rolle mit Replikationsrecht und einen Slot. Beides steht im direkten
postgres-1       | 	-- Widerspruch zu diesem Schema: 0001 prueft fuer jede beteiligte Rolle
postgres-1       | 	-- ausdruecklich rolreplication = false. Ein hängender Konsument laesst den Slot
postgres-1       | 	-- ausserdem unbegrenzt WAL halten, bis die Platte voll ist -- ein
postgres-1       | 	-- Betriebsrisiko, das der Kunde traegt und QKERN nicht begrenzen kann.
postgres-1       | 	--
postgres-1       | 	-- Trigger sind begrenzbar: der Feed hat Groessengrenzen und Aufbewahrung, und
postgres-1       | 	-- das Anschalten je Tabelle ist eine Schemaaenderung, die den vorhandenen
postgres-1       | 	-- Change-Set- und Approval-Weg durchlaeuft.
postgres-1       | 	--
postgres-1       | 	-- ## Warum keine Zeilenwerte gespeichert werden
postgres-1       | 	--
postgres-1       | 	-- Der Feed haelt ausschliesslich die Primaerschluesselwerte. Die eigentlichen
postgres-1       | 	-- Zeilenwerte werden je Abonnent frisch gelesen, und zwar mit dessen Claims.
postgres-1       | 	-- Row Level Security autorisiert und erzeugt die Nutzlast damit in einem
postgres-1       | 	-- Schritt. Wuerden die Werte hier liegen, muesste eine zweite, unabhaengige
postgres-1       | 	-- Sichtbarkeitspruefung sie korrekt filtern -- eine Kopie der RLS-Logik
postgres-1       | 	-- ausserhalb der Datenbank und damit eine dauerhafte Fehlerquelle.
postgres-1       | 	
postgres-1       | 	BEGIN;
postgres-1       | 	
postgres-1       | 	CREATE TABLE qkern_internal.change_feed (
postgres-1       | 	  position bigint GENERATED ALWAYS AS IDENTITY PRIMARY KEY,
postgres-1       | 	  schema_name text NOT NULL CHECK (schema_name ~ '^[a-z_][a-z0-9_]{0,62}$'),
postgres-1       | 	  table_name text NOT NULL CHECK (table_name ~ '^[a-z_][a-z0-9_]{0,62}$'),
postgres-1       | 	  operation text NOT NULL CHECK (operation IN ('insert', 'update', 'delete')),
postgres-1       | 	  -- Nur Primaerschluesselwerte. Die Grenze verhindert, dass ein zusammengesetzter
postgres-1       | 	  -- Schluessel den Feed aufblaeht.
postgres-1       | 	  row_key jsonb NOT NULL CHECK (octet_length(row_key::text) <= 4096),
postgres-1       | 	  committed_at timestamptz NOT NULL DEFAULT now()
postgres-1       | 	);
postgres-1       | 	
postgres-1       | 	CREATE INDEX change_feed_retention_idx ON qkern_internal.change_feed (committed_at);
postgres-1       | 	
postgres-1       | 	ALTER TABLE qkern_internal.change_feed OWNER TO qkern_ledger_owner;
postgres-1       | 	
postgres-1       | 	-- SECURITY DEFINER: Der Schreiber einer Zeile besitzt keine Rechte auf dem
postgres-1       | 	-- Feed und soll sie auch nicht bekommen. Der Trigger schreibt stellvertretend.
postgres-1       | 	-- search_path wird fest gesetzt, damit kein Aufrufer die aufgeloesten Objekte
postgres-1       | 	-- umlenken kann.
postgres-1       | 	CREATE OR REPLACE FUNCTION qkern_internal.capture_change()
postgres-1       | 	RETURNS trigger
postgres-1       | 	LANGUAGE plpgsql
postgres-1       | 	SECURITY DEFINER
postgres-1       | 	SET search_path = qkern_internal, pg_catalog
postgres-1       | 	AS $$
postgres-1       | 	DECLARE
postgres-1       | 	  key_columns text[];
postgres-1       | 	  source record;
postgres-1       | 	  key jsonb;
postgres-1       | 	BEGIN
postgres-1       | 	  SELECT array_agg(attribute.attname ORDER BY attribute.attnum)
postgres-1       | 	    INTO key_columns
postgres-1       | 	    FROM pg_index index
postgres-1       | 	    JOIN pg_attribute attribute
postgres-1       | 	      ON attribute.attrelid = index.indrelid AND attribute.attnum = ANY (index.indkey)
postgres-1       | 	   WHERE index.indrelid = TG_RELID AND index.indisprimary;
postgres-1       | 	
postgres-1       | 	  IF key_columns IS NULL THEN
postgres-1       | 	    RAISE EXCEPTION 'change capture requires a primary key on %.%', TG_TABLE_SCHEMA, TG_TABLE_NAME
postgres-1       | 	      USING ERRCODE = '55000';
postgres-1       | 	  END IF;
postgres-1       | 	
postgres-1       | 	  source := CASE WHEN TG_OP = 'DELETE' THEN OLD ELSE NEW END;
postgres-1       | 	  SELECT jsonb_object_agg(entry.key, entry.value)
postgres-1       | 	    INTO key
postgres-1       | 	    FROM jsonb_each(to_jsonb(source)) AS entry
postgres-1       | 	   WHERE entry.key = ANY (key_columns);
postgres-1       | 	
postgres-1       | 	  INSERT INTO qkern_internal.change_feed (schema_name, table_name, operation, row_key)
postgres-1       | 	  VALUES (TG_TABLE_SCHEMA, TG_TABLE_NAME, lower(TG_OP), key);
postgres-1       | 	
postgres-1       | 	  RETURN NULL;
postgres-1       | 	END;
postgres-1       | 	$$;
postgres-1       | 	
postgres-1       | 	ALTER FUNCTION qkern_internal.capture_change() OWNER TO qkern_ledger_owner;
postgres-1       | 	
postgres-1       | 	REVOKE ALL ON qkern_internal.change_feed FROM PUBLIC;
postgres-1       | 	REVOKE ALL ON FUNCTION qkern_internal.capture_change() FROM PUBLIC;
postgres-1       | 	
postgres-1       | 	-- Die Laufzeitrolle liest den Feed und raeumt ihn auf. Sie darf ihn niemals
postgres-1       | 	-- schreiben: ein erfundenes Aenderungsereignis wuerde einen Lesevorgang mit
postgres-1       | 	-- fremden Claims ausloesen.
postgres-1       | 	GRANT USAGE ON SCHEMA qkern_internal TO qkern_project_api_app;
postgres-1       | 	GRANT SELECT, DELETE ON qkern_internal.change_feed TO qkern_project_api_app;
postgres-1       | 	
postgres-1       | 	COMMIT;
postgres-1       | 	
postgres-1       | 2026-10-01 20:52:59.583 UTC [485] ERROR:  new row violates row-level security policy for table "items"
postgres-1       | 2026-10-01 20:52:59.583 UTC [485] CONTEXT:  SQL function "add_item" statement 1
postgres-1       | 2026-10-01 20:52:59.583 UTC [485] STATEMENT:  SELECT "generated_86aadfd3_26f7_48bd_bddb_a7ce7b99f3e5"."add_item"("item_name" => $1::text, "item_owner" => $2::text) AS result
postgres-1       | 2026-10-01 20:52:59.614 UTC [477] ERROR:  new row for relation "migration_incident_delivery_commands" violates check constraint "migration_incident_delivery_commands_expected_failure_code"
postgres-1       | 2026-10-01 20:52:59.614 UTC [477] DETAIL:  Failing row contains (bff615f4-d579-4448-8aa9-5dda1cd812d6, fde43bc7-628e-4a48-987f-14f5778ad30d, ccf1e5db-32e1-4364-822d-806b9816d418, constraint-test, destination_recovered, pending, null, 2026-10-01 20:52:59.61267+00, 2026-10-01 20:52:59.61267+00, null, null).
postgres-1       | 2026-10-01 20:52:59.614 UTC [477] STATEMENT:  INSERT INTO migration_incident_delivery_commands
postgres-1       | 	           (organization_id, migration_incident_id, requested_by, reason_code,
postgres-1       | 	            expected_failure_code, expected_retry_cycle)
postgres-1       | 	         VALUES ($1, $2, 'constraint-test', 'destination_recovered', NULL, NULL)
postgres-1       | 2026-10-01 20:52:59.653 UTC [528] ERROR:  permission denied for table project_functions
postgres-1       | 2026-10-01 20:52:59.653 UTC [528] STATEMENT:  UPDATE project_functions SET image=$2 WHERE id=$1
postgres-1       | 2026-10-01 20:52:59.673 UTC [530] ERROR:  new row for relation "migration_incident_delivery_commands" violates check constraint "migration_incident_delivery_commands_expected_retry_cycle"
postgres-1       | 2026-10-01 20:52:59.673 UTC [530] DETAIL:  Failing row contains (cf4b6ea4-2005-43bb-bc43-865f9e00b07a, fde43bc7-628e-4a48-987f-14f5778ad30d, ccf1e5db-32e1-4364-822d-806b9816d418, constraint-test, destination_recovered, pending, null, 2026-10-01 20:52:59.669759+00, 2026-10-01 20:52:59.669759+00, PUBLISH_FAILED, null).
postgres-1       | 2026-10-01 20:52:59.673 UTC [530] STATEMENT:  INSERT INTO migration_incident_delivery_commands
postgres-1       | 	           (organization_id, migration_incident_id, requested_by, reason_code,
postgres-1       | 	            expected_failure_code, expected_retry_cycle)
postgres-1       | 	         VALUES ($1, $2, 'constraint-test', 'destination_recovered', 'PUBLISH_FAILED', NULL)
postgres-1       | 2026-10-01 20:52:59.686 UTC [532] ERROR:  permission denied for table project_cron_definitions
postgres-1       | 2026-10-01 20:52:59.686 UTC [532] STATEMENT:  UPDATE project_cron_definitions SET time_zone='UTC' WHERE id=$1
postgres-1       | 2026-10-01 20:52:59.718 UTC [517] ERROR:  duplicate key value violates unique constraint "project_cron_definitions_name_key"
postgres-1       | 2026-10-01 20:52:59.718 UTC [517] STATEMENT:  INSERT INTO project_cron_definitions
postgres-1       | 	           (organization_id, project_id, environment, name, expression, queue, payload, enabled,
postgres-1       | 	            time_zone)
postgres-1       | 	         VALUES ($1,$2,$3,$4,$5,$6,$7,$8,$9)
postgres-1       | 	         RETURNING id, organization_id, project_id, environment, name, expression, queue,
postgres-1       | 	  payload, enabled, time_zone, last_dispatched_at, created_at
postgres-1       | 2026-10-01 20:52:59.746 UTC [543] ERROR:  permission denied for table project_functions
postgres-1       | 2026-10-01 20:52:59.746 UTC [543] STATEMENT:  UPDATE project_functions SET memory_mib=2048 WHERE id=$1
postgres-1       | 2026-10-01 20:52:59.766 UTC [510] ERROR:  new row for relation "project_functions" violates check constraint "project_functions_image_check"
postgres-1       | 2026-10-01 20:52:59.766 UTC [510] DETAIL:  Failing row contains (492d9a59-2493-443f-ab64-6cb7d33bbf69, b44f67c7-b7bb-441f-82c3-4a0a27d43ce4, 2f574bd8-77e1-417d-a8af-22f848059793, development, tagged-1d91c57b, nodejs24, registry.example.com/qkern/probe:latest, handler.mjs, 30000, 128, 1, {}, {}, t, 2026-10-01 20:52:59.754708+00).
postgres-1       | 2026-10-01 20:52:59.766 UTC [510] STATEMENT:  INSERT INTO project_functions
postgres-1       | 	         (organization_id, project_id, environment, name, runtime, image, entrypoint)
postgres-1       | 	       VALUES ($1,$2,'development',$3,'nodejs24','registry.example.com/qkern/probe:latest','handler.mjs')
certification-1  |  [32m✓[39m tests/compute-webhook-postgres.integration.test.ts [2m([22m[2m10 tests[22m[2m)[22m[33m 1452[2mms[22m[39m
postgres-1       | 2026-10-01 20:52:59.789 UTC [548] ERROR:  permission denied for table project_cron_definitions
postgres-1       | 2026-10-01 20:52:59.789 UTC [548] STATEMENT:  UPDATE project_cron_definitions SET expression='*/1 * * * *' WHERE id=$1
postgres-1       | 2026-10-01 20:52:59.792 UTC [514] ERROR:  project storage object identity is immutable
postgres-1       | 2026-10-01 20:52:59.792 UTC [514] CONTEXT:  PL/pgSQL function qkern_reject_project_storage_object_mutation() line 12 at RAISE
postgres-1       | 2026-10-01 20:52:59.792 UTC [514] STATEMENT:  UPDATE project_storage_objects SET deleted_at=coalesce(deleted_at,$5)
postgres-1       | 	        WHERE organization_id=$1 AND project_id=$2 AND environment=$3 AND id=$4
postgres-1       | 	        RETURNING id,organization_id,project_id,environment,bucket_id,object_key,owner_subject,
postgres-1       | 	  provider_key,size_bytes,content_type,checksum_sha256,etag,status,created_at,delete_after,deleted_at
postgres-1       | 2026-10-01 20:52:59.821 UTC [520] ERROR:  duplicate key value violates unique constraint "project_functions_name_key"
postgres-1       | 2026-10-01 20:52:59.821 UTC [520] STATEMENT:  INSERT INTO project_functions
postgres-1       | 	           (organization_id, project_id, environment, name, runtime, image, entrypoint,
postgres-1       | 	            timeout_ms, memory_mib, max_concurrency, egress_origins, secret_refs, enabled)
postgres-1       | 	         VALUES ($1,$2,$3,$4,'nodejs24',$5,$6,$7,$8,$9,$10,$11,$12)
postgres-1       | 	         RETURNING id, organization_id, project_id, environment, name, runtime, image,
postgres-1       | 	  entrypoint, timeout_ms, memory_mib, max_concurrency, egress_origins, secret_refs, enabled,
postgres-1       | 	  created_at
postgres-1       | 2026-10-01 20:52:59.844 UTC [551] ERROR:  permission denied for table project_webhooks
postgres-1       | 2026-10-01 20:52:59.844 UTC [551] STATEMENT:  UPDATE project_webhooks SET url='https://elsewhere.example.com/hooks' WHERE id=$1
certification-1  |  [32m✓[39m tests/generated-data-postgres.integration.test.ts [2m([22m[2m9 tests[22m[2m)[22m[33m 1380[2mms[22m[39m
postgres-1       | 2026-10-01 20:53:00.138 UTC [562] ERROR:  permission denied for table project_functions
postgres-1       | 2026-10-01 20:53:00.138 UTC [562] STATEMENT:  UPDATE project_functions SET image=$1 WHERE id=$2
certification-1  |  [32m✓[39m tests/project-storage-postgres.integration.test.ts [2m([22m[2m8 tests[22m[2m)[22m[33m 1446[2mms[22m[39m
certification-1  |      [33m[2m✓[22m[39m persists an exact verified upload and moves quota from reserved to used [33m 331[2mms[22m[39m
postgres-1       | 2026-10-01 20:53:00.290 UTC [553] ERROR:  migration incident resolution requires worker-verified ledger evidence
postgres-1       | 2026-10-01 20:53:00.290 UTC [553] CONTEXT:  PL/pgSQL function qkern_validate_migration_incident_acknowledgement() line 49 at RAISE
postgres-1       | 2026-10-01 20:53:00.290 UTC [553] STATEMENT:  UPDATE migration_incidents
postgres-1       | 	       SET status = 'resolved',
postgres-1       | 	           resolution_code = 'target_ledger_match'::qkern_migration_incident_resolution_code
postgres-1       | 	       WHERE organization_id = $1 AND migration_job_id = $2
postgres-1       | 	         AND status IN ('open', 'acknowledged')
postgres-1       | 	       RETURNING 
postgres-1       | 	  id, organization_id, migration_job_id, project_id, environment, change_set_id,
postgres-1       | 	  kind, severity, status, detected_review_cycle, detected_reconciliation_attempt,
postgres-1       | 	  acknowledged_by, acknowledgement_code, acknowledged_at,
postgres-1       | 	  resolved_by, resolution_code, resolved_at, created_at, updated_at
postgres-1       | 2026-10-01 20:53:00.382 UTC [327] LOG:  checkpoint starting: immediate force wait
certification-1  |  [32m✓[39m tests/compute-definitions-postgres.integration.test.ts [2m([22m[2m10 tests[22m[2m)[22m[33m 1346[2mms[22m[39m
postgres-1       | 2026-10-01 20:53:00.506 UTC [327] LOG:  checkpoint complete: wrote 1444 buffers (8.8%); 0 WAL file(s) added, 0 removed, 1 recycled; write=0.120 s, sync=0.002 s, total=0.125 s; sync files=545, longest=0.001 s, average=0.001 s; distance=11021 kB, estimate=11021 kB; lsn=0/2880918, redo lsn=0/2861300
certification-1  |  [32m✓[39m tests/postgres-incident-recovery.integration.test.ts [2m([22m[2m6 tests[22m[2m)[22m[33m 2222[2mms[22m[39m
postgres-1       | 2026-10-01 20:53:01.031 UTC [601] ERROR:  permission denied for table project_auth_users
postgres-1       | 2026-10-01 20:53:01.031 UTC [601] STATEMENT:  SELECT id FROM project_auth_users LIMIT 1
postgres-1       | 2026-10-01 20:53:01.114 UTC [605] ERROR:  relation "change_feed" already exists
postgres-1       | 2026-10-01 20:53:01.114 UTC [605] STATEMENT:  -- Run once after 0002_qkern_migration_fence.sql as the trusted project database
postgres-1       | 	-- provisioner. Provides trigger-based change capture for Realtime.
postgres-1       | 	--
postgres-1       | 	-- ## Warum Trigger und nicht logische Replikation
postgres-1       | 	--
postgres-1       | 	-- Logische Replikation sieht jede Aenderung ohne Schemaeingriff, verlangt aber
postgres-1       | 	-- eine Rolle mit Replikationsrecht und einen Slot. Beides steht im direkten
postgres-1       | 	-- Widerspruch zu diesem Schema: 0001 prueft fuer jede beteiligte Rolle
postgres-1       | 	-- ausdruecklich rolreplication = false. Ein hängender Konsument laesst den Slot
postgres-1       | 	-- ausserdem unbegrenzt WAL halten, bis die Platte voll ist -- ein
postgres-1       | 	-- Betriebsrisiko, das der Kunde traegt und QKERN nicht begrenzen kann.
postgres-1       | 	--
postgres-1       | 	-- Trigger sind begrenzbar: der Feed hat Groessengrenzen und Aufbewahrung, und
postgres-1       | 	-- das Anschalten je Tabelle ist eine Schemaaenderung, die den vorhandenen
postgres-1       | 	-- Change-Set- und Approval-Weg durchlaeuft.
postgres-1       | 	--
postgres-1       | 	-- ## Warum keine Zeilenwerte gespeichert werden
postgres-1       | 	--
postgres-1       | 	-- Der Feed haelt ausschliesslich die Primaerschluesselwerte. Die eigentlichen
postgres-1       | 	-- Zeilenwerte werden je Abonnent frisch gelesen, und zwar mit dessen Claims.
postgres-1       | 	-- Row Level Security autorisiert und erzeugt die Nutzlast damit in einem
postgres-1       | 	-- Schritt. Wuerden die Werte hier liegen, muesste eine zweite, unabhaengige
postgres-1       | 	-- Sichtbarkeitspruefung sie korrekt filtern -- eine Kopie der RLS-Logik
postgres-1       | 	-- ausserhalb der Datenbank und damit eine dauerhafte Fehlerquelle.
postgres-1       | 	
postgres-1       | 	BEGIN;
postgres-1       | 	
postgres-1       | 	CREATE TABLE qkern_internal.change_feed (
postgres-1       | 	  position bigint GENERATED ALWAYS AS IDENTITY PRIMARY KEY,
postgres-1       | 	  schema_name text NOT NULL CHECK (schema_name ~ '^[a-z_][a-z0-9_]{0,62}$'),
postgres-1       | 	  table_name text NOT NULL CHECK (table_name ~ '^[a-z_][a-z0-9_]{0,62}$'),
postgres-1       | 	  operation text NOT NULL CHECK (operation IN ('insert', 'update', 'delete')),
postgres-1       | 	  -- Nur Primaerschluesselwerte. Die Grenze verhindert, dass ein zusammengesetzter
postgres-1       | 	  -- Schluessel den Feed aufblaeht.
postgres-1       | 	  row_key jsonb NOT NULL CHECK (octet_length(row_key::text) <= 4096),
postgres-1       | 	  committed_at timestamptz NOT NULL DEFAULT now()
postgres-1       | 	);
postgres-1       | 	
postgres-1       | 	CREATE INDEX change_feed_retention_idx ON qkern_internal.change_feed (committed_at);
postgres-1       | 	
postgres-1       | 	ALTER TABLE qkern_internal.change_feed OWNER TO qkern_ledger_owner;
postgres-1       | 	
postgres-1       | 	-- SECURITY DEFINER: Der Schreiber einer Zeile besitzt keine Rechte auf dem
postgres-1       | 	-- Feed und soll sie auch nicht bekommen. Der Trigger schreibt stellvertretend.
postgres-1       | 	-- search_path wird fest gesetzt, damit kein Aufrufer die aufgeloesten Objekte
postgres-1       | 	-- umlenken kann.
postgres-1       | 	CREATE OR REPLACE FUNCTION qkern_internal.capture_change()
postgres-1       | 	RETURNS trigger
postgres-1       | 	LANGUAGE plpgsql
postgres-1       | 	SECURITY DEFINER
postgres-1       | 	SET search_path = qkern_internal, pg_catalog
postgres-1       | 	AS $$
postgres-1       | 	DECLARE
postgres-1       | 	  key_columns text[];
postgres-1       | 	  source record;
postgres-1       | 	  key jsonb;
postgres-1       | 	BEGIN
postgres-1       | 	  SELECT array_agg(attribute.attname ORDER BY attribute.attnum)
postgres-1       | 	    INTO key_columns
postgres-1       | 	    FROM pg_index index
postgres-1       | 	    JOIN pg_attribute attribute
postgres-1       | 	      ON attribute.attrelid = index.indrelid AND attribute.attnum = ANY (index.indkey)
postgres-1       | 	   WHERE index.indrelid = TG_RELID AND index.indisprimary;
postgres-1       | 	
postgres-1       | 	  IF key_columns IS NULL THEN
postgres-1       | 	    RAISE EXCEPTION 'change capture requires a primary key on %.%', TG_TABLE_SCHEMA, TG_TABLE_NAME
postgres-1       | 	      USING ERRCODE = '55000';
postgres-1       | 	  END IF;
postgres-1       | 	
postgres-1       | 	  source := CASE WHEN TG_OP = 'DELETE' THEN OLD ELSE NEW END;
postgres-1       | 	  SELECT jsonb_object_agg(entry.key, entry.value)
postgres-1       | 	    INTO key
postgres-1       | 	    FROM jsonb_each(to_jsonb(source)) AS entry
postgres-1       | 	   WHERE entry.key = ANY (key_columns);
postgres-1       | 	
postgres-1       | 	  INSERT INTO qkern_internal.change_feed (schema_name, table_name, operation, row_key)
postgres-1       | 	  VALUES (TG_TABLE_SCHEMA, TG_TABLE_NAME, lower(TG_OP), key);
postgres-1       | 	
postgres-1       | 	  RETURN NULL;
postgres-1       | 	END;
postgres-1       | 	$$;
postgres-1       | 	
postgres-1       | 	ALTER FUNCTION qkern_internal.capture_change() OWNER TO qkern_ledger_owner;
postgres-1       | 	
postgres-1       | 	REVOKE ALL ON qkern_internal.change_feed FROM PUBLIC;
postgres-1       | 	REVOKE ALL ON FUNCTION qkern_internal.capture_change() FROM PUBLIC;
postgres-1       | 	
postgres-1       | 	-- Die Laufzeitrolle liest den Feed und raeumt ihn auf. Sie darf ihn niemals
postgres-1       | 	-- schreiben: ein erfundenes Aenderungsereignis wuerde einen Lesevorgang mit
postgres-1       | 	-- fremden Claims ausloesen.
postgres-1       | 	GRANT USAGE ON SCHEMA qkern_internal TO qkern_project_api_app;
postgres-1       | 	GRANT SELECT, DELETE ON qkern_internal.change_feed TO qkern_project_api_app;
postgres-1       | 	
postgres-1       | 	COMMIT;
postgres-1       | 	
certification-1  | [90mstdout[2m | tests/sql-privilege-clause-contract.integration.test.ts[2m > [22m[2mSQL privilege clause contract[2m > [22m[2mfinds statements to check
certification-1  | [22m[39mprivilege clause contract: 145 Anweisungen, 14 Spaltenlisten nicht auswertbar, 999 Platzhalter offen
certification-1  | 
postgres-1       | 2026-10-01 20:53:01.319 UTC [613] ERROR:  change capture requires a primary key on public.cdc_keyless_2330debf5b6d
postgres-1       | 2026-10-01 20:53:01.319 UTC [613] CONTEXT:  PL/pgSQL function capture_change() line 15 at RAISE
postgres-1       | 2026-10-01 20:53:01.319 UTC [613] STATEMENT:  INSERT INTO public.cdc_keyless_2330debf5b6d (label) VALUES ('orphan')
postgres-1       | 2026-10-01 20:53:01.372 UTC [559] ERROR:  function slots are immutable
postgres-1       | 2026-10-01 20:53:01.372 UTC [559] CONTEXT:  PL/pgSQL function qkern_reject_project_function_slot_update() line 3 at RAISE
postgres-1       | 2026-10-01 20:53:01.372 UTC [559] STATEMENT:  UPDATE project_function_slots SET expires_at = now() + interval '1 hour'
postgres-1       | 	        WHERE organization_id=$1 AND function_id=$2
postgres-1       | 2026-10-01 20:53:01.449 UTC [624] ERROR:  permission denied for table change_feed
postgres-1       | 2026-10-01 20:53:01.449 UTC [624] STATEMENT:  INSERT INTO qkern_internal.change_feed (schema_name, table_name, operation, row_key)
postgres-1       | 	       VALUES ('public', 'forged', 'insert', '{"id":"forged"}'::jsonb)
certification-1  |  [32m✓[39m tests/compute-functions-postgres.integration.test.ts [2m([22m[2m13 tests[22m[2m)[22m[33m 2263[2mms[22m[39m
certification-1  |      [33m[2m✓[22m[39m stops a second instance once the shared limit is reached [33m 439[2mms[22m[39m
certification-1  |      [33m[2m✓[22m[39m counts the places of one definition only [33m 400[2mms[22m[39m
certification-1  |  [32m✓[39m tests/project-queues-postgres.integration.test.ts [2m([22m[2m9 tests[22m[2m)[22m[33m 2281[2mms[22m[39m
certification-1  |      [33m[2m✓[22m[39m claims each ready row at most once across concurrent workers [33m 370[2mms[22m[39m
postgres-1       | 2026-10-01 20:53:01.485 UTC [609] ERROR:  cron progress must not move backwards
postgres-1       | 2026-10-01 20:53:01.485 UTC [609] CONTEXT:  PL/pgSQL function qkern_validate_project_cron_update() line 10 at RAISE
postgres-1       | 2026-10-01 20:53:01.485 UTC [609] STATEMENT:  UPDATE project_cron_definitions
postgres-1       | 	            SET last_dispatched_at=$3, updated_at=now()
postgres-1       | 	          WHERE organization_id=$1 AND id=$2
certification-1  |  [32m✓[39m tests/realtime-change-feed-postgres.integration.test.ts [2m([22m[2m6 tests[22m[2m)[22m[33m 603[2mms[22m[39m
postgres-1       | 2026-10-01 20:53:01.577 UTC [608] ERROR:  cron progress must not move backwards
postgres-1       | 2026-10-01 20:53:01.577 UTC [608] CONTEXT:  PL/pgSQL function qkern_validate_project_cron_update() line 10 at RAISE
postgres-1       | 2026-10-01 20:53:01.577 UTC [608] STATEMENT:  UPDATE project_cron_definitions
postgres-1       | 	            SET last_dispatched_at=$3, updated_at=now()
postgres-1       | 	          WHERE organization_id=$1 AND id=$2
postgres-1       | 2026-10-01 20:53:01.595 UTC [607] ERROR:  cron progress must not move backwards
postgres-1       | 2026-10-01 20:53:01.595 UTC [607] CONTEXT:  PL/pgSQL function qkern_validate_project_cron_update() line 10 at RAISE
postgres-1       | 2026-10-01 20:53:01.595 UTC [607] STATEMENT:  UPDATE project_cron_definitions
postgres-1       | 	            SET last_dispatched_at=$3, updated_at=now()
postgres-1       | 	          WHERE organization_id=$1 AND id=$2
postgres-1       | 2026-10-01 20:53:01.675 UTC [504] ERROR:  realtime events are append-only
postgres-1       | 2026-10-01 20:53:01.675 UTC [504] CONTEXT:  PL/pgSQL function qkern_reject_realtime_event_update() line 3 at RAISE
postgres-1       | 2026-10-01 20:53:01.675 UTC [504] STATEMENT:  UPDATE realtime_events SET event='tampered'
postgres-1       | 	        WHERE organization_id=$1 AND channel=$2
postgres-1       | 2026-10-01 20:53:01.795 UTC [611] ERROR:  cron progress must not move backwards
postgres-1       | 2026-10-01 20:53:01.795 UTC [611] CONTEXT:  PL/pgSQL function qkern_validate_project_cron_update() line 10 at RAISE
postgres-1       | 2026-10-01 20:53:01.795 UTC [611] STATEMENT:  UPDATE project_cron_definitions
postgres-1       | 	            SET last_dispatched_at=$3, updated_at=now()
postgres-1       | 	          WHERE organization_id=$1 AND id=$2
postgres-1       | 2026-10-01 20:53:01.866 UTC [589] ERROR:  new row violates row-level security policy "audit_logs_project_auth_insert" for table "audit_logs"
postgres-1       | 2026-10-01 20:53:01.866 UTC [589] STATEMENT:  INSERT INTO audit_logs
postgres-1       | 	         (organization_id, project_id, environment, actor_type, actor_ref, action, resource_ref,
postgres-1       | 	          status, redacted_metadata, previous_hash, entry_hash)
postgres-1       | 	       VALUES ($1, $2, $3, $4, $5, $6, $7, $8, $9::jsonb, NULL, repeat('0', 64))
postgres-1       | 	       RETURNING id, organization_id, project_id, environment, actor_type, actor_ref, action, resource_ref,
postgres-1       | 	                 status, redacted_metadata, previous_hash, entry_hash, created_at
postgres-1       | 2026-10-01 20:53:01.874 UTC [634] WARNING:  "wal_level" is insufficient to publish logical changes
postgres-1       | 2026-10-01 20:53:01.874 UTC [634] HINT:  Set "wal_level" to "logical" before creating subscriptions.
postgres-1       | 2026-10-01 20:53:01.985 UTC [633] ERROR:  permission denied for table migration_outbox
postgres-1       | 2026-10-01 20:53:01.985 UTC [633] STATEMENT:  SELECT status FROM migration_outbox
certification-1  |  [32m✓[39m tests/realtime-postgres.integration.test.ts [2m([22m[2m9 tests[22m[2m)[22m[33m 2882[2mms[22m[39m
certification-1  |      [33m[2m✓[22m[39m delivers a broadcast to a subscriber on a second instance through PostgreSQL [33m 388[2mms[22m[39m
certification-1  |      [33m[2m✓[22m[39m assigns one global sequence per channel across instances [33m 486[2mms[22m[39m
certification-1  |      [33m[2m✓[22m[39m merges the presence of two instances and keeps it across a restart of the one that wrote it [33m 538[2mms[22m[39m
certification-1  |      [33m[2m✓[22m[39m lets the presence of a connection that vanished without a goodbye expire, reports the leave and removes the row a grace later [33m 333[2mms[22m[39m
postgres-1       | 2026-10-01 20:53:02.058 UTC [633] ERROR:  permission denied for table migration_outbox
postgres-1       | 2026-10-01 20:53:02.058 UTC [633] STATEMENT:  SELECT lease_owner FROM migration_outbox
postgres-1       | 2026-10-01 20:53:02.084 UTC [633] ERROR:  permission denied for table migration_outbox
postgres-1       | 2026-10-01 20:53:02.084 UTC [633] STATEMENT:  SELECT lease_token FROM migration_outbox
postgres-1       | 2026-10-01 20:53:02.113 UTC [633] ERROR:  permission denied for table migration_outbox
certification-1  |  [32m✓[39m tests/project-auth-postgres.integration.test.ts [2m([22m[2m4 tests[22m[2m)[22m[33m 1510[2mms[22m[39m
certification-1  |      [33m[2m✓[22m[39m persists app users only through the auth role and keeps runtime access closed [33m 301[2mms[22m[39m
certification-1  |      [33m[2m✓[22m[39m lists active sessions and revokes one family or all of one user in PostgreSQL (2.34) [33m 443[2mms[22m[39m
postgres-1       | 2026-10-01 20:53:02.113 UTC [633] STATEMENT:  SELECT lease_expires_at FROM migration_outbox
postgres-1       | 2026-10-01 20:53:02.122 UTC [474] ERROR:  cron progress must not move backwards
postgres-1       | 2026-10-01 20:53:02.122 UTC [474] CONTEXT:  PL/pgSQL function qkern_validate_project_cron_update() line 10 at RAISE
postgres-1       | 2026-10-01 20:53:02.122 UTC [474] STATEMENT:  UPDATE project_cron_definitions SET last_dispatched_at=$2 WHERE id=$1
postgres-1       | 2026-10-01 20:53:02.153 UTC [633] ERROR:  permission denied for table migration_outbox
postgres-1       | 2026-10-01 20:53:02.153 UTC [633] STATEMENT:  SELECT failure_count FROM migration_outbox
postgres-1       | 2026-10-01 20:53:02.177 UTC [656] ERROR:  cron identity is immutable
postgres-1       | 2026-10-01 20:53:02.177 UTC [656] CONTEXT:  PL/pgSQL function qkern_validate_project_cron_update() line 6 at RAISE
postgres-1       | 2026-10-01 20:53:02.177 UTC [656] STATEMENT:  UPDATE project_cron_definitions SET project_id=$2 WHERE id=$1
postgres-1       | 2026-10-01 20:53:02.183 UTC [633] ERROR:  permission denied for table migration_outbox
postgres-1       | 2026-10-01 20:53:02.183 UTC [633] STATEMENT:  SELECT available_at FROM migration_outbox
certification-1  |  [32m✓[39m tests/data-plane-catalog-wide-postgres.integration.test.ts [2m([22m[2m4 tests[22m[2m)[22m[33m 535[2mms[22m[39m
certification-1  |  [32m✓[39m tests/compute-webhook-chain.integration.test.ts [2m([22m[2m6 tests[22m[2m)[22m[33m 1501[2mms[22m[39m
certification-1  |      [33m[2m✓[22m[39m recovers a delivery whose deliverer died mid-attempt [33m 339[2mms[22m[39m
certification-1  |  [32m✓[39m tests/migration-enqueue-postgres.integration.test.ts [2m([22m[2m3 tests[22m[2m)[22m[33m 844[2mms[22m[39m
postgres-1       | 2026-10-01 20:53:02.276 UTC [657] ERROR:  permission denied for table billing_rate_cards
postgres-1       | 2026-10-01 20:53:02.276 UTC [657] STATEMENT:  UPDATE billing_rate_cards SET unit_price_micros = 1 WHERE organization_id = $1
postgres-1       | 2026-10-01 20:53:02.281 UTC [657] ERROR:  permission denied for table billing_rate_cards
postgres-1       | 2026-10-01 20:53:02.281 UTC [657] STATEMENT:  DELETE FROM billing_rate_cards WHERE organization_id = $1
certification-1  |  [32m✓[39m tests/usage-billing-postgres.integration.test.ts [2m([22m[2m4 tests[22m[2m)[22m[33m 833[2mms[22m[39m
certification-1  |      [33m[2m✓[22m[39m projects real usage against the effective rate card [33m 419[2mms[22m[39m
certification-1  | [90mstderr[2m | tests/realtime-change-soak-postgres.integration.test.ts[2m > [22m[2mRealtime change soak PostgreSQL certification[2m > [22m[2mdelivers every change of a sustained writer without loss, gap or stall
certification-1  | [22m[39msoak: 120 Aenderungen, p50 1075 ms, p95 1716 ms, max 1795 ms
certification-1  | 
certification-1  | [90mstderr[2m | tests/realtime-change-soak-postgres.integration.test.ts[2m > [22m[2mRealtime change soak PostgreSQL certification[2m > [22m[2mdelivers every change of a sustained writer without loss, gap or stall
certification-1  | [22m[39msoak: 5 Buchungen fuer 120 Nachrichten
certification-1  | 
certification-1  |  [32m✓[39m tests/realtime-change-soak-postgres.integration.test.ts [2m([22m[2m1 test[22m[2m)[22m[33m 3309[2mms[22m[39m
certification-1  |      [33m[2m✓[22m[39m delivers every change of a sustained writer without loss, gap or stall [33m 2933[2mms[22m[39m
certification-1  |  [32m✓[39m tests/data-plane-functions-postgres.integration.test.ts [2m([22m[2m1 test[22m[2m)[22m[32m 262[2mms[22m[39m
certification-1  |  [32m✓[39m tests/data-plane-catalog-postgres.integration.test.ts [2m([22m[2m3 tests[22m[2m)[22m[33m 310[2mms[22m[39m
certification-1  |  [32m✓[39m tests/usage-metering-postgres.integration.test.ts [2m([22m[2m4 tests[22m[2m)[22m[33m 374[2mms[22m[39m
certification-1  |  [32m✓[39m tests/data-plane-triggers-postgres.integration.test.ts [2m([22m[2m1 test[22m[2m)[22m[32m 250[2mms[22m[39m
certification-1  |  [32m✓[39m tests/data-plane-query-postgres.integration.test.ts [2m([22m[2m2 tests[22m[2m)[22m[32m 295[2mms[22m[39m
certification-1  |  [32m✓[39m tests/usage-emitters-postgres.integration.test.ts [2m([22m[2m20 tests[22m[2m)[22m[33m 2595[2mms[22m[39m
certification-1  |      [33m[2m✓[22m[39m counts a real enqueue in the durable ledger [33m 369[2mms[22m[39m
certification-1  |      [33m[2m✓[22m[39m counts every simultaneous enqueue across queues exactly once [33m 468[2mms[22m[39m
certification-1  |  [32m✓[39m tests/queue-connection-pressure-postgres.integration.test.ts [2m([22m[2m1 test[22m[2m)[22m[33m 454[2mms[22m[39m
certification-1  |      [33m[2m✓[22m[39m names an exhausted pool instead of calling it a queue conflict [33m 315[2mms[22m[39m
certification-1  |  [32m✓[39m tests/sql-privilege-clause-contract.integration.test.ts [2m([22m[2m2 tests[22m[2m)[22m[33m 3081[2mms[22m[39m
certification-1  |      [33m[2m✓[22m[39m finds statements to check [33m 308[2mms[22m[39m
certification-1  |      [33m[2m✓[22m[39m grants every write role the read right its clauses require [33m 2553[2mms[22m[39m
postgres-1       | 2026-10-01 20:53:04.634 UTC [327] LOG:  checkpoint starting: immediate force wait
postgres-1       | 2026-10-01 20:53:04.650 UTC [327] LOG:  checkpoint complete: wrote 501 buffers (3.1%); 0 WAL file(s) added, 0 removed, 0 recycled; write=0.015 s, sync=0.001 s, total=0.016 s; sync files=277, longest=0.001 s, average=0.000 s; distance=1842 kB, estimate=10103 kB; lsn=0/2A39440, redo lsn=0/2A2DBC8
certification-1  |  [32m✓[39m tests/migration-process-postgres.integration.test.ts [2m([22m[2m3 tests[22m[2m)[22m[33m 6398[2mms[22m[39m
certification-1  |      [33m[2m✓[22m[39m applies a queued statement to the real project database [33m 3321[2mms[22m[39m
certification-1  |      [33m[2m✓[22m[39m keeps a tampered statement out of the project database [33m 1573[2mms[22m[39m
certification-1  |      [33m[2m✓[22m[39m names the violated boundary condition without describing the database [33m 1033[2mms[22m[39m
postgres-1       | 2026-10-01 20:53:05.117 UTC [718] ERROR:  permission denied for table users
postgres-1       | 2026-10-01 20:53:05.117 UTC [718] STATEMENT:  SELECT id FROM users LIMIT 1
postgres-1       | 2026-10-01 20:53:05.144 UTC [720] ERROR:  permission denied for table projects
postgres-1       | 2026-10-01 20:53:05.144 UTC [720] STATEMENT:  SELECT id FROM projects LIMIT 1
certification-1  |  [32m✓[39m tests/realtime-change-chain-postgres.integration.test.ts [2m([22m[2m7 tests[22m[2m)[22m[33m 6975[2mms[22m[39m
certification-1  |      [33m[2m✓[22m[39m keeps order and delivers each change exactly once under a burst [33m 903[2mms[22m[39m
certification-1  |      [33m[2m✓[22m[39m keeps every subscriber's subset correct with many subscribers at once [33m 5186[2mms[22m[39m
certification-1  |  [32m✓[39m tests/realtime-process-postgres.integration.test.ts [2m([22m[2m3 tests[22m[2m)[22m[33m 7799[2mms[22m[39m
certification-1  |      [33m[2m✓[22m[39m serves a real client from the shipped process [33m 4953[2mms[22m[39m
certification-1  |      [33m[2m✓[22m[39m refuses production with an ephemeral log and names the condition [33m 1407[2mms[22m[39m
certification-1  |      [33m[2m✓[22m[39m serves a client on a public bind after the explicit opt-in [33m 1291[2mms[22m[39m
certification-1  |  [32m✓[39m tests/billing-invoice-postgres.integration.test.ts [2m([22m[2m6 tests[22m[2m)[22m[33m 7976[2mms[22m[39m
certification-1  |      [33m[2m✓[22m[39m issues the closed month's invoice from the shipped process [33m 2344[2mms[22m[39m
certification-1  |      [33m[2m✓[22m[39m leaves the issued invoice untouched on a second run [33m 1790[2mms[22m[39m
certification-1  |      [33m[2m✓[22m[39m refuses an open period at its configuration boundary [33m 751[2mms[22m[39m
certification-1  |      [33m[2m✓[22m[39m issues exactly one invoice when two runs race for the same period [33m 775[2mms[22m[39m
certification-1  |      [33m[2m✓[22m[39m numbers invoices gaplessly per organization and stamps the due date [33m 2038[2mms[22m[39m
certification-1  |  [32m✓[39m tests/compute-cron-postgres.integration.test.ts [2m([22m[2m12 tests[22m[2m)[22m[33m 8696[2mms[22m[39m
certification-1  |      [33m[2m✓[22m[39m dispatches a zoned schedule through the real progress across the missing hour [33m 331[2mms[22m[39m
certification-1  |      [33m[2m✓[22m[39m dispatches L, # and W schedules through the real progress [33m 1321[2mms[22m[39m
certification-1  |      [33m[2m✓[22m[39m produces exactly one message when two schedulers fire the same occurrence [33m 1186[2mms[22m[39m
certification-1  |      [33m[2m✓[22m[39m dispatches from the shipped process [33m 3134[2mms[22m[39m
certification-1  |      [33m[2m✓[22m[39m reports ready while the cron loop is doing its rounds [33m 1199[2mms[22m[39m
certification-1  |      [33m[2m✓[22m[39m stops reporting ready when every definition fails [33m 564[2mms[22m[39m
certification-1  |  [32m✓[39m tests/project-queues-multi-instance.integration.test.ts [2m([22m[2m6 tests[22m[2m)[22m[33m 12189[2mms[22m[39m
certification-1  |      [33m[2m✓[22m[39m claims every message exactly once across six competing instances [33m 4851[2mms[22m[39m
certification-1  |      [33m[2m✓[22m[39m fences a vanished worker: the lease survives, the stale token does not [33m 6167[2mms[22m[39m
certification-1  |      [33m[2m✓[22m[39m enforces the capacity limit even when instances enqueue at the same time [33m 498[2mms[22m[39m
postgres-1       | 2026-10-01 20:53:16.325 UTC [717] ERROR:  new row for relation "project_queue_messages" violates check constraint "project_queue_messages_dedupe_pair"
postgres-1       | 2026-10-01 20:53:16.325 UTC [717] DETAIL:  Failing row contains (199d2dda-693d-419f-8247-74499b35f8a2, ee5b815f-cfa1-4236-a9f7-e4a30eff5fbb, d1ce7fe0-b37e-4939-a412-cdcd90d1a58a, development, 0cd4213a-5ae7-4248-acb4-931c6a616680, {}, available, probe, ffffffffffffffffffffffffffffffffffffffffffffffffffffffffffffffff, null, 0, 2026-10-01 20:53:16.325151+00, null, null, 0, null, null, 2026-10-01 20:53:16.325151+00, null, null, null).
postgres-1       | 2026-10-01 20:53:16.325 UTC [717] STATEMENT:  INSERT INTO project_queue_messages
postgres-1       | 	        (organization_id,project_id,environment,queue_id,payload,owner_subject,dedupe_key_hash)
postgres-1       | 	        VALUES ($1,$2,'development',$3,'{}'::jsonb,'probe',$4)
postgres-1       | 2026-10-01 20:53:16.359 UTC [841] FATAL:  database "absent_53078cab_3a0e_4aaa_ac4a_4e5d3b0f25eb" does not exist
postgres-1       | 2026-10-01 20:53:16.634 UTC [327] LOG:  checkpoint starting: immediate force wait
postgres-1       | 2026-10-01 20:53:16.643 UTC [327] LOG:  checkpoint complete: wrote 485 buffers (3.0%); 0 WAL file(s) added, 0 removed, 2 recycled; write=0.008 s, sync=0.001 s, total=0.009 s; sync files=211, longest=0.001 s, average=0.001 s; distance=26494 kB, estimate=26494 kB; lsn=0/440D450, redo lsn=0/440D3F8
postgres-1       | 2026-10-01 20:53:18.001 UTC [722] ERROR:  new row for relation "project_auth_settings" violates check constraint "project_auth_settings_rate_limits_check"
postgres-1       | 2026-10-01 20:53:18.001 UTC [722] DETAIL:  Failing row contains (634d1209-66d3-48b1-a782-7a3689cc0e7d, 6dba8a48-ecd8-4e58-a5a8-6d4a099f0627, development, f, 2026-09-26 12:00:00+00, {}, 0, 900, 5, 3600, 2, 900, f, 12, named, null, 2000, null, 2000, {}).
postgres-1       | 2026-10-01 20:53:18.001 UTC [722] STATEMENT:  UPDATE project_auth_settings SET sign_in_max = 0
postgres-1       | 	       WHERE organization_id = $1 AND project_id = $2 AND environment = 'development'
postgres-1       | 2026-10-01 20:53:18.310 UTC [855] ERROR:  new row for relation "project_auth_settings" violates check constraint "project_auth_settings_password_protection_check"
postgres-1       | 2026-10-01 20:53:18.310 UTC [855] DETAIL:  Failing row contains (2bb3570c-b505-48e1-8a54-1dda19a7248c, 703fec10-2fde-4580-be3f-a6ab2fa6e09f, development, f, 2026-09-26 13:00:00+00, {}, 10, 900, 5, 3600, 60, 3600, t, 11, generic, null, 2000, null, 2000, {}).
postgres-1       | 2026-10-01 20:53:18.310 UTC [855] STATEMENT:  UPDATE project_auth_settings SET password_min_length = 11
postgres-1       | 	         WHERE organization_id = $1 AND project_id = $2 AND environment = 'development'
postgres-1       | 2026-10-01 20:53:18.320 UTC [856] ERROR:  new row for relation "project_auth_settings" violates check constraint "project_auth_settings_password_protection_check"
postgres-1       | 2026-10-01 20:53:18.320 UTC [856] DETAIL:  Failing row contains (2bb3570c-b505-48e1-8a54-1dda19a7248c, 703fec10-2fde-4580-be3f-a6ab2fa6e09f, development, f, 2026-09-26 13:00:00+00, {}, 10, 900, 5, 3600, 60, 3600, t, 129, generic, null, 2000, null, 2000, {}).
postgres-1       | 2026-10-01 20:53:18.320 UTC [856] STATEMENT:  UPDATE project_auth_settings SET password_min_length = 129
postgres-1       | 	         WHERE organization_id = $1 AND project_id = $2 AND environment = 'development'
postgres-1       | 2026-10-01 20:53:18.330 UTC [857] ERROR:  new row for relation "project_auth_settings" violates check constraint "project_auth_settings_password_protection_check"
postgres-1       | 2026-10-01 20:53:18.330 UTC [857] DETAIL:  Failing row contains (2bb3570c-b505-48e1-8a54-1dda19a7248c, 703fec10-2fde-4580-be3f-a6ab2fa6e09f, development, f, 2026-09-26 13:00:00+00, {}, 10, 900, 5, 3600, 60, 3600, t, 14, loud, null, 2000, null, 2000, {}).
postgres-1       | 2026-10-01 20:53:18.330 UTC [857] STATEMENT:  UPDATE project_auth_settings SET leaked_password_notice = 'loud'
postgres-1       | 	         WHERE organization_id = $1 AND project_id = $2 AND environment = 'development'
postgres-1       | 2026-10-01 20:53:20.108 UTC [327] LOG:  checkpoint starting: immediate force wait
postgres-1       | 2026-10-01 20:53:20.110 UTC [327] LOG:  checkpoint complete: wrote 178 buffers (1.1%); 0 WAL file(s) added, 0 removed, 0 recycled; write=0.002 s, sync=0.001 s, total=0.003 s; sync files=139, longest=0.001 s, average=0.000 s; distance=5169 kB, estimate=24361 kB; lsn=0/4919B40, redo lsn=0/4919AE8
postgres-1       | 2026-10-01 20:53:24.833 UTC [327] LOG:  checkpoint starting: immediate force wait
postgres-1       | 2026-10-01 20:53:24.834 UTC [327] LOG:  checkpoint complete: wrote 65 buffers (0.4%); 0 WAL file(s) added, 0 removed, 0 recycled; write=0.001 s, sync=0.001 s, total=0.001 s; sync files=60, longest=0.001 s, average=0.000 s; distance=4517 kB, estimate=22377 kB; lsn=0/4D82F50, redo lsn=0/4D82EF8
postgres-1       | 2026-10-01 20:53:24.932 UTC [839] ERROR:  new row for relation "user_console_settings" violates check constraint "user_console_settings_language_check"
postgres-1       | 2026-10-01 20:53:24.932 UTC [839] DETAIL:  Failing row contains (6cb70a2f-d579-4e2c-867b-b8d0a07bfade, es, de-CH, browser, overview, system, 2026-10-01 20:53:24.932034+00, 2026-10-01 20:53:24.932034+00).
postgres-1       | 2026-10-01 20:53:24.932 UTC [839] STATEMENT:  INSERT INTO user_console_settings (user_id, language) VALUES ($1, $2)
postgres-1       | 2026-10-01 20:53:24.938 UTC [913] ERROR:  new row for relation "user_console_settings" violates check constraint "user_console_settings_format_locale_check"
postgres-1       | 2026-10-01 20:53:24.938 UTC [913] DETAIL:  Failing row contains (6cb70a2f-d579-4e2c-867b-b8d0a07bfade, browser, de-AT, browser, overview, system, 2026-10-01 20:53:24.937913+00, 2026-10-01 20:53:24.937913+00).
postgres-1       | 2026-10-01 20:53:24.938 UTC [913] STATEMENT:  INSERT INTO user_console_settings (user_id, format_locale) VALUES ($1, $2)
postgres-1       | 2026-10-01 20:53:24.945 UTC [914] ERROR:  new row for relation "user_console_settings" violates check constraint "user_console_settings_theme_check"
postgres-1       | 2026-10-01 20:53:24.945 UTC [914] DETAIL:  Failing row contains (6cb70a2f-d579-4e2c-867b-b8d0a07bfade, browser, de-CH, browser, overview, sepia, 2026-10-01 20:53:24.944561+00, 2026-10-01 20:53:24.944561+00).
postgres-1       | 2026-10-01 20:53:24.945 UTC [914] STATEMENT:  INSERT INTO user_console_settings (user_id, theme) VALUES ($1, $2)
postgres-1       | 2026-10-01 20:53:24.952 UTC [915] ERROR:  new row for relation "user_console_settings" violates check constraint "user_console_settings_time_zone_check"
postgres-1       | 2026-10-01 20:53:24.952 UTC [915] DETAIL:  Failing row contains (6cb70a2f-d579-4e2c-867b-b8d0a07bfade, browser, de-CH, kein zonenname mit leerzeichen, overview, system, 2026-10-01 20:53:24.951288+00, 2026-10-01 20:53:24.951288+00).
postgres-1       | 2026-10-01 20:53:24.952 UTC [915] STATEMENT:  INSERT INTO user_console_settings (user_id, time_zone) VALUES ($1, $2)
postgres-1       | 2026-10-01 20:53:24.959 UTC [916] ERROR:  new row for relation "user_console_settings" violates check constraint "user_console_settings_start_view_check"
postgres-1       | 2026-10-01 20:53:24.959 UTC [916] DETAIL:  Failing row contains (6cb70a2f-d579-4e2c-867b-b8d0a07bfade, browser, de-CH, browser, Nicht Erlaubt, system, 2026-10-01 20:53:24.95821+00, 2026-10-01 20:53:24.95821+00).
postgres-1       | 2026-10-01 20:53:24.959 UTC [916] STATEMENT:  INSERT INTO user_console_settings (user_id, start_view) VALUES ($1, $2)
postgres-1       | 2026-10-01 20:53:24.967 UTC [858] ERROR:  permission denied for table users
postgres-1       | 2026-10-01 20:53:24.967 UTC [858] STATEMENT:  UPDATE users SET status = 'disabled' WHERE id = $1
postgres-1       | 2026-10-01 20:53:37.506 UTC [956] ERROR:  relation "plaene_ea5ffd1c_91c6_4687_b136_60f4e480d9a1.gibt_es_nicht" does not exist at character 73
postgres-1       | 2026-10-01 20:53:37.506 UTC [956] STATEMENT:  EXPLAIN (FORMAT JSON, COSTS ON, VERBOSE OFF, SUMMARY ON) SELECT id FROM "plaene_ea5ffd1c_91c6_4687_b136_60f4e480d9a1".gibt_es_nicht
postgres-1       | 2026-10-01 20:53:37.533 UTC [917] ERROR:  division by zero
postgres-1       | 2026-10-01 20:53:37.533 UTC [917] STATEMENT:  SELECT 1 / 0
postgres-1       | 2026-10-01 20:53:37.541 UTC [985] ERROR:  division by zero
postgres-1       | 2026-10-01 20:53:37.541 UTC [985] STATEMENT:  SELECT 1 / 0
postgres-1       | 2026-10-01 20:53:37.549 UTC [986] ERROR:  division by zero
postgres-1       | 2026-10-01 20:53:37.549 UTC [986] STATEMENT:  SELECT 1 / 0
postgres-1       | 2026-10-01 20:53:37.556 UTC [987] ERROR:  division by zero
postgres-1       | 2026-10-01 20:53:37.556 UTC [987] STATEMENT:  SELECT 1 / 0
postgres-1       | 2026-10-01 20:53:37.563 UTC [988] ERROR:  division by zero
postgres-1       | 2026-10-01 20:53:37.563 UTC [988] STATEMENT:  SELECT 1 / 0
postgres-1       | 2026-10-01 20:53:37.570 UTC [989] ERROR:  division by zero
postgres-1       | 2026-10-01 20:53:37.570 UTC [989] STATEMENT:  SELECT 1 / 0
postgres-1       | 2026-10-01 20:53:37.577 UTC [990] ERROR:  division by zero
postgres-1       | 2026-10-01 20:53:37.577 UTC [990] STATEMENT:  SELECT 1 / 0
postgres-1       | 2026-10-01 20:53:37.585 UTC [991] ERROR:  division by zero
postgres-1       | 2026-10-01 20:53:37.585 UTC [991] STATEMENT:  SELECT 1 / 0
postgres-1       | 2026-10-01 20:53:37.594 UTC [992] ERROR:  division by zero
postgres-1       | 2026-10-01 20:53:37.594 UTC [992] STATEMENT:  SELECT 1 / 0
postgres-1       | 2026-10-01 20:53:37.605 UTC [993] ERROR:  division by zero
postgres-1       | 2026-10-01 20:53:37.605 UTC [993] STATEMENT:  SELECT 1 / 0
postgres-1       | 2026-10-01 20:53:38.552 UTC [996] ERROR:  permission denied for table pg_user_mapping
postgres-1       | 2026-10-01 20:53:38.552 UTC [996] STATEMENT:  SELECT umoptions FROM pg_catalog.pg_user_mapping
postgres-1       | 2026-10-01 20:53:38.576 UTC [994] WARNING:  "wal_level" is insufficient to publish logical changes
postgres-1       | 2026-10-01 20:53:38.576 UTC [994] HINT:  Set "wal_level" to "logical" before creating subscriptions.
postgres-1       | 2026-10-01 20:53:38.585 UTC [998] ERROR:  permission denied for table pg_subscription
postgres-1       | 2026-10-01 20:53:38.585 UTC [998] STATEMENT:  SELECT subconninfo FROM pg_catalog.pg_subscription
postgres-1       | 2026-10-01 20:53:38.815 UTC [721] ERROR:  permission denied for table project_storage_s3_access_keys
postgres-1       | 2026-10-01 20:53:38.815 UTC [721] STATEMENT:  DELETE FROM project_storage_s3_access_keys WHERE id = $1
postgres-1       | 2026-10-01 20:53:38.817 UTC [723] ERROR:  permission denied for table project_storage_s3_access_keys
postgres-1       | 2026-10-01 20:53:38.817 UTC [723] STATEMENT:  UPDATE project_storage_s3_access_keys SET name = 'anders' WHERE id = $1
postgres-1       | 2026-10-01 20:53:38.818 UTC [994] ERROR:  project storage S3 access keys are immutable except for one-way revocation
postgres-1       | 2026-10-01 20:53:38.818 UTC [994] CONTEXT:  PL/pgSQL function qkern_reject_project_storage_s3_access_key_mutation() line 14 at RAISE
postgres-1       | 2026-10-01 20:53:38.818 UTC [994] STATEMENT:  UPDATE project_storage_s3_access_keys SET revoked_at = now() + interval '1 hour' WHERE id = $1
postgres-1       | 2026-10-01 20:53:38.874 UTC [1001] ERROR:  project storage S3 access keys are immutable except for one-way revocation
postgres-1       | 2026-10-01 20:53:38.874 UTC [1001] CONTEXT:  PL/pgSQL function qkern_reject_project_storage_s3_access_key_mutation() line 14 at RAISE
postgres-1       | 2026-10-01 20:53:38.874 UTC [1001] STATEMENT:  UPDATE project_storage_s3_access_keys SET secret_ciphertext = $2 WHERE id = $1
postgres-1       | 2026-10-01 20:53:39.646 UTC [918] ERROR:  new row for relation "project_auth_settings" violates check constraint "project_auth_settings_hook_claims_check"
postgres-1       | 2026-10-01 20:53:39.646 UTC [918] DETAIL:  Failing row contains (b01518b0-4eba-4025-b83b-ec2cc21635d9, d04f748e-cff6-405a-be8c-9c849c73c16d, development, f, 2026-10-01 20:53:39.559+00, {}, 10, 900, 5, 3600, 60, 3600, f, 12, named, null, 2000, hook-claims-4099e881, 2000, {role}).
postgres-1       | 2026-10-01 20:53:39.646 UTC [918] STATEMENT:  UPDATE project_auth_settings SET access_token_hook_function = $1, access_token_hook_claims = ARRAY['role']::text[] WHERE organization_id = 'b01518b0-4eba-4025-b83b-ec2cc21635d9' AND project_id = 'd04f748e-cff6-405a-be8c-9c849c73c16d'
postgres-1       | 	      AND environment = 'development'
postgres-1       | 2026-10-01 20:53:39.658 UTC [1012] ERROR:  new row for relation "project_auth_settings" violates check constraint "project_auth_settings_hook_timeout_check"
postgres-1       | 2026-10-01 20:53:39.658 UTC [1012] DETAIL:  Failing row contains (b01518b0-4eba-4025-b83b-ec2cc21635d9, d04f748e-cff6-405a-be8c-9c849c73c16d, development, f, 2026-10-01 20:53:39.559+00, {}, 10, 900, 5, 3600, 60, 3600, f, 12, named, null, 0, null, 2000, {}).
postgres-1       | 2026-10-01 20:53:39.658 UTC [1012] STATEMENT:  UPDATE project_auth_settings SET sign_in_hook_timeout_ms = 0 WHERE organization_id = 'b01518b0-4eba-4025-b83b-ec2cc21635d9' AND project_id = 'd04f748e-cff6-405a-be8c-9c849c73c16d'
postgres-1       | 	      AND environment = 'development'
postgres-1       | 2026-10-01 20:53:39.668 UTC [1013] ERROR:  new row for relation "project_auth_settings" violates check constraint "project_auth_settings_hook_function_check"
postgres-1       | 2026-10-01 20:53:39.668 UTC [1013] DETAIL:  Failing row contains (b01518b0-4eba-4025-b83b-ec2cc21635d9, d04f748e-cff6-405a-be8c-9c849c73c16d, development, f, 2026-10-01 20:53:39.559+00, {}, 10, 900, 5, 3600, 60, 3600, f, 12, named, Nope!, 2000, null, 2000, {}).
postgres-1       | 2026-10-01 20:53:39.668 UTC [1013] STATEMENT:  UPDATE project_auth_settings SET sign_in_hook_function = 'Nope!' WHERE organization_id = 'b01518b0-4eba-4025-b83b-ec2cc21635d9' AND project_id = 'd04f748e-cff6-405a-be8c-9c849c73c16d'
postgres-1       | 	      AND environment = 'development'
postgres-1       | 2026-10-01 20:53:39.680 UTC [1014] ERROR:  new row for relation "project_auth_settings" violates check constraint "project_auth_settings_hook_claims_check"
postgres-1       | 2026-10-01 20:53:39.680 UTC [1014] DETAIL:  Failing row contains (b01518b0-4eba-4025-b83b-ec2cc21635d9, d04f748e-cff6-405a-be8c-9c849c73c16d, development, f, 2026-10-01 20:53:39.559+00, {}, 10, 900, 5, 3600, 60, 3600, f, 12, named, null, 2000, null, 2000, {tenant}).
postgres-1       | 2026-10-01 20:53:39.680 UTC [1014] STATEMENT:  UPDATE project_auth_settings SET access_token_hook_function = NULL, access_token_hook_claims = ARRAY['tenant']::text[] WHERE organization_id = 'b01518b0-4eba-4025-b83b-ec2cc21635d9' AND project_id = 'd04f748e-cff6-405a-be8c-9c849c73c16d'
postgres-1       | 	      AND environment = 'development'
postgres-1       | 2026-10-01 20:53:39.817 UTC [1015] ERROR:  permission denied for table project_auth_passkeys
postgres-1       | 2026-10-01 20:53:39.817 UTC [1015] STATEMENT:  UPDATE project_auth_passkeys SET public_key = $1
postgres-1       | 	        WHERE organization_id = $2 AND project_id = $3
postgres-1       | 2026-10-01 20:53:40.034 UTC [1016] ERROR:  new row for relation "project_auth_third_party_providers" violates check constraint "project_auth_third_party_providers_role_check"
postgres-1       | 2026-10-01 20:53:40.034 UTC [1016] DETAIL:  Failing row contains (904524c8-d59b-43e6-b0a1-0899b2aa9c5b, 5b25bf83-8e85-47ac-9b41-42ce9cc3b28f, 383ecea9-e8b1-49e3-bc6d-cb5afa8e4277, development, direkt, https://direkt.example.com, https://aussteller-2-80.example.com/.well-known/jwks.json, {qkern-app-2-80}, sub, null, service_role, 2026-10-01 20:53:40.033061+00).
postgres-1       | 2026-10-01 20:53:40.034 UTC [1016] STATEMENT:  INSERT INTO project_auth_third_party_providers
postgres-1       | 	        (id, organization_id, project_id, environment, name, issuer, jwks_uri, audiences, default_role)
postgres-1       | 	        VALUES ($1,$2,$3,$4,'direkt','https://direkt.example.com',$5,ARRAY[$6]::text[],'service_role')
postgres-1       | 2026-10-01 20:53:40.055 UTC [1017] ERROR:  permission denied for table project_auth_third_party_providers
postgres-1       | 2026-10-01 20:53:40.055 UTC [1017] STATEMENT:  UPDATE project_auth_third_party_providers SET jwks_uri = $1 WHERE issuer = $2
postgres-1       | 2026-10-01 20:53:41.622 UTC [1038] ERROR:  new row violates row-level security policy for table "notizen"
postgres-1       | 2026-10-01 20:53:41.622 UTC [1038] STATEMENT:  INSERT INTO "graphqlw_59665c02_134f_4b7c_bf55_dd60e589065d"."notizen" ("besitzer", "inhalt", "menge")
postgres-1       | 	         VALUES ($1, $2, $3)
postgres-1       | 	         
postgres-1       | 	         RETURNING "id", "besitzer", "inhalt", "menge"
postgres-1       | 2026-10-01 20:53:41.635 UTC [1038] ERROR:  new row violates row-level security policy for table "notizen"
postgres-1       | 2026-10-01 20:53:41.635 UTC [1038] STATEMENT:  UPDATE "graphqlw_59665c02_134f_4b7c_bf55_dd60e589065d"."notizen" SET "besitzer" = $1
postgres-1       | 	       WHERE "menge" = $2 RETURNING "id", "besitzer", "inhalt", "menge"
postgres-1       | 2026-10-01 20:53:41.803 UTC [1039] ERROR:  new row violates row-level security policy (USING expression) for table "kunden"
postgres-1       | 2026-10-01 20:53:41.803 UTC [1039] STATEMENT:  INSERT INTO "gqlupsert_0f62cdf2_503f_48ec_8f46_6dd5af5acf5a"."kunden" ("besitzer", "email", "name", "punkte")
postgres-1       | 	         VALUES ($1, $2, $3, $4)
postgres-1       | 	         ON CONFLICT ("email")
postgres-1       | 	         DO UPDATE SET "besitzer" = EXCLUDED."besitzer", "name" = EXCLUDED."name", "punkte" = EXCLUDED."punkte"
postgres-1       | 	         RETURNING "id", "besitzer", "email", "name", "punkte", "slug"
postgres-1       | 2026-10-01 20:53:41.809 UTC [1039] ERROR:  new row violates row-level security policy (USING expression) for table "kunden"
postgres-1       | 2026-10-01 20:53:41.809 UTC [1039] STATEMENT:  INSERT INTO "gqlupsert_0f62cdf2_503f_48ec_8f46_6dd5af5acf5a"."kunden" ("besitzer", "email", "name", "punkte")
postgres-1       | 	         VALUES ($1, $2, $3, $4)
postgres-1       | 	         ON CONFLICT ("email")
postgres-1       | 	         DO UPDATE SET "besitzer" = EXCLUDED."besitzer", "name" = EXCLUDED."name", "punkte" = EXCLUDED."punkte"
postgres-1       | 	         RETURNING "id", "besitzer", "email", "name", "punkte", "slug"
postgres-1       | 2026-10-01 20:53:41.825 UTC [1039] ERROR:  new row violates row-level security policy (USING expression) for table "kunden"
postgres-1       | 2026-10-01 20:53:41.825 UTC [1039] STATEMENT:  INSERT INTO "gqlupsert_0f62cdf2_503f_48ec_8f46_6dd5af5acf5a"."kunden" ("besitzer", "email", "name", "punkte")
postgres-1       | 	         VALUES ($1, $2, $3, $4)
postgres-1       | 	         ON CONFLICT ("email")
postgres-1       | 	         DO UPDATE SET "besitzer" = EXCLUDED."besitzer", "name" = EXCLUDED."name", "punkte" = EXCLUDED."punkte"
postgres-1       | 	         RETURNING "id", "besitzer", "email", "name", "punkte", "slug"
postgres-1       | 2026-10-01 20:53:41.965 UTC [1040] ERROR:  new row violates row-level security policy (USING expression) for table "kunden"
postgres-1       | 2026-10-01 20:53:41.965 UTC [1040] STATEMENT:  INSERT INTO "mcpupsert_400321ef_0e9b_426b_ba98_46747baa15b2"."kunden" ("besitzer", "email", "name", "punkte")
postgres-1       | 	         VALUES ($1, $2, $3, $4)
postgres-1       | 	         ON CONFLICT ("email")
postgres-1       | 	         DO UPDATE SET "besitzer" = EXCLUDED."besitzer", "name" = EXCLUDED."name", "punkte" = EXCLUDED."punkte"
postgres-1       | 	         RETURNING "id", "besitzer", "email", "name", "punkte"
postgres-1       | 2026-10-01 20:53:42.002 UTC [1040] ERROR:  new row violates row-level security policy (USING expression) for table "kunden"
postgres-1       | 2026-10-01 20:53:42.002 UTC [1040] STATEMENT:  INSERT INTO "mcpupsert_400321ef_0e9b_426b_ba98_46747baa15b2"."kunden" ("besitzer", "email", "name", "punkte")
postgres-1       | 	         VALUES ($1, $2, $3, $4)
postgres-1       | 	         ON CONFLICT ("email")
postgres-1       | 	         DO UPDATE SET "besitzer" = EXCLUDED."besitzer", "name" = EXCLUDED."name", "punkte" = EXCLUDED."punkte"
postgres-1       | 	         RETURNING "id", "besitzer", "email", "name", "punkte"
postgres-1       | 2026-10-01 20:53:42.129 UTC [1041] ERROR:  permission denied for table project_auth_oauth_clients
postgres-1       | 2026-10-01 20:53:42.129 UTC [1041] STATEMENT:  UPDATE project_auth_oauth_clients SET scopes = ARRAY['data:write']::text[] WHERE id = $1
postgres-1       | 2026-10-01 20:53:42.131 UTC [1018] ERROR:  new row for relation "project_auth_oauth_codes" violates check constraint "project_auth_oauth_codes_pkce_check"
postgres-1       | 2026-10-01 20:53:42.131 UTC [1018] DETAIL:  Failing row contains (1f83271c-9349-4e10-9af6-b0c13d63a421, ae6ea5e1-0f45-422a-bfaa-5f6a24c129b4, 0e8cd815-7d0f-420f-afec-7fb9a43661dc, development, f9230ba1-d0a9-47c5-acf9-c6fa34557eec, eae46654-17aa-44fa-b346-0f90c0a5becd, https://app.test/oauth/zurueck, {data:read}, direkt-19a4896b-3901-4f1e-8516-b31c53b2e4aa, ANt4_B9WTxCStd9UXPZnNeOW4PV6fTtglaIvF3RqUOY, plain, 2026-10-01 20:53:42.130423+00, 2026-10-01 20:54:42.130423+00, null, null).
postgres-1       | 2026-10-01 20:53:42.131 UTC [1018] STATEMENT:  INSERT INTO project_auth_oauth_codes
postgres-1       | 	        (id, organization_id, project_id, environment, client_id, auth_user_id, redirect_uri,
postgres-1       | 	         scopes, code_hash, code_challenge, code_challenge_method, expires_at)
postgres-1       | 	        VALUES ($1,$2,$3,'development',$4,$5,$6,ARRAY['data:read']::text[],$7,$8,'plain',now() + interval '1 minute')
postgres-1       | 2026-10-01 20:53:42.355 UTC [327] LOG:  checkpoint starting: immediate force wait
postgres-1       | 2026-10-01 20:53:42.361 UTC [327] LOG:  checkpoint complete: wrote 430 buffers (2.6%); 0 WAL file(s) added, 0 removed, 2 recycled; write=0.005 s, sync=0.001 s, total=0.006 s; sync files=307, longest=0.001 s, average=0.000 s; distance=27044 kB, estimate=27044 kB; lsn=0/67EC048, redo lsn=0/67EBFD8
postgres-1       | 2026-10-01 20:53:42.390 UTC [1000] ERROR:  permission denied for table project_auth_one_time_tokens
postgres-1       | 2026-10-01 20:53:42.390 UTC [1000] STATEMENT:  DELETE FROM project_auth_one_time_tokens WHERE organization_id = $1
postgres-1       | 2026-10-01 20:53:42.398 UTC [1047] ERROR:  permission denied for table project_auth_oauth_tokens
postgres-1       | 2026-10-01 20:53:42.398 UTC [1047] STATEMENT:  DELETE FROM project_auth_oauth_tokens WHERE organization_id = $1
postgres-1       | 2026-10-01 20:53:42.451 UTC [1048] ERROR:  permission denied for table project_auth_saml_assertions
postgres-1       | 2026-10-01 20:53:42.451 UTC [1048] STATEMENT:  DELETE FROM project_auth_saml_assertions WHERE organization_id = $1
postgres-1       | 2026-10-01 20:53:43.650 UTC [1042] ERROR:  permission denied for table project_auth_oauth_consents
postgres-1       | 2026-10-01 20:53:43.650 UTC [1042] STATEMENT:  DELETE FROM project_auth_oauth_consents WHERE id = $1
postgres-1       | 2026-10-01 20:53:43.651 UTC [1044] ERROR:  project auth oauth consents are immutable except for one-way revocation
postgres-1       | 2026-10-01 20:53:43.651 UTC [1044] CONTEXT:  PL/pgSQL function qkern_reject_project_auth_oauth_consent_mutation() line 8 at RAISE
postgres-1       | 2026-10-01 20:53:43.651 UTC [1044] STATEMENT:  UPDATE project_auth_oauth_consents SET revoked_at = NULL WHERE id = $1
postgres-1       | 2026-10-01 20:53:43.659 UTC [1061] ERROR:  permission denied for table project_auth_oauth_consents
postgres-1       | 2026-10-01 20:53:43.659 UTC [1061] STATEMENT:  UPDATE project_auth_oauth_consents SET scopes = ARRAY['data:write']::text[] WHERE id = $1
postgres-1       | 2026-10-01 20:53:43.714 UTC [1002] ERROR:  update or delete on table "users" violates foreign key constraint "organizations_created_by_fkey" on table "organizations"
postgres-1       | 2026-10-01 20:53:43.714 UTC [1002] DETAIL:  Key (id)=(0bcb0b68-5872-4fed-b8f9-29e776145b16) is still referenced from table "organizations".
postgres-1       | 2026-10-01 20:53:43.714 UTC [1002] STATEMENT:  DELETE FROM users WHERE id = $1
postgres-1       | 2026-10-01 20:53:43.734 UTC [1065] ERROR:  extension "vector" is not available
postgres-1       | 2026-10-01 20:53:43.734 UTC [1065] DETAIL:  Could not open extension control file "/usr/local/share/postgresql/extension/vector.control": No such file or directory.
postgres-1       | 2026-10-01 20:53:43.734 UTC [1065] HINT:  The extension must first be installed on the system where PostgreSQL is running.
postgres-1       | 2026-10-01 20:53:43.734 UTC [1065] STATEMENT:  CREATE EXTENSION vector
postgres-1       | 2026-10-01 20:53:43.761 UTC [1066] ERROR:  array is too long
postgres-1       | 2026-10-01 20:53:43.761 UTC [1066] DETAIL:  A cube cannot have more than 100 dimensions.
postgres-1       | 2026-10-01 20:53:43.761 UTC [1066] STATEMENT:  SELECT cube(array_fill(0::float8, ARRAY[$1::int]))
postgres-1       | 2026-10-01 20:53:44.002 UTC [1067] ERROR:  update or delete on table "users" violates foreign key constraint "organizations_created_by_fkey" on table "organizations"
postgres-1       | 2026-10-01 20:53:44.002 UTC [1067] DETAIL:  Key (id)=(8fd5a86d-d5c3-49ca-b5d9-318f760b06e7) is still referenced from table "organizations".
postgres-1       | 2026-10-01 20:53:44.002 UTC [1067] STATEMENT:  DELETE FROM users WHERE id = $1
postgres-1       | 2026-10-01 20:53:44.256 UTC [1070] ERROR:  new row violates row-level security policy for table "kommentare"
postgres-1       | 2026-10-01 20:53:44.256 UTC [1070] STATEMENT:  INSERT INTO "gqlrel_37e4a843_ec17_4285_a7a5_bd011c492f6d"."kommentare" ("beitrag_id", "besitzer", "id", "text")
postgres-1       | 	         VALUES ($1, $2, $3, $4)
postgres-1       | 	         
postgres-1       | 	         RETURNING "id", "beitrag_id", "verfasser_id", "text", "besitzer"
postgres-1       | 2026-10-01 20:53:44.345 UTC [1071] ERROR:  permission denied for table verschlossen
postgres-1       | 2026-10-01 20:53:44.345 UTC [1071] STATEMENT:  SELECT inhalt FROM "gqlxs_b_5425eeb5_6f67_4ebd_bec9_c17611618337".verschlossen
postgres-1       | 2026-10-01 20:53:44.429 UTC [1050] ERROR:  permission denied for table project_function_invocation_output
postgres-1       | 2026-10-01 20:53:44.429 UTC [1050] STATEMENT:  UPDATE project_function_invocation_output SET truncated = true
postgres-1       | 2026-10-01 20:53:44.431 UTC [1050] ERROR:  permission denied for table project_function_invocation_output
postgres-1       | 2026-10-01 20:53:44.431 UTC [1050] STATEMENT:  DELETE FROM project_function_invocation_output
postgres-1       | 2026-10-01 20:53:44.434 UTC [1068] ERROR:  new row for relation "project_function_invocation_output" violates check constraint "project_function_invocation_output_line_count_check"
postgres-1       | 2026-10-01 20:53:44.434 UTC [1068] DETAIL:  Failing row contains (89f93f78-9c60-49fd-82f1-2ae23201fa74, 921f3ebb-1bd1-42fe-acb8-d35c9c71d8eb, fd08967f-4009-4625-8971-cf6713bc87f0, development, 1eabc041-1aba-4e47-bf23-85d81630e20f, 7c22b6b4-997e-4cff-9b02-6060aa1c2e8e, 2026-10-01 20:53:44.432564+00, 501, 501, 0, 0, f, 0, [{"at": "2026-09-29T10:00:00.000Z", "cut": false, "text": "x", "...).
postgres-1       | 2026-10-01 20:53:44.434 UTC [1068] STATEMENT:  INSERT INTO project_function_invocation_output
postgres-1       | 	         (organization_id, project_id, environment, function_id, invocation_id,
postgres-1       | 	          line_count, stdout_lines, stderr_lines, byte_count, truncated, dropped_lines, lines)
postgres-1       | 	       VALUES ($1, $2, 'development', $3, $4, $5, $6, 0, 0, $7, $8, $9::jsonb)
postgres-1       | 2026-10-01 20:53:44.441 UTC [1073] ERROR:  new row for relation "project_function_invocation_output" violates check constraint "project_function_invocation_output_lines_shape"
postgres-1       | 2026-10-01 20:53:44.441 UTC [1073] DETAIL:  Failing row contains (c5699ebf-77cd-419e-93e3-3be7cdca2579, 921f3ebb-1bd1-42fe-acb8-d35c9c71d8eb, fd08967f-4009-4625-8971-cf6713bc87f0, development, 1eabc041-1aba-4e47-bf23-85d81630e20f, 7c22b6b4-997e-4cff-9b02-6060aa1c2e8e, 2026-10-01 20:53:44.440192+00, 2, 2, 0, 0, f, 0, [{"at": "2026-09-29T10:00:00.000Z", "cut": false, "text": "x", "...).
postgres-1       | 2026-10-01 20:53:44.441 UTC [1073] STATEMENT:  INSERT INTO project_function_invocation_output
postgres-1       | 	         (organization_id, project_id, environment, function_id, invocation_id,
postgres-1       | 	          line_count, stdout_lines, stderr_lines, byte_count, truncated, dropped_lines, lines)
postgres-1       | 	       VALUES ($1, $2, 'development', $3, $4, $5, $6, 0, 0, $7, $8, $9::jsonb)
postgres-1       | 2026-10-01 20:53:44.451 UTC [1074] ERROR:  insert or update on table "project_function_invocation_output" violates foreign key constraint "project_function_invocation_o_organization_id_invocation_i_fkey"
postgres-1       | 2026-10-01 20:53:44.451 UTC [1074] DETAIL:  Key (organization_id, invocation_id)=(921f3ebb-1bd1-42fe-acb8-d35c9c71d8eb, 188e20cb-9e9f-4279-9168-280b2f4f9b85) is not present in table "project_function_invocations".
postgres-1       | 2026-10-01 20:53:44.451 UTC [1074] STATEMENT:  INSERT INTO project_function_invocation_output
postgres-1       | 	         (organization_id, project_id, environment, function_id, invocation_id,
postgres-1       | 	          line_count, stdout_lines, stderr_lines, byte_count, truncated, dropped_lines, lines)
postgres-1       | 	       VALUES ($1, $2, 'development', $3, $4, $5, $6, 0, 0, $7, $8, $9::jsonb)
postgres-1       | 2026-10-01 20:53:44.460 UTC [1075] ERROR:  duplicate key value violates unique constraint "project_function_invocation_o_organization_id_invocation_id_key"
postgres-1       | 2026-10-01 20:53:44.460 UTC [1075] DETAIL:  Key (organization_id, invocation_id)=(921f3ebb-1bd1-42fe-acb8-d35c9c71d8eb, 610adff4-69a8-4ae8-a69b-23322d4cb53e) already exists.
postgres-1       | 2026-10-01 20:53:44.460 UTC [1075] STATEMENT:  INSERT INTO project_function_invocation_output
postgres-1       | 	         (organization_id, project_id, environment, function_id, invocation_id,
postgres-1       | 	          line_count, stdout_lines, stderr_lines, byte_count, truncated, dropped_lines, lines)
postgres-1       | 	       VALUES ($1, $2, 'development', $3, $4, $5, $6, 0, 0, $7, $8, $9::jsonb)
postgres-1       | 2026-10-01 20:53:44.576 UTC [1063] ERROR:  duplicate key value violates unique constraint "project_auth_saml_assertion_key"
postgres-1       | 2026-10-01 20:53:44.576 UTC [1063] DETAIL:  Key (organization_id, project_id, environment, provider, assertion_id)=(51379c79-5a52-4a98-88d4-9e766b7737c9, e98b7a6c-c93d-490f-a47d-969eafb24b90, development, federation, _a01f609b1957babef9707fdb7d96156bd) already exists.
postgres-1       | 2026-10-01 20:53:44.576 UTC [1063] STATEMENT:  INSERT INTO project_auth_saml_assertions
postgres-1       | 	      (organization_id, project_id, environment, provider, assertion_id, expires_at)
postgres-1       | 	      VALUES ($1, $2, 'development', 'federation', $3, now() + interval '5 minutes')
postgres-1       | 2026-10-01 20:53:44.579 UTC [1062] ERROR:  new row for relation "project_auth_saml_assertions" violates check constraint "project_auth_saml_assertions_assertion_id_check"
postgres-1       | 2026-10-01 20:53:44.579 UTC [1062] DETAIL:  Failing row contains (bb8a49ca-7a76-424e-a6c8-e81b570d6def, 51379c79-5a52-4a98-88d4-9e766b7737c9, e98b7a6c-c93d-490f-a47d-969eafb24b90, development, federation, 9nope, 2026-10-01 20:53:44.579496+00, 2026-10-01 20:58:44.579496+00).
postgres-1       | 2026-10-01 20:53:44.579 UTC [1062] STATEMENT:  INSERT INTO project_auth_saml_assertions
postgres-1       | 	      (organization_id, project_id, environment, provider, assertion_id, expires_at)
postgres-1       | 	      VALUES ($1, $2, 'development', 'federation', '9nope', now() + interval '5 minutes')
postgres-1       | 2026-10-01 20:53:44.589 UTC [1077] ERROR:  new row for relation "project_auth_saml_assertions" violates check constraint "project_auth_saml_assertions_provider_check"
postgres-1       | 2026-10-01 20:53:44.589 UTC [1077] DETAIL:  Failing row contains (66b01745-c158-4052-8d39-4ff9fb58cb16, 51379c79-5a52-4a98-88d4-9e766b7737c9, e98b7a6c-c93d-490f-a47d-969eafb24b90, development, Federation, _abc, 2026-10-01 20:53:44.58776+00, 2026-10-01 20:58:44.58776+00).
postgres-1       | 2026-10-01 20:53:44.589 UTC [1077] STATEMENT:  INSERT INTO project_auth_saml_assertions
postgres-1       | 	      (organization_id, project_id, environment, provider, assertion_id, expires_at)
postgres-1       | 	      VALUES ($1, $2, 'development', 'Federation', '_abc', now() + interval '5 minutes')
postgres-1       | 2026-10-01 20:53:44.598 UTC [1078] ERROR:  new row for relation "project_auth_saml_assertions" violates check constraint "project_auth_saml_assertions_window"
postgres-1       | 2026-10-01 20:53:44.598 UTC [1078] DETAIL:  Failing row contains (3bd33c8c-a4a4-4e64-8c09-d7735c9fa7f2, 51379c79-5a52-4a98-88d4-9e766b7737c9, e98b7a6c-c93d-490f-a47d-969eafb24b90, development, federation, _window, 2026-10-01 20:53:44.596392+00, 2026-10-01 20:52:44.596392+00).
postgres-1       | 2026-10-01 20:53:44.598 UTC [1078] STATEMENT:  INSERT INTO project_auth_saml_assertions
postgres-1       | 	      (organization_id, project_id, environment, provider, assertion_id, used_at, expires_at)
postgres-1       | 	      VALUES ($1, $2, 'development', 'federation', '_window', now(), now() - interval '1 minute')
postgres-1       | 2026-10-01 20:53:44.606 UTC [1079] ERROR:  new row for relation "project_auth_one_time_tokens" violates check constraint "project_auth_one_time_tokens_purpose_check"
postgres-1       | 2026-10-01 20:53:44.606 UTC [1079] DETAIL:  Failing row contains (d4ed201f-b518-4f4c-baa6-89ee43125891, 51379c79-5a52-4a98-88d4-9e766b7737c9, e98b7a6c-c93d-490f-a47d-969eafb24b90, development, null, saml_reply, aaaaaaaaaaaaaaaaaaaaaaaaaaaaaaaaaaaaaaaaaaaaaaaaaaaaaaaaaaaaaaaa, {}, 2026-10-01 20:53:44.60452+00, 2026-10-01 20:58:44.60452+00, null).
postgres-1       | 2026-10-01 20:53:44.606 UTC [1079] STATEMENT:  INSERT INTO project_auth_one_time_tokens
postgres-1       | 	      (organization_id, project_id, environment, purpose, token_hash, expires_at)
postgres-1       | 	      VALUES ($1, $2, 'development', 'saml_reply', $3, now() + interval '5 minutes')
postgres-1       | 2026-10-01 20:53:44.614 UTC [1080] ERROR:  permission denied for table project_auth_saml_assertions
postgres-1       | 2026-10-01 20:53:44.614 UTC [1080] STATEMENT:  UPDATE project_auth_saml_assertions SET assertion_id = '_other' WHERE organization_id = $1
postgres-1       | 2026-10-01 20:53:44.663 UTC [1076] ERROR:  project storage upload verifier and identity are immutable
postgres-1       | 2026-10-01 20:53:44.663 UTC [1076] CONTEXT:  PL/pgSQL function qkern_reject_project_storage_upload_mutation() line 15 at RAISE
postgres-1       | 2026-10-01 20:53:44.663 UTC [1076] STATEMENT:  UPDATE project_storage_uploads
postgres-1       | 	      SET parts_declared = true, kind = 'single', provider_upload_id = NULL
postgres-1       | 	      WHERE id = $1
postgres-1       | 2026-10-01 20:53:44.674 UTC [1082] ERROR:  project storage upload verifier and identity are immutable
postgres-1       | 2026-10-01 20:53:44.674 UTC [1082] CONTEXT:  PL/pgSQL function qkern_reject_project_storage_upload_mutation() line 15 at RAISE
postgres-1       | 2026-10-01 20:53:44.674 UTC [1082] STATEMENT:  UPDATE project_storage_uploads SET parts_declared = false
postgres-1       | 	      WHERE id = $1
postgres-1       | 2026-10-01 20:53:44.721 UTC [1083] ERROR:  project storage upload verifier and identity are immutable
postgres-1       | 2026-10-01 20:53:44.721 UTC [1083] CONTEXT:  PL/pgSQL function qkern_reject_project_storage_upload_mutation() line 15 at RAISE
postgres-1       | 2026-10-01 20:53:44.721 UTC [1083] STATEMENT:  UPDATE project_storage_uploads SET checksum_sha256 = NULL WHERE id = $1
postgres-1       | 2026-10-01 20:53:44.738 UTC [1084] ERROR:  new row for relation "project_storage_uploads" violates check constraint "project_storage_uploads_completed_content"
postgres-1       | 2026-10-01 20:53:44.738 UTC [1084] DETAIL:  Failing row contains (f574a44c-43ce-4146-ba50-f6979e6afee2, 538b9377-1f45-4517-b00f-ca3695fdd549, 7df39e0a-2d86-4752-a520-a990d1fa05cf, development, 2348ccad-6e4f-41fc-a730-ba00be5ed9f3, halfway.txt, 538b9377-1f45-4517-b00f-ca3695fdd549/7df39e0a-2d86-4752-a520-a99..., 69882959-1c25-4399-96ac-43cacee73ed0, text/plain, 1, null, uUeihhUZyIAklYKw6jXIgimIKP1Hp3DqrBuZiEB0sDI, completed, 2026-10-01 20:53:44.652+00, 2026-10-01 21:53:44.652+00, null, null, multipart, provider-upload-halfway, t).
postgres-1       | 2026-10-01 20:53:44.738 UTC [1084] STATEMENT:  UPDATE project_storage_uploads SET status = 'completed', size_bytes = 1 WHERE id = $1
postgres-1       | 2026-10-01 20:53:44.785 UTC [1086] ERROR:  permission denied for function pg_read_file
postgres-1       | 2026-10-01 20:53:44.785 UTC [1086] STATEMENT:  SELECT pg_read_file('postgresql.conf', 0, 16)
postgres-1       | 2026-10-01 20:53:44.792 UTC [1087] ERROR:  permission denied for function pg_ls_logdir
postgres-1       | 2026-10-01 20:53:44.792 UTC [1087] STATEMENT:  SELECT * FROM pg_ls_logdir()
postgres-1       | 2026-10-01 20:53:44.799 UTC [1088] ERROR:  permission denied to examine "log_directory"
postgres-1       | 2026-10-01 20:53:44.799 UTC [1088] DETAIL:  Only roles with privileges of the "pg_read_all_settings" role may examine this parameter.
postgres-1       | 2026-10-01 20:53:44.799 UTC [1088] STATEMENT:  SHOW log_directory
postgres-1       | 2026-10-01 20:53:44.808 UTC [1085] ERROR:  could not open directory "log": No such file or directory
postgres-1       | 2026-10-01 20:53:44.808 UTC [1085] STATEMENT:  SELECT * FROM pg_ls_logdir()
postgres-1       | 2026-10-01 20:53:44.857 UTC [1093] ERROR:  permission denied for function pg_read_file
postgres-1       | 2026-10-01 20:53:44.857 UTC [1093] STATEMENT:  SELECT pg_read_file('postgresql.conf', 0, 8)
postgres-1       | 2026-10-01 20:53:44.891 UTC [1050] ERROR:  new row for relation "realtime_presence" violates check constraint "realtime_presence_lease_forward"
postgres-1       | 2026-10-01 20:53:44.891 UTC [1050] STATEMENT:  INSERT INTO realtime_presence (organization_id, project_id, environment, channel,
postgres-1       | 	             presence_key, instance_id, state, tracked_at, expires_at)
postgres-1       | 	           VALUES ($1,$2,'development',$3,'qk_presence_2113backwards','instance-a','{}',$4,$5)
postgres-1       | 2026-10-01 20:53:44.893 UTC [1050] ERROR:  permission denied for table realtime_presence
postgres-1       | 2026-10-01 20:53:44.893 UTC [1050] STATEMENT:  UPDATE realtime_presence SET channel='public:hijacked'
postgres-1       | 	          WHERE organization_id=$1 AND channel=$2
postgres-1       | 2026-10-01 20:53:44.900 UTC [1095] ERROR:  permission denied for table realtime_presence
postgres-1       | 2026-10-01 20:53:44.900 UTC [1095] STATEMENT:  UPDATE realtime_presence SET presence_key='qk_presence_2113stolen'
postgres-1       | 	          WHERE organization_id=$1 AND channel=$2
postgres-1       | 2026-10-01 20:53:45.049 UTC [1097] ERROR:  duplicate key value violates unique constraint "billing_invoice_lines_invoice_id_line_key_key"
postgres-1       | 2026-10-01 20:53:45.049 UTC [1097] STATEMENT:  INSERT INTO billing_invoice_lines
postgres-1       | 	               (organization_id, invoice_id, line_key, label, metric, quantity,
postgres-1       | 	                unit_price_micros, per_units, amount_micros)
postgres-1       | 	             VALUES ($1,$2,'charge:support-retainer','Betreuung noch einmal',NULL,1,5000000,1,5000000)
postgres-1       | 2026-10-01 20:53:45.055 UTC [1090] ERROR:  update or delete on table "organizations" violates foreign key constraint "billing_rate_cards_organization_id_fkey" on table "billing_rate_cards"
postgres-1       | 2026-10-01 20:53:45.055 UTC [1090] DETAIL:  Key (id)=(56d92d00-4d6b-4038-94fc-cba56d10be3c) is still referenced from table "billing_rate_cards".
postgres-1       | 2026-10-01 20:53:45.055 UTC [1090] STATEMENT:  DELETE FROM organizations WHERE id IN ($1,$2)
postgres-1       | 2026-10-01 20:53:45.062 UTC [1098] ERROR:  update or delete on table "users" violates foreign key constraint "organizations_created_by_fkey" on table "organizations"
postgres-1       | 2026-10-01 20:53:45.062 UTC [1098] DETAIL:  Key (id)=(801f48e8-1ece-4ceb-a316-b7a31f7ff6dc) is still referenced from table "organizations".
postgres-1       | 2026-10-01 20:53:45.062 UTC [1098] STATEMENT:  DELETE FROM users WHERE id = $1
postgres-1       | 2026-10-01 20:53:45.142 UTC [1096] ERROR:  permission denied for table project_queue_message_traces
postgres-1       | 2026-10-01 20:53:45.142 UTC [1096] STATEMENT:  UPDATE project_queue_message_traces SET station='completed'
postgres-1       | 	            WHERE organization_id=$1 AND message_id=$2
postgres-1       | 2026-10-01 20:53:45.143 UTC [1099] ERROR:  a project queue trace station is append-only
postgres-1       | 2026-10-01 20:53:45.143 UTC [1099] CONTEXT:  PL/pgSQL function qkern_reject_project_queue_trace_update() line 3 at RAISE
postgres-1       | 2026-10-01 20:53:45.143 UTC [1099] STATEMENT:  UPDATE project_queue_message_traces SET station='completed'
postgres-1       | 	          WHERE organization_id=$1 AND message_id=$2
postgres-1       | 2026-10-01 20:53:45.627 UTC [1100] ERROR:  new row for relation "project_queue_message_traces" violates check constraint "project_queue_message_traces_span_shape"
postgres-1       | 2026-10-01 20:53:45.627 UTC [1100] DETAIL:  Failing row contains (75a26194-fdcb-4f01-9248-336ee6bc19b9, 44442fbd-8c5e-4bcd-b0d8-39c363ef7962, b5a010a0-59d0-43b2-99e6-19b5de8592f6, development, e8589244-7193-4cc0-b01f-0b2786958baf, de4854af-614a-4b7c-a311-0ca91227b1b7, 60, enqueued, 0, null, null, null, null, null, 2026-10-01 20:53:45.604+00, 2026-10-02 20:53:45.604+00, 0000000000000000).
postgres-1       | 2026-10-01 20:53:45.627 UTC [1100] STATEMENT:  INSERT INTO project_queue_message_traces
postgres-1       | 	         (organization_id,project_id,environment,queue_id,message_id,sequence,station,attempt,
postgres-1       | 	          span_id,occurred_at,expires_at)
postgres-1       | 	       SELECT organization_id,project_id,environment,queue_id,message_id,60,'enqueued',0,
postgres-1       | 	              repeat('0',16),occurred_at,expires_at
postgres-1       | 	         FROM project_queue_message_traces
postgres-1       | 	        WHERE organization_id=$1 AND message_id=$2 AND sequence=1
postgres-1       | 2026-10-01 20:53:45.636 UTC [1110] ERROR:  duplicate key value violates unique constraint "project_queue_message_traces_span_key"
postgres-1       | 2026-10-01 20:53:45.636 UTC [1110] DETAIL:  Key (organization_id, project_id, environment, message_id, span_id)=(44442fbd-8c5e-4bcd-b0d8-39c363ef7962, b5a010a0-59d0-43b2-99e6-19b5de8592f6, development, de4854af-614a-4b7c-a311-0ca91227b1b7, 051b79a567dc7f37) already exists.
postgres-1       | 2026-10-01 20:53:45.636 UTC [1110] STATEMENT:  INSERT INTO project_queue_message_traces
postgres-1       | 	         (organization_id,project_id,environment,queue_id,message_id,sequence,station,attempt,
postgres-1       | 	          span_id,occurred_at,expires_at)
postgres-1       | 	       SELECT organization_id,project_id,environment,queue_id,message_id,61,'enqueued',0,
postgres-1       | 	              span_id,occurred_at,expires_at
postgres-1       | 	         FROM project_queue_message_traces
postgres-1       | 	        WHERE organization_id=$1 AND message_id=$2 AND sequence=1
postgres-1       | 2026-10-01 20:53:45.767 UTC [1111] ERROR:  webhook delivery content is immutable
postgres-1       | 2026-10-01 20:53:45.767 UTC [1111] CONTEXT:  PL/pgSQL function qkern_validate_project_webhook_delivery_update() line 10 at RAISE
postgres-1       | 2026-10-01 20:53:45.767 UTC [1111] STATEMENT:  UPDATE project_webhook_deliveries SET trace_id=$3
postgres-1       | 	        WHERE organization_id=$1 AND id=$2
postgres-1       | 2026-10-01 20:53:45.777 UTC [1112] ERROR:  webhook delivery content is immutable
postgres-1       | 2026-10-01 20:53:45.777 UTC [1112] CONTEXT:  PL/pgSQL function qkern_validate_project_webhook_delivery_update() line 10 at RAISE
postgres-1       | 2026-10-01 20:53:45.777 UTC [1112] STATEMENT:  UPDATE project_webhook_deliveries SET parent_span_id=NULL
postgres-1       | 	        WHERE organization_id=$1 AND id=$2
postgres-1       | 2026-10-01 20:53:45.786 UTC [1113] ERROR:  new row for relation "project_webhook_deliveries" violates check constraint "project_webhook_deliveries_trace_anchor"
postgres-1       | 2026-10-01 20:53:45.786 UTC [1113] DETAIL:  Failing row contains (4b0cb799-839a-4ca2-9c54-c21b5b08334d, 44442fbd-8c5e-4bcd-b0d8-39c363ef7962, b5a010a0-59d0-43b2-99e6-19b5de8592f6, development, c6ef5fb0-9624-4d26-a660-e3515a8a0f11, order.created, {}, 2026-10-01 20:53:45.784103+00, pending, 0, 2026-10-01 20:53:45.784103+00, null, null, null, null, 2026-10-01 20:53:45.784103+00, null, null, null, 00f067aa0ba902b7).
postgres-1       | 2026-10-01 20:53:45.786 UTC [1113] STATEMENT:  INSERT INTO project_webhook_deliveries
postgres-1       | 	         (id, organization_id, project_id, environment, webhook_id, event_type, payload,
postgres-1       | 	          occurred_at, status, attempt_count, available_at, created_at, parent_span_id)
postgres-1       | 	       VALUES (gen_random_uuid(),$1,$2,'development',$3,'order.created','{}',now(),
postgres-1       | 	               'pending',0,now(),now(),$4)
certification-1  |  [32m✓[39m tests/postgres.integration.test.ts [2m([22m[2m75 tests[22m[2m)[22m[33m 40892[2mms[22m[39m
certification-1  |      [33m[2m✓[22m[39m finds the suspected missing index, the unused index, the bloat and the missing sample in real statistics (2.40) [33m 10847[2mms[22m[39m
certification-1  |      [33m[2m✓[22m[39m (2.52) refuses a usable session without the second factor when the project requires it [33m 351[2mms[22m[39m
certification-1  |      [33m[2m✓[22m[39m (2.56) refuses the login attempt that crosses the limit and lets the next window through [33m 741[2mms[22m[39m
certification-1  |      [33m[2m✓[22m[39m (2.60) refuses a known leaked password at sign-up when the project requires it [33m 331[2mms[22m[39m
certification-1  |      [33m[2m✓[22m[39m (2.67) shows what a query costs in the console without showing the query [33m 1237[2mms[22m[39m
certification-1  |      [33m[2m✓[22m[39m (2.53) delivers a table change through the running bridge process [33m 4609[2mms[22m[39m
certification-1  |      [33m[2m✓[22m[39m (2.64) forwards through the running collector process and continues after a restart [33m 4572[2mms[22m[39m
certification-1  |      [33m[2m✓[22m[39m (2.69) explains a real query plan without executing the query [33m 7817[2mms[22m[39m
certification-1  |      [33m[2m✓[22m[39m (2.70) reports the state of the real database from counters that really move [33m 1024[2mms[22m[39m
certification-1  |      [33m[2m✓[22m[39m (2.77) calls the auth hooks of a real sign-in and refuses one that wants a reserved claim [33m 804[2mms[22m[39m
certification-1  |      [33m[2m✓[22m[39m (2.85) does not forward the same audit row again after a restart when the database sets the microseconds [33m 1317[2mms[22m[39m
certification-1  |      [33m[2m✓[22m[39m (2.117) runs the free query under row level security as the consenting user, gives each user exactly their own rows, keeps a table without row level security unreachable over OAuth and answers the schema list with the readable surface only [33m 321[2mms[22m[39m
certification-1  |      [33m[2m✓[22m[39m (2.122) cuts a trace at its own expiry and never at the outcome of its message, keeps it when the message is already pruned, never shorter than the queue retention, and stops at sixty-four stations [33m 442[2mms[22m[39m
certification-1  | 
certification-1  | [2m Test Files [22m [1m[32m31 passed[39m[22m[90m (31)[39m
certification-1  | [2m      Tests [22m [1m[32m254 passed[39m[22m[90m (254)[39m
certification-1  | [2m   Start at [22m 20:52:56
certification-1  | [2m   Duration [22m 49.53s[2m (transform 34.38s, setup 0ms, import 51.16s, tests 123.58s, environment 33ms)[22m
certification-1  | 
[Kcertification-1 exited with code 0
 Compose Stopping Aborting on container exit...
 Container qkern-slice-tracepass-certification-1 Stopping 
 Container qkern-slice-tracepass-certification-1 Stopped 
 Container qkern-slice-tracepass-postgres-1 Stopping 
 Container qkern-slice-tracepass-vault-1 Stopping 
postgres-1       | 2026-10-01 20:53:46.731 UTC [1] LOG:  received fast shutdown request
postgres-1       | 2026-10-01 20:53:46.731 UTC [1] LOG:  aborting any active transactions
vault-1          | ==> Vault shutdown triggered
vault-1          | 2026-10-01T20:53:46.733Z [INFO]  core: marked as sealed
vault-1          | 2026-10-01T20:53:46.734Z [INFO]  core: pre-seal teardown starting
postgres-1       | 2026-10-01 20:53:46.734 UTC [1] LOG:  background worker "logical replication launcher" (PID 332) exited with exit code 1
vault-1          | 2026-10-01T20:53:46.735Z [INFO]  rollback: stopping rollback manager
postgres-1       | 2026-10-01 20:53:46.736 UTC [327] LOG:  shutting down
postgres-1       | 2026-10-01 20:53:46.736 UTC [327] LOG:  checkpoint starting: shutdown immediate
vault-1          | 2026-10-01T20:53:46.737Z [INFO]  core: pre-seal teardown complete
vault-1          | 2026-10-01T20:53:46.737Z [INFO]  core: stopping cluster listeners
vault-1          | 2026-10-01T20:53:46.737Z [INFO]  core.cluster-listener: forwarding rpc listeners stopped
postgres-1       | 2026-10-01 20:53:46.741 UTC [327] LOG:  checkpoint complete: wrote 407 buffers (2.5%); 0 WAL file(s) added, 0 removed, 0 recycled; write=0.005 s, sync=0.001 s, total=0.005 s; sync files=321, longest=0.001 s, average=0.000 s; distance=2045 kB, estimate=24544 kB; lsn=0/69EB580, redo lsn=0/69EB580
postgres-1       | 2026-10-01 20:53:46.755 UTC [1] LOG:  database system is shut down
 Container qkern-slice-tracepass-postgres-1 Stopped 
[Kpostgres-1 exited with code 0
vault-1          | 2026-10-01T20:53:47.226Z [INFO]  core.cluster-listener: rpc listeners successfully shut down
vault-1          | 2026-10-01T20:53:47.226Z [INFO]  core: cluster listeners successfully shut down
vault-1          | 2026-10-01T20:53:47.227Z [INFO]  core: vault is sealed
 Container qkern-slice-tracepass-vault-1 Stopped 
[Kvault-1 exited with code 0
 Container qkern-slice-tracepass-certification-1 Stopping 
 Container qkern-slice-tracepass-certification-1 Stopped 
 Container qkern-slice-tracepass-certification-1 Removing 
 Container qkern-slice-tracepass-certification-1 Removed 
 Container qkern-slice-tracepass-postgres-1 Stopping 
 Container qkern-slice-tracepass-vault-1 Stopping 
 Container qkern-slice-tracepass-vault-1 Stopped 
 Container qkern-slice-tracepass-vault-1 Removing 
 Container qkern-slice-tracepass-postgres-1 Stopped 
 Container qkern-slice-tracepass-postgres-1 Removing 
 Container qkern-slice-tracepass-vault-1 Removed 
 Container qkern-slice-tracepass-postgres-1 Removed 
 Network qkern-slice-tracepass_default Removing 
 Network qkern-slice-tracepass_default Removed 
EXIT=0
