
> qkern-platform@2.69.0 test:postgres:docker
> node scripts/postgres-certification.mjs

 Network qkern-v023-certification_default Creating 
 Network qkern-v023-certification_default Created 
 Container qkern-v023-certification-postgres-1 Creating 
 Container qkern-v023-certification-vault-1 Creating 
 Container qkern-v023-certification-postgres-1 Created 
 Container qkern-v023-certification-vault-1 Created 
 Container qkern-v023-certification-certification-1 Creating 
 Container qkern-v023-certification-certification-1 Created 
Attaching to certification-1, postgres-1, vault-1
 Container qkern-v023-certification-postgres-1 Starting 
 Container qkern-v023-certification-vault-1 Starting 
 Container qkern-v023-certification-vault-1 Started 
 Container qkern-v023-certification-postgres-1 Started 
 Container qkern-v023-certification-vault-1 Waiting 
 Container qkern-v023-certification-postgres-1 Waiting 
postgres-1  | The files belonging to this database system will be owned by user "postgres".
postgres-1  | This user must also own the server process.
postgres-1  | 
postgres-1  | The database cluster will be initialized with locale "en_US.utf8".
postgres-1  | The default database encoding has accordingly been set to "UTF8".
postgres-1  | The default text search configuration will be set to "english".
postgres-1  | 
postgres-1  | Data page checksums are disabled.
postgres-1  | 
postgres-1  | fixing permissions on existing directory /var/lib/postgresql/data ... ok
postgres-1  | creating subdirectories ... ok
postgres-1  | selecting dynamic shared memory implementation ... posix
postgres-1  | selecting default "max_connections" ... 100
postgres-1  | selecting default "shared_buffers" ... 128MB
postgres-1  | selecting default time zone ... UTC
postgres-1  | creating configuration files ... ok
postgres-1  | running bootstrap script ... ok
postgres-1  | sh: locale: not found
postgres-1  | 2026-09-30 23:17:59.535 UTC [36] WARNING:  no usable system locales were found
postgres-1  | performing post-bootstrap initialization ... ok
postgres-1  | syncing data to disk ... ok
postgres-1  | 
postgres-1  | 
postgres-1  | Success. You can now start the database server using:
postgres-1  | 
postgres-1  |     pg_ctl -D /var/lib/postgresql/data -l logfile start
postgres-1  | 
postgres-1  | initdb: warning: enabling "trust" authentication for local connections
postgres-1  | initdb: hint: You can change this by editing pg_hba.conf or using the option -A, or --auth-local and --auth-host, the next time you run initdb.
postgres-1  | waiting for server to start....2026-09-30 23:18:00.527 UTC [50] LOG:  starting PostgreSQL 17.10 on x86_64-pc-linux-musl, compiled by gcc (Alpine 15.2.0) 15.2.0, 64-bit
postgres-1  | 2026-09-30 23:18:00.533 UTC [50] LOG:  listening on Unix socket "/var/run/postgresql/.s.PGSQL.5432"
postgres-1  | 2026-09-30 23:18:00.537 UTC [53] LOG:  database system was shut down at 2026-09-30 23:18:00 UTC
postgres-1  | 2026-09-30 23:18:00.551 UTC [50] LOG:  database system is ready to accept connections
postgres-1  |  done
postgres-1  | server started
postgres-1  | CREATE DATABASE
postgres-1  | 
postgres-1  | 
postgres-1  | /usr/local/bin/docker-entrypoint.sh: running /docker-entrypoint-initdb.d/000-certification-init.sh
postgres-1  | certification-init: applying 0001_control_plane.sql
postgres-1  | CREATE EXTENSION
postgres-1  | CREATE TYPE
postgres-1  | CREATE TYPE
postgres-1  | CREATE TABLE
postgres-1  | CREATE TABLE
postgres-1  | CREATE TABLE
postgres-1  | CREATE TABLE
postgres-1  | CREATE INDEX
postgres-1  | CREATE TABLE
postgres-1  | CREATE TABLE
postgres-1  | CREATE INDEX
postgres-1  | CREATE TABLE
postgres-1  | CREATE INDEX
postgres-1  | CREATE TABLE
postgres-1  | CREATE TABLE
postgres-1  | CREATE INDEX
postgres-1  | ALTER TABLE
postgres-1  | ALTER TABLE
postgres-1  | ALTER TABLE
postgres-1  | ALTER TABLE
postgres-1  | ALTER TABLE
postgres-1  | CREATE POLICY
postgres-1  | CREATE POLICY
postgres-1  | CREATE POLICY
postgres-1  | CREATE POLICY
postgres-1  | CREATE POLICY
postgres-1  | certification-init: applying 0002_repository_hardening.sql
postgres-1  | BEGIN
postgres-1  | CREATE FUNCTION
postgres-1  | ALTER TABLE
postgres-1  | ALTER TABLE
postgres-1  | ALTER TABLE
postgres-1  | ALTER TABLE
postgres-1  | ALTER TABLE
postgres-1  | ALTER TABLE
postgres-1  | UPDATE 0
postgres-1  | ALTER TABLE
postgres-1  | CREATE INDEX
postgres-1  | CREATE INDEX
postgres-1  | CREATE FUNCTION
postgres-1  | CREATE TRIGGER
postgres-1  | CREATE TRIGGER
postgres-1  | CREATE TRIGGER
postgres-1  | CREATE FUNCTION
postgres-1  | CREATE FUNCTION
postgres-1  | CREATE TRIGGER
postgres-1  | CREATE TRIGGER
postgres-1  | ALTER TABLE
postgres-1  | ALTER TABLE
postgres-1  | ALTER TABLE
postgres-1  | ALTER TABLE
postgres-1  | ALTER TABLE
postgres-1  | ALTER TABLE
postgres-1  | ALTER TABLE
postgres-1  | ALTER TABLE
postgres-1  | ALTER TABLE
postgres-1  | ALTER TABLE
postgres-1  | ALTER TABLE
postgres-1  | ALTER TABLE
postgres-1  | ALTER TABLE
postgres-1  | ALTER TABLE
postgres-1  | ALTER TABLE
postgres-1  | ALTER TABLE
postgres-1  | DROP POLICY
postgres-1  | DROP POLICY
postgres-1  | DROP POLICY
postgres-1  | DROP POLICY
postgres-1  | DROP POLICY
postgres-1  | CREATE POLICY
postgres-1  | CREATE POLICY
postgres-1  | CREATE POLICY
postgres-1  | CREATE POLICY
postgres-1  | CREATE POLICY
postgres-1  | CREATE POLICY
postgres-1  | CREATE POLICY
postgres-1  | CREATE POLICY
postgres-1  | CREATE POLICY
postgres-1  | CREATE POLICY
postgres-1  | CREATE POLICY
postgres-1  | CREATE POLICY
postgres-1  | CREATE POLICY
postgres-1  | CREATE POLICY
postgres-1  | CREATE POLICY
postgres-1  | CREATE POLICY
postgres-1  | CREATE POLICY
postgres-1  | CREATE POLICY
postgres-1  | CREATE POLICY
postgres-1  | CREATE POLICY
postgres-1  | CREATE POLICY
postgres-1  | CREATE POLICY
postgres-1  | CREATE POLICY
postgres-1  | CREATE POLICY
postgres-1  | DO
postgres-1  | REVOKE
postgres-1  | GRANT
postgres-1  | GRANT
postgres-1  | GRANT
postgres-1  | GRANT
postgres-1  | GRANT
postgres-1  | GRANT
postgres-1  | GRANT
postgres-1  | GRANT
postgres-1  | GRANT
postgres-1  | GRANT
postgres-1  | GRANT
postgres-1  | GRANT
postgres-1  | GRANT
postgres-1  | COMMIT
postgres-1  | certification-init: applying 0003_auth_and_memberships.sql
postgres-1  | BEGIN
postgres-1  | ALTER TABLE
postgres-1  | ALTER TABLE
postgres-1  | UPDATE 0
postgres-1  | ALTER TABLE
postgres-1  | CREATE INDEX
postgres-1  | CREATE TRIGGER
postgres-1  | CREATE TABLE
postgres-1  | CREATE INDEX
postgres-1  | CREATE INDEX
postgres-1  | CREATE FUNCTION
postgres-1  | DO
postgres-1  | REVOKE
postgres-1  | REVOKE
postgres-1  | GRANT
postgres-1  | GRANT
postgres-1  | GRANT
postgres-1  | GRANT
postgres-1  | COMMIT
postgres-1  | certification-init: applying 0004_artifact_and_workspace_integrity.sql
postgres-1  | BEGIN
postgres-1  | ALTER TABLE
postgres-1  | CREATE INDEX
postgres-1  | ALTER TABLE
postgres-1  | ALTER TABLE
postgres-1  | ALTER TABLE
postgres-1  | CREATE FUNCTION
postgres-1  | CREATE TRIGGER
postgres-1  | CREATE FUNCTION
postgres-1  | CREATE TRIGGER
postgres-1  | REVOKE
postgres-1  | GRANT
postgres-1  | REVOKE
postgres-1  | GRANT
postgres-1  | GRANT
postgres-1  | GRANT
postgres-1  | COMMIT
postgres-1  | certification-init: applying 0005_migration_apply_queue.sql
postgres-1  | BEGIN
postgres-1  | CREATE TYPE
postgres-1  | CREATE TYPE
postgres-1  | CREATE TABLE
postgres-1  | CREATE INDEX
postgres-1  | CREATE INDEX
postgres-1  | CREATE TABLE
postgres-1  | CREATE INDEX
postgres-1  | CREATE TRIGGER
postgres-1  | CREATE TRIGGER
postgres-1  | CREATE FUNCTION
postgres-1  | CREATE TRIGGER
postgres-1  | CREATE FUNCTION
postgres-1  | CREATE TRIGGER
postgres-1  | ALTER TABLE
postgres-1  | ALTER TABLE
postgres-1  | ALTER TABLE
postgres-1  | ALTER TABLE
postgres-1  | CREATE POLICY
postgres-1  | CREATE POLICY
postgres-1  | CREATE POLICY
postgres-1  | CREATE POLICY
postgres-1  | CREATE POLICY
postgres-1  | CREATE POLICY
postgres-1  | REVOKE
postgres-1  | REVOKE
postgres-1  | REVOKE
postgres-1  | GRANT
postgres-1  | GRANT
postgres-1  | GRANT
postgres-1  | GRANT
postgres-1  | GRANT
postgres-1  | GRANT
postgres-1  | GRANT
postgres-1  | GRANT
postgres-1  | GRANT
postgres-1  | COMMIT
postgres-1  | certification-init: applying 0006_worker_runtime_boundary.sql
postgres-1  | BEGIN
postgres-1  | DO
postgres-1  | ALTER TABLE
postgres-1  | ALTER TABLE
postgres-1  | UPDATE 0
postgres-1  | ALTER TABLE
postgres-1  | REVOKE
postgres-1  | REVOKE
postgres-1  | REVOKE
postgres-1  | GRANT
postgres-1  | REVOKE
postgres-1  | REVOKE
postgres-1  | GRANT
postgres-1  | GRANT
postgres-1  | GRANT
postgres-1  | GRANT
postgres-1  | GRANT
postgres-1  | GRANT
postgres-1  | GRANT
postgres-1  | GRANT
postgres-1  | GRANT
postgres-1  | GRANT
postgres-1  | GRANT
postgres-1  | COMMIT
postgres-1  | certification-init: applying 0007_migration_claim_sequence.sql
postgres-1  | BEGIN
postgres-1  | ALTER TABLE
postgres-1  | REVOKE
postgres-1  | GRANT
postgres-1  | COMMIT
postgres-1  | certification-init: applying 0008_migration_reconciliation_quarantine.sql
postgres-1  | ALTER TYPE
postgres-1  | BEGIN
postgres-1  | ALTER TABLE
postgres-1  | REVOKE
postgres-1  | GRANT
postgres-1  | COMMIT
postgres-1  | certification-init: applying 0009_migration_review_commands.sql
postgres-1  | BEGIN
postgres-1  | CREATE TYPE
postgres-1  | ALTER TABLE
postgres-1  | CREATE TABLE
postgres-1  | CREATE INDEX
postgres-1  | CREATE INDEX
postgres-1  | CREATE TRIGGER
postgres-1  | ALTER TABLE
postgres-1  | ALTER TABLE
postgres-1  | CREATE POLICY
postgres-1  | CREATE POLICY
postgres-1  | CREATE POLICY
postgres-1  | REVOKE
postgres-1  | GRANT
postgres-1  | GRANT
postgres-1  | GRANT
postgres-1  | GRANT
postgres-1  | REVOKE
postgres-1  | GRANT
postgres-1  | COMMIT
postgres-1  | certification-init: applying 0010_migration_incident_escalations.sql
postgres-1  | BEGIN
postgres-1  | CREATE TYPE
postgres-1  | CREATE TYPE
postgres-1  | CREATE TABLE
postgres-1  | CREATE INDEX
postgres-1  | CREATE INDEX
postgres-1  | CREATE TRIGGER
postgres-1  | CREATE FUNCTION
postgres-1  | CREATE TRIGGER
postgres-1  | ALTER TABLE
postgres-1  | ALTER TABLE
postgres-1  | CREATE POLICY
postgres-1  | CREATE POLICY
postgres-1  | CREATE POLICY
postgres-1  | REVOKE
postgres-1  | REVOKE
postgres-1  | GRANT
postgres-1  | GRANT
postgres-1  | GRANT
postgres-1  | GRANT
postgres-1  | GRANT
postgres-1  | COMMIT
postgres-1  | certification-init: applying 0011_migration_incident_outbox.sql
postgres-1  | BEGIN
postgres-1  | CREATE TABLE
postgres-1  | CREATE INDEX
postgres-1  | CREATE TRIGGER
postgres-1  | INSERT 0 0
postgres-1  | ALTER TABLE
postgres-1  | ALTER TABLE
postgres-1  | CREATE POLICY
postgres-1  | CREATE POLICY
postgres-1  | CREATE POLICY
postgres-1  | REVOKE
postgres-1  | GRANT
postgres-1  | GRANT
postgres-1  | GRANT
postgres-1  | COMMIT
postgres-1  | certification-init: applying 0012_migration_incident_dead_letters.sql
postgres-1  | ALTER TYPE
postgres-1  | BEGIN
postgres-1  | ALTER TABLE
postgres-1  | CREATE INDEX
postgres-1  | CREATE TYPE
postgres-1  | CREATE TABLE
postgres-1  | CREATE INDEX
postgres-1  | CREATE INDEX
postgres-1  | CREATE TRIGGER
postgres-1  | CREATE FUNCTION
postgres-1  | CREATE TRIGGER
postgres-1  | ALTER TABLE
postgres-1  | ALTER TABLE
postgres-1  | CREATE POLICY
postgres-1  | CREATE POLICY
postgres-1  | CREATE POLICY
postgres-1  | REVOKE
postgres-1  | REVOKE
postgres-1  | GRANT
postgres-1  | GRANT
postgres-1  | GRANT
postgres-1  | GRANT
postgres-1  | GRANT
postgres-1  | COMMIT
postgres-1  | certification-init: applying 0013_migration_incident_delivery_health.sql
postgres-1  | BEGIN
postgres-1  | CREATE FUNCTION
postgres-1  | REVOKE
postgres-1  | GRANT
postgres-1  | COMMIT
postgres-1  | certification-init: applying 0014_migration_incident_delivery_visibility.sql
postgres-1  | BEGIN
postgres-1  | REVOKE
postgres-1  | DROP FUNCTION
postgres-1  | CREATE FUNCTION
postgres-1  | CREATE FUNCTION
postgres-1  | REVOKE
postgres-1  | REVOKE
postgres-1  | GRANT
postgres-1  | GRANT
postgres-1  | COMMIT
postgres-1  | certification-init: applying 0015_migration_incident_delivery_failure_classification.sql
postgres-1  | BEGIN
postgres-1  | ALTER TABLE
postgres-1  | REVOKE
postgres-1  | DROP FUNCTION
postgres-1  | CREATE FUNCTION
postgres-1  | REVOKE
postgres-1  | GRANT
postgres-1  | COMMIT
postgres-1  | certification-init: applying 0016_migration_incident_delivery_recovery_binding.sql
postgres-1  | BEGIN
postgres-1  | ALTER TABLE
postgres-1  | LOCK TABLE
postgres-1  | UPDATE 0
postgres-1  | UPDATE 0
postgres-1  | ALTER TABLE
postgres-1  | CREATE FUNCTION
postgres-1  | REVOKE
postgres-1  | GRANT
postgres-1  | COMMIT
postgres-1  | certification-init: applying 0017_migration_incident_verified_resolution.sql
postgres-1  | ALTER TYPE
postgres-1  | BEGIN
postgres-1  | CREATE TYPE
postgres-1  | CREATE TYPE
postgres-1  | CREATE TYPE
postgres-1  | ALTER TABLE
postgres-1  | CREATE TABLE
postgres-1  | CREATE INDEX
postgres-1  | CREATE INDEX
postgres-1  | CREATE TRIGGER
postgres-1  | CREATE FUNCTION
postgres-1  | CREATE FUNCTION
postgres-1  | CREATE FUNCTION
postgres-1  | CREATE TRIGGER
postgres-1  | ALTER TABLE
postgres-1  | ALTER TABLE
postgres-1  | CREATE POLICY
postgres-1  | CREATE POLICY
postgres-1  | CREATE POLICY
postgres-1  | REVOKE
postgres-1  | REVOKE
postgres-1  | GRANT
postgres-1  | GRANT
postgres-1  | GRANT
postgres-1  | GRANT
postgres-1  | GRANT
postgres-1  | COMMIT
postgres-1  | certification-init: applying 0018_migration_incident_delivery_recovery_generation.sql
postgres-1  | BEGIN
postgres-1  | ALTER TABLE
postgres-1  | LOCK TABLE
postgres-1  | UPDATE 0
postgres-1  | UPDATE 0
postgres-1  | ALTER TABLE
postgres-1  | ALTER TABLE
postgres-1  | CREATE FUNCTION
postgres-1  | REVOKE
postgres-1  | GRANT
postgres-1  | COMMIT
postgres-1  | certification-init: applying 0019_migration_apply_delivery_resilience.sql
postgres-1  | BEGIN
postgres-1  | ALTER TABLE
postgres-1  | CREATE INDEX
postgres-1  | CREATE TYPE
postgres-1  | CREATE TABLE
postgres-1  | CREATE INDEX
postgres-1  | CREATE INDEX
postgres-1  | CREATE TRIGGER
postgres-1  | CREATE FUNCTION
postgres-1  | CREATE TRIGGER
postgres-1  | ALTER TABLE
postgres-1  | ALTER TABLE
postgres-1  | CREATE POLICY
postgres-1  | CREATE POLICY
postgres-1  | CREATE POLICY
postgres-1  | CREATE FUNCTION
postgres-1  | CREATE FUNCTION
postgres-1  | REVOKE
postgres-1  | REVOKE
postgres-1  | REVOKE
postgres-1  | REVOKE
postgres-1  | REVOKE
postgres-1  | GRANT
postgres-1  | GRANT
postgres-1  | GRANT
postgres-1  | GRANT
postgres-1  | GRANT
postgres-1  | GRANT
postgres-1  | GRANT
postgres-1  | COMMIT
postgres-1  | certification-init: applying 0020_project_database_provisioning.sql
postgres-1  | BEGIN
postgres-1  | DO
postgres-1  | CREATE TYPE
postgres-1  | CREATE TABLE
postgres-1  | CREATE TABLE
postgres-1  | ALTER TABLE
postgres-1  | CREATE INDEX
postgres-1  | CREATE TRIGGER
postgres-1  | ALTER TABLE
postgres-1  | ALTER TABLE
postgres-1  | ALTER TABLE
postgres-1  | ALTER TABLE
postgres-1  | CREATE POLICY
postgres-1  | CREATE POLICY
postgres-1  | CREATE FUNCTION
postgres-1  | CREATE FUNCTION
postgres-1  | REVOKE
postgres-1  | REVOKE
postgres-1  | REVOKE
postgres-1  | REVOKE
postgres-1  | REVOKE
postgres-1  | GRANT
postgres-1  | GRANT
postgres-1  | GRANT
postgres-1  | GRANT
postgres-1  | GRANT
postgres-1  | GRANT
postgres-1  | GRANT
postgres-1  | GRANT
postgres-1  | GRANT
postgres-1  | GRANT
postgres-1  | GRANT
postgres-1  | GRANT
postgres-1  | GRANT
postgres-1  | GRANT
postgres-1  | GRANT
postgres-1  | COMMIT
postgres-1  | certification-init: applying 0021_project_database_provisioning_health.sql
postgres-1  | BEGIN
postgres-1  | CREATE TABLE
postgres-1  | CREATE INDEX
postgres-1  | ALTER TABLE
postgres-1  | ALTER TABLE
postgres-1  | CREATE POLICY
postgres-1  | CREATE FUNCTION
postgres-1  | REVOKE
postgres-1  | REVOKE
postgres-1  | GRANT
postgres-1  | GRANT
postgres-1  | GRANT
postgres-1  | COMMIT
postgres-1  | certification-init: applying 0022_project_automation_policies.sql
postgres-1  | BEGIN
postgres-1  | CREATE TABLE
postgres-1  | ALTER TABLE
postgres-1  | UPDATE 0
postgres-1  | ALTER TABLE
postgres-1  | ALTER TABLE
postgres-1  | ALTER TABLE
postgres-1  | CREATE POLICY
postgres-1  | CREATE POLICY
postgres-1  | CREATE POLICY
postgres-1  | REVOKE
postgres-1  | GRANT
postgres-1  | GRANT
postgres-1  | COMMIT
postgres-1  | certification-init: applying 0023_project_api_keys.sql
postgres-1  | BEGIN
postgres-1  | CREATE TABLE
postgres-1  | CREATE INDEX
postgres-1  | CREATE INDEX
postgres-1  | CREATE FUNCTION
postgres-1  | CREATE TRIGGER
postgres-1  | ALTER TABLE
postgres-1  | CREATE POLICY
postgres-1  | CREATE POLICY
postgres-1  | CREATE POLICY
postgres-1  | CREATE FUNCTION
postgres-1  | REVOKE
postgres-1  | REVOKE
postgres-1  | REVOKE
postgres-1  | GRANT
postgres-1  | GRANT
postgres-1  | GRANT
postgres-1  | GRANT
postgres-1  | COMMIT
postgres-1  | certification-init: applying 0024_project_auth.sql
postgres-1  | BEGIN
postgres-1  | CREATE TABLE
postgres-1  | CREATE INDEX
postgres-1  | CREATE TABLE
postgres-1  | CREATE INDEX
postgres-1  | CREATE INDEX
postgres-1  | CREATE TABLE
postgres-1  | CREATE INDEX
postgres-1  | CREATE TABLE
postgres-1  | CREATE TABLE
postgres-1  | CREATE FUNCTION
postgres-1  | CREATE TRIGGER
postgres-1  | CREATE TRIGGER
postgres-1  | CREATE TRIGGER
postgres-1  | CREATE TRIGGER
postgres-1  | CREATE TRIGGER
postgres-1  | REVOKE
postgres-1  | REVOKE
postgres-1  | GRANT
postgres-1  | GRANT
postgres-1  | GRANT
postgres-1  | GRANT
postgres-1  | GRANT
postgres-1  | GRANT
postgres-1  | GRANT
postgres-1  | GRANT
postgres-1  | GRANT
postgres-1  | COMMIT
postgres-1  | certification-init: applying 0025_project_storage.sql
postgres-1  | BEGIN
postgres-1  | CREATE TABLE
postgres-1  | CREATE INDEX
postgres-1  | CREATE TABLE
postgres-1  | CREATE INDEX
postgres-1  | CREATE INDEX
postgres-1  | CREATE INDEX
postgres-1  | CREATE TABLE
postgres-1  | CREATE INDEX
postgres-1  | CREATE INDEX
postgres-1  | CREATE FUNCTION
postgres-1  | CREATE FUNCTION
postgres-1  | CREATE FUNCTION
postgres-1  | CREATE TRIGGER
postgres-1  | CREATE TRIGGER
postgres-1  | CREATE TRIGGER
postgres-1  | ALTER TABLE
postgres-1  | ALTER TABLE
postgres-1  | ALTER TABLE
postgres-1  | CREATE POLICY
postgres-1  | CREATE POLICY
postgres-1  | CREATE POLICY
postgres-1  | CREATE POLICY
postgres-1  | CREATE POLICY
postgres-1  | CREATE POLICY
postgres-1  | CREATE POLICY
postgres-1  | CREATE POLICY
postgres-1  | CREATE POLICY
postgres-1  | CREATE POLICY
postgres-1  | REVOKE
postgres-1  | REVOKE
postgres-1  | REVOKE
postgres-1  | REVOKE
postgres-1  | GRANT
postgres-1  | GRANT
postgres-1  | GRANT
postgres-1  | GRANT
postgres-1  | GRANT
postgres-1  | GRANT
postgres-1  | GRANT
postgres-1  | GRANT
postgres-1  | GRANT
postgres-1  | COMMIT
postgres-1  | certification-init: applying 0026_project_queues.sql
postgres-1  | BEGIN
postgres-1  | CREATE TABLE
postgres-1  | CREATE INDEX
postgres-1  | CREATE TABLE
postgres-1  | CREATE INDEX
postgres-1  | CREATE INDEX
postgres-1  | CREATE INDEX
postgres-1  | CREATE INDEX
postgres-1  | CREATE INDEX
postgres-1  | CREATE FUNCTION
postgres-1  | CREATE FUNCTION
postgres-1  | CREATE FUNCTION
postgres-1  | CREATE TRIGGER
postgres-1  | CREATE TRIGGER
postgres-1  | CREATE TRIGGER
postgres-1  | ALTER TABLE
postgres-1  | ALTER TABLE
postgres-1  | CREATE POLICY
postgres-1  | CREATE POLICY
postgres-1  | CREATE POLICY
postgres-1  | CREATE POLICY
postgres-1  | CREATE POLICY
postgres-1  | CREATE POLICY
postgres-1  | REVOKE
postgres-1  | REVOKE
postgres-1  | REVOKE
postgres-1  | REVOKE
postgres-1  | GRANT
postgres-1  | GRANT
postgres-1  | GRANT
postgres-1  | GRANT
postgres-1  | GRANT
postgres-1  | GRANT
postgres-1  | COMMIT
postgres-1  | certification-init: applying 0027_project_queue_dead_letter_replay.sql
postgres-1  | BEGIN
postgres-1  | ALTER TABLE
postgres-1  | CREATE INDEX
postgres-1  | CREATE INDEX
postgres-1  | CREATE FUNCTION
postgres-1  | CREATE TRIGGER
postgres-1  | REVOKE
postgres-1  | GRANT
postgres-1  | COMMIT
postgres-1  | certification-init: applying 0028_usage_metering.sql
postgres-1  | BEGIN
postgres-1  | CREATE TABLE
postgres-1  | CREATE TABLE
postgres-1  | CREATE TABLE
postgres-1  | CREATE INDEX
postgres-1  | CREATE INDEX
postgres-1  | CREATE FUNCTION
postgres-1  | CREATE FUNCTION
postgres-1  | CREATE FUNCTION
postgres-1  | CREATE TRIGGER
postgres-1  | CREATE TRIGGER
postgres-1  | CREATE TRIGGER
postgres-1  | ALTER TABLE
postgres-1  | ALTER TABLE
postgres-1  | ALTER TABLE
postgres-1  | CREATE POLICY
postgres-1  | CREATE POLICY
postgres-1  | CREATE POLICY
postgres-1  | CREATE POLICY
postgres-1  | CREATE POLICY
postgres-1  | CREATE POLICY
postgres-1  | CREATE POLICY
postgres-1  | CREATE POLICY
postgres-1  | REVOKE
postgres-1  | REVOKE
postgres-1  | REVOKE
postgres-1  | REVOKE
postgres-1  | GRANT
postgres-1  | GRANT
postgres-1  | GRANT
postgres-1  | GRANT
postgres-1  | GRANT
postgres-1  | GRANT
postgres-1  | GRANT
postgres-1  | GRANT
postgres-1  | COMMIT
postgres-1  | certification-init: applying 0029_project_queue_definition_row_lock.sql
postgres-1  | GRANT
postgres-1  | CREATE POLICY
postgres-1  | certification-init: applying 0030_realtime_event_log.sql
postgres-1  | CREATE TABLE
postgres-1  | CREATE TABLE
postgres-1  | CREATE INDEX
postgres-1  | CREATE INDEX
postgres-1  | CREATE FUNCTION
postgres-1  | CREATE TRIGGER
postgres-1  | ALTER TABLE
postgres-1  | ALTER TABLE
postgres-1  | CREATE POLICY
postgres-1  | CREATE POLICY
postgres-1  | CREATE POLICY
postgres-1  | CREATE POLICY
postgres-1  | CREATE POLICY
postgres-1  | CREATE POLICY
postgres-1  | REVOKE
postgres-1  | REVOKE
postgres-1  | GRANT
postgres-1  | GRANT
postgres-1  | GRANT
postgres-1  | GRANT
postgres-1  | certification-init: applying 0031_project_cron.sql
postgres-1  | CREATE TABLE
postgres-1  | CREATE INDEX
postgres-1  | CREATE FUNCTION
postgres-1  | CREATE TRIGGER
postgres-1  | ALTER TABLE
postgres-1  | CREATE POLICY
postgres-1  | CREATE POLICY
postgres-1  | CREATE POLICY
postgres-1  | CREATE POLICY
postgres-1  | REVOKE
postgres-1  | REVOKE
postgres-1  | GRANT
postgres-1  | GRANT
postgres-1  | GRANT
postgres-1  | certification-init: applying 0032_project_webhooks.sql
postgres-1  | CREATE TABLE
postgres-1  | CREATE TABLE
postgres-1  | CREATE INDEX
postgres-1  | CREATE INDEX
postgres-1  | CREATE FUNCTION
postgres-1  | CREATE TRIGGER
postgres-1  | ALTER TABLE
postgres-1  | ALTER TABLE
postgres-1  | CREATE POLICY
postgres-1  | CREATE POLICY
postgres-1  | CREATE POLICY
postgres-1  | CREATE POLICY
postgres-1  | CREATE POLICY
postgres-1  | CREATE POLICY
postgres-1  | CREATE POLICY
postgres-1  | REVOKE
postgres-1  | REVOKE
postgres-1  | GRANT
postgres-1  | GRANT
postgres-1  | CREATE POLICY
postgres-1  | GRANT
postgres-1  | GRANT
postgres-1  | GRANT
postgres-1  | certification-init: applying 0033_project_functions.sql
postgres-1  | CREATE TABLE
postgres-1  | CREATE INDEX
postgres-1  | CREATE FUNCTION
postgres-1  | CREATE TRIGGER
postgres-1  | ALTER TABLE
postgres-1  | CREATE POLICY
postgres-1  | CREATE POLICY
postgres-1  | CREATE POLICY
postgres-1  | CREATE POLICY
postgres-1  | REVOKE
postgres-1  | REVOKE
postgres-1  | GRANT
postgres-1  | GRANT
postgres-1  | GRANT
postgres-1  | certification-init: applying 0034_project_functions_registry.sql
postgres-1  | ALTER TABLE
postgres-1  | ALTER TABLE
postgres-1  | certification-init: applying 0035_project_function_slots.sql
postgres-1  | CREATE TABLE
postgres-1  | CREATE INDEX
postgres-1  | CREATE FUNCTION
postgres-1  | CREATE TRIGGER
postgres-1  | ALTER TABLE
postgres-1  | CREATE POLICY
postgres-1  | CREATE POLICY
postgres-1  | CREATE POLICY
postgres-1  | REVOKE
postgres-1  | REVOKE
postgres-1  | GRANT
postgres-1  | GRANT
postgres-1  | certification-init: applying 0036_provisioner_heartbeat_upsert_grant.sql
postgres-1  | BEGIN
postgres-1  | GRANT
postgres-1  | COMMIT
postgres-1  | certification-init: applying 0037_provisioner_binding_returning_grant.sql
postgres-1  | BEGIN
postgres-1  | GRANT
postgres-1  | COMMIT
postgres-1  | certification-init: applying 0038_runtime_outbox_arbiter_grant.sql
postgres-1  | BEGIN
postgres-1  | GRANT
postgres-1  | COMMIT
postgres-1  | certification-init: applying 0039_billing_rate_cards.sql
postgres-1  | BEGIN
postgres-1  | CREATE TABLE
postgres-1  | CREATE INDEX
postgres-1  | ALTER TABLE
postgres-1  | ALTER TABLE
postgres-1  | CREATE POLICY
postgres-1  | CREATE POLICY
postgres-1  | REVOKE
postgres-1  | GRANT
postgres-1  | GRANT
postgres-1  | COMMIT
postgres-1  | certification-init: applying 0040_billing_invoices.sql
postgres-1  | BEGIN
postgres-1  | CREATE TABLE
postgres-1  | CREATE TABLE
postgres-1  | ALTER TABLE
postgres-1  | ALTER TABLE
postgres-1  | ALTER TABLE
postgres-1  | ALTER TABLE
postgres-1  | CREATE POLICY
postgres-1  | CREATE POLICY
postgres-1  | CREATE POLICY
postgres-1  | CREATE POLICY
postgres-1  | REVOKE
postgres-1  | GRANT
postgres-1  | GRANT
postgres-1  | GRANT
postgres-1  | GRANT
postgres-1  | GRANT
postgres-1  | COMMIT
postgres-1  | certification-init: applying 0041_project_storage_multipart.sql
postgres-1  | BEGIN
postgres-1  | ALTER TABLE
postgres-1  | ALTER TABLE
postgres-1  | COMMIT
postgres-1  | certification-init: applying 0042_project_function_deployments.sql
postgres-1  | BEGIN
postgres-1  | CREATE TABLE
postgres-1  | CREATE INDEX
postgres-1  | ALTER TABLE
postgres-1  | ALTER TABLE
postgres-1  | CREATE POLICY
postgres-1  | CREATE POLICY
postgres-1  | CREATE FUNCTION
postgres-1  | CREATE FUNCTION
postgres-1  | REVOKE
postgres-1  | REVOKE
postgres-1  | GRANT
postgres-1  | GRANT
postgres-1  | COMMIT
postgres-1  | certification-init: applying 0043_project_storage_upload_id_check_fix.sql
postgres-1  | ALTER TABLE
postgres-1  | ALTER TABLE
postgres-1  | certification-init: applying 0044_billing_invoice_numbers.sql
postgres-1  | BEGIN
postgres-1  | CREATE TABLE
postgres-1  | ALTER TABLE
postgres-1  | ALTER TABLE
postgres-1  | CREATE POLICY
postgres-1  | CREATE POLICY
postgres-1  | CREATE POLICY
postgres-1  | ALTER TABLE
postgres-1  | ALTER TABLE
postgres-1  | UPDATE 0
postgres-1  | ALTER TABLE
postgres-1  | ALTER TABLE
postgres-1  | UPDATE 0
postgres-1  | INSERT 0 0
postgres-1  | ALTER TABLE
postgres-1  | CREATE INDEX
postgres-1  | GRANT
postgres-1  | GRANT
postgres-1  | GRANT
postgres-1  | COMMIT
postgres-1  | certification-init: applying 0045_project_function_invocations.sql
postgres-1  | BEGIN
postgres-1  | CREATE TABLE
postgres-1  | CREATE INDEX
postgres-1  | ALTER TABLE
postgres-1  | ALTER TABLE
postgres-1  | CREATE POLICY
postgres-1  | CREATE POLICY
postgres-1  | REVOKE
postgres-1  | GRANT
postgres-1  | GRANT
postgres-1  | COMMIT
postgres-1  | certification-init: applying 0046_project_auth_audit.sql
postgres-1  | BEGIN
postgres-1  | GRANT
postgres-1  | GRANT
postgres-1  | GRANT
postgres-1  | GRANT
postgres-1  | CREATE POLICY
postgres-1  | COMMIT
postgres-1  | certification-init: applying 0047_audit_chain_order.sql
postgres-1  | BEGIN
postgres-1  | CREATE FUNCTION
postgres-1  | COMMIT
postgres-1  | certification-init: applying 0048_project_auth_mfa_enforcement.sql
postgres-1  | BEGIN
postgres-1  | CREATE TABLE
postgres-1  | ALTER TABLE
postgres-1  | ALTER TABLE
postgres-1  | CREATE FUNCTION
postgres-1  | CREATE TRIGGER
postgres-1  | REVOKE
postgres-1  | REVOKE
postgres-1  | GRANT
postgres-1  | GRANT
postgres-1  | GRANT
postgres-1  | COMMIT
postgres-1  | certification-init: applying 0049_project_database_webhooks.sql
postgres-1  | CREATE TABLE
postgres-1  | CREATE INDEX
postgres-1  | ALTER TABLE
postgres-1  | CREATE POLICY
postgres-1  | CREATE POLICY
postgres-1  | CREATE POLICY
postgres-1  | REVOKE
postgres-1  | GRANT
postgres-1  | certification-init: applying 0050_project_database_webhook_cursors.sql
postgres-1  | CREATE TABLE
postgres-1  | ALTER TABLE
postgres-1  | CREATE POLICY
postgres-1  | CREATE POLICY
postgres-1  | CREATE POLICY
postgres-1  | REVOKE
postgres-1  | GRANT
postgres-1  | certification-init: applying 0051_project_auth_return_targets.sql
postgres-1  | BEGIN
postgres-1  | ALTER TABLE
postgres-1  | ALTER TABLE
postgres-1  | REVOKE
postgres-1  | GRANT
postgres-1  | COMMIT
postgres-1  | certification-init: applying 0052_project_auth_rate_limits.sql
postgres-1  | BEGIN
postgres-1  | ALTER TABLE
postgres-1  | ALTER TABLE
postgres-1  | CREATE TABLE
postgres-1  | CREATE INDEX
postgres-1  | REVOKE
postgres-1  | GRANT
postgres-1  | REVOKE
postgres-1  | GRANT
postgres-1  | COMMIT
postgres-1  | certification-init: applying 0053_project_auth_password_protection.sql
postgres-1  | BEGIN
postgres-1  | ALTER TABLE
postgres-1  | ALTER TABLE
postgres-1  | REVOKE
postgres-1  | GRANT
postgres-1  | COMMIT
postgres-1  | certification-init: applying 0054_project_log_drains.sql
postgres-1  | BEGIN
postgres-1  | CREATE FUNCTION
postgres-1  | REVOKE
postgres-1  | GRANT
postgres-1  | CREATE TABLE
postgres-1  | CREATE INDEX
postgres-1  | ALTER TABLE
postgres-1  | CREATE POLICY
postgres-1  | CREATE POLICY
postgres-1  | CREATE POLICY
postgres-1  | REVOKE
postgres-1  | GRANT
postgres-1  | COMMIT
postgres-1  | certification-init: applying 0055_user_console_settings.sql
postgres-1  | BEGIN
postgres-1  | CREATE TABLE
postgres-1  | CREATE TRIGGER
postgres-1  | REVOKE
postgres-1  | GRANT
postgres-1  | COMMIT
postgres-1  | certification-init: applying 0056_project_log_drain_cursors.sql
postgres-1  | BEGIN
postgres-1  | CREATE TABLE
postgres-1  | ALTER TABLE
postgres-1  | CREATE POLICY
postgres-1  | CREATE POLICY
postgres-1  | CREATE POLICY
postgres-1  | REVOKE
postgres-1  | GRANT
postgres-1  | COMMIT
postgres-1  | certification-init: applying 0057_project_dashboard_webhooks.sql
postgres-1  | BEGIN
postgres-1  | CREATE FUNCTION
postgres-1  | REVOKE
postgres-1  | GRANT
postgres-1  | CREATE TABLE
postgres-1  | CREATE INDEX
postgres-1  | ALTER TABLE
postgres-1  | CREATE POLICY
postgres-1  | CREATE POLICY
postgres-1  | CREATE POLICY
postgres-1  | REVOKE
postgres-1  | GRANT
postgres-1  | CREATE TABLE
postgres-1  | ALTER TABLE
postgres-1  | CREATE POLICY
postgres-1  | CREATE POLICY
postgres-1  | CREATE POLICY
postgres-1  | REVOKE
postgres-1  | GRANT
postgres-1  | COMMIT
postgres-1  | certification-init: applying 0058_project_auth_hooks.sql
postgres-1  | BEGIN
postgres-1  | ALTER TABLE
postgres-1  | ALTER TABLE
postgres-1  | ALTER TABLE
postgres-1  | ALTER TABLE
postgres-1  | REVOKE
postgres-1  | GRANT
postgres-1  | COMMIT
postgres-1  | certification-init: applying 0059_project_storage_s3_access_keys.sql
postgres-1  | BEGIN
postgres-1  | CREATE TABLE
postgres-1  | CREATE INDEX
postgres-1  | CREATE INDEX
postgres-1  | CREATE TABLE
postgres-1  | CREATE INDEX
postgres-1  | CREATE FUNCTION
postgres-1  | CREATE TRIGGER
postgres-1  | ALTER TABLE
postgres-1  | ALTER TABLE
postgres-1  | CREATE POLICY
postgres-1  | CREATE POLICY
postgres-1  | CREATE POLICY
postgres-1  | CREATE POLICY
postgres-1  | CREATE POLICY
postgres-1  | CREATE POLICY
postgres-1  | REVOKE
postgres-1  | REVOKE
postgres-1  | REVOKE
postgres-1  | GRANT
postgres-1  | GRANT
postgres-1  | GRANT
postgres-1  | GRANT
postgres-1  | COMMIT
postgres-1  | certification-init: applying 0060_project_auth_passkeys.sql
postgres-1  | BEGIN
postgres-1  | CREATE TABLE
postgres-1  | CREATE INDEX
postgres-1  | ALTER TABLE
postgres-1  | ALTER TABLE
postgres-1  | CREATE TRIGGER
postgres-1  | REVOKE
postgres-1  | GRANT
postgres-1  | GRANT
postgres-1  | COMMIT
postgres-1  | certification-init: applying 0061_project_auth_third_party_providers.sql
postgres-1  | BEGIN
postgres-1  | CREATE TABLE
postgres-1  | ALTER TABLE
postgres-1  | ALTER TABLE
postgres-1  | ALTER TABLE
postgres-1  | ALTER TABLE
postgres-1  | ALTER TABLE
postgres-1  | REVOKE
postgres-1  | GRANT
postgres-1  | COMMIT
postgres-1  | certification-init: applying 0062_project_auth_oauth_server.sql
postgres-1  | BEGIN
postgres-1  | CREATE TABLE
postgres-1  | ALTER TABLE
postgres-1  | ALTER TABLE
postgres-1  | ALTER TABLE
postgres-1  | REVOKE
postgres-1  | GRANT
postgres-1  | CREATE TABLE
postgres-1  | ALTER TABLE
postgres-1  | ALTER TABLE
postgres-1  | ALTER TABLE
postgres-1  | CREATE TRIGGER
postgres-1  | REVOKE
postgres-1  | GRANT
postgres-1  | GRANT
postgres-1  | CREATE TABLE
postgres-1  | ALTER TABLE
postgres-1  | ALTER TABLE
postgres-1  | REVOKE
postgres-1  | GRANT
postgres-1  | COMMIT
postgres-1  | certification-init: applying 0063_project_auth_expiry_retention.sql
postgres-1  | BEGIN
postgres-1  | CREATE INDEX
postgres-1  | CREATE INDEX
postgres-1  | CREATE INDEX
postgres-1  | GRANT
postgres-1  | GRANT
postgres-1  | GRANT
postgres-1  | COMMIT
postgres-1  | certification-init: applying 0064_project_auth_oauth_consents.sql
postgres-1  | BEGIN
postgres-1  | CREATE TABLE
postgres-1  | ALTER TABLE
postgres-1  | ALTER TABLE
postgres-1  | CREATE INDEX
postgres-1  | CREATE INDEX
postgres-1  | CREATE TRIGGER
postgres-1  | CREATE FUNCTION
postgres-1  | CREATE TRIGGER
postgres-1  | REVOKE
postgres-1  | REVOKE
postgres-1  | GRANT
postgres-1  | GRANT
postgres-1  | GRANT
postgres-1  | ALTER TABLE
postgres-1  | ALTER TABLE
postgres-1  | COMMIT
postgres-1  | certification-init: applying 0065_project_storage_s3_access_key_secrets.sql
postgres-1  | BEGIN
postgres-1  | ALTER TABLE
postgres-1  | CREATE FUNCTION
postgres-1  | CREATE FUNCTION
postgres-1  | REVOKE
postgres-1  | GRANT
postgres-1  | COMMIT
postgres-1  | certification-init: applying 0066_project_cron_time_zone.sql
postgres-1  | ALTER TABLE
postgres-1  | certification-init: applying 0069_project_function_invocation_output.sql
postgres-1  | BEGIN
postgres-1  | CREATE TABLE
postgres-1  | CREATE INDEX
postgres-1  | ALTER TABLE
postgres-1  | ALTER TABLE
postgres-1  | CREATE POLICY
postgres-1  | CREATE POLICY
postgres-1  | REVOKE
postgres-1  | GRANT
postgres-1  | GRANT
postgres-1  | COMMIT
postgres-1  | certification-init: applying 0070_project_auth_saml.sql
postgres-1  | BEGIN
postgres-1  | CREATE TABLE
postgres-1  | CREATE INDEX
postgres-1  | ALTER TABLE
postgres-1  | ALTER TABLE
postgres-1  | ALTER TABLE
postgres-1  | ALTER TABLE
postgres-1  | CREATE TRIGGER
postgres-1  | REVOKE
postgres-1  | GRANT
postgres-1  | COMMIT
postgres-1  | certification-init: applying 0071_project_storage_s3_multipart.sql
postgres-1  | BEGIN
postgres-1  | ALTER TABLE
postgres-1  | ALTER TABLE
postgres-1  | ALTER TABLE
postgres-1  | ALTER TABLE
postgres-1  | ALTER TABLE
postgres-1  | ALTER TABLE
postgres-1  | ALTER TABLE
postgres-1  | ALTER TABLE
postgres-1  | CREATE TABLE
postgres-1  | CREATE INDEX
postgres-1  | CREATE FUNCTION
postgres-1  | GRANT
postgres-1  | REVOKE
postgres-1  | ALTER TABLE
postgres-1  | CREATE POLICY
postgres-1  | CREATE POLICY
postgres-1  | CREATE POLICY
postgres-1  | CREATE POLICY
postgres-1  | GRANT
postgres-1  | GRANT
postgres-1  | COMMIT
postgres-1  | certification-init: applying 0073_project_auth_oauth_tool_scopes.sql
postgres-1  | BEGIN
postgres-1  | ALTER TABLE
postgres-1  | ALTER TABLE
postgres-1  | ALTER TABLE
postgres-1  | ALTER TABLE
postgres-1  | ALTER TABLE
postgres-1  | ALTER TABLE
postgres-1  | ALTER TABLE
postgres-1  | ALTER TABLE
postgres-1  | COMMIT
postgres-1  | certification-init: applying 0075_log_drain_function_output_source.sql
postgres-1  | BEGIN
postgres-1  | CREATE FUNCTION
postgres-1  | REVOKE
postgres-1  | GRANT
postgres-1  | COMMIT
postgres-1  | certification-init: applied 71 migrations
postgres-1  | CREATE EXTENSION
postgres-1  | CREATE ROLE
postgres-1  | CREATE ROLE
postgres-1  | CREATE ROLE
postgres-1  | CREATE ROLE
postgres-1  | CREATE ROLE
postgres-1  | GRANT ROLE
postgres-1  | GRANT ROLE
postgres-1  | GRANT ROLE
postgres-1  | GRANT ROLE
postgres-1  | 2026-09-30 23:18:07.411 UTC [324] WARNING:  role "qkern_app" has not been granted membership in role "qkern_auth" by role "qkern"
postgres-1  | REVOKE ROLE
postgres-1  | WARNING:  role "qkern_app" has not been granted membership in role "qkern_auth" by role "qkern"
postgres-1  | WARNING:  role "qkern_app" has not been granted membership in role "qkern_worker" by role "qkern"
postgres-1  | 2026-09-30 23:18:07.411 UTC [324] WARNING:  role "qkern_app" has not been granted membership in role "qkern_worker" by role "qkern"
postgres-1  | REVOKE ROLE
postgres-1  | WARNING:  role "qkern_app" has not been granted membership in role "qkern_provisioner" by role "qkern"
postgres-1  | 2026-09-30 23:18:07.412 UTC [324] WARNING:  role "qkern_app" has not been granted membership in role "qkern_provisioner" by role "qkern"
postgres-1  | REVOKE ROLE
postgres-1  | 2026-09-30 23:18:07.412 UTC [324] WARNING:  role "qkern_auth_app" has not been granted membership in role "qkern_runtime" by role "qkern"
postgres-1  | WARNING:  role "qkern_auth_app" has not been granted membership in role "qkern_runtime" by role "qkern"
postgres-1  | REVOKE ROLE
postgres-1  | 2026-09-30 23:18:07.413 UTC [324] WARNING:  role "qkern_auth_app" has not been granted membership in role "qkern_worker" by role "qkern"
postgres-1  | REVOKE ROLE
postgres-1  | WARNING:  role "qkern_auth_app" has not been granted membership in role "qkern_worker" by role "qkern"
postgres-1  | 2026-09-30 23:18:07.413 UTC [324] WARNING:  role "qkern_auth_app" has not been granted membership in role "qkern_provisioner" by role "qkern"
postgres-1  | REVOKE ROLE
postgres-1  | WARNING:  role "qkern_auth_app" has not been granted membership in role "qkern_provisioner" by role "qkern"
postgres-1  | 2026-09-30 23:18:07.414 UTC [324] WARNING:  role "qkern_worker_app" has not been granted membership in role "qkern_runtime" by role "qkern"
postgres-1  | 2026-09-30 23:18:07.414 UTC [324] WARNING:  role "qkern_worker_app" has not been granted membership in role "qkern_auth" by role "qkern"
postgres-1  | WARNING:  role "qkern_worker_app" has not been granted membership in role "qkern_runtime" by role "qkern"
postgres-1  | WARNING:  role "qkern_worker_app" has not been granted membership in role "qkern_auth" by role "qkern"
postgres-1  | WARNING:  role "qkern_worker_app" has not been granted membership in role "qkern_provisioner" by role "qkern"
postgres-1  | 2026-09-30 23:18:07.414 UTC [324] WARNING:  role "qkern_worker_app" has not been granted membership in role "qkern_provisioner" by role "qkern"
postgres-1  | REVOKE ROLE
postgres-1  | 2026-09-30 23:18:07.415 UTC [324] WARNING:  role "qkern_provisioner_app" has not been granted membership in role "qkern_runtime" by role "qkern"
postgres-1  | 2026-09-30 23:18:07.415 UTC [324] WARNING:  role "qkern_provisioner_app" has not been granted membership in role "qkern_auth" by role "qkern"
postgres-1  | 2026-09-30 23:18:07.415 UTC [324] WARNING:  role "qkern_provisioner_app" has not been granted membership in role "qkern_worker" by role "qkern"
postgres-1  | WARNING:  role "qkern_provisioner_app" has not been granted membership in role "qkern_runtime" by role "qkern"
postgres-1  | WARNING:  role "qkern_provisioner_app" has not been granted membership in role "qkern_auth" by role "qkern"
postgres-1  | WARNING:  role "qkern_provisioner_app" has not been granted membership in role "qkern_worker" by role "qkern"
postgres-1  | REVOKE ROLE
postgres-1  | 2026-09-30 23:18:07.415 UTC [324] WARNING:  role "qkern_project_api_app" has not been granted membership in role "qkern_runtime" by role "qkern"
postgres-1  | 2026-09-30 23:18:07.415 UTC [324] WARNING:  role "qkern_project_api_app" has not been granted membership in role "qkern_auth" by role "qkern"
postgres-1  | 2026-09-30 23:18:07.415 UTC [324] WARNING:  role "qkern_project_api_app" has not been granted membership in role "qkern_worker" by role "qkern"
postgres-1  | 2026-09-30 23:18:07.415 UTC [324] WARNING:  role "qkern_project_api_app" has not been granted membership in role "qkern_provisioner" by role "qkern"
postgres-1  | WARNING:  role "qkern_project_api_app" has not been granted membership in role "qkern_runtime" by role "qkern"
postgres-1  | WARNING:  role "qkern_project_api_app" has not been granted membership in role "qkern_auth" by role "qkern"
postgres-1  | WARNING:  role "qkern_project_api_app" has not been granted membership in role "qkern_worker" by role "qkern"
postgres-1  | WARNING:  role "qkern_project_api_app" has not been granted membership in role "qkern_provisioner" by role "qkern"
postgres-1  | REVOKE ROLE
postgres-1  | ALTER ROLE
postgres-1  | ALTER ROLE
postgres-1  | ALTER ROLE
postgres-1  | ALTER ROLE
postgres-1  | ALTER ROLE
postgres-1  | ALTER ROLE
postgres-1  | ALTER ROLE
postgres-1  | ALTER ROLE
postgres-1  | ALTER ROLE
postgres-1  | ALTER ROLE
postgres-1  | ALTER ROLE
postgres-1  | ALTER ROLE
postgres-1  | ALTER ROLE
postgres-1  | ALTER ROLE
postgres-1  | ALTER ROLE
postgres-1  | project-database: kein Passwort gesetzt, lokale Projektdatenbank wird nicht angelegt
postgres-1  | 
postgres-1  | waiting for server to shut down....2026-09-30 23:18:07.435 UTC [50] LOG:  received fast shutdown request
postgres-1  | 2026-09-30 23:18:07.435 UTC [50] LOG:  aborting any active transactions
postgres-1  | 2026-09-30 23:18:07.439 UTC [50] LOG:  background worker "logical replication launcher" (PID 56) exited with exit code 1
postgres-1  | 2026-09-30 23:18:07.440 UTC [51] LOG:  shutting down
postgres-1  | 2026-09-30 23:18:07.440 UTC [51] LOG:  checkpoint starting: shutdown immediate
postgres-1  | 2026-09-30 23:18:07.489 UTC [51] LOG:  checkpoint complete: wrote 1267 buffers (7.7%); 0 WAL file(s) added, 0 removed, 0 recycled; write=0.045 s, sync=0.004 s, total=0.050 s; sync files=744, longest=0.001 s, average=0.001 s; distance=8637 kB, estimate=8637 kB; lsn=0/1D612F0, redo lsn=0/1D612F0
postgres-1  | 2026-09-30 23:18:07.518 UTC [50] LOG:  database system is shut down
postgres-1  |  done
postgres-1  | server stopped
postgres-1  | 
postgres-1  | PostgreSQL init process complete; ready for start up.
postgres-1  | 
postgres-1  | 2026-09-30 23:18:07.590 UTC [1] LOG:  starting PostgreSQL 17.10 on x86_64-pc-linux-musl, compiled by gcc (Alpine 15.2.0) 15.2.0, 64-bit
postgres-1  | 2026-09-30 23:18:07.590 UTC [1] LOG:  listening on IPv4 address "0.0.0.0", port 5432
postgres-1  | 2026-09-30 23:18:07.590 UTC [1] LOG:  listening on IPv6 address "::", port 5432
postgres-1  | 2026-09-30 23:18:07.596 UTC [1] LOG:  listening on Unix socket "/var/run/postgresql/.s.PGSQL.5432"
postgres-1  | 2026-09-30 23:18:07.600 UTC [330] LOG:  database system was shut down at 2026-09-30 23:18:07 UTC
postgres-1  | 2026-09-30 23:18:07.616 UTC [1] LOG:  database system is ready to accept connections
 Container qkern-v023-certification-postgres-1 Healthy 
vault-1     | ==> Vault server configuration:
vault-1     | 
vault-1     | Administrative Namespace: 
vault-1     |              Api Address: http://0.0.0.0:8200
vault-1     |                      Cgo: disabled
vault-1     |          Cluster Address: https://0.0.0.0:8201
vault-1     |    Environment Variables: GOTRACEBACK, HOME, HOSTNAME, NAME, PATH, PWD, SHLVL, VAULT_DEV_LISTEN_ADDRESS, VAULT_DEV_ROOT_TOKEN_ID, VERSION
vault-1     |               Go Version: go1.23.3
vault-1     |               Listener 1: tcp (addr: "0.0.0.0:8200", cluster address: "0.0.0.0:8201", disable_request_limiter: "false", max_request_duration: "1m30s", max_request_size: "33554432", tls: "disabled")
vault-1     |                Log Level: 
vault-1     |                    Mlock: supported: true, enabled: false
vault-1     |            Recovery Mode: false
vault-1     |                  Storage: inmem
vault-1     |                  Version: Vault v1.18.3, built 2024-12-16T14:00:53Z
vault-1     |              Version Sha: 7ae4eca5403bf574f142cd8f987b8d83bafcd1de
vault-1     | 
vault-1     | ==> Vault server started! Log data will stream in below:
vault-1     | 
vault-1     | 2026-09-30T23:18:10.240Z [INFO]  proxy environment: http_proxy="" https_proxy="" no_proxy=""
vault-1     | 2026-09-30T23:18:10.240Z [INFO]  incrementing seal generation: generation=1
vault-1     | 2026-09-30T23:18:10.240Z [WARN]  no `api_addr` value specified in config or in VAULT_API_ADDR; falling back to detection if possible, but this value should be manually set
vault-1     | 2026-09-30T23:18:10.241Z [INFO]  core: Initializing version history cache for core
vault-1     | 2026-09-30T23:18:10.241Z [INFO]  events: Starting event system
vault-1     | 2026-09-30T23:18:10.241Z [INFO]  core: security barrier not initialized
vault-1     | 2026-09-30T23:18:10.241Z [INFO]  core: security barrier initialized: stored=1 shares=1 threshold=1
vault-1     | 2026-09-30T23:18:10.242Z [INFO]  core: post-unseal setup starting
vault-1     | 2026-09-30T23:18:10.250Z [INFO]  core: loaded wrapping token key
vault-1     | 2026-09-30T23:18:10.250Z [INFO]  core: successfully setup plugin runtime catalog
vault-1     | 2026-09-30T23:18:10.250Z [INFO]  core: successfully setup plugin catalog: plugin-directory=""
vault-1     | 2026-09-30T23:18:10.250Z [INFO]  core: no mounts; adding default mount table
vault-1     | 2026-09-30T23:18:10.259Z [INFO]  core: successfully mounted: type=cubbyhole version="v1.18.3+builtin.vault" path=cubbyhole/ namespace="ID: root. Path: "
vault-1     | 2026-09-30T23:18:10.260Z [INFO]  core: successfully mounted: type=system version="v1.18.3+builtin.vault" path=sys/ namespace="ID: root. Path: "
vault-1     | 2026-09-30T23:18:10.262Z [INFO]  core: successfully mounted: type=identity version="v1.18.3+builtin.vault" path=identity/ namespace="ID: root. Path: "
vault-1     | 2026-09-30T23:18:10.271Z [INFO]  core: successfully mounted: type=token version="v1.18.3+builtin.vault" path=token/ namespace="ID: root. Path: "
vault-1     | 2026-09-30T23:18:10.271Z [INFO]  rollback: Starting the rollback manager with 256 workers
vault-1     | 2026-09-30T23:18:10.271Z [INFO]  rollback: starting rollback manager
vault-1     | 2026-09-30T23:18:10.277Z [INFO]  core: restoring leases
vault-1     | 2026-09-30T23:18:10.278Z [INFO]  expiration: lease restore complete
vault-1     | 2026-09-30T23:18:10.281Z [INFO]  identity: entities restored
vault-1     | 2026-09-30T23:18:10.281Z [INFO]  identity: groups restored
vault-1     | 2026-09-30T23:18:10.281Z [INFO]  core: Recorded vault version: vault version=1.18.3 upgrade time="2026-09-30 23:18:10.28138534 +0000 UTC" build date=2024-12-16T14:00:53Z
vault-1     | 2026-09-30T23:18:10.283Z [INFO]  core: post-unseal setup complete
vault-1     | 2026-09-30T23:18:10.284Z [INFO]  core: root token generated
vault-1     | 2026-09-30T23:18:10.284Z [INFO]  core: pre-seal teardown starting
vault-1     | 2026-09-30T23:18:10.284Z [INFO]  rollback: stopping rollback manager
vault-1     | 2026-09-30T23:18:10.284Z [INFO]  core: pre-seal teardown complete
vault-1     | 2026-09-30T23:18:10.284Z [INFO]  core.cluster-listener.tcp: starting listener: listener_address=0.0.0.0:8201
vault-1     | 2026-09-30T23:18:10.285Z [INFO]  core.cluster-listener: serving cluster requests: cluster_listen_address=[::]:8201
vault-1     | 2026-09-30T23:18:10.285Z [INFO]  core: post-unseal setup starting
vault-1     | 2026-09-30T23:18:10.285Z [INFO]  core: loaded wrapping token key
vault-1     | 2026-09-30T23:18:10.285Z [INFO]  core: successfully setup plugin runtime catalog
vault-1     | 2026-09-30T23:18:10.285Z [INFO]  core: successfully setup plugin catalog: plugin-directory=""
vault-1     | 2026-09-30T23:18:10.291Z [INFO]  core: successfully mounted: type=system version="v1.18.3+builtin.vault" path=sys/ namespace="ID: root. Path: "
vault-1     | 2026-09-30T23:18:10.293Z [INFO]  core: successfully mounted: type=identity version="v1.18.3+builtin.vault" path=identity/ namespace="ID: root. Path: "
vault-1     | 2026-09-30T23:18:10.293Z [INFO]  core: successfully mounted: type=cubbyhole version="v1.18.3+builtin.vault" path=cubbyhole/ namespace="ID: root. Path: "
vault-1     | 2026-09-30T23:18:10.298Z [INFO]  core: successfully mounted: type=token version="v1.18.3+builtin.vault" path=token/ namespace="ID: root. Path: "
vault-1     | 2026-09-30T23:18:10.298Z [INFO]  rollback: Starting the rollback manager with 256 workers
vault-1     | 2026-09-30T23:18:10.298Z [INFO]  rollback: starting rollback manager
vault-1     | 2026-09-30T23:18:10.298Z [INFO]  core: restoring leases
vault-1     | 2026-09-30T23:18:10.300Z [INFO]  expiration: lease restore complete
vault-1     | 2026-09-30T23:18:10.300Z [INFO]  identity: entities restored
vault-1     | 2026-09-30T23:18:10.300Z [INFO]  identity: groups restored
vault-1     | 2026-09-30T23:18:10.301Z [INFO]  core: post-unseal setup complete
vault-1     | 2026-09-30T23:18:10.301Z [INFO]  core: vault is unsealed
vault-1     | 2026-09-30T23:18:10.302Z [INFO]  expiration: revoked lease: lease_id=auth/token/root/hb41ec8b85b98dbe7d5bf88fc23ab15edbe32927ef691e315085d50c92771921d
vault-1     | 2026-09-30T23:18:10.323Z [INFO]  core: successful mount: namespace="" path=secret/ type=kv version="v0.20.0+builtin"
vault-1     | WARNING! dev mode is enabled! In this mode, Vault runs entirely in-memory
vault-1     | and starts unsealed with a single unseal key. The root token is already
vault-1     | authenticated to the CLI, so you can immediately begin using Vault.
vault-1     | 
vault-1     | You may need to set the following environment variables:
vault-1     | 
vault-1     |     $ export VAULT_ADDR='http://0.0.0.0:8200'
vault-1     | 
vault-1     | The unseal key and root token are displayed below in case you want to
vault-1     | seal/unseal the Vault or re-authenticate.
vault-1     | 
vault-1     | Unseal Key: 5md+syAW+H9DIX6ZZLC3QjJr41cpQqhndxxejbEXbFs=
vault-1     | Root Token: qkern-certification-root-token
vault-1     | 
vault-1     | Development mode should NOT be used in production installations!
vault-1     | 
 Container qkern-v023-certification-vault-1 Healthy 
 Container qkern-v023-certification-certification-1 Starting 
 Container qkern-v023-certification-certification-1 Started 
certification-1  | vault-seed: one signing secret written
certification-1  | 
certification-1  | added 240 packages, and audited 241 packages in 46s
certification-1  | 
certification-1  | 61 packages are looking for funding
certification-1  |   run `npm fund` for details
certification-1  | 
certification-1  | 10 vulnerabilities (6 moderate, 3 high, 1 critical)
certification-1  | 
certification-1  | To address issues that do not require attention, run:
certification-1  |   npm audit fix
certification-1  | 
certification-1  | To address all issues, run:
certification-1  |   npm audit fix --force
certification-1  | 
certification-1  | Run `npm audit` for details.
certification-1  | npm notice
certification-1  | npm notice New major version of npm available! 11.17.0 -> 12.2.0
certification-1  | npm notice Changelog: https://github.com/npm/cli/releases/tag/v12.2.0
certification-1  | npm notice To update run: npm install -g npm@12.2.0
certification-1  | npm notice
certification-1  | 
certification-1  | > qkern-platform@2.69.0 test:postgres
certification-1  | > vitest run tests/postgres.integration.test.ts tests/postgres-incident-recovery.integration.test.ts tests/generated-data-postgres.integration.test.ts tests/project-auth-postgres.integration.test.ts tests/project-storage-postgres.integration.test.ts tests/project-queues-postgres.integration.test.ts tests/usage-metering-postgres.integration.test.ts tests/realtime-postgres.integration.test.ts tests/realtime-change-feed-postgres.integration.test.ts tests/realtime-change-chain-postgres.integration.test.ts tests/realtime-change-soak-postgres.integration.test.ts tests/project-queues-multi-instance.integration.test.ts tests/compute-cron-postgres.integration.test.ts tests/compute-webhook-postgres.integration.test.ts tests/compute-webhook-chain.integration.test.ts tests/compute-definitions-postgres.integration.test.ts tests/compute-functions-postgres.integration.test.ts tests/usage-emitters-postgres.integration.test.ts tests/migration-process-postgres.integration.test.ts tests/realtime-process-postgres.integration.test.ts tests/provisioning-port-postgres.integration.test.ts tests/migration-enqueue-postgres.integration.test.ts tests/sql-privilege-clause-contract.integration.test.ts tests/queue-connection-pressure-postgres.integration.test.ts tests/usage-billing-postgres.integration.test.ts tests/billing-invoice-postgres.integration.test.ts tests/data-plane-query-postgres.integration.test.ts tests/data-plane-triggers-postgres.integration.test.ts tests/data-plane-functions-postgres.integration.test.ts tests/data-plane-catalog-postgres.integration.test.ts tests/data-plane-catalog-wide-postgres.integration.test.ts
certification-1  | 
certification-1  | 
certification-1  | [1m[30m[46m RUN [49m[39m[22m [36mv4.1.10 [39m[90m/workspace/qkern[39m
certification-1  | 
postgres-1       | 2026-09-30 23:19:10.991 UTC [638] ERROR:  permission denied for table project_database_provisioning_jobs
postgres-1       | 2026-09-30 23:19:10.991 UTC [638] STATEMENT:  SELECT 1 FROM project_database_provisioning_jobs LIMIT 1
postgres-1       | 2026-09-30 23:19:11.002 UTC [638] ERROR:  permission denied for table project_database_bindings
postgres-1       | 2026-09-30 23:19:11.002 UTC [638] STATEMENT:  SELECT 1 FROM project_database_bindings LIMIT 1
postgres-1       | 2026-09-30 23:19:11.154 UTC [610] ERROR:  new row for relation "migration_incident_delivery_commands" violates check constraint "migration_incident_delivery_commands_expected_failure_code"
postgres-1       | 2026-09-30 23:19:11.154 UTC [610] DETAIL:  Failing row contains (a07ecde4-86ce-4b07-afb7-fe12258e30ad, e4cb43ac-8923-4827-9f17-5444f733d792, 58d5e51e-1e1d-47d4-bfdf-c89eb62b0ca6, constraint-test, destination_recovered, pending, null, 2026-09-30 23:19:11.152616+00, 2026-09-30 23:19:11.152616+00, null, null).
postgres-1       | 2026-09-30 23:19:11.154 UTC [610] STATEMENT:  INSERT INTO migration_incident_delivery_commands
postgres-1       | 	           (organization_id, migration_incident_id, requested_by, reason_code,
postgres-1       | 	            expected_failure_code, expected_retry_cycle)
postgres-1       | 	         VALUES ($1, $2, 'constraint-test', 'destination_recovered', NULL, NULL)
certification-1  |  [32m✓[39m tests/provisioning-port-postgres.integration.test.ts [2m([22m[2m6 tests[22m[2m)[22m[33m 1166[2mms[22m[39m
certification-1  |      [33m[2m✓[22m[39m (2.88) hands the web runtime the order of its own tenant and never a field of the binding [33m 656[2mms[22m[39m
postgres-1       | 2026-09-30 23:19:11.219 UTC [645] ERROR:  relation "change_feed" already exists
postgres-1       | 2026-09-30 23:19:11.219 UTC [645] STATEMENT:  -- Run once after 0002_qkern_migration_fence.sql as the trusted project database
postgres-1       | 	-- provisioner. Provides trigger-based change capture for Realtime.
postgres-1       | 	--
postgres-1       | 	-- ## Warum Trigger und nicht logische Replikation
postgres-1       | 	--
postgres-1       | 	-- Logische Replikation sieht jede Aenderung ohne Schemaeingriff, verlangt aber
postgres-1       | 	-- eine Rolle mit Replikationsrecht und einen Slot. Beides steht im direkten
postgres-1       | 	-- Widerspruch zu diesem Schema: 0001 prueft fuer jede beteiligte Rolle
postgres-1       | 	-- ausdruecklich rolreplication = false. Ein hängender Konsument laesst den Slot
postgres-1       | 	-- ausserdem unbegrenzt WAL halten, bis die Platte voll ist -- ein
postgres-1       | 	-- Betriebsrisiko, das der Kunde traegt und QKERN nicht begrenzen kann.
postgres-1       | 	--
postgres-1       | 	-- Trigger sind begrenzbar: der Feed hat Groessengrenzen und Aufbewahrung, und
postgres-1       | 	-- das Anschalten je Tabelle ist eine Schemaaenderung, die den vorhandenen
postgres-1       | 	-- Change-Set- und Approval-Weg durchlaeuft.
postgres-1       | 	--
postgres-1       | 	-- ## Warum keine Zeilenwerte gespeichert werden
postgres-1       | 	--
postgres-1       | 	-- Der Feed haelt ausschliesslich die Primaerschluesselwerte. Die eigentlichen
postgres-1       | 	-- Zeilenwerte werden je Abonnent frisch gelesen, und zwar mit dessen Claims.
postgres-1       | 	-- Row Level Security autorisiert und erzeugt die Nutzlast damit in einem
postgres-1       | 	-- Schritt. Wuerden die Werte hier liegen, muesste eine zweite, unabhaengige
postgres-1       | 	-- Sichtbarkeitspruefung sie korrekt filtern -- eine Kopie der RLS-Logik
postgres-1       | 	-- ausserhalb der Datenbank und damit eine dauerhafte Fehlerquelle.
postgres-1       | 	
postgres-1       | 	BEGIN;
postgres-1       | 	
postgres-1       | 	CREATE TABLE qkern_internal.change_feed (
postgres-1       | 	  position bigint GENERATED ALWAYS AS IDENTITY PRIMARY KEY,
postgres-1       | 	  schema_name text NOT NULL CHECK (schema_name ~ '^[a-z_][a-z0-9_]{0,62}$'),
postgres-1       | 	  table_name text NOT NULL CHECK (table_name ~ '^[a-z_][a-z0-9_]{0,62}$'),
postgres-1       | 	  operation text NOT NULL CHECK (operation IN ('insert', 'update', 'delete')),
postgres-1       | 	  -- Nur Primaerschluesselwerte. Die Grenze verhindert, dass ein zusammengesetzter
postgres-1       | 	  -- Schluessel den Feed aufblaeht.
postgres-1       | 	  row_key jsonb NOT NULL CHECK (octet_length(row_key::text) <= 4096),
postgres-1       | 	  committed_at timestamptz NOT NULL DEFAULT now()
postgres-1       | 	);
postgres-1       | 	
postgres-1       | 	CREATE INDEX change_feed_retention_idx ON qkern_internal.change_feed (committed_at);
postgres-1       | 	
postgres-1       | 	ALTER TABLE qkern_internal.change_feed OWNER TO qkern_ledger_owner;
postgres-1       | 	
postgres-1       | 	-- SECURITY DEFINER: Der Schreiber einer Zeile besitzt keine Rechte auf dem
postgres-1       | 	-- Feed und soll sie auch nicht bekommen. Der Trigger schreibt stellvertretend.
postgres-1       | 	-- search_path wird fest gesetzt, damit kein Aufrufer die aufgeloesten Objekte
postgres-1       | 	-- umlenken kann.
postgres-1       | 	CREATE OR REPLACE FUNCTION qkern_internal.capture_change()
postgres-1       | 	RETURNS trigger
postgres-1       | 	LANGUAGE plpgsql
postgres-1       | 	SECURITY DEFINER
postgres-1       | 	SET search_path = qkern_internal, pg_catalog
postgres-1       | 	AS $$
postgres-1       | 	DECLARE
postgres-1       | 	  key_columns text[];
postgres-1       | 	  source record;
postgres-1       | 	  key jsonb;
postgres-1       | 	BEGIN
postgres-1       | 	  SELECT array_agg(attribute.attname ORDER BY attribute.attnum)
postgres-1       | 	    INTO key_columns
postgres-1       | 	    FROM pg_index index
postgres-1       | 	    JOIN pg_attribute attribute
postgres-1       | 	      ON attribute.attrelid = index.indrelid AND attribute.attnum = ANY (index.indkey)
postgres-1       | 	   WHERE index.indrelid = TG_RELID AND index.indisprimary;
postgres-1       | 	
postgres-1       | 	  IF key_columns IS NULL THEN
postgres-1       | 	    RAISE EXCEPTION 'change capture requires a primary key on %.%', TG_TABLE_SCHEMA, TG_TABLE_NAME
postgres-1       | 	      USING ERRCODE = '55000';
postgres-1       | 	  END IF;
postgres-1       | 	
postgres-1       | 	  source := CASE WHEN TG_OP = 'DELETE' THEN OLD ELSE NEW END;
postgres-1       | 	  SELECT jsonb_object_agg(entry.key, entry.value)
postgres-1       | 	    INTO key
postgres-1       | 	    FROM jsonb_each(to_jsonb(source)) AS entry
postgres-1       | 	   WHERE entry.key = ANY (key_columns);
postgres-1       | 	
postgres-1       | 	  INSERT INTO qkern_internal.change_feed (schema_name, table_name, operation, row_key)
postgres-1       | 	  VALUES (TG_TABLE_SCHEMA, TG_TABLE_NAME, lower(TG_OP), key);
postgres-1       | 	
postgres-1       | 	  RETURN NULL;
postgres-1       | 	END;
postgres-1       | 	$$;
postgres-1       | 	
postgres-1       | 	ALTER FUNCTION qkern_internal.capture_change() OWNER TO qkern_ledger_owner;
postgres-1       | 	
postgres-1       | 	REVOKE ALL ON qkern_internal.change_feed FROM PUBLIC;
postgres-1       | 	REVOKE ALL ON FUNCTION qkern_internal.capture_change() FROM PUBLIC;
postgres-1       | 	
postgres-1       | 	-- Die Laufzeitrolle liest den Feed und raeumt ihn auf. Sie darf ihn niemals
postgres-1       | 	-- schreiben: ein erfundenes Aenderungsereignis wuerde einen Lesevorgang mit
postgres-1       | 	-- fremden Claims ausloesen.
postgres-1       | 	GRANT USAGE ON SCHEMA qkern_internal TO qkern_project_api_app;
postgres-1       | 	GRANT SELECT, DELETE ON qkern_internal.change_feed TO qkern_project_api_app;
postgres-1       | 	
postgres-1       | 	COMMIT;
postgres-1       | 	
postgres-1       | 2026-09-30 23:19:11.237 UTC [651] ERROR:  new row for relation "migration_incident_delivery_commands" violates check constraint "migration_incident_delivery_commands_expected_retry_cycle"
postgres-1       | 2026-09-30 23:19:11.237 UTC [651] DETAIL:  Failing row contains (485c4738-8943-4471-8c72-e7ad1dda8340, e4cb43ac-8923-4827-9f17-5444f733d792, 58d5e51e-1e1d-47d4-bfdf-c89eb62b0ca6, constraint-test, destination_recovered, pending, null, 2026-09-30 23:19:11.233129+00, 2026-09-30 23:19:11.233129+00, PUBLISH_FAILED, null).
postgres-1       | 2026-09-30 23:19:11.237 UTC [651] STATEMENT:  INSERT INTO migration_incident_delivery_commands
postgres-1       | 	           (organization_id, migration_incident_id, requested_by, reason_code,
postgres-1       | 	            expected_failure_code, expected_retry_cycle)
postgres-1       | 	         VALUES ($1, $2, 'constraint-test', 'destination_recovered', 'PUBLISH_FAILED', NULL)
postgres-1       | 2026-09-30 23:19:11.340 UTC [623] ERROR:  new row violates row-level security policy for table "items"
postgres-1       | 2026-09-30 23:19:11.340 UTC [623] CONTEXT:  SQL function "add_item" statement 1
postgres-1       | 2026-09-30 23:19:11.340 UTC [623] STATEMENT:  SELECT "generated_bc8acc29_f0af_478d_9ed2_aa587007c9f0"."add_item"("item_name" => $1::text, "item_owner" => $2::text) AS result
certification-1  |  [32m✓[39m tests/generated-data-postgres.integration.test.ts [2m([22m[2m9 tests[22m[2m)[22m[33m 1706[2mms[22m[39m
certification-1  |      [33m[2m✓[22m[39m enforces RLS across insert, list, update and delete [33m 515[2mms[22m[39m
postgres-1       | 2026-09-30 23:19:11.603 UTC [659] ERROR:  permission denied for table project_functions
postgres-1       | 2026-09-30 23:19:11.603 UTC [659] STATEMENT:  UPDATE project_functions SET image=$2 WHERE id=$1
postgres-1       | 2026-09-30 23:19:11.673 UTC [667] ERROR:  permission denied for table project_functions
postgres-1       | 2026-09-30 23:19:11.673 UTC [667] STATEMENT:  UPDATE project_functions SET memory_mib=2048 WHERE id=$1
postgres-1       | 2026-09-30 23:19:11.690 UTC [649] ERROR:  new row for relation "project_functions" violates check constraint "project_functions_image_check"
postgres-1       | 2026-09-30 23:19:11.690 UTC [649] DETAIL:  Failing row contains (6ad2dd8d-53bf-42c5-a57d-7ba23eb6ed11, 8e80ce41-e9b0-4122-ad5a-4b844bf6b2be, 7bb30528-cc91-42fe-b093-1d44a525e9ed, development, tagged-595e98cd, nodejs24, registry.example.com/qkern/probe:latest, handler.mjs, 30000, 128, 1, {}, {}, t, 2026-09-30 23:19:11.683336+00).
postgres-1       | 2026-09-30 23:19:11.690 UTC [649] STATEMENT:  INSERT INTO project_functions
postgres-1       | 	         (organization_id, project_id, environment, name, runtime, image, entrypoint)
postgres-1       | 	       VALUES ($1,$2,'development',$3,'nodejs24','registry.example.com/qkern/probe:latest','handler.mjs')
postgres-1       | 2026-09-30 23:19:11.734 UTC [653] ERROR:  duplicate key value violates unique constraint "project_functions_name_key"
postgres-1       | 2026-09-30 23:19:11.734 UTC [653] STATEMENT:  INSERT INTO project_functions
postgres-1       | 	           (organization_id, project_id, environment, name, runtime, image, entrypoint,
postgres-1       | 	            timeout_ms, memory_mib, max_concurrency, egress_origins, secret_refs, enabled)
postgres-1       | 	         VALUES ($1,$2,$3,$4,'nodejs24',$5,$6,$7,$8,$9,$10,$11,$12)
postgres-1       | 	         RETURNING id, organization_id, project_id, environment, name, runtime, image,
postgres-1       | 	  entrypoint, timeout_ms, memory_mib, max_concurrency, egress_origins, secret_refs, enabled,
postgres-1       | 	  created_at
postgres-1       | 2026-09-30 23:19:11.752 UTC [669] ERROR:  permission denied for table project_cron_definitions
postgres-1       | 2026-09-30 23:19:11.752 UTC [669] STATEMENT:  UPDATE project_cron_definitions SET time_zone='UTC' WHERE id=$1
postgres-1       | 2026-09-30 23:19:11.789 UTC [657] ERROR:  duplicate key value violates unique constraint "project_cron_definitions_name_key"
postgres-1       | 2026-09-30 23:19:11.789 UTC [657] STATEMENT:  INSERT INTO project_cron_definitions
postgres-1       | 	           (organization_id, project_id, environment, name, expression, queue, payload, enabled,
postgres-1       | 	            time_zone)
postgres-1       | 	         VALUES ($1,$2,$3,$4,$5,$6,$7,$8,$9)
postgres-1       | 	         RETURNING id, organization_id, project_id, environment, name, expression, queue,
postgres-1       | 	  payload, enabled, time_zone, last_dispatched_at, created_at
postgres-1       | 2026-09-30 23:19:11.863 UTC [677] ERROR:  permission denied for table project_cron_definitions
postgres-1       | 2026-09-30 23:19:11.863 UTC [677] STATEMENT:  UPDATE project_cron_definitions SET expression='*/1 * * * *' WHERE id=$1
postgres-1       | 2026-09-30 23:19:12.014 UTC [650] ERROR:  project storage object identity is immutable
postgres-1       | 2026-09-30 23:19:12.014 UTC [650] CONTEXT:  PL/pgSQL function qkern_reject_project_storage_object_mutation() line 12 at RAISE
postgres-1       | 2026-09-30 23:19:12.014 UTC [650] STATEMENT:  UPDATE project_storage_objects SET deleted_at=coalesce(deleted_at,$5)
postgres-1       | 	        WHERE organization_id=$1 AND project_id=$2 AND environment=$3 AND id=$4
postgres-1       | 	        RETURNING id,organization_id,project_id,environment,bucket_id,object_key,owner_subject,
postgres-1       | 	  provider_key,size_bytes,content_type,checksum_sha256,etag,status,created_at,delete_after,deleted_at
postgres-1       | 2026-09-30 23:19:12.018 UTC [684] ERROR:  permission denied for table project_webhooks
postgres-1       | 2026-09-30 23:19:12.018 UTC [684] STATEMENT:  UPDATE project_webhooks SET url='https://elsewhere.example.com/hooks' WHERE id=$1
postgres-1       | 2026-09-30 23:19:12.391 UTC [604] ERROR:  webhook delivery content is immutable
postgres-1       | 2026-09-30 23:19:12.391 UTC [604] CONTEXT:  PL/pgSQL function qkern_validate_project_webhook_delivery_update() line 8 at RAISE
postgres-1       | 2026-09-30 23:19:12.391 UTC [604] STATEMENT:  UPDATE project_webhook_deliveries SET payload='{"tampered":true}'::jsonb WHERE id=$1
postgres-1       | 2026-09-30 23:19:12.459 UTC [690] ERROR:  permission denied for table project_functions
postgres-1       | 2026-09-30 23:19:12.459 UTC [690] STATEMENT:  UPDATE project_functions SET image=$1 WHERE id=$2
postgres-1       | 2026-09-30 23:19:12.508 UTC [668] ERROR:  migration incident resolution requires worker-verified ledger evidence
postgres-1       | 2026-09-30 23:19:12.508 UTC [668] CONTEXT:  PL/pgSQL function qkern_validate_migration_incident_acknowledgement() line 49 at RAISE
postgres-1       | 2026-09-30 23:19:12.508 UTC [668] STATEMENT:  UPDATE migration_incidents
postgres-1       | 	       SET status = 'resolved',
postgres-1       | 	           resolution_code = 'target_ledger_match'::qkern_migration_incident_resolution_code
postgres-1       | 	       WHERE organization_id = $1 AND migration_job_id = $2
postgres-1       | 	         AND status IN ('open', 'acknowledged')
postgres-1       | 	       RETURNING 
postgres-1       | 	  id, organization_id, migration_job_id, project_id, environment, change_set_id,
postgres-1       | 	  kind, severity, status, detected_review_cycle, detected_reconciliation_attempt,
postgres-1       | 	  acknowledged_by, acknowledgement_code, acknowledged_at,
postgres-1       | 	  resolved_by, resolution_code, resolved_at, created_at, updated_at
postgres-1       | 2026-09-30 23:19:12.690 UTC [328] LOG:  checkpoint starting: immediate force wait
certification-1  |  [32m✓[39m tests/compute-definitions-postgres.integration.test.ts [2m([22m[2m10 tests[22m[2m)[22m[33m 2188[2mms[22m[39m
certification-1  |      [33m[2m✓[22m[39m creates, lists and pauses a cron definition through the unprivileged runtime role [33m 618[2mms[22m[39m
certification-1  |      [33m[2m✓[22m[39m deploys images only through the door that writes their history [33m 403[2mms[22m[39m
certification-1  |  [32m✓[39m tests/project-storage-postgres.integration.test.ts [2m([22m[2m8 tests[22m[2m)[22m[33m 2168[2mms[22m[39m
certification-1  |      [33m[2m✓[22m[39m cleans the provider object when expiry wins a slow completion [33m 336[2mms[22m[39m
certification-1  |      [33m[2m✓[22m[39m (2.51) lists objects with their scanner verdict without exposing a provider key [33m 582[2mms[22m[39m
postgres-1       | 2026-09-30 23:19:12.756 UTC [701] ERROR:  a settled webhook delivery is final
postgres-1       | 2026-09-30 23:19:12.756 UTC [701] CONTEXT:  PL/pgSQL function qkern_validate_project_webhook_delivery_update() line 14 at RAISE
postgres-1       | 2026-09-30 23:19:12.756 UTC [701] STATEMENT:  UPDATE project_webhook_deliveries SET status='pending' WHERE id=$1
postgres-1       | 2026-09-30 23:19:13.123 UTC [328] LOG:  checkpoint complete: wrote 1614 buffers (9.9%); 0 WAL file(s) added, 0 removed, 1 recycled; write=0.389 s, sync=0.021 s, total=0.435 s; sync files=560, longest=0.007 s, average=0.001 s; distance=12212 kB, estimate=12212 kB; lsn=0/29751E0, redo lsn=0/294E438
certification-1  |  [32m✓[39m tests/postgres-incident-recovery.integration.test.ts [2m([22m[2m6 tests[22m[2m)[22m[33m 3627[2mms[22m[39m
certification-1  |      [33m[2m✓[22m[39m rejects an old command when the same failure code returns in a later generation [33m 500[2mms[22m[39m
certification-1  |      [33m[2m✓[22m[39m allows incident resolution only after worker-verified applied state [33m 351[2mms[22m[39m
postgres-1       | 2026-09-30 23:19:13.390 UTC [728] ERROR:  permission denied for table project_auth_users
postgres-1       | 2026-09-30 23:19:13.390 UTC [728] STATEMENT:  SELECT id FROM project_auth_users LIMIT 1
certification-1  |  [32m✓[39m tests/project-queues-postgres.integration.test.ts [2m([22m[2m9 tests[22m[2m)[22m[33m 2675[2mms[22m[39m
certification-1  |      [33m[2m✓[22m[39m claims each ready row at most once across concurrent workers [33m 306[2mms[22m[39m
certification-1  |      [33m[2m✓[22m[39m consumes an enqueued message and calls the function [33m 310[2mms[22m[39m
certification-1  |      [33m[2m✓[22m[39m keeps a foreign queue untouched [33m 347[2mms[22m[39m
postgres-1       | 2026-09-30 23:19:13.661 UTC [717] ERROR:  cron progress must not move backwards
postgres-1       | 2026-09-30 23:19:13.661 UTC [717] CONTEXT:  PL/pgSQL function qkern_validate_project_cron_update() line 10 at RAISE
postgres-1       | 2026-09-30 23:19:13.661 UTC [717] STATEMENT:  UPDATE project_cron_definitions
postgres-1       | 	            SET last_dispatched_at=$3, updated_at=now()
postgres-1       | 	          WHERE organization_id=$1 AND id=$2
postgres-1       | 2026-09-30 23:19:13.664 UTC [636] ERROR:  realtime events are append-only
postgres-1       | 2026-09-30 23:19:13.664 UTC [636] CONTEXT:  PL/pgSQL function qkern_reject_realtime_event_update() line 3 at RAISE
postgres-1       | 2026-09-30 23:19:13.664 UTC [636] STATEMENT:  UPDATE realtime_events SET event='tampered'
postgres-1       | 	        WHERE organization_id=$1 AND channel=$2
certification-1  |  [32m✓[39m tests/compute-webhook-postgres.integration.test.ts [2m([22m[2m10 tests[22m[2m)[22m[33m 4174[2mms[22m[39m
certification-1  |      [33m[2m✓[22m[39m persists a delivery and hands it to exactly one of many claimants [33m 876[2mms[22m[39m
certification-1  |      [33m[2m✓[22m[39m stores only the lease verifier, never the raw token [33m 314[2mms[22m[39m
certification-1  |      [33m[2m✓[22m[39m refuses a settlement from the wrong worker or a stale token [33m 411[2mms[22m[39m
certification-1  |      [33m[2m✓[22m[39m schedules a retry with a server-computed delay [33m 432[2mms[22m[39m
certification-1  |      [33m[2m✓[22m[39m keeps a settled delivery final [33m 365[2mms[22m[39m
certification-1  |      [33m[2m✓[22m[39m hides deliveries of a different organization [33m 503[2mms[22m[39m
postgres-1       | 2026-09-30 23:19:13.894 UTC [721] ERROR:  new row violates row-level security policy "audit_logs_project_auth_insert" for table "audit_logs"
postgres-1       | 2026-09-30 23:19:13.894 UTC [721] STATEMENT:  INSERT INTO audit_logs
postgres-1       | 	         (organization_id, project_id, environment, actor_type, actor_ref, action, resource_ref,
postgres-1       | 	          status, redacted_metadata, previous_hash, entry_hash)
postgres-1       | 	       VALUES ($1, $2, $3, $4, $5, $6, $7, $8, $9::jsonb, NULL, repeat('0', 64))
postgres-1       | 	       RETURNING id, organization_id, project_id, environment, actor_type, actor_ref, action, resource_ref,
postgres-1       | 	                 status, redacted_metadata, previous_hash, entry_hash, created_at
postgres-1       | 2026-09-30 23:19:14.098 UTC [718] ERROR:  cron progress must not move backwards
postgres-1       | 2026-09-30 23:19:14.098 UTC [718] CONTEXT:  PL/pgSQL function qkern_validate_project_cron_update() line 10 at RAISE
postgres-1       | 2026-09-30 23:19:14.098 UTC [718] STATEMENT:  UPDATE project_cron_definitions
postgres-1       | 	            SET last_dispatched_at=$3, updated_at=now()
postgres-1       | 	          WHERE organization_id=$1 AND id=$2
postgres-1       | 2026-09-30 23:19:14.169 UTC [720] ERROR:  cron progress must not move backwards
postgres-1       | 2026-09-30 23:19:14.169 UTC [720] CONTEXT:  PL/pgSQL function qkern_validate_project_cron_update() line 10 at RAISE
postgres-1       | 2026-09-30 23:19:14.169 UTC [720] STATEMENT:  UPDATE project_cron_definitions
postgres-1       | 	            SET last_dispatched_at=$3, updated_at=now()
postgres-1       | 	          WHERE organization_id=$1 AND id=$2
postgres-1       | 2026-09-30 23:19:14.189 UTC [719] ERROR:  cron progress must not move backwards
postgres-1       | 2026-09-30 23:19:14.189 UTC [719] CONTEXT:  PL/pgSQL function qkern_validate_project_cron_update() line 10 at RAISE
postgres-1       | 2026-09-30 23:19:14.189 UTC [719] STATEMENT:  UPDATE project_cron_definitions
postgres-1       | 	            SET last_dispatched_at=$3, updated_at=now()
postgres-1       | 	          WHERE organization_id=$1 AND id=$2
certification-1  |  [32m✓[39m tests/realtime-postgres.integration.test.ts [2m([22m[2m7 tests[22m[2m)[22m[33m 3538[2mms[22m[39m
certification-1  |      [33m[2m✓[22m[39m delivers a broadcast to a subscriber on a second instance through PostgreSQL [33m 741[2mms[22m[39m
certification-1  |      [33m[2m✓[22m[39m assigns one global sequence per channel across instances [33m 722[2mms[22m[39m
certification-1  |      [33m[2m✓[22m[39m keeps events after a restart of every instance [33m 879[2mms[22m[39m
postgres-1       | 2026-09-30 23:19:14.245 UTC [609] ERROR:  cron progress must not move backwards
postgres-1       | 2026-09-30 23:19:14.245 UTC [609] CONTEXT:  PL/pgSQL function qkern_validate_project_cron_update() line 10 at RAISE
postgres-1       | 2026-09-30 23:19:14.245 UTC [609] STATEMENT:  UPDATE project_cron_definitions SET last_dispatched_at=$2 WHERE id=$1
certification-1  |  [32m✓[39m tests/project-auth-postgres.integration.test.ts [2m([22m[2m4 tests[22m[2m)[22m[33m 1446[2mms[22m[39m
certification-1  |      [33m[2m✓[22m[39m persists app users only through the auth role and keeps runtime access closed [33m 387[2mms[22m[39m
postgres-1       | 2026-09-30 23:19:14.318 UTC [762] ERROR:  cron identity is immutable
postgres-1       | 2026-09-30 23:19:14.318 UTC [762] CONTEXT:  PL/pgSQL function qkern_validate_project_cron_update() line 6 at RAISE
postgres-1       | 2026-09-30 23:19:14.318 UTC [762] STATEMENT:  UPDATE project_cron_definitions SET project_id=$2 WHERE id=$1
postgres-1       | 2026-09-30 23:19:14.362 UTC [757] ERROR:  relation "change_feed" already exists
postgres-1       | 2026-09-30 23:19:14.362 UTC [757] STATEMENT:  -- Run once after 0002_qkern_migration_fence.sql as the trusted project database
postgres-1       | 	-- provisioner. Provides trigger-based change capture for Realtime.
postgres-1       | 	--
postgres-1       | 	-- ## Warum Trigger und nicht logische Replikation
postgres-1       | 	--
postgres-1       | 	-- Logische Replikation sieht jede Aenderung ohne Schemaeingriff, verlangt aber
postgres-1       | 	-- eine Rolle mit Replikationsrecht und einen Slot. Beides steht im direkten
postgres-1       | 	-- Widerspruch zu diesem Schema: 0001 prueft fuer jede beteiligte Rolle
postgres-1       | 	-- ausdruecklich rolreplication = false. Ein hängender Konsument laesst den Slot
postgres-1       | 	-- ausserdem unbegrenzt WAL halten, bis die Platte voll ist -- ein
postgres-1       | 	-- Betriebsrisiko, das der Kunde traegt und QKERN nicht begrenzen kann.
postgres-1       | 	--
postgres-1       | 	-- Trigger sind begrenzbar: der Feed hat Groessengrenzen und Aufbewahrung, und
postgres-1       | 	-- das Anschalten je Tabelle ist eine Schemaaenderung, die den vorhandenen
postgres-1       | 	-- Change-Set- und Approval-Weg durchlaeuft.
postgres-1       | 	--
postgres-1       | 	-- ## Warum keine Zeilenwerte gespeichert werden
postgres-1       | 	--
postgres-1       | 	-- Der Feed haelt ausschliesslich die Primaerschluesselwerte. Die eigentlichen
postgres-1       | 	-- Zeilenwerte werden je Abonnent frisch gelesen, und zwar mit dessen Claims.
postgres-1       | 	-- Row Level Security autorisiert und erzeugt die Nutzlast damit in einem
postgres-1       | 	-- Schritt. Wuerden die Werte hier liegen, muesste eine zweite, unabhaengige
postgres-1       | 	-- Sichtbarkeitspruefung sie korrekt filtern -- eine Kopie der RLS-Logik
postgres-1       | 	-- ausserhalb der Datenbank und damit eine dauerhafte Fehlerquelle.
postgres-1       | 	
postgres-1       | 	BEGIN;
postgres-1       | 	
postgres-1       | 	CREATE TABLE qkern_internal.change_feed (
postgres-1       | 	  position bigint GENERATED ALWAYS AS IDENTITY PRIMARY KEY,
postgres-1       | 	  schema_name text NOT NULL CHECK (schema_name ~ '^[a-z_][a-z0-9_]{0,62}$'),
postgres-1       | 	  table_name text NOT NULL CHECK (table_name ~ '^[a-z_][a-z0-9_]{0,62}$'),
postgres-1       | 	  operation text NOT NULL CHECK (operation IN ('insert', 'update', 'delete')),
postgres-1       | 	  -- Nur Primaerschluesselwerte. Die Grenze verhindert, dass ein zusammengesetzter
postgres-1       | 	  -- Schluessel den Feed aufblaeht.
postgres-1       | 	  row_key jsonb NOT NULL CHECK (octet_length(row_key::text) <= 4096),
postgres-1       | 	  committed_at timestamptz NOT NULL DEFAULT now()
postgres-1       | 	);
postgres-1       | 	
postgres-1       | 	CREATE INDEX change_feed_retention_idx ON qkern_internal.change_feed (committed_at);
postgres-1       | 	
postgres-1       | 	ALTER TABLE qkern_internal.change_feed OWNER TO qkern_ledger_owner;
postgres-1       | 	
postgres-1       | 	-- SECURITY DEFINER: Der Schreiber einer Zeile besitzt keine Rechte auf dem
postgres-1       | 	-- Feed und soll sie auch nicht bekommen. Der Trigger schreibt stellvertretend.
postgres-1       | 	-- search_path wird fest gesetzt, damit kein Aufrufer die aufgeloesten Objekte
postgres-1       | 	-- umlenken kann.
postgres-1       | 	CREATE OR REPLACE FUNCTION qkern_internal.capture_change()
postgres-1       | 	RETURNS trigger
postgres-1       | 	LANGUAGE plpgsql
postgres-1       | 	SECURITY DEFINER
postgres-1       | 	SET search_path = qkern_internal, pg_catalog
postgres-1       | 	AS $$
postgres-1       | 	DECLARE
postgres-1       | 	  key_columns text[];
postgres-1       | 	  source record;
postgres-1       | 	  key jsonb;
postgres-1       | 	BEGIN
postgres-1       | 	  SELECT array_agg(attribute.attname ORDER BY attribute.attnum)
postgres-1       | 	    INTO key_columns
postgres-1       | 	    FROM pg_index index
postgres-1       | 	    JOIN pg_attribute attribute
postgres-1       | 	      ON attribute.attrelid = index.indrelid AND attribute.attnum = ANY (index.indkey)
postgres-1       | 	   WHERE index.indrelid = TG_RELID AND index.indisprimary;
postgres-1       | 	
postgres-1       | 	  IF key_columns IS NULL THEN
postgres-1       | 	    RAISE EXCEPTION 'change capture requires a primary key on %.%', TG_TABLE_SCHEMA, TG_TABLE_NAME
postgres-1       | 	      USING ERRCODE = '55000';
postgres-1       | 	  END IF;
postgres-1       | 	
postgres-1       | 	  source := CASE WHEN TG_OP = 'DELETE' THEN OLD ELSE NEW END;
postgres-1       | 	  SELECT jsonb_object_agg(entry.key, entry.value)
postgres-1       | 	    INTO key
postgres-1       | 	    FROM jsonb_each(to_jsonb(source)) AS entry
postgres-1       | 	   WHERE entry.key = ANY (key_columns);
postgres-1       | 	
postgres-1       | 	  INSERT INTO qkern_internal.change_feed (schema_name, table_name, operation, row_key)
postgres-1       | 	  VALUES (TG_TABLE_SCHEMA, TG_TABLE_NAME, lower(TG_OP), key);
postgres-1       | 	
postgres-1       | 	  RETURN NULL;
postgres-1       | 	END;
postgres-1       | 	$$;
postgres-1       | 	
postgres-1       | 	ALTER FUNCTION qkern_internal.capture_change() OWNER TO qkern_ledger_owner;
postgres-1       | 	
postgres-1       | 	REVOKE ALL ON qkern_internal.change_feed FROM PUBLIC;
postgres-1       | 	REVOKE ALL ON FUNCTION qkern_internal.capture_change() FROM PUBLIC;
postgres-1       | 	
postgres-1       | 	-- Die Laufzeitrolle liest den Feed und raeumt ihn auf. Sie darf ihn niemals
postgres-1       | 	-- schreiben: ein erfundenes Aenderungsereignis wuerde einen Lesevorgang mit
postgres-1       | 	-- fremden Claims ausloesen.
postgres-1       | 	GRANT USAGE ON SCHEMA qkern_internal TO qkern_project_api_app;
postgres-1       | 	GRANT SELECT, DELETE ON qkern_internal.change_feed TO qkern_project_api_app;
postgres-1       | 	
postgres-1       | 	COMMIT;
postgres-1       | 	
postgres-1       | 2026-09-30 23:19:14.997 UTC [683] ERROR:  function slots are immutable
postgres-1       | 2026-09-30 23:19:14.997 UTC [683] CONTEXT:  PL/pgSQL function qkern_reject_project_function_slot_update() line 3 at RAISE
postgres-1       | 2026-09-30 23:19:14.997 UTC [683] STATEMENT:  UPDATE project_function_slots SET expires_at = now() + interval '1 hour'
postgres-1       | 	        WHERE organization_id=$1 AND function_id=$2
certification-1  |  [32m✓[39m tests/compute-functions-postgres.integration.test.ts [2m([22m[2m13 tests[22m[2m)[22m[33m 4028[2mms[22m[39m
certification-1  |      [33m[2m✓[22m[39m denies the runtime role any change beyond the enabled flag [33m 305[2mms[22m[39m
certification-1  |      [33m[2m✓[22m[39m stops a second instance once the shared limit is reached [33m 641[2mms[22m[39m
certification-1  |      [33m[2m✓[22m[39m hands the place on once the first instance is done [33m 662[2mms[22m[39m
certification-1  |      [33m[2m✓[22m[39m reclaims the place of an instance that never came back [33m 704[2mms[22m[39m
certification-1  |      [33m[2m✓[22m[39m counts the places of one definition only [33m 973[2mms[22m[39m
postgres-1       | 2026-09-30 23:19:15.232 UTC [766] ERROR:  change capture requires a primary key on public.cdc_keyless_b2a44001e803
postgres-1       | 2026-09-30 23:19:15.232 UTC [766] CONTEXT:  PL/pgSQL function capture_change() line 15 at RAISE
postgres-1       | 2026-09-30 23:19:15.232 UTC [766] STATEMENT:  INSERT INTO public.cdc_keyless_b2a44001e803 (label) VALUES ('orphan')
postgres-1       | 2026-09-30 23:19:15.341 UTC [782] ERROR:  permission denied for table change_feed
postgres-1       | 2026-09-30 23:19:15.341 UTC [782] STATEMENT:  INSERT INTO qkern_internal.change_feed (schema_name, table_name, operation, row_key)
postgres-1       | 	       VALUES ('public', 'forged', 'insert', '{"id":"forged"}'::jsonb)
postgres-1       | 2026-09-30 23:19:15.355 UTC [780] ERROR:  permission denied for table billing_rate_cards
postgres-1       | 2026-09-30 23:19:15.355 UTC [780] STATEMENT:  UPDATE billing_rate_cards SET unit_price_micros = 1 WHERE organization_id = $1
postgres-1       | 2026-09-30 23:19:15.362 UTC [780] ERROR:  permission denied for table billing_rate_cards
postgres-1       | 2026-09-30 23:19:15.362 UTC [780] STATEMENT:  DELETE FROM billing_rate_cards WHERE organization_id = $1
certification-1  |  [32m✓[39m tests/usage-billing-postgres.integration.test.ts [2m([22m[2m4 tests[22m[2m)[22m[33m 839[2mms[22m[39m
certification-1  | [90mstdout[2m | tests/sql-privilege-clause-contract.integration.test.ts[2m > [22m[2mSQL privilege clause contract[2m > [22m[2mfinds statements to check
certification-1  | [22m[39mprivilege clause contract: 141 Anweisungen, 12 Spaltenlisten nicht auswertbar, 976 Platzhalter offen
certification-1  | 
certification-1  | [90mstderr[2m | tests/realtime-change-soak-postgres.integration.test.ts[2m > [22m[2mRealtime change soak PostgreSQL certification[2m > [22m[2mdelivers every change of a sustained writer without loss, gap or stall
certification-1  | [22m[39msoak: 120 Aenderungen, p50 2146 ms, p95 2406 ms, max 2501 ms
certification-1  | 
certification-1  | [90mstderr[2m | tests/realtime-change-soak-postgres.integration.test.ts[2m > [22m[2mRealtime change soak PostgreSQL certification[2m > [22m[2mdelivers every change of a sustained writer without loss, gap or stall
certification-1  | [22m[39msoak: 5 Buchungen fuer 120 Nachrichten
certification-1  | 
certification-1  |  [32m✓[39m tests/realtime-change-soak-postgres.integration.test.ts [2m([22m[2m1 test[22m[2m)[22m[33m 4781[2mms[22m[39m
certification-1  |      [33m[2m✓[22m[39m delivers every change of a sustained writer without loss, gap or stall [33m 4111[2mms[22m[39m
postgres-1       | 2026-09-30 23:19:15.534 UTC [774] WARNING:  "wal_level" is insufficient to publish logical changes
postgres-1       | 2026-09-30 23:19:15.534 UTC [774] HINT:  Set "wal_level" to "logical" before creating subscriptions.
certification-1  |  [32m✓[39m tests/realtime-change-feed-postgres.integration.test.ts [2m([22m[2m6 tests[22m[2m)[22m[33m 1444[2mms[22m[39m
certification-1  |      [33m[2m✓[22m[39m captures insert, update and delete with only the primary key [33m 507[2mms[22m[39m
postgres-1       | 2026-09-30 23:19:15.679 UTC [775] ERROR:  permission denied for table migration_outbox
postgres-1       | 2026-09-30 23:19:15.679 UTC [775] STATEMENT:  SELECT status FROM migration_outbox
postgres-1       | 2026-09-30 23:19:15.708 UTC [775] ERROR:  permission denied for table migration_outbox
postgres-1       | 2026-09-30 23:19:15.708 UTC [775] STATEMENT:  SELECT lease_owner FROM migration_outbox
postgres-1       | 2026-09-30 23:19:15.711 UTC [775] ERROR:  permission denied for table migration_outbox
postgres-1       | 2026-09-30 23:19:15.711 UTC [775] STATEMENT:  SELECT lease_token FROM migration_outbox
postgres-1       | 2026-09-30 23:19:15.713 UTC [775] ERROR:  permission denied for table migration_outbox
postgres-1       | 2026-09-30 23:19:15.713 UTC [775] STATEMENT:  SELECT lease_expires_at FROM migration_outbox
postgres-1       | 2026-09-30 23:19:15.716 UTC [775] ERROR:  permission denied for table migration_outbox
postgres-1       | 2026-09-30 23:19:15.716 UTC [775] STATEMENT:  SELECT failure_count FROM migration_outbox
postgres-1       | 2026-09-30 23:19:15.722 UTC [775] ERROR:  permission denied for table migration_outbox
postgres-1       | 2026-09-30 23:19:15.722 UTC [775] STATEMENT:  SELECT available_at FROM migration_outbox
certification-1  |  [32m✓[39m tests/migration-enqueue-postgres.integration.test.ts [2m([22m[2m3 tests[22m[2m)[22m[33m 1097[2mms[22m[39m
certification-1  |      [33m[2m✓[22m[39m queues an approved change set and its outbox event [33m 434[2mms[22m[39m
certification-1  |  [32m✓[39m tests/usage-metering-postgres.integration.test.ts [2m([22m[2m4 tests[22m[2m)[22m[33m 912[2mms[22m[39m
certification-1  |      [33m[2m✓[22m[39m serializes concurrent hard-quota decisions and persists verifier-only events [33m 518[2mms[22m[39m
certification-1  |  [32m✓[39m tests/data-plane-catalog-wide-postgres.integration.test.ts [2m([22m[2m4 tests[22m[2m)[22m[33m 1269[2mms[22m[39m
certification-1  |      [33m[2m✓[22m[39m lists available extensions with the installed ones first and their version [33m 372[2mms[22m[39m
certification-1  |  [32m✓[39m tests/data-plane-functions-postgres.integration.test.ts [2m([22m[2m1 test[22m[2m)[22m[33m 384[2mms[22m[39m
certification-1  |  [32m✓[39m tests/data-plane-catalog-postgres.integration.test.ts [2m([22m[2m3 tests[22m[2m)[22m[33m 925[2mms[22m[39m
certification-1  |  [32m✓[39m tests/compute-webhook-chain.integration.test.ts [2m([22m[2m6 tests[22m[2m)[22m[33m 2778[2mms[22m[39m
certification-1  |      [33m[2m✓[22m[39m carries an enqueued event all the way to a verified, acknowledged delivery [33m 335[2mms[22m[39m
certification-1  |      [33m[2m✓[22m[39m schedules a retry when the receiver rejects, without losing the delivery [33m 882[2mms[22m[39m
certification-1  |      [33m[2m✓[22m[39m does not send for a switched-off definition [33m 456[2mms[22m[39m
certification-1  |  [32m✓[39m tests/data-plane-triggers-postgres.integration.test.ts [2m([22m[2m1 test[22m[2m)[22m[32m 257[2mms[22m[39m
certification-1  |  [32m✓[39m tests/data-plane-query-postgres.integration.test.ts [2m([22m[2m2 tests[22m[2m)[22m[33m 522[2mms[22m[39m
certification-1  |  [32m✓[39m tests/usage-emitters-postgres.integration.test.ts [2m([22m[2m20 tests[22m[2m)[22m[33m 4883[2mms[22m[39m
certification-1  |      [33m[2m✓[22m[39m counts a real enqueue in the durable ledger [33m 315[2mms[22m[39m
certification-1  |      [33m[2m✓[22m[39m counts every simultaneous enqueue across queues exactly once [33m 1698[2mms[22m[39m
certification-1  |        [33m[2m✓[22m[39m counts the rows a real read actually returned [33m 660[2mms[22m[39m
certification-1  |  [32m✓[39m tests/queue-connection-pressure-postgres.integration.test.ts [2m([22m[2m1 test[22m[2m)[22m[33m 716[2mms[22m[39m
certification-1  |      [33m[2m✓[22m[39m names an exhausted pool instead of calling it a queue conflict [33m 511[2mms[22m[39m
postgres-1       | 2026-09-30 23:19:19.084 UTC [849] ERROR:  permission denied for table users
postgres-1       | 2026-09-30 23:19:19.084 UTC [849] STATEMENT:  SELECT id FROM users LIMIT 1
postgres-1       | 2026-09-30 23:19:19.180 UTC [850] ERROR:  permission denied for table projects
postgres-1       | 2026-09-30 23:19:19.180 UTC [850] STATEMENT:  SELECT id FROM projects LIMIT 1
postgres-1       | 2026-09-30 23:19:19.771 UTC [851] FATAL:  terminating connection due to administrator command
postgres-1       | 2026-09-30 23:19:19.886 UTC [328] LOG:  checkpoint starting: immediate force wait
certification-1  |  [32m✓[39m tests/sql-privilege-clause-contract.integration.test.ts [2m([22m[2m2 tests[22m[2m)[22m[33m 5479[2mms[22m[39m
certification-1  |      [33m[2m✓[22m[39m finds statements to check [33m 625[2mms[22m[39m
certification-1  |      [33m[2m✓[22m[39m grants every write role the read right its clauses require [33m 4570[2mms[22m[39m
postgres-1       | 2026-09-30 23:19:19.972 UTC [328] LOG:  checkpoint complete: wrote 891 buffers (5.4%); 0 WAL file(s) added, 0 removed, 1 recycled; write=0.061 s, sync=0.004 s, total=0.087 s; sync files=299, longest=0.001 s, average=0.001 s; distance=8959 kB, estimate=11886 kB; lsn=0/339B528, redo lsn=0/320E060
certification-1  |  [32m✓[39m tests/migration-process-postgres.integration.test.ts [2m([22m[2m3 tests[22m[2m)[22m[33m 10557[2mms[22m[39m
certification-1  |      [33m[2m✓[22m[39m applies a queued statement to the real project database [33m 5217[2mms[22m[39m
certification-1  |      [33m[2m✓[22m[39m keeps a tampered statement out of the project database [33m 2151[2mms[22m[39m
certification-1  |      [33m[2m✓[22m[39m names the violated boundary condition without describing the database [33m 2070[2mms[22m[39m
certification-1  |  [32m✓[39m tests/realtime-change-chain-postgres.integration.test.ts [2m([22m[2m6 tests[22m[2m)[22m[33m 11157[2mms[22m[39m
certification-1  |      [33m[2m✓[22m[39m carries a change from the trigger to a subscriber that may see it [33m 328[2mms[22m[39m
certification-1  |      [33m[2m✓[22m[39m keeps order and delivers each change exactly once under a burst [33m 1038[2mms[22m[39m
certification-1  |      [33m[2m✓[22m[39m keeps every subscriber's subset correct with many subscribers at once [33m 9183[2mms[22m[39m
certification-1  |  [32m✓[39m tests/realtime-process-postgres.integration.test.ts [2m([22m[2m3 tests[22m[2m)[22m[33m 12744[2mms[22m[39m
certification-1  |      [33m[2m✓[22m[39m serves a real client from the shipped process [33m 7698[2mms[22m[39m
certification-1  |      [33m[2m✓[22m[39m refuses production with an ephemeral log and names the condition [33m 2105[2mms[22m[39m
certification-1  |      [33m[2m✓[22m[39m serves a client on a public bind after the explicit opt-in [33m 2662[2mms[22m[39m
certification-1  |  [32m✓[39m tests/billing-invoice-postgres.integration.test.ts [2m([22m[2m6 tests[22m[2m)[22m[33m 12886[2mms[22m[39m
certification-1  |      [33m[2m✓[22m[39m issues the closed month's invoice from the shipped process [33m 4534[2mms[22m[39m
certification-1  |      [33m[2m✓[22m[39m leaves the issued invoice untouched on a second run [33m 1772[2mms[22m[39m
certification-1  |      [33m[2m✓[22m[39m refuses an open period at its configuration boundary [33m 1146[2mms[22m[39m
certification-1  |      [33m[2m✓[22m[39m issues exactly one invoice when two runs race for the same period [33m 1290[2mms[22m[39m
certification-1  |      [33m[2m✓[22m[39m numbers invoices gaplessly per organization and stamps the due date [33m 3549[2mms[22m[39m
certification-1  |  [32m✓[39m tests/compute-cron-postgres.integration.test.ts [2m([22m[2m12 tests[22m[2m)[22m[33m 14646[2mms[22m[39m
certification-1  |      [33m[2m✓[22m[39m dispatches a due occurrence into the queue and advances the progress [33m 347[2mms[22m[39m
certification-1  |      [33m[2m✓[22m[39m dispatches a zoned schedule through the real progress across the missing hour [33m 504[2mms[22m[39m
certification-1  |      [33m[2m✓[22m[39m dispatches L, # and W schedules through the real progress [33m 1177[2mms[22m[39m
certification-1  |      [33m[2m✓[22m[39m produces exactly one message when two schedulers fire the same occurrence [33m 1599[2mms[22m[39m
certification-1  |      [33m[2m✓[22m[39m dispatches from the shipped process [33m 5931[2mms[22m[39m
certification-1  |      [33m[2m✓[22m[39m reports ready while the cron loop is doing its rounds [33m 2447[2mms[22m[39m
certification-1  |      [33m[2m✓[22m[39m stops reporting ready when every definition fails [33m 1671[2mms[22m[39m
certification-1  |  [32m✓[39m tests/project-queues-multi-instance.integration.test.ts [2m([22m[2m6 tests[22m[2m)[22m[33m 15868[2mms[22m[39m
certification-1  |      [33m[2m✓[22m[39m claims every message exactly once across six competing instances [33m 6657[2mms[22m[39m
certification-1  |      [33m[2m✓[22m[39m gives a message to exactly one instance when many claim at the same moment [33m 383[2mms[22m[39m
certification-1  |      [33m[2m✓[22m[39m fences a vanished worker: the lease survives, the stale token does not [33m 6296[2mms[22m[39m
certification-1  |      [33m[2m✓[22m[39m keeps retry authority on the server when instances fail concurrently [33m 610[2mms[22m[39m
certification-1  |      [33m[2m✓[22m[39m enforces the capacity limit even when instances enqueue at the same time [33m 1462[2mms[22m[39m
postgres-1       | 2026-09-30 23:19:32.630 UTC [846] ERROR:  new row for relation "project_queue_messages" violates check constraint "project_queue_messages_dedupe_pair"
postgres-1       | 2026-09-30 23:19:32.630 UTC [846] DETAIL:  Failing row contains (0a16314f-2804-4837-8edb-a781e3e51848, 047e39f9-ad17-427f-855e-1a4984327669, ce79fa1c-cd2b-41ee-9beb-02fb1f37200c, development, c4f1c7eb-db04-4195-be57-e7ae498af9eb, {}, available, probe, ffffffffffffffffffffffffffffffffffffffffffffffffffffffffffffffff, null, 0, 2026-09-30 23:19:32.630206+00, null, null, 0, null, null, 2026-09-30 23:19:32.630206+00, null, null, null).
postgres-1       | 2026-09-30 23:19:32.630 UTC [846] STATEMENT:  INSERT INTO project_queue_messages
postgres-1       | 	        (organization_id,project_id,environment,queue_id,payload,owner_subject,dedupe_key_hash)
postgres-1       | 	        VALUES ($1,$2,'development',$3,'{}'::jsonb,'probe',$4)
postgres-1       | 2026-09-30 23:19:32.682 UTC [981] FATAL:  database "absent_8606f7ad_7e59_46e6_95b2_015aba5ea98c" does not exist
postgres-1       | 2026-09-30 23:19:33.078 UTC [328] LOG:  checkpoint starting: immediate force wait
postgres-1       | 2026-09-30 23:19:33.081 UTC [328] LOG:  checkpoint complete: wrote 205 buffers (1.3%); 0 WAL file(s) added, 0 removed, 1 recycled; write=0.002 s, sync=0.001 s, total=0.003 s; sync files=163, longest=0.001 s, average=0.000 s; distance=18075 kB, estimate=18075 kB; lsn=0/43B4FC8, redo lsn=0/43B4F70
postgres-1       | 2026-09-30 23:19:35.793 UTC [853] ERROR:  new row for relation "project_auth_settings" violates check constraint "project_auth_settings_rate_limits_check"
postgres-1       | 2026-09-30 23:19:35.793 UTC [853] DETAIL:  Failing row contains (b0766133-512d-428f-883c-a89c13f32881, 220c7b2f-5e1c-41dd-a549-153ed559221d, development, f, 2026-09-26 12:00:00+00, {}, 0, 900, 5, 3600, 2, 900, f, 12, named, null, 2000, null, 2000, {}).
postgres-1       | 2026-09-30 23:19:35.793 UTC [853] STATEMENT:  UPDATE project_auth_settings SET sign_in_max = 0
postgres-1       | 	       WHERE organization_id = $1 AND project_id = $2 AND environment = 'development'
postgres-1       | 2026-09-30 23:19:36.357 UTC [1005] ERROR:  new row for relation "project_auth_settings" violates check constraint "project_auth_settings_password_protection_check"
postgres-1       | 2026-09-30 23:19:36.357 UTC [1005] DETAIL:  Failing row contains (18db62d8-71a1-43a6-bc15-6a988037f2cb, cf4992d9-76b6-44ae-a0ef-510039c7952f, development, f, 2026-09-26 13:00:00+00, {}, 10, 900, 5, 3600, 60, 3600, t, 11, generic, null, 2000, null, 2000, {}).
postgres-1       | 2026-09-30 23:19:36.357 UTC [1005] STATEMENT:  UPDATE project_auth_settings SET password_min_length = 11
postgres-1       | 	         WHERE organization_id = $1 AND project_id = $2 AND environment = 'development'
postgres-1       | 2026-09-30 23:19:36.378 UTC [1006] ERROR:  new row for relation "project_auth_settings" violates check constraint "project_auth_settings_password_protection_check"
postgres-1       | 2026-09-30 23:19:36.378 UTC [1006] DETAIL:  Failing row contains (18db62d8-71a1-43a6-bc15-6a988037f2cb, cf4992d9-76b6-44ae-a0ef-510039c7952f, development, f, 2026-09-26 13:00:00+00, {}, 10, 900, 5, 3600, 60, 3600, t, 129, generic, null, 2000, null, 2000, {}).
postgres-1       | 2026-09-30 23:19:36.378 UTC [1006] STATEMENT:  UPDATE project_auth_settings SET password_min_length = 129
postgres-1       | 	         WHERE organization_id = $1 AND project_id = $2 AND environment = 'development'
postgres-1       | 2026-09-30 23:19:36.399 UTC [1007] ERROR:  new row for relation "project_auth_settings" violates check constraint "project_auth_settings_password_protection_check"
postgres-1       | 2026-09-30 23:19:36.399 UTC [1007] DETAIL:  Failing row contains (18db62d8-71a1-43a6-bc15-6a988037f2cb, cf4992d9-76b6-44ae-a0ef-510039c7952f, development, f, 2026-09-26 13:00:00+00, {}, 10, 900, 5, 3600, 60, 3600, t, 14, loud, null, 2000, null, 2000, {}).
postgres-1       | 2026-09-30 23:19:36.399 UTC [1007] STATEMENT:  UPDATE project_auth_settings SET leaked_password_notice = 'loud'
postgres-1       | 	         WHERE organization_id = $1 AND project_id = $2 AND environment = 'development'
postgres-1       | 2026-09-30 23:19:38.585 UTC [328] LOG:  checkpoint starting: immediate force wait
postgres-1       | 2026-09-30 23:19:38.587 UTC [328] LOG:  checkpoint complete: wrote 153 buffers (0.9%); 0 WAL file(s) added, 0 removed, 0 recycled; write=0.002 s, sync=0.001 s, total=0.003 s; sync files=134, longest=0.001 s, average=0.000 s; distance=5119 kB, estimate=16780 kB; lsn=0/48B4F18, redo lsn=0/48B4EC0
postgres-1       | 2026-09-30 23:19:44.118 UTC [328] LOG:  checkpoint starting: immediate force wait
postgres-1       | 2026-09-30 23:19:44.124 UTC [328] LOG:  checkpoint complete: wrote 64 buffers (0.4%); 0 WAL file(s) added, 0 removed, 0 recycled; write=0.006 s, sync=0.001 s, total=0.007 s; sync files=59, longest=0.001 s, average=0.000 s; distance=4569 kB, estimate=15559 kB; lsn=0/4D2B680, redo lsn=0/4D2B628
postgres-1       | 2026-09-30 23:19:44.365 UTC [979] ERROR:  new row for relation "user_console_settings" violates check constraint "user_console_settings_language_check"
postgres-1       | 2026-09-30 23:19:44.365 UTC [979] DETAIL:  Failing row contains (98f4ccd5-e187-477b-8d5f-b5349b9a752e, es, de-CH, browser, overview, system, 2026-09-30 23:19:44.36552+00, 2026-09-30 23:19:44.36552+00).
postgres-1       | 2026-09-30 23:19:44.365 UTC [979] STATEMENT:  INSERT INTO user_console_settings (user_id, language) VALUES ($1, $2)
postgres-1       | 2026-09-30 23:19:44.378 UTC [1063] ERROR:  new row for relation "user_console_settings" violates check constraint "user_console_settings_format_locale_check"
postgres-1       | 2026-09-30 23:19:44.378 UTC [1063] DETAIL:  Failing row contains (98f4ccd5-e187-477b-8d5f-b5349b9a752e, browser, de-AT, browser, overview, system, 2026-09-30 23:19:44.376374+00, 2026-09-30 23:19:44.376374+00).
postgres-1       | 2026-09-30 23:19:44.378 UTC [1063] STATEMENT:  INSERT INTO user_console_settings (user_id, format_locale) VALUES ($1, $2)
postgres-1       | 2026-09-30 23:19:44.391 UTC [1064] ERROR:  new row for relation "user_console_settings" violates check constraint "user_console_settings_theme_check"
postgres-1       | 2026-09-30 23:19:44.391 UTC [1064] DETAIL:  Failing row contains (98f4ccd5-e187-477b-8d5f-b5349b9a752e, browser, de-CH, browser, overview, sepia, 2026-09-30 23:19:44.389121+00, 2026-09-30 23:19:44.389121+00).
postgres-1       | 2026-09-30 23:19:44.391 UTC [1064] STATEMENT:  INSERT INTO user_console_settings (user_id, theme) VALUES ($1, $2)
postgres-1       | 2026-09-30 23:19:44.404 UTC [1065] ERROR:  new row for relation "user_console_settings" violates check constraint "user_console_settings_time_zone_check"
postgres-1       | 2026-09-30 23:19:44.404 UTC [1065] DETAIL:  Failing row contains (98f4ccd5-e187-477b-8d5f-b5349b9a752e, browser, de-CH, kein zonenname mit leerzeichen, overview, system, 2026-09-30 23:19:44.401948+00, 2026-09-30 23:19:44.401948+00).
postgres-1       | 2026-09-30 23:19:44.404 UTC [1065] STATEMENT:  INSERT INTO user_console_settings (user_id, time_zone) VALUES ($1, $2)
postgres-1       | 2026-09-30 23:19:44.417 UTC [1066] ERROR:  new row for relation "user_console_settings" violates check constraint "user_console_settings_start_view_check"
postgres-1       | 2026-09-30 23:19:44.417 UTC [1066] DETAIL:  Failing row contains (98f4ccd5-e187-477b-8d5f-b5349b9a752e, browser, de-CH, browser, Nicht Erlaubt, system, 2026-09-30 23:19:44.414882+00, 2026-09-30 23:19:44.414882+00).
postgres-1       | 2026-09-30 23:19:44.417 UTC [1066] STATEMENT:  INSERT INTO user_console_settings (user_id, start_view) VALUES ($1, $2)
postgres-1       | 2026-09-30 23:19:44.436 UTC [1008] ERROR:  permission denied for table users
postgres-1       | 2026-09-30 23:19:44.436 UTC [1008] STATEMENT:  UPDATE users SET status = 'disabled' WHERE id = $1
postgres-1       | 2026-09-30 23:19:58.719 UTC [1115] ERROR:  relation "plaene_025fd9b8_f12d_4e1f_a33c_6f3cf79e9cda.gibt_es_nicht" does not exist at character 73
postgres-1       | 2026-09-30 23:19:58.719 UTC [1115] STATEMENT:  EXPLAIN (FORMAT JSON, COSTS ON, VERBOSE OFF, SUMMARY ON) SELECT id FROM "plaene_025fd9b8_f12d_4e1f_a33c_6f3cf79e9cda".gibt_es_nicht
postgres-1       | 2026-09-30 23:19:58.867 UTC [1067] ERROR:  division by zero
postgres-1       | 2026-09-30 23:19:58.867 UTC [1067] STATEMENT:  SELECT 1 / 0
postgres-1       | 2026-09-30 23:19:58.903 UTC [1135] ERROR:  division by zero
postgres-1       | 2026-09-30 23:19:58.903 UTC [1135] STATEMENT:  SELECT 1 / 0
postgres-1       | 2026-09-30 23:19:58.928 UTC [1136] ERROR:  division by zero
postgres-1       | 2026-09-30 23:19:58.928 UTC [1136] STATEMENT:  SELECT 1 / 0
postgres-1       | 2026-09-30 23:19:58.985 UTC [1137] ERROR:  division by zero
postgres-1       | 2026-09-30 23:19:58.985 UTC [1137] STATEMENT:  SELECT 1 / 0
postgres-1       | 2026-09-30 23:19:59.009 UTC [1138] ERROR:  division by zero
postgres-1       | 2026-09-30 23:19:59.009 UTC [1138] STATEMENT:  SELECT 1 / 0
postgres-1       | 2026-09-30 23:19:59.040 UTC [1139] ERROR:  division by zero
postgres-1       | 2026-09-30 23:19:59.040 UTC [1139] STATEMENT:  SELECT 1 / 0
postgres-1       | 2026-09-30 23:19:59.082 UTC [1140] ERROR:  division by zero
postgres-1       | 2026-09-30 23:19:59.082 UTC [1140] STATEMENT:  SELECT 1 / 0
postgres-1       | 2026-09-30 23:19:59.129 UTC [1147] ERROR:  division by zero
postgres-1       | 2026-09-30 23:19:59.129 UTC [1147] STATEMENT:  SELECT 1 / 0
postgres-1       | 2026-09-30 23:19:59.182 UTC [1148] ERROR:  division by zero
postgres-1       | 2026-09-30 23:19:59.182 UTC [1148] STATEMENT:  SELECT 1 / 0
postgres-1       | 2026-09-30 23:19:59.233 UTC [1152] ERROR:  division by zero
postgres-1       | 2026-09-30 23:19:59.233 UTC [1152] STATEMENT:  SELECT 1 / 0
postgres-1       | 2026-09-30 23:20:02.071 UTC [1164] ERROR:  permission denied for table pg_user_mapping
postgres-1       | 2026-09-30 23:20:02.071 UTC [1164] STATEMENT:  SELECT umoptions FROM pg_catalog.pg_user_mapping
postgres-1       | 2026-09-30 23:20:02.135 UTC [1153] WARNING:  "wal_level" is insufficient to publish logical changes
postgres-1       | 2026-09-30 23:20:02.135 UTC [1153] HINT:  Set "wal_level" to "logical" before creating subscriptions.
postgres-1       | 2026-09-30 23:20:02.162 UTC [1166] ERROR:  permission denied for table pg_subscription
postgres-1       | 2026-09-30 23:20:02.162 UTC [1166] STATEMENT:  SELECT subconninfo FROM pg_catalog.pg_subscription
postgres-1       | 2026-09-30 23:20:03.116 UTC [852] ERROR:  permission denied for table project_storage_s3_access_keys
postgres-1       | 2026-09-30 23:20:03.116 UTC [852] STATEMENT:  DELETE FROM project_storage_s3_access_keys WHERE id = $1
postgres-1       | 2026-09-30 23:20:03.123 UTC [854] ERROR:  permission denied for table project_storage_s3_access_keys
postgres-1       | 2026-09-30 23:20:03.123 UTC [854] STATEMENT:  UPDATE project_storage_s3_access_keys SET name = 'anders' WHERE id = $1
postgres-1       | 2026-09-30 23:20:03.128 UTC [1153] ERROR:  project storage S3 access keys are immutable except for one-way revocation
postgres-1       | 2026-09-30 23:20:03.128 UTC [1153] CONTEXT:  PL/pgSQL function qkern_reject_project_storage_s3_access_key_mutation() line 14 at RAISE
postgres-1       | 2026-09-30 23:20:03.128 UTC [1153] STATEMENT:  UPDATE project_storage_s3_access_keys SET revoked_at = now() + interval '1 hour' WHERE id = $1
postgres-1       | 2026-09-30 23:20:03.281 UTC [1169] ERROR:  project storage S3 access keys are immutable except for one-way revocation
postgres-1       | 2026-09-30 23:20:03.281 UTC [1169] CONTEXT:  PL/pgSQL function qkern_reject_project_storage_s3_access_key_mutation() line 14 at RAISE
postgres-1       | 2026-09-30 23:20:03.281 UTC [1169] STATEMENT:  UPDATE project_storage_s3_access_keys SET secret_ciphertext = $2 WHERE id = $1
postgres-1       | 2026-09-30 23:20:05.240 UTC [1068] ERROR:  new row for relation "project_auth_settings" violates check constraint "project_auth_settings_hook_claims_check"
postgres-1       | 2026-09-30 23:20:05.240 UTC [1068] DETAIL:  Failing row contains (8ef9d0b6-b462-49b4-8e06-ea0782c0fd6c, 5c0dd51c-58d5-4523-b55e-c38f93a8cd15, development, f, 2026-09-30 23:20:05.124+00, {}, 10, 900, 5, 3600, 60, 3600, f, 12, named, null, 2000, hook-claims-365a070e, 2000, {role}).
postgres-1       | 2026-09-30 23:20:05.240 UTC [1068] STATEMENT:  UPDATE project_auth_settings SET access_token_hook_function = $1, access_token_hook_claims = ARRAY['role']::text[] WHERE organization_id = '8ef9d0b6-b462-49b4-8e06-ea0782c0fd6c' AND project_id = '5c0dd51c-58d5-4523-b55e-c38f93a8cd15'
postgres-1       | 	      AND environment = 'development'
postgres-1       | 2026-09-30 23:20:05.259 UTC [1180] ERROR:  new row for relation "project_auth_settings" violates check constraint "project_auth_settings_hook_timeout_check"
postgres-1       | 2026-09-30 23:20:05.259 UTC [1180] DETAIL:  Failing row contains (8ef9d0b6-b462-49b4-8e06-ea0782c0fd6c, 5c0dd51c-58d5-4523-b55e-c38f93a8cd15, development, f, 2026-09-30 23:20:05.124+00, {}, 10, 900, 5, 3600, 60, 3600, f, 12, named, null, 0, null, 2000, {}).
postgres-1       | 2026-09-30 23:20:05.259 UTC [1180] STATEMENT:  UPDATE project_auth_settings SET sign_in_hook_timeout_ms = 0 WHERE organization_id = '8ef9d0b6-b462-49b4-8e06-ea0782c0fd6c' AND project_id = '5c0dd51c-58d5-4523-b55e-c38f93a8cd15'
postgres-1       | 	      AND environment = 'development'
postgres-1       | 2026-09-30 23:20:05.278 UTC [1181] ERROR:  new row for relation "project_auth_settings" violates check constraint "project_auth_settings_hook_function_check"
postgres-1       | 2026-09-30 23:20:05.278 UTC [1181] DETAIL:  Failing row contains (8ef9d0b6-b462-49b4-8e06-ea0782c0fd6c, 5c0dd51c-58d5-4523-b55e-c38f93a8cd15, development, f, 2026-09-30 23:20:05.124+00, {}, 10, 900, 5, 3600, 60, 3600, f, 12, named, Nope!, 2000, null, 2000, {}).
postgres-1       | 2026-09-30 23:20:05.278 UTC [1181] STATEMENT:  UPDATE project_auth_settings SET sign_in_hook_function = 'Nope!' WHERE organization_id = '8ef9d0b6-b462-49b4-8e06-ea0782c0fd6c' AND project_id = '5c0dd51c-58d5-4523-b55e-c38f93a8cd15'
postgres-1       | 	      AND environment = 'development'
postgres-1       | 2026-09-30 23:20:05.298 UTC [1182] ERROR:  new row for relation "project_auth_settings" violates check constraint "project_auth_settings_hook_claims_check"
postgres-1       | 2026-09-30 23:20:05.298 UTC [1182] DETAIL:  Failing row contains (8ef9d0b6-b462-49b4-8e06-ea0782c0fd6c, 5c0dd51c-58d5-4523-b55e-c38f93a8cd15, development, f, 2026-09-30 23:20:05.124+00, {}, 10, 900, 5, 3600, 60, 3600, f, 12, named, null, 2000, null, 2000, {tenant}).
postgres-1       | 2026-09-30 23:20:05.298 UTC [1182] STATEMENT:  UPDATE project_auth_settings SET access_token_hook_function = NULL, access_token_hook_claims = ARRAY['tenant']::text[] WHERE organization_id = '8ef9d0b6-b462-49b4-8e06-ea0782c0fd6c' AND project_id = '5c0dd51c-58d5-4523-b55e-c38f93a8cd15'
postgres-1       | 	      AND environment = 'development'
postgres-1       | 2026-09-30 23:20:05.552 UTC [1183] ERROR:  permission denied for table project_auth_passkeys
postgres-1       | 2026-09-30 23:20:05.552 UTC [1183] STATEMENT:  UPDATE project_auth_passkeys SET public_key = $1
postgres-1       | 	        WHERE organization_id = $2 AND project_id = $3
postgres-1       | 2026-09-30 23:20:06.137 UTC [1184] ERROR:  new row for relation "project_auth_third_party_providers" violates check constraint "project_auth_third_party_providers_role_check"
postgres-1       | 2026-09-30 23:20:06.137 UTC [1184] DETAIL:  Failing row contains (6a7633d2-0b0c-4e99-ab46-d129d207f0cc, 2ab40091-0275-4096-8177-d8e938148ad9, 269106ff-ca83-450d-bc95-54fc6d6132c8, development, direkt, https://direkt.example.com, https://aussteller-2-80.example.com/.well-known/jwks.json, {qkern-app-2-80}, sub, null, service_role, 2026-09-30 23:20:06.134586+00).
postgres-1       | 2026-09-30 23:20:06.137 UTC [1184] STATEMENT:  INSERT INTO project_auth_third_party_providers
postgres-1       | 	        (id, organization_id, project_id, environment, name, issuer, jwks_uri, audiences, default_role)
postgres-1       | 	        VALUES ($1,$2,$3,$4,'direkt','https://direkt.example.com',$5,ARRAY[$6]::text[],'service_role')
postgres-1       | 2026-09-30 23:20:06.186 UTC [1194] ERROR:  permission denied for table project_auth_third_party_providers
postgres-1       | 2026-09-30 23:20:06.186 UTC [1194] STATEMENT:  UPDATE project_auth_third_party_providers SET jwks_uri = $1 WHERE issuer = $2
postgres-1       | 2026-09-30 23:20:09.306 UTC [1216] ERROR:  new row violates row-level security policy for table "notizen"
postgres-1       | 2026-09-30 23:20:09.306 UTC [1216] STATEMENT:  INSERT INTO "graphqlw_cebd3a0d_6057_4250_83a2_c71d404f90d2"."notizen" ("besitzer", "inhalt", "menge")
postgres-1       | 	         VALUES ($1, $2, $3)
postgres-1       | 	         
postgres-1       | 	         RETURNING "id", "besitzer", "inhalt", "menge"
postgres-1       | 2026-09-30 23:20:09.337 UTC [1216] ERROR:  new row violates row-level security policy for table "notizen"
postgres-1       | 2026-09-30 23:20:09.337 UTC [1216] STATEMENT:  UPDATE "graphqlw_cebd3a0d_6057_4250_83a2_c71d404f90d2"."notizen" SET "besitzer" = $1
postgres-1       | 	       WHERE "menge" = $2 RETURNING "id", "besitzer", "inhalt", "menge"
postgres-1       | 2026-09-30 23:20:09.770 UTC [1217] ERROR:  new row violates row-level security policy (USING expression) for table "kunden"
postgres-1       | 2026-09-30 23:20:09.770 UTC [1217] STATEMENT:  INSERT INTO "gqlupsert_3e2b0237_aa32_4418_a5c4_711207563416"."kunden" ("besitzer", "email", "name", "punkte")
postgres-1       | 	         VALUES ($1, $2, $3, $4)
postgres-1       | 	         ON CONFLICT ("email")
postgres-1       | 	         DO UPDATE SET "besitzer" = EXCLUDED."besitzer", "name" = EXCLUDED."name", "punkte" = EXCLUDED."punkte"
postgres-1       | 	         RETURNING "id", "besitzer", "email", "name", "punkte", "slug"
postgres-1       | 2026-09-30 23:20:09.780 UTC [1217] ERROR:  new row violates row-level security policy (USING expression) for table "kunden"
postgres-1       | 2026-09-30 23:20:09.780 UTC [1217] STATEMENT:  INSERT INTO "gqlupsert_3e2b0237_aa32_4418_a5c4_711207563416"."kunden" ("besitzer", "email", "name", "punkte")
postgres-1       | 	         VALUES ($1, $2, $3, $4)
postgres-1       | 	         ON CONFLICT ("email")
postgres-1       | 	         DO UPDATE SET "besitzer" = EXCLUDED."besitzer", "name" = EXCLUDED."name", "punkte" = EXCLUDED."punkte"
postgres-1       | 	         RETURNING "id", "besitzer", "email", "name", "punkte", "slug"
postgres-1       | 2026-09-30 23:20:09.807 UTC [1217] ERROR:  new row violates row-level security policy (USING expression) for table "kunden"
postgres-1       | 2026-09-30 23:20:09.807 UTC [1217] STATEMENT:  INSERT INTO "gqlupsert_3e2b0237_aa32_4418_a5c4_711207563416"."kunden" ("besitzer", "email", "name", "punkte")
postgres-1       | 	         VALUES ($1, $2, $3, $4)
postgres-1       | 	         ON CONFLICT ("email")
postgres-1       | 	         DO UPDATE SET "besitzer" = EXCLUDED."besitzer", "name" = EXCLUDED."name", "punkte" = EXCLUDED."punkte"
postgres-1       | 	         RETURNING "id", "besitzer", "email", "name", "punkte", "slug"
postgres-1       | 2026-09-30 23:20:10.086 UTC [1227] ERROR:  permission denied for table project_auth_oauth_clients
postgres-1       | 2026-09-30 23:20:10.086 UTC [1227] STATEMENT:  UPDATE project_auth_oauth_clients SET scopes = ARRAY['data:write']::text[] WHERE id = $1
postgres-1       | 2026-09-30 23:20:10.088 UTC [1195] ERROR:  new row for relation "project_auth_oauth_codes" violates check constraint "project_auth_oauth_codes_pkce_check"
postgres-1       | 2026-09-30 23:20:10.088 UTC [1195] DETAIL:  Failing row contains (9b6335fe-8d7b-4d38-bc3b-2d668346943b, 3a281291-3f6b-439f-a6ce-b695b05426e6, 9967ca3f-0dca-4612-bed0-932f74eaa0cc, development, f324cc5d-160a-4504-addd-102ecba4794f, 67951d21-b960-41de-8d4a-49e74ebf86a4, https://app.test/oauth/zurueck, {data:read}, direkt-7603e8ff-13ea-4be2-94fb-a2d73f7a8dd6, d2bJD5RZmRwF0_1tz7gwDKDFgzOTBkt9LyRkVfHaOSg, plain, 2026-09-30 23:20:10.087734+00, 2026-09-30 23:21:10.087734+00, null, null).
postgres-1       | 2026-09-30 23:20:10.088 UTC [1195] STATEMENT:  INSERT INTO project_auth_oauth_codes
postgres-1       | 	        (id, organization_id, project_id, environment, client_id, auth_user_id, redirect_uri,
postgres-1       | 	         scopes, code_hash, code_challenge, code_challenge_method, expires_at)
postgres-1       | 	        VALUES ($1,$2,$3,'development',$4,$5,$6,ARRAY['data:read']::text[],$7,$8,'plain',now() + interval '1 minute')
postgres-1       | 2026-09-30 23:20:10.537 UTC [328] LOG:  checkpoint starting: immediate force wait
postgres-1       | 2026-09-30 23:20:10.545 UTC [328] LOG:  checkpoint complete: wrote 513 buffers (3.1%); 0 WAL file(s) added, 0 removed, 2 recycled; write=0.007 s, sync=0.001 s, total=0.008 s; sync files=317, longest=0.001 s, average=0.000 s; distance=27142 kB, estimate=27142 kB; lsn=0/67AD000, redo lsn=0/67ACFA8
postgres-1       | 2026-09-30 23:20:10.604 UTC [1168] ERROR:  permission denied for table project_auth_one_time_tokens
postgres-1       | 2026-09-30 23:20:10.604 UTC [1168] STATEMENT:  DELETE FROM project_auth_one_time_tokens WHERE organization_id = $1
postgres-1       | 2026-09-30 23:20:10.617 UTC [1233] ERROR:  permission denied for table project_auth_oauth_tokens
postgres-1       | 2026-09-30 23:20:10.617 UTC [1233] STATEMENT:  DELETE FROM project_auth_oauth_tokens WHERE organization_id = $1
postgres-1       | 2026-09-30 23:20:10.708 UTC [1234] ERROR:  permission denied for table project_auth_saml_assertions
postgres-1       | 2026-09-30 23:20:10.708 UTC [1234] STATEMENT:  DELETE FROM project_auth_saml_assertions WHERE organization_id = $1
postgres-1       | 2026-09-30 23:20:12.612 UTC [1230] ERROR:  permission denied for table project_auth_oauth_consents
postgres-1       | 2026-09-30 23:20:12.612 UTC [1230] STATEMENT:  DELETE FROM project_auth_oauth_consents WHERE id = $1
postgres-1       | 2026-09-30 23:20:12.615 UTC [1228] ERROR:  project auth oauth consents are immutable except for one-way revocation
postgres-1       | 2026-09-30 23:20:12.615 UTC [1228] CONTEXT:  PL/pgSQL function qkern_reject_project_auth_oauth_consent_mutation() line 8 at RAISE
postgres-1       | 2026-09-30 23:20:12.615 UTC [1228] STATEMENT:  UPDATE project_auth_oauth_consents SET revoked_at = NULL WHERE id = $1
postgres-1       | 2026-09-30 23:20:12.657 UTC [1246] ERROR:  permission denied for table project_auth_oauth_consents
postgres-1       | 2026-09-30 23:20:12.657 UTC [1246] STATEMENT:  UPDATE project_auth_oauth_consents SET scopes = ARRAY['data:write']::text[] WHERE id = $1
postgres-1       | 2026-09-30 23:20:12.981 UTC [1170] ERROR:  update or delete on table "users" violates foreign key constraint "organizations_created_by_fkey" on table "organizations"
postgres-1       | 2026-09-30 23:20:12.981 UTC [1170] DETAIL:  Key (id)=(b662f96a-a1a9-49f8-9c6d-04ef1913e338) is still referenced from table "organizations".
postgres-1       | 2026-09-30 23:20:12.981 UTC [1170] STATEMENT:  DELETE FROM users WHERE id = $1
postgres-1       | 2026-09-30 23:20:13.105 UTC [1250] ERROR:  extension "vector" is not available
postgres-1       | 2026-09-30 23:20:13.105 UTC [1250] DETAIL:  Could not open extension control file "/usr/local/share/postgresql/extension/vector.control": No such file or directory.
postgres-1       | 2026-09-30 23:20:13.105 UTC [1250] HINT:  The extension must first be installed on the system where PostgreSQL is running.
postgres-1       | 2026-09-30 23:20:13.105 UTC [1250] STATEMENT:  CREATE EXTENSION vector
postgres-1       | 2026-09-30 23:20:13.266 UTC [1251] ERROR:  array is too long
postgres-1       | 2026-09-30 23:20:13.266 UTC [1251] DETAIL:  A cube cannot have more than 100 dimensions.
postgres-1       | 2026-09-30 23:20:13.266 UTC [1251] STATEMENT:  SELECT cube(array_fill(0::float8, ARRAY[$1::int]))
postgres-1       | 2026-09-30 23:20:14.479 UTC [1252] ERROR:  update or delete on table "users" violates foreign key constraint "organizations_created_by_fkey" on table "organizations"
postgres-1       | 2026-09-30 23:20:14.479 UTC [1252] DETAIL:  Key (id)=(15fd18de-fa6f-4543-8d1e-b7bf7d1514d0) is still referenced from table "organizations".
postgres-1       | 2026-09-30 23:20:14.479 UTC [1252] STATEMENT:  DELETE FROM users WHERE id = $1
postgres-1       | 2026-09-30 23:20:14.829 UTC [1236] ERROR:  permission denied for table project_function_invocation_output
postgres-1       | 2026-09-30 23:20:14.829 UTC [1236] STATEMENT:  UPDATE project_function_invocation_output SET truncated = true
postgres-1       | 2026-09-30 23:20:14.831 UTC [1236] ERROR:  permission denied for table project_function_invocation_output
postgres-1       | 2026-09-30 23:20:14.831 UTC [1236] STATEMENT:  DELETE FROM project_function_invocation_output
postgres-1       | 2026-09-30 23:20:14.836 UTC [1262] ERROR:  new row for relation "project_function_invocation_output" violates check constraint "project_function_invocation_output_line_count_check"
postgres-1       | 2026-09-30 23:20:14.836 UTC [1262] DETAIL:  Failing row contains (112b736d-81f6-438c-8a21-f913a14422a8, 1876ba3f-b5d2-448b-a1fe-2aea7cb1fd97, 418d3aad-6a21-4675-a88e-1a768db2501f, development, 541372ea-78b3-4ac1-953a-aca5dd12dad9, 22d23f01-fa7f-46d3-96c6-51399c79e265, 2026-09-30 23:20:14.8336+00, 501, 501, 0, 0, f, 0, [{"at": "2026-09-29T10:00:00.000Z", "cut": false, "text": "x", "...).
postgres-1       | 2026-09-30 23:20:14.836 UTC [1262] STATEMENT:  INSERT INTO project_function_invocation_output
postgres-1       | 	         (organization_id, project_id, environment, function_id, invocation_id,
postgres-1       | 	          line_count, stdout_lines, stderr_lines, byte_count, truncated, dropped_lines, lines)
postgres-1       | 	       VALUES ($1, $2, 'development', $3, $4, $5, $6, 0, 0, $7, $8, $9::jsonb)
postgres-1       | 2026-09-30 23:20:14.847 UTC [1264] ERROR:  new row for relation "project_function_invocation_output" violates check constraint "project_function_invocation_output_lines_shape"
postgres-1       | 2026-09-30 23:20:14.847 UTC [1264] DETAIL:  Failing row contains (feebedf9-433f-477d-9163-137e841d83da, 1876ba3f-b5d2-448b-a1fe-2aea7cb1fd97, 418d3aad-6a21-4675-a88e-1a768db2501f, development, 541372ea-78b3-4ac1-953a-aca5dd12dad9, 22d23f01-fa7f-46d3-96c6-51399c79e265, 2026-09-30 23:20:14.844779+00, 2, 2, 0, 0, f, 0, [{"at": "2026-09-29T10:00:00.000Z", "cut": false, "text": "x", "...).
postgres-1       | 2026-09-30 23:20:14.847 UTC [1264] STATEMENT:  INSERT INTO project_function_invocation_output
postgres-1       | 	         (organization_id, project_id, environment, function_id, invocation_id,
postgres-1       | 	          line_count, stdout_lines, stderr_lines, byte_count, truncated, dropped_lines, lines)
postgres-1       | 	       VALUES ($1, $2, 'development', $3, $4, $5, $6, 0, 0, $7, $8, $9::jsonb)
postgres-1       | 2026-09-30 23:20:14.860 UTC [1265] ERROR:  insert or update on table "project_function_invocation_output" violates foreign key constraint "project_function_invocation_o_organization_id_invocation_i_fkey"
postgres-1       | 2026-09-30 23:20:14.860 UTC [1265] DETAIL:  Key (organization_id, invocation_id)=(1876ba3f-b5d2-448b-a1fe-2aea7cb1fd97, 1b7228c1-6675-422e-904a-62e2d6dccd90) is not present in table "project_function_invocations".
postgres-1       | 2026-09-30 23:20:14.860 UTC [1265] STATEMENT:  INSERT INTO project_function_invocation_output
postgres-1       | 	         (organization_id, project_id, environment, function_id, invocation_id,
postgres-1       | 	          line_count, stdout_lines, stderr_lines, byte_count, truncated, dropped_lines, lines)
postgres-1       | 	       VALUES ($1, $2, 'development', $3, $4, $5, $6, 0, 0, $7, $8, $9::jsonb)
postgres-1       | 2026-09-30 23:20:14.872 UTC [1266] ERROR:  duplicate key value violates unique constraint "project_function_invocation_o_organization_id_invocation_id_key"
postgres-1       | 2026-09-30 23:20:14.872 UTC [1266] DETAIL:  Key (organization_id, invocation_id)=(1876ba3f-b5d2-448b-a1fe-2aea7cb1fd97, edb7443c-1184-4da5-91bc-f2879f07b4f2) already exists.
postgres-1       | 2026-09-30 23:20:14.872 UTC [1266] STATEMENT:  INSERT INTO project_function_invocation_output
postgres-1       | 	         (organization_id, project_id, environment, function_id, invocation_id,
postgres-1       | 	          line_count, stdout_lines, stderr_lines, byte_count, truncated, dropped_lines, lines)
postgres-1       | 	       VALUES ($1, $2, 'development', $3, $4, $5, $6, 0, 0, $7, $8, $9::jsonb)
postgres-1       | 2026-09-30 23:20:15.096 UTC [1248] ERROR:  duplicate key value violates unique constraint "project_auth_saml_assertion_key"
postgres-1       | 2026-09-30 23:20:15.096 UTC [1248] DETAIL:  Key (organization_id, project_id, environment, provider, assertion_id)=(012633c7-a37d-4e35-b5bc-abb684e8e30c, 2c395d71-2611-4231-b519-f8b50dea70bd, development, federation, _a54eea1ffa5beb855def0c0f10f228fb2) already exists.
postgres-1       | 2026-09-30 23:20:15.096 UTC [1248] STATEMENT:  INSERT INTO project_auth_saml_assertions
postgres-1       | 	      (organization_id, project_id, environment, provider, assertion_id, expires_at)
postgres-1       | 	      VALUES ($1, $2, 'development', 'federation', $3, now() + interval '5 minutes')
postgres-1       | 2026-09-30 23:20:15.100 UTC [1247] ERROR:  new row for relation "project_auth_saml_assertions" violates check constraint "project_auth_saml_assertions_assertion_id_check"
postgres-1       | 2026-09-30 23:20:15.100 UTC [1247] DETAIL:  Failing row contains (84f0c971-2278-4b05-a318-c7c0815cb00e, 012633c7-a37d-4e35-b5bc-abb684e8e30c, 2c395d71-2611-4231-b519-f8b50dea70bd, development, federation, 9nope, 2026-09-30 23:20:15.100013+00, 2026-09-30 23:25:15.100013+00).
postgres-1       | 2026-09-30 23:20:15.100 UTC [1247] STATEMENT:  INSERT INTO project_auth_saml_assertions
postgres-1       | 	      (organization_id, project_id, environment, provider, assertion_id, expires_at)
postgres-1       | 	      VALUES ($1, $2, 'development', 'federation', '9nope', now() + interval '5 minutes')
postgres-1       | 2026-09-30 23:20:15.115 UTC [1268] ERROR:  new row for relation "project_auth_saml_assertions" violates check constraint "project_auth_saml_assertions_provider_check"
postgres-1       | 2026-09-30 23:20:15.115 UTC [1268] DETAIL:  Failing row contains (fcd35329-9564-45ca-94f8-57d31790715c, 012633c7-a37d-4e35-b5bc-abb684e8e30c, 2c395d71-2611-4231-b519-f8b50dea70bd, development, Federation, _abc, 2026-09-30 23:20:15.110604+00, 2026-09-30 23:25:15.110604+00).
postgres-1       | 2026-09-30 23:20:15.115 UTC [1268] STATEMENT:  INSERT INTO project_auth_saml_assertions
postgres-1       | 	      (organization_id, project_id, environment, provider, assertion_id, expires_at)
postgres-1       | 	      VALUES ($1, $2, 'development', 'Federation', '_abc', now() + interval '5 minutes')
postgres-1       | 2026-09-30 23:20:15.127 UTC [1269] ERROR:  new row for relation "project_auth_saml_assertions" violates check constraint "project_auth_saml_assertions_window"
postgres-1       | 2026-09-30 23:20:15.127 UTC [1269] DETAIL:  Failing row contains (2c104752-ab56-4572-9ce6-5c04c1eb8ee7, 012633c7-a37d-4e35-b5bc-abb684e8e30c, 2c395d71-2611-4231-b519-f8b50dea70bd, development, federation, _window, 2026-09-30 23:20:15.124428+00, 2026-09-30 23:19:15.124428+00).
postgres-1       | 2026-09-30 23:20:15.127 UTC [1269] STATEMENT:  INSERT INTO project_auth_saml_assertions
postgres-1       | 	      (organization_id, project_id, environment, provider, assertion_id, used_at, expires_at)
postgres-1       | 	      VALUES ($1, $2, 'development', 'federation', '_window', now(), now() - interval '1 minute')
postgres-1       | 2026-09-30 23:20:15.142 UTC [1270] ERROR:  new row for relation "project_auth_one_time_tokens" violates check constraint "project_auth_one_time_tokens_purpose_check"
postgres-1       | 2026-09-30 23:20:15.142 UTC [1270] DETAIL:  Failing row contains (46d63bc6-6cd9-4e31-915f-6f76cc621d40, 012633c7-a37d-4e35-b5bc-abb684e8e30c, 2c395d71-2611-4231-b519-f8b50dea70bd, development, null, saml_reply, aaaaaaaaaaaaaaaaaaaaaaaaaaaaaaaaaaaaaaaaaaaaaaaaaaaaaaaaaaaaaaaa, {}, 2026-09-30 23:20:15.139052+00, 2026-09-30 23:25:15.139052+00, null).
postgres-1       | 2026-09-30 23:20:15.142 UTC [1270] STATEMENT:  INSERT INTO project_auth_one_time_tokens
postgres-1       | 	      (organization_id, project_id, environment, purpose, token_hash, expires_at)
postgres-1       | 	      VALUES ($1, $2, 'development', 'saml_reply', $3, now() + interval '5 minutes')
postgres-1       | 2026-09-30 23:20:15.155 UTC [1271] ERROR:  permission denied for table project_auth_saml_assertions
postgres-1       | 2026-09-30 23:20:15.155 UTC [1271] STATEMENT:  UPDATE project_auth_saml_assertions SET assertion_id = '_other' WHERE organization_id = $1
postgres-1       | 2026-09-30 23:20:15.268 UTC [1267] ERROR:  project storage upload verifier and identity are immutable
postgres-1       | 2026-09-30 23:20:15.268 UTC [1267] CONTEXT:  PL/pgSQL function qkern_reject_project_storage_upload_mutation() line 15 at RAISE
postgres-1       | 2026-09-30 23:20:15.268 UTC [1267] STATEMENT:  UPDATE project_storage_uploads
postgres-1       | 	      SET parts_declared = true, kind = 'single', provider_upload_id = NULL
postgres-1       | 	      WHERE id = $1
postgres-1       | 2026-09-30 23:20:15.288 UTC [1273] ERROR:  project storage upload verifier and identity are immutable
postgres-1       | 2026-09-30 23:20:15.288 UTC [1273] CONTEXT:  PL/pgSQL function qkern_reject_project_storage_upload_mutation() line 15 at RAISE
postgres-1       | 2026-09-30 23:20:15.288 UTC [1273] STATEMENT:  UPDATE project_storage_uploads SET parts_declared = false
postgres-1       | 	      WHERE id = $1
postgres-1       | 2026-09-30 23:20:15.375 UTC [1274] ERROR:  project storage upload verifier and identity are immutable
postgres-1       | 2026-09-30 23:20:15.375 UTC [1274] CONTEXT:  PL/pgSQL function qkern_reject_project_storage_upload_mutation() line 15 at RAISE
postgres-1       | 2026-09-30 23:20:15.375 UTC [1274] STATEMENT:  UPDATE project_storage_uploads SET checksum_sha256 = NULL WHERE id = $1
postgres-1       | 2026-09-30 23:20:15.400 UTC [1275] ERROR:  new row for relation "project_storage_uploads" violates check constraint "project_storage_uploads_completed_content"
postgres-1       | 2026-09-30 23:20:15.400 UTC [1275] DETAIL:  Failing row contains (9ce45c6d-485d-4ca8-910c-2f9350397dbe, b3bb2ce5-570d-4950-b745-38c950d34b30, 8c26e2da-22f2-4481-bf7a-2a0e468d9194, development, b0468489-e99a-4269-9fe8-b7bddd9bb8ca, halfway.txt, b3bb2ce5-570d-4950-b745-38c950d34b30/8c26e2da-22f2-4481-bf7a-2a0..., d81dab72-65ee-4a8e-af4f-ed3427594791, text/plain, 1, null, ukiR5ENSZgiFchwtKWz5A2Jtnnfk7vrAz2l4-gXj9gc, completed, 2026-09-30 23:20:15.238+00, 2026-10-01 00:20:15.238+00, null, null, multipart, provider-upload-halfway, t).
postgres-1       | 2026-09-30 23:20:15.400 UTC [1275] STATEMENT:  UPDATE project_storage_uploads SET status = 'completed', size_bytes = 1 WHERE id = $1
postgres-1       | 2026-09-30 23:20:15.488 UTC [1277] ERROR:  permission denied for function pg_read_file
postgres-1       | 2026-09-30 23:20:15.488 UTC [1277] STATEMENT:  SELECT pg_read_file('postgresql.conf', 0, 16)
postgres-1       | 2026-09-30 23:20:15.502 UTC [1278] ERROR:  permission denied for function pg_ls_logdir
postgres-1       | 2026-09-30 23:20:15.502 UTC [1278] STATEMENT:  SELECT * FROM pg_ls_logdir()
postgres-1       | 2026-09-30 23:20:15.515 UTC [1279] ERROR:  permission denied to examine "log_directory"
postgres-1       | 2026-09-30 23:20:15.515 UTC [1279] DETAIL:  Only roles with privileges of the "pg_read_all_settings" role may examine this parameter.
postgres-1       | 2026-09-30 23:20:15.515 UTC [1279] STATEMENT:  SHOW log_directory
postgres-1       | 2026-09-30 23:20:15.533 UTC [1276] ERROR:  could not open directory "log": No such file or directory
postgres-1       | 2026-09-30 23:20:15.533 UTC [1276] STATEMENT:  SELECT * FROM pg_ls_logdir()
postgres-1       | 2026-09-30 23:20:15.631 UTC [1284] ERROR:  permission denied for function pg_read_file
postgres-1       | 2026-09-30 23:20:15.631 UTC [1284] STATEMENT:  SELECT pg_read_file('postgresql.conf', 0, 8)
certification-1  |  [32m✓[39m tests/postgres.integration.test.ts [2m([22m[2m65 tests[22m[2m)[22m[33m 56995[2mms[22m[39m
certification-1  |      [33m[2m✓[22m[39m finds the suspected missing index, the unused index, the bloat and the missing sample in real statistics (2.40) [33m 12840[2mms[22m[39m
certification-1  |      [33m[2m✓[22m[39m (2.52) refuses a usable session without the second factor when the project requires it [33m 711[2mms[22m[39m
certification-1  |      [33m[2m✓[22m[39m (2.54) refuses a return target outside the allowed list of the project [33m 516[2mms[22m[39m
certification-1  |      [33m[2m✓[22m[39m (2.56) refuses the login attempt that crosses the limit and lets the next window through [33m 1428[2mms[22m[39m
certification-1  |      [33m[2m✓[22m[39m (2.60) refuses a known leaked password at sign-up when the project requires it [33m 616[2mms[22m[39m
certification-1  |      [33m[2m✓[22m[39m (2.61) runs every prepared template against a real catalog without writing [33m 367[2mms[22m[39m
certification-1  |      [33m[2m✓[22m[39m (2.67) shows what a query costs in the console without showing the query [33m 1247[2mms[22m[39m
certification-1  |      [33m[2m✓[22m[39m (2.53) delivers a table change through the running bridge process [33m 5285[2mms[22m[39m
certification-1  |      [33m[2m✓[22m[39m (2.64) forwards through the running collector process and continues after a restart [33m 5213[2mms[22m[39m
certification-1  |      [33m[2m✓[22m[39m (2.68) reads what this environment runs on from the real server and the real control plane [33m 577[2mms[22m[39m
certification-1  |      [33m[2m✓[22m[39m (2.69) explains a real query plan without executing the query [33m 8365[2mms[22m[39m
certification-1  |      [33m[2m✓[22m[39m (2.70) reports the state of the real database from counters that really move [33m 3289[2mms[22m[39m
certification-1  |      [33m[2m✓[22m[39m (2.74) reads a real replication slot with its backlog and carries no connection secret out [33m 563[2mms[22m[39m
certification-1  |      [33m[2m✓[22m[39m (2.75) turns a real project event into a signed dashboard webhook delivery [33m 312[2mms[22m[39m
certification-1  |      [33m[2m✓[22m[39m (2.77) calls the auth hooks of a real sign-in and refuses one that wants a reserved claim [33m 2003[2mms[22m[39m
certification-1  |      [33m[2m✓[22m[39m (2.79) registers a real passkey, signs in with a real signature and refuses replay, wrong origin and a counter that runs backwards [33m 405[2mms[22m[39m
certification-1  |      [33m[2m✓[22m[39m (2.80) accepts a real foreign token through the Data API under row security and refuses the four forgeries [33m 446[2mms[22m[39m
certification-1  |      [33m[2m✓[22m[39m (2.85) does not forward the same audit row again after a restart when the database sets the microseconds [33m 2418[2mms[22m[39m
certification-1  |      [33m[2m✓[22m[39m (2.97) writes through GraphQL exactly the rows the policy allows, rolls the whole request back on one rejected row and refuses a table without RLS, a missing filter and an exceeded limit [33m 483[2mms[22m[39m
certification-1  |      [33m[2m✓[22m[39m (2.105) upserts through both surfaces over a unique key the catalogue really holds, refuses a key it does not, and never changes a row the caller could not have updated [33m 385[2mms[22m[39m
certification-1  |      [33m[2m✓[22m[39m (2.82) issues an OAuth code with PKCE, redeems it once, reads with the token under row security and refuses replay, a wrong verifier, a foreign return target and an ungranted scope [33m 440[2mms[22m[39m
certification-1  |      [33m[2m✓[22m[39m (2.91) turns a real OAuth token into an MCP session with exactly the tools its scopes open, writes a row through it, and refuses an ungranted, an expired and a revoked token with the same answer [33m 404[2mms[22m[39m
certification-1  |      [33m[2m✓[22m[39m (2.103) opens exactly the tools each new scope names against the real database, keeps the tenant boundary, reaches no worker lease operation through queues:write and throws for a tool name without an entry [33m 816[2mms[22m[39m
certification-1  |      [33m[2m✓[22m[39m (2.92) records a consent as one row, issues a token on it, revokes exactly that consent so the token stops working while the row stays, and refuses a scope nobody consented to [33m 1047[2mms[22m[39m
certification-1  |      [33m[2m✓[22m[39m (2.93) proves what the vector page claims: this server offers no vector type, CREATE EXTENSION vector fails, cube stops at its hard dimension limit, and a bucket written under row security has no place for an embedding [33m 661[2mms[22m[39m
certification-1  |      [33m[2m✓[22m[39m (2.94) revokes exactly one issued OAuth token so that token stops working while its consent, its neighbour token and the right to a new one all stay [33m 838[2mms[22m[39m
certification-1  |      [33m[2m✓[22m[39m (2.99) turns a really signed SAML assertion into a session in the real database, bars the same assertion the second time at the unique constraint of 0070, and keeps that bar inside its own environment and provider [33m 341[2mms[22m[39m
certification-1  | 
certification-1  | [2m Test Files [22m [1m[32m31 passed[39m[22m[90m (31)[39m
certification-1  | [2m      Tests [22m [1m[32m241 passed[39m[22m[90m (241)[39m
certification-1  | [2m   Start at [22m 23:19:05
certification-1  | [2m   Duration [22m 69.81s[2m (transform 53.68s, setup 0ms, import 79.22s, tests 187.85s, environment 18ms)[22m
certification-1  | 
[Kcertification-1 exited with code 0
 Compose Stopping Aborting on container exit...
 Container qkern-v023-certification-certification-1 Stopping 
 Container qkern-v023-certification-certification-1 Stopped 
 Container qkern-v023-certification-vault-1 Stopping 
 Container qkern-v023-certification-postgres-1 Stopping 
postgres-1       | 2026-09-30 23:20:17.746 UTC [1] LOG:  received fast shutdown request
postgres-1       | 2026-09-30 23:20:17.746 UTC [1] LOG:  aborting any active transactions
postgres-1       | 2026-09-30 23:20:17.752 UTC [1] LOG:  background worker "logical replication launcher" (PID 333) exited with exit code 1
postgres-1       | 2026-09-30 23:20:17.763 UTC [328] LOG:  shutting down
postgres-1       | 2026-09-30 23:20:17.764 UTC [328] LOG:  checkpoint starting: shutdown immediate
vault-1          | ==> Vault shutdown triggered
vault-1          | 2026-09-30T23:20:17.770Z [INFO]  core: marked as sealed
vault-1          | 2026-09-30T23:20:17.773Z [INFO]  core: pre-seal teardown starting
vault-1          | 2026-09-30T23:20:17.779Z [INFO]  rollback: stopping rollback manager
vault-1          | 2026-09-30T23:20:17.788Z [INFO]  core: pre-seal teardown complete
postgres-1       | 2026-09-30 23:20:17.788 UTC [328] LOG:  checkpoint complete: wrote 286 buffers (1.7%); 0 WAL file(s) added, 0 removed, 0 recycled; write=0.020 s, sync=0.003 s, total=0.025 s; sync files=222, longest=0.001 s, average=0.001 s; distance=1251 kB, estimate=24553 kB; lsn=0/68E5CF0, redo lsn=0/68E5CF0
vault-1          | 2026-09-30T23:20:17.790Z [INFO]  core: stopping cluster listeners
vault-1          | 2026-09-30T23:20:17.790Z [INFO]  core.cluster-listener: forwarding rpc listeners stopped
postgres-1       | 2026-09-30 23:20:17.860 UTC [1] LOG:  database system is shut down
vault-1          | 2026-09-30T23:20:17.961Z [INFO]  core.cluster-listener: rpc listeners successfully shut down
vault-1          | 2026-09-30T23:20:17.961Z [INFO]  core: cluster listeners successfully shut down
vault-1          | 2026-09-30T23:20:17.965Z [INFO]  core: vault is sealed
 Container qkern-v023-certification-postgres-1 Stopped 
[Kpostgres-1 exited with code 0
 Container qkern-v023-certification-vault-1 Stopped 
[Kvault-1 exited with code 0
 Container qkern-v023-certification-certification-1 Stopping 
 Container qkern-v023-certification-certification-1 Stopped 
 Container qkern-v023-certification-certification-1 Removing 
 Container qkern-v023-certification-certification-1 Removed 
 Container qkern-v023-certification-postgres-1 Stopping 
 Container qkern-v023-certification-vault-1 Stopping 
 Container qkern-v023-certification-vault-1 Stopped 
 Container qkern-v023-certification-vault-1 Removing 
 Container qkern-v023-certification-postgres-1 Stopped 
 Container qkern-v023-certification-postgres-1 Removing 
 Container qkern-v023-certification-postgres-1 Removed 
 Container qkern-v023-certification-vault-1 Removed 
 Network qkern-v023-certification_default Removing 
 Network qkern-v023-certification_default Removed 
EXIT=0
