
> qkern-platform@2.78.0 test:postgres:docker
> node scripts/postgres-certification.mjs

 Network qkern-slice-w31_default Creating 
 Network qkern-slice-w31_default Created 
 Container qkern-slice-w31-vault-1 Creating 
 Container qkern-slice-w31-postgres-1 Creating 
 Container qkern-slice-w31-postgres-1 Created 
 Container qkern-slice-w31-vault-1 Created 
 Container qkern-slice-w31-certification-1 Creating 
 Container qkern-slice-w31-certification-1 Created 
Attaching to certification-1, postgres-1, vault-1
 Container qkern-slice-w31-postgres-1 Starting 
 Container qkern-slice-w31-vault-1 Starting 
 Container qkern-slice-w31-vault-1 Started 
 Container qkern-slice-w31-postgres-1 Started 
 Container qkern-slice-w31-postgres-1 Waiting 
 Container qkern-slice-w31-vault-1 Waiting 
postgres-1  | The files belonging to this database system will be owned by user "postgres".
postgres-1  | This user must also own the server process.
postgres-1  | 
postgres-1  | The database cluster will be initialized with locale "en_US.utf8".
postgres-1  | The default database encoding has accordingly been set to "UTF8".
postgres-1  | The default text search configuration will be set to "english".
postgres-1  | 
postgres-1  | Data page checksums are disabled.
postgres-1  | 
postgres-1  | fixing permissions on existing directory /var/lib/postgresql/data ... ok
postgres-1  | creating subdirectories ... ok
postgres-1  | selecting dynamic shared memory implementation ... posix
postgres-1  | selecting default "max_connections" ... 100
postgres-1  | selecting default "shared_buffers" ... 128MB
postgres-1  | selecting default time zone ... UTC
postgres-1  | creating configuration files ... ok
postgres-1  | running bootstrap script ... ok
postgres-1  | sh: locale: not found
postgres-1  | 2026-10-04 06:55:40.055 UTC [43] WARNING:  no usable system locales were found
postgres-1  | performing post-bootstrap initialization ... ok
postgres-1  | initdb: warning: enabling "trust" authentication for local connections
postgres-1  | initdb: hint: You can change this by editing pg_hba.conf or using the option -A, or --auth-local and --auth-host, the next time you run initdb.
postgres-1  | syncing data to disk ... ok
postgres-1  | 
postgres-1  | 
postgres-1  | Success. You can now start the database server using:
postgres-1  | 
postgres-1  |     pg_ctl -D /var/lib/postgresql/data -l logfile start
postgres-1  | 
postgres-1  | waiting for server to start....2026-10-04 06:55:41.996 UTC [57] LOG:  starting PostgreSQL 17.10 on x86_64-pc-linux-musl, compiled by gcc (Alpine 15.2.0) 15.2.0, 64-bit
postgres-1  | 2026-10-04 06:55:42.003 UTC [57] LOG:  listening on Unix socket "/var/run/postgresql/.s.PGSQL.5432"
postgres-1  | 2026-10-04 06:55:42.013 UTC [60] LOG:  database system was shut down at 2026-10-04 06:55:41 UTC
postgres-1  | 2026-10-04 06:55:42.043 UTC [57] LOG:  database system is ready to accept connections
postgres-1  |  done
postgres-1  | server started
postgres-1  | CREATE DATABASE
postgres-1  | 
postgres-1  | 
postgres-1  | /usr/local/bin/docker-entrypoint.sh: running /docker-entrypoint-initdb.d/000-certification-init.sh
postgres-1  | certification-init: applying 0001_control_plane.sql
postgres-1  | CREATE EXTENSION
postgres-1  | CREATE TYPE
postgres-1  | CREATE TYPE
postgres-1  | CREATE TABLE
postgres-1  | CREATE TABLE
postgres-1  | CREATE TABLE
postgres-1  | CREATE TABLE
postgres-1  | CREATE INDEX
postgres-1  | CREATE TABLE
postgres-1  | CREATE TABLE
postgres-1  | CREATE INDEX
postgres-1  | CREATE TABLE
postgres-1  | CREATE INDEX
postgres-1  | CREATE TABLE
postgres-1  | CREATE TABLE
postgres-1  | CREATE INDEX
postgres-1  | ALTER TABLE
postgres-1  | ALTER TABLE
postgres-1  | ALTER TABLE
postgres-1  | ALTER TABLE
postgres-1  | ALTER TABLE
postgres-1  | CREATE POLICY
postgres-1  | CREATE POLICY
postgres-1  | CREATE POLICY
postgres-1  | CREATE POLICY
postgres-1  | CREATE POLICY
postgres-1  | certification-init: applying 0002_repository_hardening.sql
postgres-1  | BEGIN
postgres-1  | CREATE FUNCTION
postgres-1  | ALTER TABLE
postgres-1  | ALTER TABLE
postgres-1  | ALTER TABLE
postgres-1  | ALTER TABLE
postgres-1  | ALTER TABLE
postgres-1  | ALTER TABLE
postgres-1  | UPDATE 0
postgres-1  | ALTER TABLE
postgres-1  | CREATE INDEX
postgres-1  | CREATE INDEX
postgres-1  | CREATE FUNCTION
postgres-1  | CREATE TRIGGER
postgres-1  | CREATE TRIGGER
postgres-1  | CREATE TRIGGER
postgres-1  | CREATE FUNCTION
postgres-1  | CREATE FUNCTION
postgres-1  | CREATE TRIGGER
postgres-1  | CREATE TRIGGER
postgres-1  | ALTER TABLE
postgres-1  | ALTER TABLE
postgres-1  | ALTER TABLE
postgres-1  | ALTER TABLE
postgres-1  | ALTER TABLE
postgres-1  | ALTER TABLE
postgres-1  | ALTER TABLE
postgres-1  | ALTER TABLE
postgres-1  | ALTER TABLE
postgres-1  | ALTER TABLE
postgres-1  | ALTER TABLE
postgres-1  | ALTER TABLE
postgres-1  | ALTER TABLE
postgres-1  | ALTER TABLE
postgres-1  | ALTER TABLE
postgres-1  | ALTER TABLE
postgres-1  | DROP POLICY
postgres-1  | DROP POLICY
postgres-1  | DROP POLICY
postgres-1  | DROP POLICY
postgres-1  | DROP POLICY
postgres-1  | CREATE POLICY
postgres-1  | CREATE POLICY
postgres-1  | CREATE POLICY
postgres-1  | CREATE POLICY
postgres-1  | CREATE POLICY
postgres-1  | CREATE POLICY
postgres-1  | CREATE POLICY
postgres-1  | CREATE POLICY
postgres-1  | CREATE POLICY
postgres-1  | CREATE POLICY
postgres-1  | CREATE POLICY
postgres-1  | CREATE POLICY
postgres-1  | CREATE POLICY
postgres-1  | CREATE POLICY
postgres-1  | CREATE POLICY
postgres-1  | CREATE POLICY
postgres-1  | CREATE POLICY
postgres-1  | CREATE POLICY
postgres-1  | CREATE POLICY
postgres-1  | CREATE POLICY
postgres-1  | CREATE POLICY
postgres-1  | CREATE POLICY
postgres-1  | CREATE POLICY
postgres-1  | CREATE POLICY
postgres-1  | DO
postgres-1  | REVOKE
postgres-1  | GRANT
postgres-1  | GRANT
postgres-1  | GRANT
postgres-1  | GRANT
postgres-1  | GRANT
postgres-1  | GRANT
postgres-1  | GRANT
postgres-1  | GRANT
postgres-1  | GRANT
postgres-1  | GRANT
postgres-1  | GRANT
postgres-1  | GRANT
postgres-1  | GRANT
postgres-1  | COMMIT
postgres-1  | certification-init: applying 0003_auth_and_memberships.sql
postgres-1  | BEGIN
postgres-1  | ALTER TABLE
postgres-1  | ALTER TABLE
postgres-1  | UPDATE 0
postgres-1  | ALTER TABLE
postgres-1  | CREATE INDEX
postgres-1  | CREATE TRIGGER
postgres-1  | CREATE TABLE
postgres-1  | CREATE INDEX
postgres-1  | CREATE INDEX
postgres-1  | CREATE FUNCTION
postgres-1  | DO
postgres-1  | REVOKE
postgres-1  | REVOKE
postgres-1  | GRANT
postgres-1  | GRANT
postgres-1  | GRANT
postgres-1  | GRANT
postgres-1  | COMMIT
postgres-1  | certification-init: applying 0004_artifact_and_workspace_integrity.sql
postgres-1  | BEGIN
postgres-1  | ALTER TABLE
postgres-1  | CREATE INDEX
postgres-1  | ALTER TABLE
postgres-1  | ALTER TABLE
postgres-1  | ALTER TABLE
postgres-1  | CREATE FUNCTION
postgres-1  | CREATE TRIGGER
postgres-1  | CREATE FUNCTION
postgres-1  | CREATE TRIGGER
postgres-1  | REVOKE
postgres-1  | GRANT
postgres-1  | REVOKE
postgres-1  | GRANT
postgres-1  | GRANT
postgres-1  | GRANT
postgres-1  | COMMIT
postgres-1  | certification-init: applying 0005_migration_apply_queue.sql
postgres-1  | BEGIN
postgres-1  | CREATE TYPE
postgres-1  | CREATE TYPE
postgres-1  | CREATE TABLE
postgres-1  | CREATE INDEX
postgres-1  | CREATE INDEX
postgres-1  | CREATE TABLE
postgres-1  | CREATE INDEX
postgres-1  | CREATE TRIGGER
postgres-1  | CREATE TRIGGER
postgres-1  | CREATE FUNCTION
postgres-1  | CREATE TRIGGER
postgres-1  | CREATE FUNCTION
postgres-1  | CREATE TRIGGER
postgres-1  | ALTER TABLE
postgres-1  | ALTER TABLE
postgres-1  | ALTER TABLE
postgres-1  | ALTER TABLE
postgres-1  | CREATE POLICY
postgres-1  | CREATE POLICY
postgres-1  | CREATE POLICY
postgres-1  | CREATE POLICY
postgres-1  | CREATE POLICY
postgres-1  | CREATE POLICY
postgres-1  | REVOKE
postgres-1  | REVOKE
postgres-1  | REVOKE
postgres-1  | GRANT
postgres-1  | GRANT
postgres-1  | GRANT
postgres-1  | GRANT
postgres-1  | GRANT
postgres-1  | GRANT
postgres-1  | GRANT
postgres-1  | GRANT
postgres-1  | GRANT
postgres-1  | COMMIT
postgres-1  | certification-init: applying 0006_worker_runtime_boundary.sql
postgres-1  | BEGIN
postgres-1  | DO
postgres-1  | ALTER TABLE
postgres-1  | ALTER TABLE
postgres-1  | UPDATE 0
postgres-1  | ALTER TABLE
postgres-1  | REVOKE
postgres-1  | REVOKE
postgres-1  | REVOKE
postgres-1  | GRANT
postgres-1  | REVOKE
postgres-1  | REVOKE
postgres-1  | GRANT
postgres-1  | GRANT
postgres-1  | GRANT
postgres-1  | GRANT
postgres-1  | GRANT
postgres-1  | GRANT
postgres-1  | GRANT
postgres-1  | GRANT
postgres-1  | GRANT
postgres-1  | GRANT
postgres-1  | GRANT
postgres-1  | COMMIT
postgres-1  | certification-init: applying 0007_migration_claim_sequence.sql
postgres-1  | BEGIN
postgres-1  | ALTER TABLE
postgres-1  | REVOKE
postgres-1  | GRANT
postgres-1  | COMMIT
postgres-1  | certification-init: applying 0008_migration_reconciliation_quarantine.sql
vault-1     | ==> Vault server configuration:
vault-1     | 
vault-1     | Administrative Namespace: 
vault-1     |              Api Address: http://0.0.0.0:8200
vault-1     |                      Cgo: disabled
vault-1     |          Cluster Address: https://0.0.0.0:8201
vault-1     |    Environment Variables: GOTRACEBACK, HOME, HOSTNAME, NAME, PATH, PWD, SHLVL, VAULT_DEV_LISTEN_ADDRESS, VAULT_DEV_ROOT_TOKEN_ID, VERSION
vault-1     |               Go Version: go1.23.3
vault-1     |               Listener 1: tcp (addr: "0.0.0.0:8200", cluster address: "0.0.0.0:8201", disable_request_limiter: "false", max_request_duration: "1m30s", max_request_size: "33554432", tls: "disabled")
vault-1     |                Log Level: 
vault-1     |                    Mlock: supported: true, enabled: false
vault-1     |            Recovery Mode: false
vault-1     |                  Storage: inmem
vault-1     |                  Version: Vault v1.18.3, built 2024-12-16T14:00:53Z
vault-1     |              Version Sha: 7ae4eca5403bf574f142cd8f987b8d83bafcd1de
vault-1     | 
postgres-1  | ALTER TYPE
postgres-1  | BEGIN
postgres-1  | ALTER TABLE
postgres-1  | REVOKE
postgres-1  | GRANT
postgres-1  | COMMIT
postgres-1  | certification-init: applying 0009_migration_review_commands.sql
postgres-1  | BEGIN
postgres-1  | CREATE TYPE
vault-1     | 2026-10-04T06:55:44.210Z [INFO]  proxy environment: http_proxy="" https_proxy="" no_proxy=""
vault-1     | 2026-10-04T06:55:44.213Z [INFO]  incrementing seal generation: generation=1
vault-1     | 2026-10-04T06:55:44.213Z [WARN]  no `api_addr` value specified in config or in VAULT_API_ADDR; falling back to detection if possible, but this value should be manually set
vault-1     | 2026-10-04T06:55:44.214Z [INFO]  core: Initializing version history cache for core
vault-1     | 2026-10-04T06:55:44.214Z [INFO]  events: Starting event system
vault-1     | 2026-10-04T06:55:44.223Z [INFO]  core: security barrier not initialized
vault-1     | 2026-10-04T06:55:44.227Z [INFO]  core: security barrier initialized: stored=1 shares=1 threshold=1
vault-1     | 2026-10-04T06:55:44.229Z [INFO]  core: post-unseal setup starting
vault-1     | 2026-10-04T06:55:44.254Z [INFO]  core: loaded wrapping token key
vault-1     | 2026-10-04T06:55:44.254Z [INFO]  core: successfully setup plugin runtime catalog
vault-1     | 2026-10-04T06:55:44.254Z [INFO]  core: successfully setup plugin catalog: plugin-directory=""
vault-1     | 2026-10-04T06:55:44.254Z [INFO]  core: no mounts; adding default mount table
vault-1     | 2026-10-04T06:55:44.264Z [INFO]  core: successfully mounted: type=cubbyhole version="v1.18.3+builtin.vault" path=cubbyhole/ namespace="ID: root. Path: "
vault-1     | 2026-10-04T06:55:44.266Z [INFO]  core: successfully mounted: type=system version="v1.18.3+builtin.vault" path=sys/ namespace="ID: root. Path: "
vault-1     | 2026-10-04T06:55:44.266Z [INFO]  core: successfully mounted: type=identity version="v1.18.3+builtin.vault" path=identity/ namespace="ID: root. Path: "
vault-1     | 2026-10-04T06:55:44.271Z [INFO]  core: successfully mounted: type=token version="v1.18.3+builtin.vault" path=token/ namespace="ID: root. Path: "
vault-1     | 2026-10-04T06:55:44.271Z [INFO]  rollback: Starting the rollback manager with 256 workers
vault-1     | 2026-10-04T06:55:44.272Z [INFO]  rollback: starting rollback manager
vault-1     | 2026-10-04T06:55:44.273Z [INFO]  core: restoring leases
vault-1     | 2026-10-04T06:55:44.275Z [INFO]  expiration: lease restore complete
vault-1     | 2026-10-04T06:55:44.277Z [INFO]  identity: entities restored
vault-1     | 2026-10-04T06:55:44.277Z [INFO]  identity: groups restored
vault-1     | 2026-10-04T06:55:44.279Z [INFO]  core: Recorded vault version: vault version=1.18.3 upgrade time="2026-10-04 06:55:44.278544633 +0000 UTC" build date=2024-12-16T14:00:53Z
vault-1     | 2026-10-04T06:55:44.283Z [INFO]  core: post-unseal setup complete
vault-1     | 2026-10-04T06:55:44.284Z [INFO]  core: root token generated
vault-1     | 2026-10-04T06:55:44.284Z [INFO]  core: pre-seal teardown starting
vault-1     | 2026-10-04T06:55:44.284Z [INFO]  rollback: stopping rollback manager
vault-1     | 2026-10-04T06:55:44.284Z [INFO]  core: pre-seal teardown complete
vault-1     | 2026-10-04T06:55:44.285Z [INFO]  core.cluster-listener.tcp: starting listener: listener_address=0.0.0.0:8201
vault-1     | 2026-10-04T06:55:44.286Z [INFO]  core.cluster-listener: serving cluster requests: cluster_listen_address=[::]:8201
vault-1     | 2026-10-04T06:55:44.286Z [INFO]  core: post-unseal setup starting
vault-1     | 2026-10-04T06:55:44.286Z [INFO]  core: loaded wrapping token key
vault-1     | 2026-10-04T06:55:44.286Z [INFO]  core: successfully setup plugin runtime catalog
vault-1     | 2026-10-04T06:55:44.286Z [INFO]  core: successfully setup plugin catalog: plugin-directory=""
vault-1     | 2026-10-04T06:55:44.293Z [INFO]  core: successfully mounted: type=system version="v1.18.3+builtin.vault" path=sys/ namespace="ID: root. Path: "
vault-1     | 2026-10-04T06:55:44.299Z [INFO]  core: successfully mounted: type=identity version="v1.18.3+builtin.vault" path=identity/ namespace="ID: root. Path: "
vault-1     | 2026-10-04T06:55:44.301Z [INFO]  core: successfully mounted: type=cubbyhole version="v1.18.3+builtin.vault" path=cubbyhole/ namespace="ID: root. Path: "
vault-1     | 2026-10-04T06:55:44.303Z [INFO]  core: successfully mounted: type=token version="v1.18.3+builtin.vault" path=token/ namespace="ID: root. Path: "
vault-1     | 2026-10-04T06:55:44.305Z [INFO]  rollback: Starting the rollback manager with 256 workers
vault-1     | 2026-10-04T06:55:44.305Z [INFO]  rollback: starting rollback manager
vault-1     | 2026-10-04T06:55:44.306Z [INFO]  core: restoring leases
vault-1     | 2026-10-04T06:55:44.309Z [INFO]  expiration: lease restore complete
vault-1     | 2026-10-04T06:55:44.309Z [INFO]  identity: entities restored
vault-1     | 2026-10-04T06:55:44.309Z [INFO]  identity: groups restored
vault-1     | 2026-10-04T06:55:44.309Z [INFO]  core: post-unseal setup complete
vault-1     | 2026-10-04T06:55:44.309Z [INFO]  core: vault is unsealed
vault-1     | 2026-10-04T06:55:44.314Z [INFO]  expiration: revoked lease: lease_id=auth/token/root/hca2e8451f4a915ea00e334464a055b12d7ae07ba32147ef13e42482515dd1611
vault-1     | 2026-10-04T06:55:44.350Z [INFO]  core: successful mount: namespace="" path=secret/ type=kv version="v0.20.0+builtin"
vault-1     | ==> Vault server started! Log data will stream in below:
vault-1     | 
postgres-1  | ALTER TABLE
postgres-1  | CREATE TABLE
postgres-1  | CREATE INDEX
postgres-1  | CREATE INDEX
postgres-1  | CREATE TRIGGER
postgres-1  | ALTER TABLE
postgres-1  | ALTER TABLE
postgres-1  | CREATE POLICY
postgres-1  | CREATE POLICY
postgres-1  | CREATE POLICY
postgres-1  | REVOKE
postgres-1  | GRANT
postgres-1  | GRANT
postgres-1  | GRANT
postgres-1  | GRANT
postgres-1  | REVOKE
postgres-1  | GRANT
postgres-1  | COMMIT
postgres-1  | certification-init: applying 0010_migration_incident_escalations.sql
vault-1     | WARNING! dev mode is enabled! In this mode, Vault runs entirely in-memory
vault-1     | and starts unsealed with a single unseal key. The root token is already
vault-1     | authenticated to the CLI, so you can immediately begin using Vault.
vault-1     | 
vault-1     | You may need to set the following environment variables:
vault-1     | 
vault-1     |     $ export VAULT_ADDR='http://0.0.0.0:8200'
vault-1     | 
vault-1     | The unseal key and root token are displayed below in case you want to
vault-1     | seal/unseal the Vault or re-authenticate.
vault-1     | 
vault-1     | Unseal Key: VhqOJt5UJK1RNWw4Lj4LTXGQB31E760KtDEgGUPpTnk=
vault-1     | Root Token: qkern-certification-root-token
vault-1     | 
vault-1     | Development mode should NOT be used in production installations!
vault-1     | 
postgres-1  | BEGIN
postgres-1  | CREATE TYPE
postgres-1  | CREATE TYPE
postgres-1  | CREATE TABLE
postgres-1  | CREATE INDEX
postgres-1  | CREATE INDEX
postgres-1  | CREATE TRIGGER
postgres-1  | CREATE FUNCTION
postgres-1  | CREATE TRIGGER
postgres-1  | ALTER TABLE
postgres-1  | ALTER TABLE
postgres-1  | CREATE POLICY
postgres-1  | CREATE POLICY
postgres-1  | CREATE POLICY
postgres-1  | REVOKE
postgres-1  | REVOKE
postgres-1  | GRANT
postgres-1  | GRANT
postgres-1  | GRANT
postgres-1  | GRANT
postgres-1  | GRANT
postgres-1  | COMMIT
postgres-1  | certification-init: applying 0011_migration_incident_outbox.sql
postgres-1  | BEGIN
postgres-1  | CREATE TABLE
postgres-1  | CREATE INDEX
postgres-1  | CREATE TRIGGER
postgres-1  | INSERT 0 0
postgres-1  | ALTER TABLE
postgres-1  | ALTER TABLE
postgres-1  | CREATE POLICY
postgres-1  | CREATE POLICY
postgres-1  | CREATE POLICY
postgres-1  | REVOKE
postgres-1  | GRANT
postgres-1  | GRANT
postgres-1  | GRANT
postgres-1  | COMMIT
postgres-1  | certification-init: applying 0012_migration_incident_dead_letters.sql
postgres-1  | ALTER TYPE
postgres-1  | BEGIN
postgres-1  | ALTER TABLE
postgres-1  | CREATE INDEX
postgres-1  | CREATE TYPE
postgres-1  | CREATE TABLE
postgres-1  | CREATE INDEX
postgres-1  | CREATE INDEX
postgres-1  | CREATE TRIGGER
postgres-1  | CREATE FUNCTION
postgres-1  | CREATE TRIGGER
postgres-1  | ALTER TABLE
postgres-1  | ALTER TABLE
postgres-1  | CREATE POLICY
postgres-1  | CREATE POLICY
postgres-1  | CREATE POLICY
postgres-1  | REVOKE
postgres-1  | REVOKE
postgres-1  | GRANT
postgres-1  | GRANT
postgres-1  | GRANT
postgres-1  | GRANT
postgres-1  | GRANT
postgres-1  | COMMIT
postgres-1  | certification-init: applying 0013_migration_incident_delivery_health.sql
postgres-1  | BEGIN
postgres-1  | CREATE FUNCTION
postgres-1  | REVOKE
postgres-1  | GRANT
postgres-1  | COMMIT
postgres-1  | certification-init: applying 0014_migration_incident_delivery_visibility.sql
postgres-1  | BEGIN
postgres-1  | REVOKE
postgres-1  | DROP FUNCTION
postgres-1  | CREATE FUNCTION
postgres-1  | CREATE FUNCTION
postgres-1  | REVOKE
postgres-1  | REVOKE
postgres-1  | GRANT
postgres-1  | GRANT
postgres-1  | COMMIT
postgres-1  | certification-init: applying 0015_migration_incident_delivery_failure_classification.sql
postgres-1  | BEGIN
postgres-1  | ALTER TABLE
postgres-1  | REVOKE
postgres-1  | DROP FUNCTION
postgres-1  | CREATE FUNCTION
postgres-1  | REVOKE
postgres-1  | GRANT
postgres-1  | COMMIT
postgres-1  | certification-init: applying 0016_migration_incident_delivery_recovery_binding.sql
postgres-1  | BEGIN
postgres-1  | ALTER TABLE
postgres-1  | LOCK TABLE
postgres-1  | UPDATE 0
postgres-1  | UPDATE 0
postgres-1  | ALTER TABLE
postgres-1  | CREATE FUNCTION
postgres-1  | REVOKE
postgres-1  | GRANT
postgres-1  | COMMIT
postgres-1  | certification-init: applying 0017_migration_incident_verified_resolution.sql
postgres-1  | ALTER TYPE
postgres-1  | BEGIN
postgres-1  | CREATE TYPE
postgres-1  | CREATE TYPE
postgres-1  | CREATE TYPE
postgres-1  | ALTER TABLE
postgres-1  | CREATE TABLE
postgres-1  | CREATE INDEX
postgres-1  | CREATE INDEX
postgres-1  | CREATE TRIGGER
postgres-1  | CREATE FUNCTION
postgres-1  | CREATE FUNCTION
postgres-1  | CREATE FUNCTION
postgres-1  | CREATE TRIGGER
postgres-1  | ALTER TABLE
postgres-1  | ALTER TABLE
postgres-1  | CREATE POLICY
postgres-1  | CREATE POLICY
postgres-1  | CREATE POLICY
postgres-1  | REVOKE
postgres-1  | REVOKE
postgres-1  | GRANT
postgres-1  | GRANT
postgres-1  | GRANT
postgres-1  | GRANT
postgres-1  | GRANT
postgres-1  | COMMIT
postgres-1  | certification-init: applying 0018_migration_incident_delivery_recovery_generation.sql
postgres-1  | BEGIN
postgres-1  | ALTER TABLE
postgres-1  | LOCK TABLE
postgres-1  | UPDATE 0
postgres-1  | UPDATE 0
postgres-1  | ALTER TABLE
postgres-1  | ALTER TABLE
postgres-1  | CREATE FUNCTION
postgres-1  | REVOKE
postgres-1  | GRANT
postgres-1  | COMMIT
postgres-1  | certification-init: applying 0019_migration_apply_delivery_resilience.sql
postgres-1  | BEGIN
postgres-1  | ALTER TABLE
postgres-1  | CREATE INDEX
postgres-1  | CREATE TYPE
postgres-1  | CREATE TABLE
postgres-1  | CREATE INDEX
postgres-1  | CREATE INDEX
postgres-1  | CREATE TRIGGER
postgres-1  | CREATE FUNCTION
postgres-1  | CREATE TRIGGER
postgres-1  | ALTER TABLE
postgres-1  | ALTER TABLE
postgres-1  | CREATE POLICY
postgres-1  | CREATE POLICY
postgres-1  | CREATE POLICY
postgres-1  | CREATE FUNCTION
postgres-1  | CREATE FUNCTION
postgres-1  | REVOKE
postgres-1  | REVOKE
postgres-1  | REVOKE
postgres-1  | REVOKE
postgres-1  | REVOKE
postgres-1  | GRANT
postgres-1  | GRANT
postgres-1  | GRANT
postgres-1  | GRANT
postgres-1  | GRANT
postgres-1  | GRANT
postgres-1  | GRANT
postgres-1  | COMMIT
postgres-1  | certification-init: applying 0020_project_database_provisioning.sql
 Container qkern-slice-w31-vault-1 Healthy 
postgres-1  | BEGIN
postgres-1  | DO
postgres-1  | CREATE TYPE
postgres-1  | CREATE TABLE
postgres-1  | CREATE TABLE
postgres-1  | ALTER TABLE
postgres-1  | CREATE INDEX
postgres-1  | CREATE TRIGGER
postgres-1  | ALTER TABLE
postgres-1  | ALTER TABLE
postgres-1  | ALTER TABLE
postgres-1  | ALTER TABLE
postgres-1  | CREATE POLICY
postgres-1  | CREATE POLICY
postgres-1  | CREATE FUNCTION
postgres-1  | CREATE FUNCTION
postgres-1  | REVOKE
postgres-1  | REVOKE
postgres-1  | REVOKE
postgres-1  | REVOKE
postgres-1  | REVOKE
postgres-1  | GRANT
postgres-1  | GRANT
postgres-1  | GRANT
postgres-1  | GRANT
postgres-1  | GRANT
postgres-1  | GRANT
postgres-1  | GRANT
postgres-1  | GRANT
postgres-1  | GRANT
postgres-1  | GRANT
postgres-1  | GRANT
postgres-1  | GRANT
postgres-1  | GRANT
postgres-1  | GRANT
postgres-1  | GRANT
postgres-1  | COMMIT
postgres-1  | certification-init: applying 0021_project_database_provisioning_health.sql
postgres-1  | BEGIN
postgres-1  | CREATE TABLE
postgres-1  | CREATE INDEX
postgres-1  | ALTER TABLE
postgres-1  | ALTER TABLE
postgres-1  | CREATE POLICY
postgres-1  | CREATE FUNCTION
postgres-1  | REVOKE
postgres-1  | REVOKE
postgres-1  | GRANT
postgres-1  | GRANT
postgres-1  | GRANT
postgres-1  | COMMIT
postgres-1  | certification-init: applying 0022_project_automation_policies.sql
postgres-1  | BEGIN
postgres-1  | CREATE TABLE
postgres-1  | ALTER TABLE
postgres-1  | UPDATE 0
postgres-1  | ALTER TABLE
postgres-1  | ALTER TABLE
postgres-1  | ALTER TABLE
postgres-1  | CREATE POLICY
postgres-1  | CREATE POLICY
postgres-1  | CREATE POLICY
postgres-1  | REVOKE
postgres-1  | GRANT
postgres-1  | GRANT
postgres-1  | COMMIT
postgres-1  | certification-init: applying 0023_project_api_keys.sql
postgres-1  | BEGIN
postgres-1  | CREATE TABLE
postgres-1  | CREATE INDEX
postgres-1  | CREATE INDEX
postgres-1  | CREATE FUNCTION
postgres-1  | CREATE TRIGGER
postgres-1  | ALTER TABLE
postgres-1  | CREATE POLICY
postgres-1  | CREATE POLICY
postgres-1  | CREATE POLICY
postgres-1  | CREATE FUNCTION
postgres-1  | REVOKE
postgres-1  | REVOKE
postgres-1  | REVOKE
postgres-1  | GRANT
postgres-1  | GRANT
postgres-1  | GRANT
postgres-1  | GRANT
postgres-1  | COMMIT
postgres-1  | certification-init: applying 0024_project_auth.sql
postgres-1  | BEGIN
postgres-1  | CREATE TABLE
postgres-1  | CREATE INDEX
postgres-1  | CREATE TABLE
postgres-1  | CREATE INDEX
postgres-1  | CREATE INDEX
postgres-1  | CREATE TABLE
postgres-1  | CREATE INDEX
postgres-1  | CREATE TABLE
postgres-1  | CREATE TABLE
postgres-1  | CREATE FUNCTION
postgres-1  | CREATE TRIGGER
postgres-1  | CREATE TRIGGER
postgres-1  | CREATE TRIGGER
postgres-1  | CREATE TRIGGER
postgres-1  | CREATE TRIGGER
postgres-1  | REVOKE
postgres-1  | REVOKE
postgres-1  | GRANT
postgres-1  | GRANT
postgres-1  | GRANT
postgres-1  | GRANT
postgres-1  | GRANT
postgres-1  | GRANT
postgres-1  | GRANT
postgres-1  | GRANT
postgres-1  | GRANT
postgres-1  | COMMIT
postgres-1  | certification-init: applying 0025_project_storage.sql
postgres-1  | BEGIN
postgres-1  | CREATE TABLE
postgres-1  | CREATE INDEX
postgres-1  | CREATE TABLE
postgres-1  | CREATE INDEX
postgres-1  | CREATE INDEX
postgres-1  | CREATE INDEX
postgres-1  | CREATE TABLE
postgres-1  | CREATE INDEX
postgres-1  | CREATE INDEX
postgres-1  | CREATE FUNCTION
postgres-1  | CREATE FUNCTION
postgres-1  | CREATE FUNCTION
postgres-1  | CREATE TRIGGER
postgres-1  | CREATE TRIGGER
postgres-1  | CREATE TRIGGER
postgres-1  | ALTER TABLE
postgres-1  | ALTER TABLE
postgres-1  | ALTER TABLE
postgres-1  | CREATE POLICY
postgres-1  | CREATE POLICY
postgres-1  | CREATE POLICY
postgres-1  | CREATE POLICY
postgres-1  | CREATE POLICY
postgres-1  | CREATE POLICY
postgres-1  | CREATE POLICY
postgres-1  | CREATE POLICY
postgres-1  | CREATE POLICY
postgres-1  | CREATE POLICY
postgres-1  | REVOKE
postgres-1  | REVOKE
postgres-1  | REVOKE
postgres-1  | REVOKE
postgres-1  | GRANT
postgres-1  | GRANT
postgres-1  | GRANT
postgres-1  | GRANT
postgres-1  | GRANT
postgres-1  | GRANT
postgres-1  | GRANT
postgres-1  | GRANT
postgres-1  | GRANT
postgres-1  | COMMIT
postgres-1  | certification-init: applying 0026_project_queues.sql
postgres-1  | BEGIN
postgres-1  | CREATE TABLE
postgres-1  | CREATE INDEX
postgres-1  | CREATE TABLE
postgres-1  | CREATE INDEX
postgres-1  | CREATE INDEX
postgres-1  | CREATE INDEX
postgres-1  | CREATE INDEX
postgres-1  | CREATE INDEX
postgres-1  | CREATE FUNCTION
postgres-1  | CREATE FUNCTION
postgres-1  | CREATE FUNCTION
postgres-1  | CREATE TRIGGER
postgres-1  | CREATE TRIGGER
postgres-1  | CREATE TRIGGER
postgres-1  | ALTER TABLE
postgres-1  | ALTER TABLE
postgres-1  | CREATE POLICY
postgres-1  | CREATE POLICY
postgres-1  | CREATE POLICY
postgres-1  | CREATE POLICY
postgres-1  | CREATE POLICY
postgres-1  | CREATE POLICY
postgres-1  | REVOKE
postgres-1  | REVOKE
postgres-1  | REVOKE
postgres-1  | REVOKE
postgres-1  | GRANT
postgres-1  | GRANT
postgres-1  | GRANT
postgres-1  | GRANT
postgres-1  | GRANT
postgres-1  | GRANT
postgres-1  | COMMIT
postgres-1  | certification-init: applying 0027_project_queue_dead_letter_replay.sql
postgres-1  | BEGIN
postgres-1  | ALTER TABLE
postgres-1  | CREATE INDEX
postgres-1  | CREATE INDEX
postgres-1  | CREATE FUNCTION
postgres-1  | CREATE TRIGGER
postgres-1  | REVOKE
postgres-1  | GRANT
postgres-1  | COMMIT
postgres-1  | certification-init: applying 0028_usage_metering.sql
postgres-1  | BEGIN
postgres-1  | CREATE TABLE
postgres-1  | CREATE TABLE
postgres-1  | CREATE TABLE
postgres-1  | CREATE INDEX
postgres-1  | CREATE INDEX
postgres-1  | CREATE FUNCTION
postgres-1  | CREATE FUNCTION
postgres-1  | CREATE FUNCTION
postgres-1  | CREATE TRIGGER
postgres-1  | CREATE TRIGGER
postgres-1  | CREATE TRIGGER
postgres-1  | ALTER TABLE
postgres-1  | ALTER TABLE
postgres-1  | ALTER TABLE
postgres-1  | CREATE POLICY
postgres-1  | CREATE POLICY
postgres-1  | CREATE POLICY
postgres-1  | CREATE POLICY
postgres-1  | CREATE POLICY
postgres-1  | CREATE POLICY
postgres-1  | CREATE POLICY
postgres-1  | CREATE POLICY
postgres-1  | REVOKE
postgres-1  | REVOKE
postgres-1  | REVOKE
postgres-1  | REVOKE
postgres-1  | GRANT
postgres-1  | GRANT
postgres-1  | GRANT
postgres-1  | GRANT
postgres-1  | GRANT
postgres-1  | GRANT
postgres-1  | GRANT
postgres-1  | GRANT
postgres-1  | COMMIT
postgres-1  | certification-init: applying 0029_project_queue_definition_row_lock.sql
postgres-1  | GRANT
postgres-1  | CREATE POLICY
postgres-1  | certification-init: applying 0030_realtime_event_log.sql
postgres-1  | CREATE TABLE
postgres-1  | CREATE TABLE
postgres-1  | CREATE INDEX
postgres-1  | CREATE INDEX
postgres-1  | CREATE FUNCTION
postgres-1  | CREATE TRIGGER
postgres-1  | ALTER TABLE
postgres-1  | ALTER TABLE
postgres-1  | CREATE POLICY
postgres-1  | CREATE POLICY
postgres-1  | CREATE POLICY
postgres-1  | CREATE POLICY
postgres-1  | CREATE POLICY
postgres-1  | CREATE POLICY
postgres-1  | REVOKE
postgres-1  | REVOKE
postgres-1  | GRANT
postgres-1  | GRANT
postgres-1  | GRANT
postgres-1  | GRANT
postgres-1  | certification-init: applying 0031_project_cron.sql
postgres-1  | CREATE TABLE
postgres-1  | CREATE INDEX
postgres-1  | CREATE FUNCTION
postgres-1  | CREATE TRIGGER
postgres-1  | ALTER TABLE
postgres-1  | CREATE POLICY
postgres-1  | CREATE POLICY
postgres-1  | CREATE POLICY
postgres-1  | CREATE POLICY
postgres-1  | REVOKE
postgres-1  | REVOKE
postgres-1  | GRANT
postgres-1  | GRANT
postgres-1  | GRANT
postgres-1  | certification-init: applying 0032_project_webhooks.sql
postgres-1  | CREATE TABLE
postgres-1  | CREATE TABLE
postgres-1  | CREATE INDEX
postgres-1  | CREATE INDEX
postgres-1  | CREATE FUNCTION
postgres-1  | CREATE TRIGGER
postgres-1  | ALTER TABLE
postgres-1  | ALTER TABLE
postgres-1  | CREATE POLICY
postgres-1  | CREATE POLICY
postgres-1  | CREATE POLICY
postgres-1  | CREATE POLICY
postgres-1  | CREATE POLICY
postgres-1  | CREATE POLICY
postgres-1  | CREATE POLICY
postgres-1  | REVOKE
postgres-1  | REVOKE
postgres-1  | GRANT
postgres-1  | GRANT
postgres-1  | CREATE POLICY
postgres-1  | GRANT
postgres-1  | GRANT
postgres-1  | GRANT
postgres-1  | certification-init: applying 0033_project_functions.sql
postgres-1  | CREATE TABLE
postgres-1  | CREATE INDEX
postgres-1  | CREATE FUNCTION
postgres-1  | CREATE TRIGGER
postgres-1  | ALTER TABLE
postgres-1  | CREATE POLICY
postgres-1  | CREATE POLICY
postgres-1  | CREATE POLICY
postgres-1  | CREATE POLICY
postgres-1  | REVOKE
postgres-1  | REVOKE
postgres-1  | GRANT
postgres-1  | GRANT
postgres-1  | GRANT
postgres-1  | certification-init: applying 0034_project_functions_registry.sql
postgres-1  | ALTER TABLE
postgres-1  | ALTER TABLE
postgres-1  | certification-init: applying 0035_project_function_slots.sql
postgres-1  | CREATE TABLE
postgres-1  | CREATE INDEX
postgres-1  | CREATE FUNCTION
postgres-1  | CREATE TRIGGER
postgres-1  | ALTER TABLE
postgres-1  | CREATE POLICY
postgres-1  | CREATE POLICY
postgres-1  | CREATE POLICY
postgres-1  | REVOKE
postgres-1  | REVOKE
postgres-1  | GRANT
postgres-1  | GRANT
postgres-1  | certification-init: applying 0036_provisioner_heartbeat_upsert_grant.sql
postgres-1  | BEGIN
postgres-1  | GRANT
postgres-1  | COMMIT
postgres-1  | certification-init: applying 0037_provisioner_binding_returning_grant.sql
postgres-1  | BEGIN
postgres-1  | GRANT
postgres-1  | COMMIT
postgres-1  | certification-init: applying 0038_runtime_outbox_arbiter_grant.sql
postgres-1  | BEGIN
postgres-1  | GRANT
postgres-1  | COMMIT
postgres-1  | certification-init: applying 0039_billing_rate_cards.sql
postgres-1  | BEGIN
postgres-1  | CREATE TABLE
postgres-1  | CREATE INDEX
postgres-1  | ALTER TABLE
postgres-1  | ALTER TABLE
postgres-1  | CREATE POLICY
postgres-1  | CREATE POLICY
postgres-1  | REVOKE
postgres-1  | GRANT
postgres-1  | GRANT
postgres-1  | COMMIT
postgres-1  | certification-init: applying 0040_billing_invoices.sql
postgres-1  | BEGIN
postgres-1  | CREATE TABLE
postgres-1  | CREATE TABLE
postgres-1  | ALTER TABLE
postgres-1  | ALTER TABLE
postgres-1  | ALTER TABLE
postgres-1  | ALTER TABLE
postgres-1  | CREATE POLICY
postgres-1  | CREATE POLICY
postgres-1  | CREATE POLICY
postgres-1  | CREATE POLICY
postgres-1  | REVOKE
postgres-1  | GRANT
postgres-1  | GRANT
postgres-1  | GRANT
postgres-1  | GRANT
postgres-1  | GRANT
postgres-1  | COMMIT
postgres-1  | certification-init: applying 0041_project_storage_multipart.sql
postgres-1  | BEGIN
postgres-1  | ALTER TABLE
postgres-1  | ALTER TABLE
postgres-1  | COMMIT
postgres-1  | certification-init: applying 0042_project_function_deployments.sql
postgres-1  | BEGIN
postgres-1  | CREATE TABLE
postgres-1  | CREATE INDEX
postgres-1  | ALTER TABLE
postgres-1  | ALTER TABLE
postgres-1  | CREATE POLICY
postgres-1  | CREATE POLICY
postgres-1  | CREATE FUNCTION
postgres-1  | CREATE FUNCTION
postgres-1  | REVOKE
postgres-1  | REVOKE
postgres-1  | GRANT
postgres-1  | GRANT
postgres-1  | COMMIT
postgres-1  | certification-init: applying 0043_project_storage_upload_id_check_fix.sql
postgres-1  | ALTER TABLE
postgres-1  | ALTER TABLE
postgres-1  | certification-init: applying 0044_billing_invoice_numbers.sql
postgres-1  | BEGIN
postgres-1  | CREATE TABLE
postgres-1  | ALTER TABLE
postgres-1  | ALTER TABLE
postgres-1  | CREATE POLICY
postgres-1  | CREATE POLICY
postgres-1  | CREATE POLICY
postgres-1  | ALTER TABLE
postgres-1  | ALTER TABLE
postgres-1  | UPDATE 0
postgres-1  | ALTER TABLE
postgres-1  | ALTER TABLE
postgres-1  | UPDATE 0
postgres-1  | INSERT 0 0
postgres-1  | ALTER TABLE
postgres-1  | CREATE INDEX
postgres-1  | GRANT
postgres-1  | GRANT
postgres-1  | GRANT
postgres-1  | COMMIT
postgres-1  | certification-init: applying 0045_project_function_invocations.sql
postgres-1  | BEGIN
postgres-1  | CREATE TABLE
postgres-1  | CREATE INDEX
postgres-1  | ALTER TABLE
postgres-1  | ALTER TABLE
postgres-1  | CREATE POLICY
postgres-1  | CREATE POLICY
postgres-1  | REVOKE
postgres-1  | GRANT
postgres-1  | GRANT
postgres-1  | COMMIT
postgres-1  | certification-init: applying 0046_project_auth_audit.sql
postgres-1  | BEGIN
postgres-1  | GRANT
postgres-1  | GRANT
postgres-1  | GRANT
postgres-1  | GRANT
postgres-1  | CREATE POLICY
postgres-1  | COMMIT
postgres-1  | certification-init: applying 0047_audit_chain_order.sql
postgres-1  | BEGIN
postgres-1  | CREATE FUNCTION
postgres-1  | COMMIT
postgres-1  | certification-init: applying 0048_project_auth_mfa_enforcement.sql
postgres-1  | BEGIN
postgres-1  | CREATE TABLE
postgres-1  | ALTER TABLE
postgres-1  | ALTER TABLE
postgres-1  | CREATE FUNCTION
postgres-1  | CREATE TRIGGER
postgres-1  | REVOKE
postgres-1  | REVOKE
postgres-1  | GRANT
postgres-1  | GRANT
postgres-1  | GRANT
postgres-1  | COMMIT
postgres-1  | certification-init: applying 0049_project_database_webhooks.sql
postgres-1  | CREATE TABLE
postgres-1  | CREATE INDEX
postgres-1  | ALTER TABLE
postgres-1  | CREATE POLICY
postgres-1  | CREATE POLICY
postgres-1  | CREATE POLICY
postgres-1  | REVOKE
postgres-1  | GRANT
postgres-1  | certification-init: applying 0050_project_database_webhook_cursors.sql
postgres-1  | CREATE TABLE
postgres-1  | ALTER TABLE
postgres-1  | CREATE POLICY
postgres-1  | CREATE POLICY
postgres-1  | CREATE POLICY
postgres-1  | REVOKE
postgres-1  | GRANT
postgres-1  | certification-init: applying 0051_project_auth_return_targets.sql
postgres-1  | BEGIN
postgres-1  | ALTER TABLE
postgres-1  | ALTER TABLE
postgres-1  | REVOKE
postgres-1  | GRANT
postgres-1  | COMMIT
postgres-1  | certification-init: applying 0052_project_auth_rate_limits.sql
postgres-1  | BEGIN
postgres-1  | ALTER TABLE
postgres-1  | ALTER TABLE
postgres-1  | CREATE TABLE
postgres-1  | CREATE INDEX
postgres-1  | REVOKE
postgres-1  | GRANT
postgres-1  | REVOKE
postgres-1  | GRANT
postgres-1  | COMMIT
postgres-1  | certification-init: applying 0053_project_auth_password_protection.sql
postgres-1  | BEGIN
postgres-1  | ALTER TABLE
postgres-1  | ALTER TABLE
postgres-1  | REVOKE
postgres-1  | GRANT
postgres-1  | COMMIT
postgres-1  | certification-init: applying 0054_project_log_drains.sql
postgres-1  | BEGIN
postgres-1  | CREATE FUNCTION
postgres-1  | REVOKE
postgres-1  | GRANT
postgres-1  | CREATE TABLE
postgres-1  | CREATE INDEX
postgres-1  | ALTER TABLE
postgres-1  | CREATE POLICY
postgres-1  | CREATE POLICY
postgres-1  | CREATE POLICY
postgres-1  | REVOKE
postgres-1  | GRANT
postgres-1  | COMMIT
postgres-1  | certification-init: applying 0055_user_console_settings.sql
postgres-1  | BEGIN
postgres-1  | CREATE TABLE
postgres-1  | CREATE TRIGGER
postgres-1  | REVOKE
postgres-1  | GRANT
postgres-1  | COMMIT
postgres-1  | certification-init: applying 0056_project_log_drain_cursors.sql
postgres-1  | BEGIN
postgres-1  | CREATE TABLE
postgres-1  | ALTER TABLE
postgres-1  | CREATE POLICY
postgres-1  | CREATE POLICY
postgres-1  | CREATE POLICY
postgres-1  | REVOKE
postgres-1  | GRANT
postgres-1  | COMMIT
postgres-1  | certification-init: applying 0057_project_dashboard_webhooks.sql
postgres-1  | BEGIN
postgres-1  | CREATE FUNCTION
postgres-1  | REVOKE
postgres-1  | GRANT
postgres-1  | CREATE TABLE
postgres-1  | CREATE INDEX
postgres-1  | ALTER TABLE
postgres-1  | CREATE POLICY
postgres-1  | CREATE POLICY
postgres-1  | CREATE POLICY
postgres-1  | REVOKE
postgres-1  | GRANT
postgres-1  | CREATE TABLE
postgres-1  | ALTER TABLE
postgres-1  | CREATE POLICY
postgres-1  | CREATE POLICY
postgres-1  | CREATE POLICY
postgres-1  | REVOKE
postgres-1  | GRANT
postgres-1  | COMMIT
postgres-1  | certification-init: applying 0058_project_auth_hooks.sql
postgres-1  | BEGIN
postgres-1  | ALTER TABLE
postgres-1  | ALTER TABLE
postgres-1  | ALTER TABLE
postgres-1  | ALTER TABLE
postgres-1  | REVOKE
postgres-1  | GRANT
postgres-1  | COMMIT
postgres-1  | certification-init: applying 0059_project_storage_s3_access_keys.sql
postgres-1  | BEGIN
postgres-1  | CREATE TABLE
postgres-1  | CREATE INDEX
postgres-1  | CREATE INDEX
postgres-1  | CREATE TABLE
postgres-1  | CREATE INDEX
postgres-1  | CREATE FUNCTION
postgres-1  | CREATE TRIGGER
postgres-1  | ALTER TABLE
postgres-1  | ALTER TABLE
postgres-1  | CREATE POLICY
postgres-1  | CREATE POLICY
postgres-1  | CREATE POLICY
postgres-1  | CREATE POLICY
postgres-1  | CREATE POLICY
postgres-1  | CREATE POLICY
postgres-1  | REVOKE
postgres-1  | REVOKE
postgres-1  | REVOKE
postgres-1  | GRANT
postgres-1  | GRANT
postgres-1  | GRANT
postgres-1  | GRANT
postgres-1  | COMMIT
postgres-1  | certification-init: applying 0060_project_auth_passkeys.sql
postgres-1  | BEGIN
postgres-1  | CREATE TABLE
postgres-1  | CREATE INDEX
postgres-1  | ALTER TABLE
postgres-1  | ALTER TABLE
postgres-1  | CREATE TRIGGER
postgres-1  | REVOKE
postgres-1  | GRANT
postgres-1  | GRANT
postgres-1  | COMMIT
postgres-1  | certification-init: applying 0061_project_auth_third_party_providers.sql
postgres-1  | BEGIN
postgres-1  | CREATE TABLE
postgres-1  | ALTER TABLE
postgres-1  | ALTER TABLE
postgres-1  | ALTER TABLE
postgres-1  | ALTER TABLE
postgres-1  | ALTER TABLE
postgres-1  | REVOKE
postgres-1  | GRANT
postgres-1  | COMMIT
postgres-1  | certification-init: applying 0062_project_auth_oauth_server.sql
postgres-1  | BEGIN
postgres-1  | CREATE TABLE
postgres-1  | ALTER TABLE
postgres-1  | ALTER TABLE
postgres-1  | ALTER TABLE
postgres-1  | REVOKE
postgres-1  | GRANT
postgres-1  | CREATE TABLE
postgres-1  | ALTER TABLE
postgres-1  | ALTER TABLE
postgres-1  | ALTER TABLE
postgres-1  | CREATE TRIGGER
postgres-1  | REVOKE
postgres-1  | GRANT
postgres-1  | GRANT
postgres-1  | CREATE TABLE
postgres-1  | ALTER TABLE
postgres-1  | ALTER TABLE
postgres-1  | REVOKE
postgres-1  | GRANT
postgres-1  | COMMIT
postgres-1  | certification-init: applying 0063_project_auth_expiry_retention.sql
postgres-1  | BEGIN
postgres-1  | CREATE INDEX
postgres-1  | CREATE INDEX
postgres-1  | CREATE INDEX
postgres-1  | GRANT
postgres-1  | GRANT
postgres-1  | GRANT
postgres-1  | COMMIT
postgres-1  | certification-init: applying 0064_project_auth_oauth_consents.sql
postgres-1  | BEGIN
postgres-1  | CREATE TABLE
postgres-1  | ALTER TABLE
postgres-1  | ALTER TABLE
postgres-1  | CREATE INDEX
postgres-1  | CREATE INDEX
postgres-1  | CREATE TRIGGER
postgres-1  | CREATE FUNCTION
postgres-1  | CREATE TRIGGER
postgres-1  | REVOKE
postgres-1  | REVOKE
postgres-1  | GRANT
postgres-1  | GRANT
postgres-1  | GRANT
postgres-1  | ALTER TABLE
postgres-1  | ALTER TABLE
postgres-1  | COMMIT
postgres-1  | certification-init: applying 0065_project_storage_s3_access_key_secrets.sql
postgres-1  | BEGIN
postgres-1  | ALTER TABLE
postgres-1  | CREATE FUNCTION
postgres-1  | CREATE FUNCTION
postgres-1  | REVOKE
postgres-1  | GRANT
postgres-1  | COMMIT
postgres-1  | certification-init: applying 0066_project_cron_time_zone.sql
postgres-1  | ALTER TABLE
postgres-1  | certification-init: applying 0069_project_function_invocation_output.sql
postgres-1  | BEGIN
postgres-1  | CREATE TABLE
postgres-1  | CREATE INDEX
postgres-1  | ALTER TABLE
postgres-1  | ALTER TABLE
postgres-1  | CREATE POLICY
postgres-1  | CREATE POLICY
postgres-1  | REVOKE
postgres-1  | GRANT
postgres-1  | GRANT
postgres-1  | COMMIT
postgres-1  | certification-init: applying 0070_project_auth_saml.sql
postgres-1  | BEGIN
postgres-1  | CREATE TABLE
postgres-1  | CREATE INDEX
postgres-1  | ALTER TABLE
postgres-1  | ALTER TABLE
postgres-1  | ALTER TABLE
postgres-1  | ALTER TABLE
postgres-1  | CREATE TRIGGER
postgres-1  | REVOKE
postgres-1  | GRANT
postgres-1  | COMMIT
postgres-1  | certification-init: applying 0071_project_storage_s3_multipart.sql
postgres-1  | BEGIN
postgres-1  | ALTER TABLE
postgres-1  | ALTER TABLE
postgres-1  | ALTER TABLE
postgres-1  | ALTER TABLE
postgres-1  | ALTER TABLE
postgres-1  | ALTER TABLE
postgres-1  | ALTER TABLE
postgres-1  | ALTER TABLE
postgres-1  | CREATE TABLE
postgres-1  | CREATE INDEX
postgres-1  | CREATE FUNCTION
postgres-1  | GRANT
postgres-1  | REVOKE
postgres-1  | ALTER TABLE
postgres-1  | CREATE POLICY
postgres-1  | CREATE POLICY
postgres-1  | CREATE POLICY
postgres-1  | CREATE POLICY
postgres-1  | GRANT
postgres-1  | GRANT
postgres-1  | COMMIT
postgres-1  | certification-init: applying 0073_project_auth_oauth_tool_scopes.sql
postgres-1  | BEGIN
postgres-1  | ALTER TABLE
postgres-1  | ALTER TABLE
postgres-1  | ALTER TABLE
postgres-1  | ALTER TABLE
postgres-1  | ALTER TABLE
postgres-1  | ALTER TABLE
postgres-1  | ALTER TABLE
postgres-1  | ALTER TABLE
postgres-1  | COMMIT
postgres-1  | certification-init: applying 0075_log_drain_function_output_source.sql
postgres-1  | BEGIN
postgres-1  | CREATE FUNCTION
postgres-1  | REVOKE
postgres-1  | GRANT
postgres-1  | COMMIT
postgres-1  | certification-init: applying 0077_realtime_presence.sql
postgres-1  | BEGIN
postgres-1  | CREATE TABLE
postgres-1  | CREATE INDEX
postgres-1  | CREATE INDEX
postgres-1  | ALTER TABLE
postgres-1  | CREATE POLICY
postgres-1  | CREATE POLICY
postgres-1  | CREATE POLICY
postgres-1  | CREATE POLICY
postgres-1  | REVOKE
postgres-1  | GRANT
postgres-1  | GRANT
postgres-1  | COMMIT
postgres-1  | certification-init: applying 0078_project_auth_oauth_storage_write_scope.sql
postgres-1  | BEGIN
postgres-1  | ALTER TABLE
postgres-1  | ALTER TABLE
postgres-1  | ALTER TABLE
postgres-1  | ALTER TABLE
postgres-1  | ALTER TABLE
postgres-1  | ALTER TABLE
postgres-1  | ALTER TABLE
postgres-1  | ALTER TABLE
postgres-1  | COMMIT
postgres-1  | certification-init: applying 0080_billing_invoice_positions.sql
postgres-1  | BEGIN
postgres-1  | ALTER TABLE
postgres-1  | UPDATE 0
postgres-1  | ALTER TABLE
postgres-1  | ALTER TABLE
postgres-1  | ALTER TABLE
postgres-1  | ALTER TABLE
postgres-1  | GRANT
postgres-1  | CREATE TABLE
postgres-1  | CREATE INDEX
postgres-1  | ALTER TABLE
postgres-1  | ALTER TABLE
postgres-1  | CREATE POLICY
postgres-1  | CREATE POLICY
postgres-1  | REVOKE
postgres-1  | GRANT
postgres-1  | GRANT
postgres-1  | GRANT
postgres-1  | COMMIT
postgres-1  | certification-init: applying 0081_project_queue_message_traces.sql
postgres-1  | BEGIN
postgres-1  | CREATE TABLE
postgres-1  | CREATE INDEX
postgres-1  | CREATE INDEX
postgres-1  | CREATE FUNCTION
postgres-1  | CREATE TRIGGER
postgres-1  | ALTER TABLE
postgres-1  | ALTER TABLE
postgres-1  | CREATE POLICY
postgres-1  | CREATE POLICY
postgres-1  | CREATE POLICY
postgres-1  | REVOKE
postgres-1  | REVOKE
postgres-1  | GRANT
postgres-1  | GRANT
postgres-1  | COMMIT
postgres-1  | certification-init: applying 0082_trace_spans_and_outbound_anchor.sql
postgres-1  | BEGIN
postgres-1  | ALTER TABLE
postgres-1  | ALTER TABLE
postgres-1  | ALTER TABLE
postgres-1  | ALTER TABLE
postgres-1  | ALTER TABLE
postgres-1  | CREATE FUNCTION
postgres-1  | REVOKE
postgres-1  | COMMIT
postgres-1  | certification-init: applying 0083_project_database_backups.sql
postgres-1  | BEGIN
postgres-1  | CREATE TABLE
postgres-1  | CREATE INDEX
postgres-1  | CREATE INDEX
postgres-1  | CREATE INDEX
postgres-1  | CREATE TRIGGER
postgres-1  | ALTER TABLE
postgres-1  | ALTER TABLE
postgres-1  | CREATE POLICY
postgres-1  | REVOKE
postgres-1  | GRANT
postgres-1  | GRANT
postgres-1  | COMMIT
postgres-1  | certification-init: applying 0084_project_database_backup_schedules.sql
postgres-1  | BEGIN
postgres-1  | ALTER TABLE
postgres-1  | COMMENT
postgres-1  | ALTER TABLE
postgres-1  | ALTER TABLE
postgres-1  | ALTER TABLE
postgres-1  | ALTER TABLE
postgres-1  | ALTER TABLE
postgres-1  | ALTER TABLE
postgres-1  | CREATE INDEX
postgres-1  | GRANT
postgres-1  | CREATE TABLE
postgres-1  | CREATE INDEX
postgres-1  | CREATE TRIGGER
postgres-1  | INSERT 0 0
postgres-1  | ALTER TABLE
postgres-1  | ALTER TABLE
postgres-1  | CREATE POLICY
postgres-1  | REVOKE
postgres-1  | GRANT
postgres-1  | GRANT
postgres-1  | CREATE FUNCTION
postgres-1  | REVOKE
postgres-1  | CREATE TRIGGER
postgres-1  | COMMIT
postgres-1  | certification-init: applying 0085_project_queue_trace_search.sql
postgres-1  | BEGIN
postgres-1  | CREATE INDEX
postgres-1  | COMMIT
postgres-1  | certification-init: applying 0086_user_console_interface_mode.sql
postgres-1  | BEGIN
postgres-1  | ALTER TABLE
postgres-1  | GRANT
postgres-1  | COMMIT
postgres-1  | certification-init: applied 80 migrations
postgres-1  | CREATE EXTENSION
postgres-1  | CREATE ROLE
postgres-1  | CREATE ROLE
postgres-1  | CREATE ROLE
postgres-1  | CREATE ROLE
postgres-1  | CREATE ROLE
postgres-1  | GRANT ROLE
postgres-1  | GRANT ROLE
postgres-1  | GRANT ROLE
postgres-1  | GRANT ROLE
postgres-1  | 2026-10-04 06:55:55.923 UTC [382] WARNING:  role "qkern_app" has not been granted membership in role "qkern_auth" by role "qkern"
postgres-1  | REVOKE ROLE
postgres-1  | 2026-10-04 06:55:55.925 UTC [382] WARNING:  role "qkern_app" has not been granted membership in role "qkern_worker" by role "qkern"
postgres-1  | WARNING:  role "qkern_app" has not been granted membership in role "qkern_auth" by role "qkern"
postgres-1  | REVOKE ROLE
postgres-1  | WARNING:  role "qkern_app" has not been granted membership in role "qkern_worker" by role "qkern"
postgres-1  | 2026-10-04 06:55:55.927 UTC [382] WARNING:  role "qkern_app" has not been granted membership in role "qkern_provisioner" by role "qkern"
postgres-1  | WARNING:  role "qkern_app" has not been granted membership in role "qkern_provisioner" by role "qkern"
postgres-1  | REVOKE ROLE
postgres-1  | 2026-10-04 06:55:55.929 UTC [382] WARNING:  role "qkern_auth_app" has not been granted membership in role "qkern_runtime" by role "qkern"
postgres-1  | WARNING:  role "qkern_auth_app" has not been granted membership in role "qkern_runtime" by role "qkern"
postgres-1  | REVOKE ROLE
postgres-1  | WARNING:  role "qkern_auth_app" has not been granted membership in role "qkern_worker" by role "qkern"
postgres-1  | WARNING:  role "qkern_auth_app" has not been granted membership in role "qkern_provisioner" by role "qkern"
postgres-1  | 2026-10-04 06:55:55.931 UTC [382] WARNING:  role "qkern_auth_app" has not been granted membership in role "qkern_worker" by role "qkern"
postgres-1  | REVOKE ROLE
postgres-1  | 2026-10-04 06:55:55.932 UTC [382] WARNING:  role "qkern_auth_app" has not been granted membership in role "qkern_provisioner" by role "qkern"
postgres-1  | WARNING:  role "qkern_worker_app" has not been granted membership in role "qkern_runtime" by role "qkern"
postgres-1  | WARNING:  role "qkern_worker_app" has not been granted membership in role "qkern_auth" by role "qkern"
postgres-1  | WARNING:  role "qkern_worker_app" has not been granted membership in role "qkern_provisioner" by role "qkern"
postgres-1  | REVOKE ROLE
postgres-1  | 2026-10-04 06:55:55.932 UTC [382] WARNING:  role "qkern_worker_app" has not been granted membership in role "qkern_runtime" by role "qkern"
postgres-1  | 2026-10-04 06:55:55.932 UTC [382] WARNING:  role "qkern_worker_app" has not been granted membership in role "qkern_auth" by role "qkern"
postgres-1  | 2026-10-04 06:55:55.933 UTC [382] WARNING:  role "qkern_worker_app" has not been granted membership in role "qkern_provisioner" by role "qkern"
postgres-1  | REVOKE ROLE
postgres-1  | WARNING:  role "qkern_provisioner_app" has not been granted membership in role "qkern_runtime" by role "qkern"
postgres-1  | 2026-10-04 06:55:55.933 UTC [382] WARNING:  role "qkern_provisioner_app" has not been granted membership in role "qkern_runtime" by role "qkern"
postgres-1  | WARNING:  role "qkern_provisioner_app" has not been granted membership in role "qkern_auth" by role "qkern"
postgres-1  | WARNING:  role "qkern_provisioner_app" has not been granted membership in role "qkern_worker" by role "qkern"
postgres-1  | 2026-10-04 06:55:55.935 UTC [382] WARNING:  role "qkern_provisioner_app" has not been granted membership in role "qkern_auth" by role "qkern"
postgres-1  | 2026-10-04 06:55:55.935 UTC [382] WARNING:  role "qkern_provisioner_app" has not been granted membership in role "qkern_worker" by role "qkern"
postgres-1  | REVOKE ROLE
postgres-1  | 2026-10-04 06:55:55.937 UTC [382] WARNING:  role "qkern_project_api_app" has not been granted membership in role "qkern_runtime" by role "qkern"
postgres-1  | 2026-10-04 06:55:55.938 UTC [382] WARNING:  role "qkern_project_api_app" has not been granted membership in role "qkern_auth" by role "qkern"
postgres-1  | 2026-10-04 06:55:55.938 UTC [382] WARNING:  role "qkern_project_api_app" has not been granted membership in role "qkern_worker" by role "qkern"
postgres-1  | 2026-10-04 06:55:55.938 UTC [382] WARNING:  role "qkern_project_api_app" has not been granted membership in role "qkern_provisioner" by role "qkern"
postgres-1  | WARNING:  role "qkern_project_api_app" has not been granted membership in role "qkern_runtime" by role "qkern"
postgres-1  | WARNING:  role "qkern_project_api_app" has not been granted membership in role "qkern_auth" by role "qkern"
postgres-1  | WARNING:  role "qkern_project_api_app" has not been granted membership in role "qkern_worker" by role "qkern"
postgres-1  | WARNING:  role "qkern_project_api_app" has not been granted membership in role "qkern_provisioner" by role "qkern"
postgres-1  | REVOKE ROLE
postgres-1  | ALTER ROLE
postgres-1  | ALTER ROLE
postgres-1  | ALTER ROLE
postgres-1  | ALTER ROLE
postgres-1  | ALTER ROLE
postgres-1  | ALTER ROLE
postgres-1  | ALTER ROLE
postgres-1  | ALTER ROLE
postgres-1  | ALTER ROLE
postgres-1  | ALTER ROLE
postgres-1  | ALTER ROLE
postgres-1  | ALTER ROLE
postgres-1  | ALTER ROLE
postgres-1  | ALTER ROLE
postgres-1  | ALTER ROLE
postgres-1  | project-database: kein Passwort gesetzt, lokale Projektdatenbank wird nicht angelegt
postgres-1  | 
postgres-1  | waiting for server to shut down...2026-10-04 06:55:56.012 UTC [57] LOG:  received fast shutdown request
postgres-1  | .2026-10-04 06:55:56.012 UTC [57] LOG:  aborting any active transactions
postgres-1  | 2026-10-04 06:55:56.029 UTC [57] LOG:  background worker "logical replication launcher" (PID 63) exited with exit code 1
postgres-1  | 2026-10-04 06:55:56.033 UTC [58] LOG:  shutting down
postgres-1  | 2026-10-04 06:55:56.034 UTC [58] LOG:  checkpoint starting: shutdown immediate
postgres-1  | 2026-10-04 06:55:56.092 UTC [58] LOG:  checkpoint complete: wrote 1299 buffers (7.9%); 0 WAL file(s) added, 0 removed, 0 recycled; write=0.045 s, sync=0.012 s, total=0.059 s; sync files=785, longest=0.001 s, average=0.001 s; distance=9086 kB, estimate=9086 kB; lsn=0/1DD1A60, redo lsn=0/1DD1A60
postgres-1  | 2026-10-04 06:55:56.121 UTC [57] LOG:  database system is shut down
postgres-1  |  done
postgres-1  | server stopped
postgres-1  | 
postgres-1  | PostgreSQL init process complete; ready for start up.
postgres-1  | 
postgres-1  | 2026-10-04 06:55:56.264 UTC [1] LOG:  starting PostgreSQL 17.10 on x86_64-pc-linux-musl, compiled by gcc (Alpine 15.2.0) 15.2.0, 64-bit
postgres-1  | 2026-10-04 06:55:56.265 UTC [1] LOG:  listening on IPv4 address "0.0.0.0", port 5432
postgres-1  | 2026-10-04 06:55:56.265 UTC [1] LOG:  listening on IPv6 address "::", port 5432
postgres-1  | 2026-10-04 06:55:56.272 UTC [1] LOG:  listening on Unix socket "/var/run/postgresql/.s.PGSQL.5432"
postgres-1  | 2026-10-04 06:55:56.277 UTC [388] LOG:  database system was shut down at 2026-10-04 06:55:56 UTC
postgres-1  | 2026-10-04 06:55:56.298 UTC [1] LOG:  database system is ready to accept connections
 Container qkern-slice-w31-postgres-1 Healthy 
 Container qkern-slice-w31-certification-1 Starting 
 Container qkern-slice-w31-certification-1 Started 
certification-1  | vault-seed: one signing secret written
certification-1  | 
certification-1  | added 240 packages, and audited 241 packages in 41s
certification-1  | 
certification-1  | 61 packages are looking for funding
certification-1  |   run `npm fund` for details
certification-1  | 
certification-1  | 10 vulnerabilities (6 moderate, 3 high, 1 critical)
certification-1  | 
certification-1  | To address issues that do not require attention, run:
certification-1  |   npm audit fix
certification-1  | 
certification-1  | To address all issues, run:
certification-1  |   npm audit fix --force
certification-1  | 
certification-1  | Run `npm audit` for details.
certification-1  | npm notice
certification-1  | npm notice New major version of npm available! 11.17.0 -> 12.2.0
certification-1  | npm notice Changelog: https://github.com/npm/cli/releases/tag/v12.2.0
certification-1  | npm notice To update run: npm install -g npm@12.2.0
certification-1  | npm notice
certification-1  | 
certification-1  | > qkern-platform@2.78.0 test:postgres
certification-1  | > vitest run tests/postgres.integration.test.ts tests/postgres-incident-recovery.integration.test.ts tests/generated-data-postgres.integration.test.ts tests/project-auth-postgres.integration.test.ts tests/project-storage-postgres.integration.test.ts tests/project-queues-postgres.integration.test.ts tests/usage-metering-postgres.integration.test.ts tests/realtime-postgres.integration.test.ts tests/realtime-change-feed-postgres.integration.test.ts tests/realtime-change-chain-postgres.integration.test.ts tests/realtime-change-soak-postgres.integration.test.ts tests/project-queues-multi-instance.integration.test.ts tests/compute-cron-postgres.integration.test.ts tests/compute-webhook-postgres.integration.test.ts tests/compute-webhook-chain.integration.test.ts tests/compute-definitions-postgres.integration.test.ts tests/compute-functions-postgres.integration.test.ts tests/usage-emitters-postgres.integration.test.ts tests/migration-process-postgres.integration.test.ts tests/realtime-process-postgres.integration.test.ts tests/provisioning-port-postgres.integration.test.ts tests/migration-enqueue-postgres.integration.test.ts tests/sql-privilege-clause-contract.integration.test.ts tests/queue-connection-pressure-postgres.integration.test.ts tests/usage-billing-postgres.integration.test.ts tests/billing-invoice-postgres.integration.test.ts tests/data-plane-query-postgres.integration.test.ts tests/data-plane-triggers-postgres.integration.test.ts tests/data-plane-functions-postgres.integration.test.ts tests/data-plane-catalog-postgres.integration.test.ts tests/data-plane-catalog-wide-postgres.integration.test.ts
certification-1  | 
certification-1  | 
certification-1  | [1m[30m[46m RUN [49m[39m[22m [36mv4.1.10 [39m[90m/workspace/qkern[39m
certification-1  | 
postgres-1       | 2026-10-04 06:57:23.773 UTC [799] ERROR:  permission denied for table project_database_provisioning_jobs
postgres-1       | 2026-10-04 06:57:23.773 UTC [799] STATEMENT:  SELECT 1 FROM project_database_provisioning_jobs LIMIT 1
postgres-1       | 2026-10-04 06:57:23.795 UTC [799] ERROR:  permission denied for table project_database_bindings
postgres-1       | 2026-10-04 06:57:23.795 UTC [799] STATEMENT:  SELECT 1 FROM project_database_bindings LIMIT 1
postgres-1       | 2026-10-04 06:57:24.186 UTC [767] ERROR:  new row for relation "migration_incident_delivery_commands" violates check constraint "migration_incident_delivery_commands_expected_failure_code"
postgres-1       | 2026-10-04 06:57:24.186 UTC [767] DETAIL:  Failing row contains (7feeaf5e-2329-42b8-bbbd-d91438da87f3, 2ad0c4c0-68dc-44d8-ae5d-42924ca84405, deffacc7-5e56-4eb0-932b-4dd31fd6a312, constraint-test, destination_recovered, pending, null, 2026-10-04 06:57:24.184615+00, 2026-10-04 06:57:24.184615+00, null, null).
postgres-1       | 2026-10-04 06:57:24.186 UTC [767] STATEMENT:  INSERT INTO migration_incident_delivery_commands
postgres-1       | 	           (organization_id, migration_incident_id, requested_by, reason_code,
postgres-1       | 	            expected_failure_code, expected_retry_cycle)
postgres-1       | 	         VALUES ($1, $2, 'constraint-test', 'destination_recovered', NULL, NULL)
postgres-1       | 2026-10-04 06:57:24.203 UTC [780] ERROR:  new row violates row-level security policy for table "items"
postgres-1       | 2026-10-04 06:57:24.203 UTC [780] CONTEXT:  SQL function "add_item" statement 1
postgres-1       | 2026-10-04 06:57:24.203 UTC [780] STATEMENT:  SELECT "generated_cf92c1db_da13_4a02_8929_3634bacd2b94"."add_item"("item_name" => $1::text, "item_owner" => $2::text) AS result
postgres-1       | 2026-10-04 06:57:24.239 UTC [816] ERROR:  relation "change_feed" already exists
postgres-1       | 2026-10-04 06:57:24.239 UTC [816] STATEMENT:  -- Run once after 0002_qkern_migration_fence.sql as the trusted project database
postgres-1       | 	-- provisioner. Provides trigger-based change capture for Realtime.
postgres-1       | 	--
postgres-1       | 	-- ## Warum Trigger und nicht logische Replikation
postgres-1       | 	--
postgres-1       | 	-- Logische Replikation sieht jede Aenderung ohne Schemaeingriff, verlangt aber
postgres-1       | 	-- eine Rolle mit Replikationsrecht und einen Slot. Beides steht im direkten
postgres-1       | 	-- Widerspruch zu diesem Schema: 0001 prueft fuer jede beteiligte Rolle
postgres-1       | 	-- ausdruecklich rolreplication = false. Ein hängender Konsument laesst den Slot
postgres-1       | 	-- ausserdem unbegrenzt WAL halten, bis die Platte voll ist -- ein
postgres-1       | 	-- Betriebsrisiko, das der Kunde traegt und QKERN nicht begrenzen kann.
postgres-1       | 	--
postgres-1       | 	-- Trigger sind begrenzbar: der Feed hat Groessengrenzen und Aufbewahrung, und
postgres-1       | 	-- das Anschalten je Tabelle ist eine Schemaaenderung, die den vorhandenen
postgres-1       | 	-- Change-Set- und Approval-Weg durchlaeuft.
postgres-1       | 	--
postgres-1       | 	-- ## Warum keine Zeilenwerte gespeichert werden
postgres-1       | 	--
postgres-1       | 	-- Der Feed haelt ausschliesslich die Primaerschluesselwerte. Die eigentlichen
postgres-1       | 	-- Zeilenwerte werden je Abonnent frisch gelesen, und zwar mit dessen Claims.
postgres-1       | 	-- Row Level Security autorisiert und erzeugt die Nutzlast damit in einem
postgres-1       | 	-- Schritt. Wuerden die Werte hier liegen, muesste eine zweite, unabhaengige
postgres-1       | 	-- Sichtbarkeitspruefung sie korrekt filtern -- eine Kopie der RLS-Logik
postgres-1       | 	-- ausserhalb der Datenbank und damit eine dauerhafte Fehlerquelle.
postgres-1       | 	
postgres-1       | 	BEGIN;
postgres-1       | 	
postgres-1       | 	CREATE TABLE qkern_internal.change_feed (
postgres-1       | 	  position bigint GENERATED ALWAYS AS IDENTITY PRIMARY KEY,
postgres-1       | 	  schema_name text NOT NULL CHECK (schema_name ~ '^[a-z_][a-z0-9_]{0,62}$'),
postgres-1       | 	  table_name text NOT NULL CHECK (table_name ~ '^[a-z_][a-z0-9_]{0,62}$'),
postgres-1       | 	  operation text NOT NULL CHECK (operation IN ('insert', 'update', 'delete')),
postgres-1       | 	  -- Nur Primaerschluesselwerte. Die Grenze verhindert, dass ein zusammengesetzter
postgres-1       | 	  -- Schluessel den Feed aufblaeht.
postgres-1       | 	  row_key jsonb NOT NULL CHECK (octet_length(row_key::text) <= 4096),
postgres-1       | 	  committed_at timestamptz NOT NULL DEFAULT now()
postgres-1       | 	);
postgres-1       | 	
postgres-1       | 	CREATE INDEX change_feed_retention_idx ON qkern_internal.change_feed (committed_at);
postgres-1       | 	
postgres-1       | 	ALTER TABLE qkern_internal.change_feed OWNER TO qkern_ledger_owner;
postgres-1       | 	
postgres-1       | 	-- SECURITY DEFINER: Der Schreiber einer Zeile besitzt keine Rechte auf dem
postgres-1       | 	-- Feed und soll sie auch nicht bekommen. Der Trigger schreibt stellvertretend.
postgres-1       | 	-- search_path wird fest gesetzt, damit kein Aufrufer die aufgeloesten Objekte
postgres-1       | 	-- umlenken kann.
postgres-1       | 	CREATE OR REPLACE FUNCTION qkern_internal.capture_change()
postgres-1       | 	RETURNS trigger
postgres-1       | 	LANGUAGE plpgsql
postgres-1       | 	SECURITY DEFINER
postgres-1       | 	SET search_path = qkern_internal, pg_catalog
postgres-1       | 	AS $$
postgres-1       | 	DECLARE
postgres-1       | 	  key_columns text[];
postgres-1       | 	  source record;
postgres-1       | 	  key jsonb;
postgres-1       | 	BEGIN
postgres-1       | 	  SELECT array_agg(attribute.attname ORDER BY attribute.attnum)
postgres-1       | 	    INTO key_columns
postgres-1       | 	    FROM pg_index index
postgres-1       | 	    JOIN pg_attribute attribute
postgres-1       | 	      ON attribute.attrelid = index.indrelid AND attribute.attnum = ANY (index.indkey)
postgres-1       | 	   WHERE index.indrelid = TG_RELID AND index.indisprimary;
postgres-1       | 	
postgres-1       | 	  IF key_columns IS NULL THEN
postgres-1       | 	    RAISE EXCEPTION 'change capture requires a primary key on %.%', TG_TABLE_SCHEMA, TG_TABLE_NAME
postgres-1       | 	      USING ERRCODE = '55000';
postgres-1       | 	  END IF;
postgres-1       | 	
postgres-1       | 	  source := CASE WHEN TG_OP = 'DELETE' THEN OLD ELSE NEW END;
postgres-1       | 	  SELECT jsonb_object_agg(entry.key, entry.value)
postgres-1       | 	    INTO key
postgres-1       | 	    FROM jsonb_each(to_jsonb(source)) AS entry
postgres-1       | 	   WHERE entry.key = ANY (key_columns);
postgres-1       | 	
postgres-1       | 	  INSERT INTO qkern_internal.change_feed (schema_name, table_name, operation, row_key)
postgres-1       | 	  VALUES (TG_TABLE_SCHEMA, TG_TABLE_NAME, lower(TG_OP), key);
postgres-1       | 	
postgres-1       | 	  RETURN NULL;
postgres-1       | 	END;
postgres-1       | 	$$;
postgres-1       | 	
postgres-1       | 	ALTER FUNCTION qkern_internal.capture_change() OWNER TO qkern_ledger_owner;
postgres-1       | 	
postgres-1       | 	REVOKE ALL ON qkern_internal.change_feed FROM PUBLIC;
postgres-1       | 	REVOKE ALL ON FUNCTION qkern_internal.capture_change() FROM PUBLIC;
postgres-1       | 	
postgres-1       | 	-- Die Laufzeitrolle liest den Feed und raeumt ihn auf. Sie darf ihn niemals
postgres-1       | 	-- schreiben: ein erfundenes Aenderungsereignis wuerde einen Lesevorgang mit
postgres-1       | 	-- fremden Claims ausloesen.
postgres-1       | 	GRANT USAGE ON SCHEMA qkern_internal TO qkern_project_api_app;
postgres-1       | 	GRANT SELECT, DELETE ON qkern_internal.change_feed TO qkern_project_api_app;
postgres-1       | 	
postgres-1       | 	COMMIT;
postgres-1       | 	
postgres-1       | 2026-10-04 06:57:24.278 UTC [769] ERROR:  webhook delivery content is immutable
postgres-1       | 2026-10-04 06:57:24.278 UTC [769] CONTEXT:  PL/pgSQL function qkern_validate_project_webhook_delivery_update() line 10 at RAISE
postgres-1       | 2026-10-04 06:57:24.278 UTC [769] STATEMENT:  UPDATE project_webhook_deliveries SET payload='{"tampered":true}'::jsonb WHERE id=$1
postgres-1       | 2026-10-04 06:57:24.368 UTC [819] ERROR:  new row for relation "migration_incident_delivery_commands" violates check constraint "migration_incident_delivery_commands_expected_retry_cycle"
postgres-1       | 2026-10-04 06:57:24.368 UTC [819] DETAIL:  Failing row contains (b1436fbe-d1c7-418e-8560-a013a03ef273, 2ad0c4c0-68dc-44d8-ae5d-42924ca84405, deffacc7-5e56-4eb0-932b-4dd31fd6a312, constraint-test, destination_recovered, pending, null, 2026-10-04 06:57:24.364729+00, 2026-10-04 06:57:24.364729+00, PUBLISH_FAILED, null).
postgres-1       | 2026-10-04 06:57:24.368 UTC [819] STATEMENT:  INSERT INTO migration_incident_delivery_commands
postgres-1       | 	           (organization_id, migration_incident_id, requested_by, reason_code,
postgres-1       | 	            expected_failure_code, expected_retry_cycle)
postgres-1       | 	         VALUES ($1, $2, 'constraint-test', 'destination_recovered', 'PUBLISH_FAILED', NULL)
certification-1  |  [32m✓[39m tests/generated-data-postgres.integration.test.ts [2m([22m[2m9 tests[22m[2m)[22m[33m 1392[2mms[22m[39m
certification-1  |      [33m[2m✓[22m[39m enforces RLS across insert, list, update and delete [33m 308[2mms[22m[39m
certification-1  |  [32m✓[39m tests/provisioning-port-postgres.integration.test.ts [2m([22m[2m6 tests[22m[2m)[22m[33m 1454[2mms[22m[39m
certification-1  |      [33m[2m✓[22m[39m (2.88) hands the web runtime the order of its own tenant and never a field of the binding [33m 835[2mms[22m[39m
postgres-1       | 2026-10-04 06:57:24.528 UTC [823] ERROR:  a settled webhook delivery is final
postgres-1       | 2026-10-04 06:57:24.528 UTC [823] CONTEXT:  PL/pgSQL function qkern_validate_project_webhook_delivery_update() line 16 at RAISE
postgres-1       | 2026-10-04 06:57:24.528 UTC [823] STATEMENT:  UPDATE project_webhook_deliveries SET status='pending' WHERE id=$1
postgres-1       | 2026-10-04 06:57:24.803 UTC [841] ERROR:  permission denied for table project_cron_definitions
postgres-1       | 2026-10-04 06:57:24.803 UTC [841] STATEMENT:  UPDATE project_cron_definitions SET time_zone='UTC' WHERE id=$1
postgres-1       | 2026-10-04 06:57:24.856 UTC [817] ERROR:  duplicate key value violates unique constraint "project_cron_definitions_name_key"
postgres-1       | 2026-10-04 06:57:24.856 UTC [817] STATEMENT:  INSERT INTO project_cron_definitions
postgres-1       | 	           (organization_id, project_id, environment, name, expression, queue, payload, enabled,
postgres-1       | 	            time_zone)
postgres-1       | 	         VALUES ($1,$2,$3,$4,$5,$6,$7,$8,$9)
postgres-1       | 	         RETURNING id, organization_id, project_id, environment, name, expression, queue,
postgres-1       | 	  payload, enabled, time_zone, last_dispatched_at, created_at
postgres-1       | 2026-10-04 06:57:24.919 UTC [850] ERROR:  permission denied for table project_functions
postgres-1       | 2026-10-04 06:57:24.919 UTC [850] STATEMENT:  UPDATE project_functions SET image=$2 WHERE id=$1
postgres-1       | 2026-10-04 06:57:24.952 UTC [849] ERROR:  permission denied for table project_cron_definitions
postgres-1       | 2026-10-04 06:57:24.952 UTC [849] STATEMENT:  UPDATE project_cron_definitions SET expression='*/1 * * * *' WHERE id=$1
postgres-1       | 2026-10-04 06:57:25.006 UTC [854] ERROR:  permission denied for table project_webhooks
postgres-1       | 2026-10-04 06:57:25.006 UTC [854] STATEMENT:  UPDATE project_webhooks SET url='https://elsewhere.example.com/hooks' WHERE id=$1
certification-1  |  [32m✓[39m tests/compute-webhook-postgres.integration.test.ts [2m([22m[2m10 tests[22m[2m)[22m[33m 2034[2mms[22m[39m
certification-1  |      [33m[2m✓[22m[39m persists a delivery and hands it to exactly one of many claimants [33m 322[2mms[22m[39m
postgres-1       | 2026-10-04 06:57:25.027 UTC [852] ERROR:  permission denied for table project_functions
postgres-1       | 2026-10-04 06:57:25.027 UTC [852] STATEMENT:  UPDATE project_functions SET memory_mib=2048 WHERE id=$1
postgres-1       | 2026-10-04 06:57:25.041 UTC [795] ERROR:  project storage object identity is immutable
postgres-1       | 2026-10-04 06:57:25.041 UTC [795] CONTEXT:  PL/pgSQL function qkern_reject_project_storage_object_mutation() line 12 at RAISE
postgres-1       | 2026-10-04 06:57:25.041 UTC [795] STATEMENT:  UPDATE project_storage_objects SET deleted_at=coalesce(deleted_at,$5)
postgres-1       | 	        WHERE organization_id=$1 AND project_id=$2 AND environment=$3 AND id=$4
postgres-1       | 	        RETURNING id,organization_id,project_id,environment,bucket_id,object_key,owner_subject,
postgres-1       | 	  provider_key,size_bytes,content_type,checksum_sha256,etag,status,created_at,delete_after,deleted_at
postgres-1       | 2026-10-04 06:57:25.070 UTC [818] ERROR:  new row for relation "project_functions" violates check constraint "project_functions_image_check"
postgres-1       | 2026-10-04 06:57:25.070 UTC [818] DETAIL:  Failing row contains (f8999f62-e1fb-433b-a5b8-32b3085bef8f, 422ec3eb-7991-4299-a7e4-c6779110ed6f, c6103f5d-6692-4bdb-9aba-b816abf7b164, development, tagged-4b7732bc, nodejs24, registry.example.com/qkern/probe:latest, handler.mjs, 30000, 128, 1, {}, {}, t, 2026-10-04 06:57:25.05811+00).
postgres-1       | 2026-10-04 06:57:25.070 UTC [818] STATEMENT:  INSERT INTO project_functions
postgres-1       | 	         (organization_id, project_id, environment, name, runtime, image, entrypoint)
postgres-1       | 	       VALUES ($1,$2,'development',$3,'nodejs24','registry.example.com/qkern/probe:latest','handler.mjs')
postgres-1       | 2026-10-04 06:57:25.108 UTC [844] ERROR:  duplicate key value violates unique constraint "project_functions_name_key"
postgres-1       | 2026-10-04 06:57:25.108 UTC [844] STATEMENT:  INSERT INTO project_functions
postgres-1       | 	           (organization_id, project_id, environment, name, runtime, image, entrypoint,
postgres-1       | 	            timeout_ms, memory_mib, max_concurrency, egress_origins, secret_refs, enabled)
postgres-1       | 	         VALUES ($1,$2,$3,$4,'nodejs24',$5,$6,$7,$8,$9,$10,$11,$12)
postgres-1       | 	         RETURNING id, organization_id, project_id, environment, name, runtime, image,
postgres-1       | 	  entrypoint, timeout_ms, memory_mib, max_concurrency, egress_origins, secret_refs, enabled,
postgres-1       | 	  created_at
certification-1  |  [32m✓[39m tests/project-storage-postgres.integration.test.ts [2m([22m[2m8 tests[22m[2m)[22m[33m 1980[2mms[22m[39m
certification-1  |      [33m[2m✓[22m[39m persists an exact verified upload and moves quota from reserved to used [33m 498[2mms[22m[39m
certification-1  |      [33m[2m✓[22m[39m commits concurrent completion replays exactly once [33m 393[2mms[22m[39m
postgres-1       | 2026-10-04 06:57:25.395 UTC [861] ERROR:  permission denied for table project_auth_users
postgres-1       | 2026-10-04 06:57:25.395 UTC [861] STATEMENT:  SELECT id FROM project_auth_users LIMIT 1
postgres-1       | 2026-10-04 06:57:25.431 UTC [846] ERROR:  migration incident resolution requires worker-verified ledger evidence
postgres-1       | 2026-10-04 06:57:25.431 UTC [846] CONTEXT:  PL/pgSQL function qkern_validate_migration_incident_acknowledgement() line 49 at RAISE
postgres-1       | 2026-10-04 06:57:25.431 UTC [846] STATEMENT:  UPDATE migration_incidents
postgres-1       | 	       SET status = 'resolved',
postgres-1       | 	           resolution_code = 'target_ledger_match'::qkern_migration_incident_resolution_code
postgres-1       | 	       WHERE organization_id = $1 AND migration_job_id = $2
postgres-1       | 	         AND status IN ('open', 'acknowledged')
postgres-1       | 	       RETURNING 
postgres-1       | 	  id, organization_id, migration_job_id, project_id, environment, change_set_id,
postgres-1       | 	  kind, severity, status, detected_review_cycle, detected_reconciliation_attempt,
postgres-1       | 	  acknowledged_by, acknowledgement_code, acknowledged_at,
postgres-1       | 	  resolved_by, resolution_code, resolved_at, created_at, updated_at
postgres-1       | 2026-10-04 06:57:25.527 UTC [869] ERROR:  permission denied for table project_functions
postgres-1       | 2026-10-04 06:57:25.527 UTC [869] STATEMENT:  UPDATE project_functions SET image=$1 WHERE id=$2
postgres-1       | 2026-10-04 06:57:25.640 UTC [386] LOG:  checkpoint starting: immediate force wait
certification-1  |  [32m✓[39m tests/compute-definitions-postgres.integration.test.ts [2m([22m[2m10 tests[22m[2m)[22m[33m 2100[2mms[22m[39m
certification-1  |      [33m[2m✓[22m[39m creates, lists and pauses a cron definition through the unprivileged runtime role [33m 714[2mms[22m[39m
certification-1  |      [33m[2m✓[22m[39m stores the time zone of a cron definition, defaults it to UTC and keeps it immutable [33m 322[2mms[22m[39m
certification-1  |      [33m[2m✓[22m[39m deploys images only through the door that writes their history [33m 374[2mms[22m[39m
postgres-1       | 2026-10-04 06:57:25.782 UTC [386] LOG:  checkpoint complete: wrote 1670 buffers (10.2%); 0 WAL file(s) added, 0 removed, 1 recycled; write=0.138 s, sync=0.001 s, total=0.143 s; sync files=588, longest=0.001 s, average=0.000 s; distance=12292 kB, estimate=12292 kB; lsn=0/2A00B98, redo lsn=0/29D2E10
certification-1  |  [32m✓[39m tests/postgres-incident-recovery.integration.test.ts [2m([22m[2m6 tests[22m[2m)[22m[33m 3260[2mms[22m[39m
certification-1  |      [33m[2m✓[22m[39m closes PostgreSQL CHECK-NULL bypasses for every new pending command [33m 339[2mms[22m[39m
certification-1  |      [33m[2m✓[22m[39m rejects an old command when the same failure code returns in a later generation [33m 382[2mms[22m[39m
postgres-1       | 2026-10-04 06:57:25.893 UTC [878] ERROR:  relation "change_feed" already exists
postgres-1       | 2026-10-04 06:57:25.893 UTC [878] STATEMENT:  -- Run once after 0002_qkern_migration_fence.sql as the trusted project database
postgres-1       | 	-- provisioner. Provides trigger-based change capture for Realtime.
postgres-1       | 	--
postgres-1       | 	-- ## Warum Trigger und nicht logische Replikation
postgres-1       | 	--
postgres-1       | 	-- Logische Replikation sieht jede Aenderung ohne Schemaeingriff, verlangt aber
postgres-1       | 	-- eine Rolle mit Replikationsrecht und einen Slot. Beides steht im direkten
postgres-1       | 	-- Widerspruch zu diesem Schema: 0001 prueft fuer jede beteiligte Rolle
postgres-1       | 	-- ausdruecklich rolreplication = false. Ein hängender Konsument laesst den Slot
postgres-1       | 	-- ausserdem unbegrenzt WAL halten, bis die Platte voll ist -- ein
postgres-1       | 	-- Betriebsrisiko, das der Kunde traegt und QKERN nicht begrenzen kann.
postgres-1       | 	--
postgres-1       | 	-- Trigger sind begrenzbar: der Feed hat Groessengrenzen und Aufbewahrung, und
postgres-1       | 	-- das Anschalten je Tabelle ist eine Schemaaenderung, die den vorhandenen
postgres-1       | 	-- Change-Set- und Approval-Weg durchlaeuft.
postgres-1       | 	--
postgres-1       | 	-- ## Warum keine Zeilenwerte gespeichert werden
postgres-1       | 	--
postgres-1       | 	-- Der Feed haelt ausschliesslich die Primaerschluesselwerte. Die eigentlichen
postgres-1       | 	-- Zeilenwerte werden je Abonnent frisch gelesen, und zwar mit dessen Claims.
postgres-1       | 	-- Row Level Security autorisiert und erzeugt die Nutzlast damit in einem
postgres-1       | 	-- Schritt. Wuerden die Werte hier liegen, muesste eine zweite, unabhaengige
postgres-1       | 	-- Sichtbarkeitspruefung sie korrekt filtern -- eine Kopie der RLS-Logik
postgres-1       | 	-- ausserhalb der Datenbank und damit eine dauerhafte Fehlerquelle.
postgres-1       | 	
postgres-1       | 	BEGIN;
postgres-1       | 	
postgres-1       | 	CREATE TABLE qkern_internal.change_feed (
postgres-1       | 	  position bigint GENERATED ALWAYS AS IDENTITY PRIMARY KEY,
postgres-1       | 	  schema_name text NOT NULL CHECK (schema_name ~ '^[a-z_][a-z0-9_]{0,62}$'),
postgres-1       | 	  table_name text NOT NULL CHECK (table_name ~ '^[a-z_][a-z0-9_]{0,62}$'),
postgres-1       | 	  operation text NOT NULL CHECK (operation IN ('insert', 'update', 'delete')),
postgres-1       | 	  -- Nur Primaerschluesselwerte. Die Grenze verhindert, dass ein zusammengesetzter
postgres-1       | 	  -- Schluessel den Feed aufblaeht.
postgres-1       | 	  row_key jsonb NOT NULL CHECK (octet_length(row_key::text) <= 4096),
postgres-1       | 	  committed_at timestamptz NOT NULL DEFAULT now()
postgres-1       | 	);
postgres-1       | 	
postgres-1       | 	CREATE INDEX change_feed_retention_idx ON qkern_internal.change_feed (committed_at);
postgres-1       | 	
postgres-1       | 	ALTER TABLE qkern_internal.change_feed OWNER TO qkern_ledger_owner;
postgres-1       | 	
postgres-1       | 	-- SECURITY DEFINER: Der Schreiber einer Zeile besitzt keine Rechte auf dem
postgres-1       | 	-- Feed und soll sie auch nicht bekommen. Der Trigger schreibt stellvertretend.
postgres-1       | 	-- search_path wird fest gesetzt, damit kein Aufrufer die aufgeloesten Objekte
postgres-1       | 	-- umlenken kann.
postgres-1       | 	CREATE OR REPLACE FUNCTION qkern_internal.capture_change()
postgres-1       | 	RETURNS trigger
postgres-1       | 	LANGUAGE plpgsql
postgres-1       | 	SECURITY DEFINER
postgres-1       | 	SET search_path = qkern_internal, pg_catalog
postgres-1       | 	AS $$
postgres-1       | 	DECLARE
postgres-1       | 	  key_columns text[];
postgres-1       | 	  source record;
postgres-1       | 	  key jsonb;
postgres-1       | 	BEGIN
postgres-1       | 	  SELECT array_agg(attribute.attname ORDER BY attribute.attnum)
postgres-1       | 	    INTO key_columns
postgres-1       | 	    FROM pg_index index
postgres-1       | 	    JOIN pg_attribute attribute
postgres-1       | 	      ON attribute.attrelid = index.indrelid AND attribute.attnum = ANY (index.indkey)
postgres-1       | 	   WHERE index.indrelid = TG_RELID AND index.indisprimary;
postgres-1       | 	
postgres-1       | 	  IF key_columns IS NULL THEN
postgres-1       | 	    RAISE EXCEPTION 'change capture requires a primary key on %.%', TG_TABLE_SCHEMA, TG_TABLE_NAME
postgres-1       | 	      USING ERRCODE = '55000';
postgres-1       | 	  END IF;
postgres-1       | 	
postgres-1       | 	  source := CASE WHEN TG_OP = 'DELETE' THEN OLD ELSE NEW END;
postgres-1       | 	  SELECT jsonb_object_agg(entry.key, entry.value)
postgres-1       | 	    INTO key
postgres-1       | 	    FROM jsonb_each(to_jsonb(source)) AS entry
postgres-1       | 	   WHERE entry.key = ANY (key_columns);
postgres-1       | 	
postgres-1       | 	  INSERT INTO qkern_internal.change_feed (schema_name, table_name, operation, row_key)
postgres-1       | 	  VALUES (TG_TABLE_SCHEMA, TG_TABLE_NAME, lower(TG_OP), key);
postgres-1       | 	
postgres-1       | 	  RETURN NULL;
postgres-1       | 	END;
postgres-1       | 	$$;
postgres-1       | 	
postgres-1       | 	ALTER FUNCTION qkern_internal.capture_change() OWNER TO qkern_ledger_owner;
postgres-1       | 	
postgres-1       | 	REVOKE ALL ON qkern_internal.change_feed FROM PUBLIC;
postgres-1       | 	REVOKE ALL ON FUNCTION qkern_internal.capture_change() FROM PUBLIC;
postgres-1       | 	
postgres-1       | 	-- Die Laufzeitrolle liest den Feed und raeumt ihn auf. Sie darf ihn niemals
postgres-1       | 	-- schreiben: ein erfundenes Aenderungsereignis wuerde einen Lesevorgang mit
postgres-1       | 	-- fremden Claims ausloesen.
postgres-1       | 	GRANT USAGE ON SCHEMA qkern_internal TO qkern_project_api_app;
postgres-1       | 	GRANT SELECT, DELETE ON qkern_internal.change_feed TO qkern_project_api_app;
postgres-1       | 	
postgres-1       | 	COMMIT;
postgres-1       | 	
certification-1  |  [32m✓[39m tests/project-queues-postgres.integration.test.ts [2m([22m[2m9 tests[22m[2m)[22m[33m 2273[2mms[22m[39m
certification-1  |      [33m[2m✓[22m[39m claims each ready row at most once across concurrent workers [33m 409[2mms[22m[39m
certification-1  |      [33m[2m✓[22m[39m consumes an enqueued message and calls the function [33m 340[2mms[22m[39m
certification-1  | [90mstdout[2m | tests/sql-privilege-clause-contract.integration.test.ts[2m > [22m[2mSQL privilege clause contract[2m > [22m[2mfinds statements to check
certification-1  | [22m[39mprivilege clause contract: 156 Anweisungen, 15 Spaltenlisten nicht auswertbar, 1066 Platzhalter offen
certification-1  | 
postgres-1       | 2026-10-04 06:57:26.297 UTC [883] ERROR:  change capture requires a primary key on public.cdc_keyless_38118e575dff
postgres-1       | 2026-10-04 06:57:26.297 UTC [883] CONTEXT:  PL/pgSQL function capture_change() line 15 at RAISE
postgres-1       | 2026-10-04 06:57:26.297 UTC [883] STATEMENT:  INSERT INTO public.cdc_keyless_38118e575dff (label) VALUES ('orphan')
postgres-1       | 2026-10-04 06:57:26.572 UTC [903] ERROR:  permission denied for table change_feed
postgres-1       | 2026-10-04 06:57:26.572 UTC [903] STATEMENT:  INSERT INTO qkern_internal.change_feed (schema_name, table_name, operation, row_key)
postgres-1       | 	       VALUES ('public', 'forged', 'insert', '{"id":"forged"}'::jsonb)
certification-1  |  [32m✓[39m tests/realtime-change-feed-postgres.integration.test.ts [2m([22m[2m6 tests[22m[2m)[22m[33m 992[2mms[22m[39m
postgres-1       | 2026-10-04 06:57:26.814 UTC [858] ERROR:  new row violates row-level security policy "audit_logs_project_auth_insert" for table "audit_logs"
postgres-1       | 2026-10-04 06:57:26.814 UTC [858] STATEMENT:  INSERT INTO audit_logs
postgres-1       | 	         (organization_id, project_id, environment, actor_type, actor_ref, action, resource_ref,
postgres-1       | 	          status, redacted_metadata, previous_hash, entry_hash)
postgres-1       | 	       VALUES ($1, $2, $3, $4, $5, $6, $7, $8, $9::jsonb, NULL, repeat('0', 64))
postgres-1       | 	       RETURNING id, organization_id, project_id, environment, actor_type, actor_ref, action, resource_ref,
postgres-1       | 	                 status, redacted_metadata, previous_hash, entry_hash, created_at
postgres-1       | 2026-10-04 06:57:26.899 UTC [867] ERROR:  function slots are immutable
postgres-1       | 2026-10-04 06:57:26.899 UTC [867] CONTEXT:  PL/pgSQL function qkern_reject_project_function_slot_update() line 3 at RAISE
postgres-1       | 2026-10-04 06:57:26.899 UTC [867] STATEMENT:  UPDATE project_function_slots SET expires_at = now() + interval '1 hour'
postgres-1       | 	        WHERE organization_id=$1 AND function_id=$2
certification-1  |  [32m✓[39m tests/compute-functions-postgres.integration.test.ts [2m([22m[2m13 tests[22m[2m)[22m[33m 2881[2mms[22m[39m
certification-1  |      [33m[2m✓[22m[39m stops a second instance once the shared limit is reached [33m 637[2mms[22m[39m
certification-1  |      [33m[2m✓[22m[39m hands the place on once the first instance is done [33m 318[2mms[22m[39m
postgres-1       | 2026-10-04 06:57:27.050 UTC [920] WARNING:  "wal_level" is insufficient to publish logical changes
postgres-1       | 2026-10-04 06:57:27.050 UTC [920] HINT:  Set "wal_level" to "logical" before creating subscriptions.
certification-1  |  [32m✓[39m tests/project-auth-postgres.integration.test.ts [2m([22m[2m4 tests[22m[2m)[22m[33m 2094[2mms[22m[39m
certification-1  |      [33m[2m✓[22m[39m lists active sessions and revokes one family or all of one user in PostgreSQL (2.34) [33m 605[2mms[22m[39m
certification-1  |      [33m[2m✓[22m[39m records auth events through the auth role into the intact platform audit chain (2.35) [33m 648[2mms[22m[39m
postgres-1       | 2026-10-04 06:57:27.351 UTC [928] ERROR:  permission denied for table migration_outbox
postgres-1       | 2026-10-04 06:57:27.351 UTC [928] STATEMENT:  SELECT status FROM migration_outbox
postgres-1       | 2026-10-04 06:57:27.422 UTC [928] ERROR:  permission denied for table migration_outbox
postgres-1       | 2026-10-04 06:57:27.422 UTC [928] STATEMENT:  SELECT lease_owner FROM migration_outbox
postgres-1       | 2026-10-04 06:57:27.464 UTC [928] ERROR:  permission denied for table migration_outbox
postgres-1       | 2026-10-04 06:57:27.464 UTC [928] STATEMENT:  SELECT lease_token FROM migration_outbox
postgres-1       | 2026-10-04 06:57:27.519 UTC [928] ERROR:  permission denied for table migration_outbox
postgres-1       | 2026-10-04 06:57:27.519 UTC [928] STATEMENT:  SELECT lease_expires_at FROM migration_outbox
postgres-1       | 2026-10-04 06:57:27.590 UTC [928] ERROR:  permission denied for table migration_outbox
postgres-1       | 2026-10-04 06:57:27.590 UTC [928] STATEMENT:  SELECT failure_count FROM migration_outbox
postgres-1       | 2026-10-04 06:57:27.602 UTC [928] ERROR:  permission denied for table migration_outbox
postgres-1       | 2026-10-04 06:57:27.602 UTC [928] STATEMENT:  SELECT available_at FROM migration_outbox
certification-1  |  [32m✓[39m tests/migration-enqueue-postgres.integration.test.ts [2m([22m[2m3 tests[22m[2m)[22m[33m 1105[2mms[22m[39m
certification-1  |      [33m[2m✓[22m[39m queues an approved change set and its outbox event [33m 375[2mms[22m[39m
certification-1  |      [33m[2m✓[22m[39m still hides lease and broker state from the runtime [33m 352[2mms[22m[39m
postgres-1       | 2026-10-04 06:57:27.865 UTC [932] ERROR:  cron progress must not move backwards
postgres-1       | 2026-10-04 06:57:27.865 UTC [932] CONTEXT:  PL/pgSQL function qkern_validate_project_cron_update() line 10 at RAISE
postgres-1       | 2026-10-04 06:57:27.865 UTC [932] STATEMENT:  UPDATE project_cron_definitions
postgres-1       | 	            SET last_dispatched_at=$3, updated_at=now()
postgres-1       | 	          WHERE organization_id=$1 AND id=$2
postgres-1       | 2026-10-04 06:57:27.925 UTC [935] ERROR:  cron progress must not move backwards
postgres-1       | 2026-10-04 06:57:27.925 UTC [935] CONTEXT:  PL/pgSQL function qkern_validate_project_cron_update() line 10 at RAISE
postgres-1       | 2026-10-04 06:57:27.925 UTC [935] STATEMENT:  UPDATE project_cron_definitions
postgres-1       | 	            SET last_dispatched_at=$3, updated_at=now()
postgres-1       | 	          WHERE organization_id=$1 AND id=$2
certification-1  |  [32m✓[39m tests/data-plane-catalog-wide-postgres.integration.test.ts [2m([22m[2m4 tests[22m[2m)[22m[33m 1163[2mms[22m[39m
certification-1  |      [33m[2m✓[22m[39m lists available extensions with the installed ones first and their version [33m 557[2mms[22m[39m
certification-1  |  [32m✓[39m tests/usage-metering-postgres.integration.test.ts [2m([22m[2m4 tests[22m[2m)[22m[33m 811[2mms[22m[39m
postgres-1       | 2026-10-04 06:57:28.171 UTC [936] ERROR:  cron progress must not move backwards
postgres-1       | 2026-10-04 06:57:28.171 UTC [936] CONTEXT:  PL/pgSQL function qkern_validate_project_cron_update() line 10 at RAISE
postgres-1       | 2026-10-04 06:57:28.171 UTC [936] STATEMENT:  UPDATE project_cron_definitions
postgres-1       | 	            SET last_dispatched_at=$3, updated_at=now()
postgres-1       | 	          WHERE organization_id=$1 AND id=$2
certification-1  |  [32m✓[39m tests/usage-emitters-postgres.integration.test.ts [2m([22m[2m20 tests[22m[2m)[22m[33m 2860[2mms[22m[39m
postgres-1       | 2026-10-04 06:57:28.183 UTC [948] ERROR:  permission denied for table billing_rate_cards
postgres-1       | 2026-10-04 06:57:28.183 UTC [948] STATEMENT:  UPDATE billing_rate_cards SET unit_price_micros = 1 WHERE organization_id = $1
certification-1  |      [33m[2m✓[22m[39m counts every simultaneous enqueue across queues exactly once [33m 454[2mms[22m[39m
postgres-1       | 2026-10-04 06:57:28.190 UTC [948] ERROR:  permission denied for table billing_rate_cards
postgres-1       | 2026-10-04 06:57:28.190 UTC [948] STATEMENT:  DELETE FROM billing_rate_cards WHERE organization_id = $1
certification-1  | [90mstderr[2m | tests/realtime-change-soak-postgres.integration.test.ts[2m > [22m[2mRealtime change soak PostgreSQL certification[2m > [22m[2mdelivers every change of a sustained writer without loss, gap or stall
certification-1  | [22m[39msoak: 120 Aenderungen, p50 1680 ms, p95 2122 ms, max 2253 ms
certification-1  | 
certification-1  |  [32m✓[39m tests/usage-billing-postgres.integration.test.ts [2m([22m[2m4 tests[22m[2m)[22m[33m 1478[2mms[22m[39m
certification-1  |      [33m[2m✓[22m[39m projects real usage against the effective rate card [33m 1029[2mms[22m[39m
certification-1  | [90mstderr[2m | tests/realtime-change-soak-postgres.integration.test.ts[2m > [22m[2mRealtime change soak PostgreSQL certification[2m > [22m[2mdelivers every change of a sustained writer without loss, gap or stall
certification-1  | [22m[39msoak: 5 Buchungen fuer 120 Nachrichten
certification-1  | 
certification-1  |  [32m✓[39m tests/compute-webhook-chain.integration.test.ts [2m([22m[2m6 tests[22m[2m)[22m[33m 2448[2mms[22m[39m
certification-1  |      [33m[2m✓[22m[39m carries an enqueued event all the way to a verified, acknowledged delivery [33m 724[2mms[22m[39m
certification-1  |      [33m[2m✓[22m[39m treats a receiver that does not echo the delivery id as a failure [33m 314[2mms[22m[39m
certification-1  |      [33m[2m✓[22m[39m recovers a delivery whose deliverer died mid-attempt [33m 370[2mms[22m[39m
postgres-1       | 2026-10-04 06:57:28.257 UTC [936] ERROR:  cron progress must not move backwards
postgres-1       | 2026-10-04 06:57:28.257 UTC [936] CONTEXT:  PL/pgSQL function qkern_validate_project_cron_update() line 10 at RAISE
postgres-1       | 2026-10-04 06:57:28.257 UTC [936] STATEMENT:  UPDATE project_cron_definitions
postgres-1       | 	            SET last_dispatched_at=$3, updated_at=now()
postgres-1       | 	          WHERE organization_id=$1 AND id=$2
certification-1  |  [32m✓[39m tests/realtime-change-soak-postgres.integration.test.ts [2m([22m[2m1 test[22m[2m)[22m[33m 4328[2mms[22m[39m
certification-1  |      [33m[2m✓[22m[39m delivers every change of a sustained writer without loss, gap or stall [33m 3844[2mms[22m[39m
postgres-1       | 2026-10-04 06:57:28.341 UTC [935] ERROR:  cron progress must not move backwards
postgres-1       | 2026-10-04 06:57:28.341 UTC [935] CONTEXT:  PL/pgSQL function qkern_validate_project_cron_update() line 10 at RAISE
postgres-1       | 2026-10-04 06:57:28.341 UTC [935] STATEMENT:  UPDATE project_cron_definitions
postgres-1       | 	            SET last_dispatched_at=$3, updated_at=now()
postgres-1       | 	          WHERE organization_id=$1 AND id=$2
postgres-1       | 2026-10-04 06:57:28.526 UTC [772] ERROR:  cron progress must not move backwards
postgres-1       | 2026-10-04 06:57:28.526 UTC [772] CONTEXT:  PL/pgSQL function qkern_validate_project_cron_update() line 10 at RAISE
postgres-1       | 2026-10-04 06:57:28.526 UTC [772] STATEMENT:  UPDATE project_cron_definitions SET last_dispatched_at=$2 WHERE id=$1
postgres-1       | 2026-10-04 06:57:28.609 UTC [962] ERROR:  cron identity is immutable
postgres-1       | 2026-10-04 06:57:28.609 UTC [962] CONTEXT:  PL/pgSQL function qkern_validate_project_cron_update() line 6 at RAISE
postgres-1       | 2026-10-04 06:57:28.609 UTC [962] STATEMENT:  UPDATE project_cron_definitions SET project_id=$2 WHERE id=$1
certification-1  |  [32m✓[39m tests/data-plane-catalog-postgres.integration.test.ts [2m([22m[2m3 tests[22m[2m)[22m[33m 689[2mms[22m[39m
postgres-1       | 2026-10-04 06:57:28.828 UTC [804] ERROR:  realtime events are append-only
postgres-1       | 2026-10-04 06:57:28.828 UTC [804] CONTEXT:  PL/pgSQL function qkern_reject_realtime_event_update() line 3 at RAISE
postgres-1       | 2026-10-04 06:57:28.828 UTC [804] STATEMENT:  UPDATE realtime_events SET event='tampered'
postgres-1       | 	        WHERE organization_id=$1 AND channel=$2
certification-1  |  [32m✓[39m tests/data-plane-functions-postgres.integration.test.ts [2m([22m[2m1 test[22m[2m)[22m[33m 473[2mms[22m[39m
certification-1  |  [32m✓[39m tests/data-plane-triggers-postgres.integration.test.ts [2m([22m[2m1 test[22m[2m)[22m[32m 283[2mms[22m[39m
certification-1  |  [32m✓[39m tests/realtime-postgres.integration.test.ts [2m([22m[2m9 tests[22m[2m)[22m[33m 5434[2mms[22m[39m
certification-1  |      [33m[2m✓[22m[39m delivers a broadcast to a subscriber on a second instance through PostgreSQL [33m 895[2mms[22m[39m
certification-1  |      [33m[2m✓[22m[39m assigns one global sequence per channel across instances [33m 656[2mms[22m[39m
certification-1  |      [33m[2m✓[22m[39m keeps events after a restart of every instance [33m 616[2mms[22m[39m
certification-1  |      [33m[2m✓[22m[39m keeps the event log invisible to a different organization [33m 475[2mms[22m[39m
certification-1  |      [33m[2m✓[22m[39m merges the presence of two instances and keeps it across a restart of the one that wrote it [33m 1445[2mms[22m[39m
certification-1  |      [33m[2m✓[22m[39m lets the presence of a connection that vanished without a goodbye expire, reports the leave and removes the row a grace later [33m 494[2mms[22m[39m
certification-1  |  [32m✓[39m tests/data-plane-query-postgres.integration.test.ts [2m([22m[2m2 tests[22m[2m)[22m[33m 411[2mms[22m[39m
certification-1  |  [32m✓[39m tests/queue-connection-pressure-postgres.integration.test.ts [2m([22m[2m1 test[22m[2m)[22m[33m 666[2mms[22m[39m
certification-1  |      [33m[2m✓[22m[39m names an exhausted pool instead of calling it a queue conflict [33m 458[2mms[22m[39m
certification-1  |  [32m✓[39m tests/sql-privilege-clause-contract.integration.test.ts [2m([22m[2m2 tests[22m[2m)[22m[33m 4888[2mms[22m[39m
certification-1  |      [33m[2m✓[22m[39m finds statements to check [33m 651[2mms[22m[39m
certification-1  |      [33m[2m✓[22m[39m grants every write role the read right its clauses require [33m 3953[2mms[22m[39m
postgres-1       | 2026-10-04 06:57:31.752 UTC [386] LOG:  checkpoint starting: immediate force wait
postgres-1       | 2026-10-04 06:57:31.777 UTC [386] LOG:  checkpoint complete: wrote 439 buffers (2.7%); 0 WAL file(s) added, 0 removed, 0 recycled; write=0.020 s, sync=0.002 s, total=0.024 s; sync files=276, longest=0.001 s, average=0.001 s; distance=2005 kB, estimate=11264 kB; lsn=0/2BC82C8, redo lsn=0/2BC8270
certification-1  |  [32m✓[39m tests/migration-process-postgres.integration.test.ts [2m([22m[2m3 tests[22m[2m)[22m[33m 9048[2mms[22m[39m
certification-1  |      [33m[2m✓[22m[39m applies a queued statement to the real project database [33m 4740[2mms[22m[39m
certification-1  |      [33m[2m✓[22m[39m keeps a tampered statement out of the project database [33m 2050[2mms[22m[39m
certification-1  |      [33m[2m✓[22m[39m names the violated boundary condition without describing the database [33m 1558[2mms[22m[39m
postgres-1       | 2026-10-04 06:57:32.228 UTC [1026] ERROR:  permission denied for table users
postgres-1       | 2026-10-04 06:57:32.228 UTC [1026] STATEMENT:  SELECT id FROM users LIMIT 1
postgres-1       | 2026-10-04 06:57:32.277 UTC [1027] ERROR:  permission denied for table projects
postgres-1       | 2026-10-04 06:57:32.277 UTC [1027] STATEMENT:  SELECT id FROM projects LIMIT 1
certification-1  |  [32m✓[39m tests/realtime-change-chain-postgres.integration.test.ts [2m([22m[2m7 tests[22m[2m)[22m[33m 9551[2mms[22m[39m
certification-1  |      [33m[2m✓[22m[39m keeps order and delivers each change exactly once under a burst [33m 1041[2mms[22m[39m
certification-1  |      [33m[2m✓[22m[39m keeps every subscriber's subset correct with many subscribers at once [33m 7762[2mms[22m[39m
certification-1  |  [32m✓[39m tests/billing-invoice-postgres.integration.test.ts [2m([22m[2m6 tests[22m[2m)[22m[33m 10639[2mms[22m[39m
certification-1  |      [33m[2m✓[22m[39m issues the closed month's invoice from the shipped process [33m 2790[2mms[22m[39m
certification-1  |      [33m[2m✓[22m[39m leaves the issued invoice untouched on a second run [33m 1577[2mms[22m[39m
certification-1  |      [33m[2m✓[22m[39m refuses an open period at its configuration boundary [33m 1135[2mms[22m[39m
certification-1  |      [33m[2m✓[22m[39m issues exactly one invoice when two runs race for the same period [33m 1307[2mms[22m[39m
certification-1  |      [33m[2m✓[22m[39m numbers invoices gaplessly per organization and stamps the due date [33m 3309[2mms[22m[39m
certification-1  |  [32m✓[39m tests/realtime-process-postgres.integration.test.ts [2m([22m[2m3 tests[22m[2m)[22m[33m 11730[2mms[22m[39m
certification-1  |      [33m[2m✓[22m[39m serves a real client from the shipped process [33m 7355[2mms[22m[39m
certification-1  |      [33m[2m✓[22m[39m refuses production with an ephemeral log and names the condition [33m 2043[2mms[22m[39m
certification-1  |      [33m[2m✓[22m[39m serves a client on a public bind after the explicit opt-in [33m 2098[2mms[22m[39m
certification-1  |  [32m✓[39m tests/compute-cron-postgres.integration.test.ts [2m([22m[2m12 tests[22m[2m)[22m[33m 14171[2mms[22m[39m
certification-1  |      [33m[2m✓[22m[39m dispatches a due occurrence into the queue and advances the progress [33m 461[2mms[22m[39m
certification-1  |      [33m[2m✓[22m[39m dispatches a weekday-name expression and an @ shortcut through the real progress [33m 346[2mms[22m[39m
certification-1  |      [33m[2m✓[22m[39m dispatches a zoned schedule through the real progress across the missing hour [33m 380[2mms[22m[39m
certification-1  |      [33m[2m✓[22m[39m dispatches L, # and W schedules through the real progress [33m 2055[2mms[22m[39m
certification-1  |      [33m[2m✓[22m[39m produces exactly one message when two schedulers fire the same occurrence [33m 1826[2mms[22m[39m
certification-1  |      [33m[2m✓[22m[39m dispatches from the shipped process [33m 4785[2mms[22m[39m
certification-1  |      [33m[2m✓[22m[39m reports ready while the cron loop is doing its rounds [33m 1930[2mms[22m[39m
certification-1  |      [33m[2m✓[22m[39m stops reporting ready when every definition fails [33m 1631[2mms[22m[39m
certification-1  |  [32m✓[39m tests/project-queues-multi-instance.integration.test.ts [2m([22m[2m6 tests[22m[2m)[22m[33m 15257[2mms[22m[39m
certification-1  |      [33m[2m✓[22m[39m claims every message exactly once across six competing instances [33m 6086[2mms[22m[39m
certification-1  |      [33m[2m✓[22m[39m gives a message to exactly one instance when many claim at the same moment [33m 451[2mms[22m[39m
certification-1  |      [33m[2m✓[22m[39m fences a vanished worker: the lease survives, the stale token does not [33m 6421[2mms[22m[39m
certification-1  |      [33m[2m✓[22m[39m keeps retry authority on the server when instances fail concurrently [33m 810[2mms[22m[39m
certification-1  |      [33m[2m✓[22m[39m enforces the capacity limit even when instances enqueue at the same time [33m 1109[2mms[22m[39m
postgres-1       | 2026-10-04 06:57:44.562 UTC [1025] ERROR:  new row for relation "project_queue_messages" violates check constraint "project_queue_messages_dedupe_pair"
postgres-1       | 2026-10-04 06:57:44.562 UTC [1025] DETAIL:  Failing row contains (0befd8b5-9090-4a53-9d58-e6b13f17ad13, 887e700c-21dd-4671-bc57-8ffe0c0b16b7, 2d105f1f-abc0-4721-bda9-95bc11c958cc, development, 0a417d5d-55f5-4012-a4ae-a7675ca5f75e, {}, available, probe, ffffffffffffffffffffffffffffffffffffffffffffffffffffffffffffffff, null, 0, 2026-10-04 06:57:44.562065+00, null, null, 0, null, null, 2026-10-04 06:57:44.562065+00, null, null, null).
postgres-1       | 2026-10-04 06:57:44.562 UTC [1025] STATEMENT:  INSERT INTO project_queue_messages
postgres-1       | 	        (organization_id,project_id,environment,queue_id,payload,owner_subject,dedupe_key_hash)
postgres-1       | 	        VALUES ($1,$2,'development',$3,'{}'::jsonb,'probe',$4)
postgres-1       | 2026-10-04 06:57:44.608 UTC [1156] FATAL:  database "absent_8c29ae77_26f6_4dc4_a135_dd46e630aafa" does not exist
postgres-1       | 2026-10-04 06:57:44.903 UTC [386] LOG:  checkpoint starting: immediate force wait
postgres-1       | 2026-10-04 06:57:44.907 UTC [386] LOG:  checkpoint complete: wrote 328 buffers (2.0%); 0 WAL file(s) added, 0 removed, 2 recycled; write=0.003 s, sync=0.001 s, total=0.004 s; sync files=204, longest=0.001 s, average=0.000 s; distance=25818 kB, estimate=25818 kB; lsn=0/44FEAE8, redo lsn=0/44FEA90
postgres-1       | 2026-10-04 06:57:46.761 UTC [1029] ERROR:  new row for relation "project_auth_settings" violates check constraint "project_auth_settings_rate_limits_check"
postgres-1       | 2026-10-04 06:57:46.761 UTC [1029] DETAIL:  Failing row contains (fbcd7a5a-2f02-4cd1-8046-e6dbb979b9fe, 37d108f0-0b60-4a06-b2df-39dfc81376a0, development, f, 2026-09-26 12:00:00+00, {}, 0, 900, 5, 3600, 2, 900, f, 12, named, null, 2000, null, 2000, {}).
postgres-1       | 2026-10-04 06:57:46.761 UTC [1029] STATEMENT:  UPDATE project_auth_settings SET sign_in_max = 0
postgres-1       | 	       WHERE organization_id = $1 AND project_id = $2 AND environment = 'development'
postgres-1       | 2026-10-04 06:57:47.479 UTC [1170] ERROR:  new row for relation "project_auth_settings" violates check constraint "project_auth_settings_password_protection_check"
postgres-1       | 2026-10-04 06:57:47.479 UTC [1170] DETAIL:  Failing row contains (7a334839-2d2b-401a-a684-03717cb4ffeb, 46c00d18-9527-460e-a56b-9b7ddc946624, development, f, 2026-09-26 13:00:00+00, {}, 10, 900, 5, 3600, 60, 3600, t, 11, generic, null, 2000, null, 2000, {}).
postgres-1       | 2026-10-04 06:57:47.479 UTC [1170] STATEMENT:  UPDATE project_auth_settings SET password_min_length = 11
postgres-1       | 	         WHERE organization_id = $1 AND project_id = $2 AND environment = 'development'
postgres-1       | 2026-10-04 06:57:47.496 UTC [1171] ERROR:  new row for relation "project_auth_settings" violates check constraint "project_auth_settings_password_protection_check"
postgres-1       | 2026-10-04 06:57:47.496 UTC [1171] DETAIL:  Failing row contains (7a334839-2d2b-401a-a684-03717cb4ffeb, 46c00d18-9527-460e-a56b-9b7ddc946624, development, f, 2026-09-26 13:00:00+00, {}, 10, 900, 5, 3600, 60, 3600, t, 129, generic, null, 2000, null, 2000, {}).
postgres-1       | 2026-10-04 06:57:47.496 UTC [1171] STATEMENT:  UPDATE project_auth_settings SET password_min_length = 129
postgres-1       | 	         WHERE organization_id = $1 AND project_id = $2 AND environment = 'development'
postgres-1       | 2026-10-04 06:57:47.514 UTC [1172] ERROR:  new row for relation "project_auth_settings" violates check constraint "project_auth_settings_password_protection_check"
postgres-1       | 2026-10-04 06:57:47.514 UTC [1172] DETAIL:  Failing row contains (7a334839-2d2b-401a-a684-03717cb4ffeb, 46c00d18-9527-460e-a56b-9b7ddc946624, development, f, 2026-09-26 13:00:00+00, {}, 10, 900, 5, 3600, 60, 3600, t, 14, loud, null, 2000, null, 2000, {}).
postgres-1       | 2026-10-04 06:57:47.514 UTC [1172] STATEMENT:  UPDATE project_auth_settings SET leaked_password_notice = 'loud'
postgres-1       | 	         WHERE organization_id = $1 AND project_id = $2 AND environment = 'development'
postgres-1       | 2026-10-04 06:57:49.505 UTC [386] LOG:  checkpoint starting: immediate force wait
postgres-1       | 2026-10-04 06:57:49.508 UTC [386] LOG:  checkpoint complete: wrote 163 buffers (1.0%); 0 WAL file(s) added, 0 removed, 0 recycled; write=0.003 s, sync=0.001 s, total=0.004 s; sync files=132, longest=0.001 s, average=0.001 s; distance=5144 kB, estimate=23750 kB; lsn=0/4A04E98, redo lsn=0/4A04E40
postgres-1       | 2026-10-04 06:57:54.623 UTC [386] LOG:  checkpoint starting: immediate force wait
postgres-1       | 2026-10-04 06:57:54.625 UTC [386] LOG:  checkpoint complete: wrote 65 buffers (0.4%); 0 WAL file(s) added, 0 removed, 0 recycled; write=0.001 s, sync=0.001 s, total=0.002 s; sync files=60, longest=0.001 s, average=0.000 s; distance=4552 kB, estimate=21830 kB; lsn=0/4E76F40, redo lsn=0/4E76EE8
postgres-1       | 2026-10-04 06:57:54.747 UTC [1154] ERROR:  new row for relation "user_console_settings" violates check constraint "user_console_settings_language_check"
postgres-1       | 2026-10-04 06:57:54.747 UTC [1154] DETAIL:  Failing row contains (0f83d13f-90c5-40aa-b919-e38ad12b7c32, es, de-CH, browser, overview, system, 2026-10-04 06:57:54.747778+00, 2026-10-04 06:57:54.747778+00, easy).
postgres-1       | 2026-10-04 06:57:54.747 UTC [1154] STATEMENT:  INSERT INTO user_console_settings (user_id, language) VALUES ($1, $2)
postgres-1       | 2026-10-04 06:57:54.756 UTC [1228] ERROR:  new row for relation "user_console_settings" violates check constraint "user_console_settings_format_locale_check"
postgres-1       | 2026-10-04 06:57:54.756 UTC [1228] DETAIL:  Failing row contains (0f83d13f-90c5-40aa-b919-e38ad12b7c32, browser, de-AT, browser, overview, system, 2026-10-04 06:57:54.755748+00, 2026-10-04 06:57:54.755748+00, easy).
postgres-1       | 2026-10-04 06:57:54.756 UTC [1228] STATEMENT:  INSERT INTO user_console_settings (user_id, format_locale) VALUES ($1, $2)
postgres-1       | 2026-10-04 06:57:54.767 UTC [1229] ERROR:  new row for relation "user_console_settings" violates check constraint "user_console_settings_theme_check"
postgres-1       | 2026-10-04 06:57:54.767 UTC [1229] DETAIL:  Failing row contains (0f83d13f-90c5-40aa-b919-e38ad12b7c32, browser, de-CH, browser, overview, sepia, 2026-10-04 06:57:54.76627+00, 2026-10-04 06:57:54.76627+00, easy).
postgres-1       | 2026-10-04 06:57:54.767 UTC [1229] STATEMENT:  INSERT INTO user_console_settings (user_id, theme) VALUES ($1, $2)
postgres-1       | 2026-10-04 06:57:54.776 UTC [1230] ERROR:  new row for relation "user_console_settings" violates check constraint "user_console_settings_time_zone_check"
postgres-1       | 2026-10-04 06:57:54.776 UTC [1230] DETAIL:  Failing row contains (0f83d13f-90c5-40aa-b919-e38ad12b7c32, browser, de-CH, kein zonenname mit leerzeichen, overview, system, 2026-10-04 06:57:54.774798+00, 2026-10-04 06:57:54.774798+00, easy).
postgres-1       | 2026-10-04 06:57:54.776 UTC [1230] STATEMENT:  INSERT INTO user_console_settings (user_id, time_zone) VALUES ($1, $2)
postgres-1       | 2026-10-04 06:57:54.787 UTC [1231] ERROR:  new row for relation "user_console_settings" violates check constraint "user_console_settings_start_view_check"
postgres-1       | 2026-10-04 06:57:54.787 UTC [1231] DETAIL:  Failing row contains (0f83d13f-90c5-40aa-b919-e38ad12b7c32, browser, de-CH, browser, Nicht Erlaubt, system, 2026-10-04 06:57:54.785878+00, 2026-10-04 06:57:54.785878+00, easy).
postgres-1       | 2026-10-04 06:57:54.787 UTC [1231] STATEMENT:  INSERT INTO user_console_settings (user_id, start_view) VALUES ($1, $2)
postgres-1       | 2026-10-04 06:57:54.795 UTC [1232] ERROR:  new row for relation "user_console_settings" violates check constraint "user_console_settings_interface_mode_check"
postgres-1       | 2026-10-04 06:57:54.795 UTC [1232] DETAIL:  Failing row contains (0f83d13f-90c5-40aa-b919-e38ad12b7c32, browser, de-CH, browser, overview, system, 2026-10-04 06:57:54.794572+00, 2026-10-04 06:57:54.794572+00, beginner).
postgres-1       | 2026-10-04 06:57:54.795 UTC [1232] STATEMENT:  INSERT INTO user_console_settings (user_id, interface_mode) VALUES ($1, $2)
postgres-1       | 2026-10-04 06:57:54.806 UTC [1173] ERROR:  permission denied for table users
postgres-1       | 2026-10-04 06:57:54.806 UTC [1173] STATEMENT:  UPDATE users SET status = 'disabled' WHERE id = $1
postgres-1       | 2026-10-04 06:58:08.531 UTC [1281] ERROR:  relation "plaene_f4c8face_582c_426b_8a96_a56ca9627fc6.gibt_es_nicht" does not exist at character 73
postgres-1       | 2026-10-04 06:58:08.531 UTC [1281] STATEMENT:  EXPLAIN (FORMAT JSON, COSTS ON, VERBOSE OFF, SUMMARY ON) SELECT id FROM "plaene_f4c8face_582c_426b_8a96_a56ca9627fc6".gibt_es_nicht
postgres-1       | 2026-10-04 06:58:08.570 UTC [1233] ERROR:  division by zero
postgres-1       | 2026-10-04 06:58:08.570 UTC [1233] STATEMENT:  SELECT 1 / 0
postgres-1       | 2026-10-04 06:58:08.577 UTC [1301] ERROR:  division by zero
postgres-1       | 2026-10-04 06:58:08.577 UTC [1301] STATEMENT:  SELECT 1 / 0
postgres-1       | 2026-10-04 06:58:08.587 UTC [1302] ERROR:  division by zero
postgres-1       | 2026-10-04 06:58:08.587 UTC [1302] STATEMENT:  SELECT 1 / 0
postgres-1       | 2026-10-04 06:58:08.595 UTC [1303] ERROR:  division by zero
postgres-1       | 2026-10-04 06:58:08.595 UTC [1303] STATEMENT:  SELECT 1 / 0
postgres-1       | 2026-10-04 06:58:08.602 UTC [1304] ERROR:  division by zero
postgres-1       | 2026-10-04 06:58:08.602 UTC [1304] STATEMENT:  SELECT 1 / 0
postgres-1       | 2026-10-04 06:58:08.610 UTC [1305] ERROR:  division by zero
postgres-1       | 2026-10-04 06:58:08.610 UTC [1305] STATEMENT:  SELECT 1 / 0
postgres-1       | 2026-10-04 06:58:08.619 UTC [1306] ERROR:  division by zero
postgres-1       | 2026-10-04 06:58:08.619 UTC [1306] STATEMENT:  SELECT 1 / 0
postgres-1       | 2026-10-04 06:58:08.626 UTC [1307] ERROR:  division by zero
postgres-1       | 2026-10-04 06:58:08.626 UTC [1307] STATEMENT:  SELECT 1 / 0
postgres-1       | 2026-10-04 06:58:08.634 UTC [1308] ERROR:  division by zero
postgres-1       | 2026-10-04 06:58:08.634 UTC [1308] STATEMENT:  SELECT 1 / 0
postgres-1       | 2026-10-04 06:58:08.643 UTC [1309] ERROR:  division by zero
postgres-1       | 2026-10-04 06:58:08.643 UTC [1309] STATEMENT:  SELECT 1 / 0
postgres-1       | 2026-10-04 06:58:09.669 UTC [1321] ERROR:  permission denied for table pg_user_mapping
postgres-1       | 2026-10-04 06:58:09.669 UTC [1321] STATEMENT:  SELECT umoptions FROM pg_catalog.pg_user_mapping
postgres-1       | 2026-10-04 06:58:09.704 UTC [1310] WARNING:  "wal_level" is insufficient to publish logical changes
postgres-1       | 2026-10-04 06:58:09.704 UTC [1310] HINT:  Set "wal_level" to "logical" before creating subscriptions.
postgres-1       | 2026-10-04 06:58:09.716 UTC [1323] ERROR:  permission denied for table pg_subscription
postgres-1       | 2026-10-04 06:58:09.716 UTC [1323] STATEMENT:  SELECT subconninfo FROM pg_catalog.pg_subscription
postgres-1       | 2026-10-04 06:58:10.034 UTC [1028] ERROR:  permission denied for table project_storage_s3_access_keys
postgres-1       | 2026-10-04 06:58:10.034 UTC [1028] STATEMENT:  DELETE FROM project_storage_s3_access_keys WHERE id = $1
postgres-1       | 2026-10-04 06:58:10.036 UTC [1030] ERROR:  permission denied for table project_storage_s3_access_keys
postgres-1       | 2026-10-04 06:58:10.036 UTC [1030] STATEMENT:  UPDATE project_storage_s3_access_keys SET name = 'anders' WHERE id = $1
postgres-1       | 2026-10-04 06:58:10.041 UTC [1310] ERROR:  project storage S3 access keys are immutable except for one-way revocation
postgres-1       | 2026-10-04 06:58:10.041 UTC [1310] CONTEXT:  PL/pgSQL function qkern_reject_project_storage_s3_access_key_mutation() line 14 at RAISE
postgres-1       | 2026-10-04 06:58:10.041 UTC [1310] STATEMENT:  UPDATE project_storage_s3_access_keys SET revoked_at = now() + interval '1 hour' WHERE id = $1
postgres-1       | 2026-10-04 06:58:10.106 UTC [1326] ERROR:  project storage S3 access keys are immutable except for one-way revocation
postgres-1       | 2026-10-04 06:58:10.106 UTC [1326] CONTEXT:  PL/pgSQL function qkern_reject_project_storage_s3_access_key_mutation() line 14 at RAISE
postgres-1       | 2026-10-04 06:58:10.106 UTC [1326] STATEMENT:  UPDATE project_storage_s3_access_keys SET secret_ciphertext = $2 WHERE id = $1
postgres-1       | 2026-10-04 06:58:11.045 UTC [1234] ERROR:  new row for relation "project_auth_settings" violates check constraint "project_auth_settings_hook_claims_check"
postgres-1       | 2026-10-04 06:58:11.045 UTC [1234] DETAIL:  Failing row contains (b1acc63b-6f2b-4bb9-be4e-e678903e0e60, e3158945-6331-4650-9739-8f74c9f975e0, development, f, 2026-10-04 06:58:10.93+00, {}, 10, 900, 5, 3600, 60, 3600, f, 12, named, null, 2000, hook-claims-1c102ccf, 2000, {role}).
postgres-1       | 2026-10-04 06:58:11.045 UTC [1234] STATEMENT:  UPDATE project_auth_settings SET access_token_hook_function = $1, access_token_hook_claims = ARRAY['role']::text[] WHERE organization_id = 'b1acc63b-6f2b-4bb9-be4e-e678903e0e60' AND project_id = 'e3158945-6331-4650-9739-8f74c9f975e0'
postgres-1       | 	      AND environment = 'development'
postgres-1       | 2026-10-04 06:58:11.059 UTC [1337] ERROR:  new row for relation "project_auth_settings" violates check constraint "project_auth_settings_hook_timeout_check"
postgres-1       | 2026-10-04 06:58:11.059 UTC [1337] DETAIL:  Failing row contains (b1acc63b-6f2b-4bb9-be4e-e678903e0e60, e3158945-6331-4650-9739-8f74c9f975e0, development, f, 2026-10-04 06:58:10.93+00, {}, 10, 900, 5, 3600, 60, 3600, f, 12, named, null, 0, null, 2000, {}).
postgres-1       | 2026-10-04 06:58:11.059 UTC [1337] STATEMENT:  UPDATE project_auth_settings SET sign_in_hook_timeout_ms = 0 WHERE organization_id = 'b1acc63b-6f2b-4bb9-be4e-e678903e0e60' AND project_id = 'e3158945-6331-4650-9739-8f74c9f975e0'
postgres-1       | 	      AND environment = 'development'
postgres-1       | 2026-10-04 06:58:11.072 UTC [1338] ERROR:  new row for relation "project_auth_settings" violates check constraint "project_auth_settings_hook_function_check"
postgres-1       | 2026-10-04 06:58:11.072 UTC [1338] DETAIL:  Failing row contains (b1acc63b-6f2b-4bb9-be4e-e678903e0e60, e3158945-6331-4650-9739-8f74c9f975e0, development, f, 2026-10-04 06:58:10.93+00, {}, 10, 900, 5, 3600, 60, 3600, f, 12, named, Nope!, 2000, null, 2000, {}).
postgres-1       | 2026-10-04 06:58:11.072 UTC [1338] STATEMENT:  UPDATE project_auth_settings SET sign_in_hook_function = 'Nope!' WHERE organization_id = 'b1acc63b-6f2b-4bb9-be4e-e678903e0e60' AND project_id = 'e3158945-6331-4650-9739-8f74c9f975e0'
postgres-1       | 	      AND environment = 'development'
postgres-1       | 2026-10-04 06:58:11.087 UTC [1339] ERROR:  new row for relation "project_auth_settings" violates check constraint "project_auth_settings_hook_claims_check"
postgres-1       | 2026-10-04 06:58:11.087 UTC [1339] DETAIL:  Failing row contains (b1acc63b-6f2b-4bb9-be4e-e678903e0e60, e3158945-6331-4650-9739-8f74c9f975e0, development, f, 2026-10-04 06:58:10.93+00, {}, 10, 900, 5, 3600, 60, 3600, f, 12, named, null, 2000, null, 2000, {tenant}).
postgres-1       | 2026-10-04 06:58:11.087 UTC [1339] STATEMENT:  UPDATE project_auth_settings SET access_token_hook_function = NULL, access_token_hook_claims = ARRAY['tenant']::text[] WHERE organization_id = 'b1acc63b-6f2b-4bb9-be4e-e678903e0e60' AND project_id = 'e3158945-6331-4650-9739-8f74c9f975e0'
postgres-1       | 	      AND environment = 'development'
postgres-1       | 2026-10-04 06:58:11.285 UTC [1340] ERROR:  permission denied for table project_auth_passkeys
postgres-1       | 2026-10-04 06:58:11.285 UTC [1340] STATEMENT:  UPDATE project_auth_passkeys SET public_key = $1
postgres-1       | 	        WHERE organization_id = $2 AND project_id = $3
postgres-1       | 2026-10-04 06:58:11.683 UTC [1341] ERROR:  new row for relation "project_auth_third_party_providers" violates check constraint "project_auth_third_party_providers_role_check"
postgres-1       | 2026-10-04 06:58:11.683 UTC [1341] DETAIL:  Failing row contains (a4ceebe8-79bf-4123-9355-77030a83ea21, 9426a954-6af8-42bb-bca2-57c07f3202cb, 90bff77f-78fb-4968-a18f-341180f42845, development, direkt, https://direkt.example.com, https://aussteller-2-80.example.com/.well-known/jwks.json, {qkern-app-2-80}, sub, null, service_role, 2026-10-04 06:58:11.681863+00).
postgres-1       | 2026-10-04 06:58:11.683 UTC [1341] STATEMENT:  INSERT INTO project_auth_third_party_providers
postgres-1       | 	        (id, organization_id, project_id, environment, name, issuer, jwks_uri, audiences, default_role)
postgres-1       | 	        VALUES ($1,$2,$3,$4,'direkt','https://direkt.example.com',$5,ARRAY[$6]::text[],'service_role')
postgres-1       | 2026-10-04 06:58:11.713 UTC [1342] ERROR:  permission denied for table project_auth_third_party_providers
postgres-1       | 2026-10-04 06:58:11.713 UTC [1342] STATEMENT:  UPDATE project_auth_third_party_providers SET jwks_uri = $1 WHERE issuer = $2
postgres-1       | 2026-10-04 06:58:13.422 UTC [1363] ERROR:  new row violates row-level security policy for table "notizen"
postgres-1       | 2026-10-04 06:58:13.422 UTC [1363] STATEMENT:  INSERT INTO "graphqlw_766bbd24_7d38_4dc6_9cca_16e2b9a06459"."notizen" ("besitzer", "inhalt", "menge")
postgres-1       | 	         VALUES ($1, $2, $3)
postgres-1       | 	         
postgres-1       | 	         RETURNING "id", "besitzer", "inhalt", "menge"
postgres-1       | 2026-10-04 06:58:13.440 UTC [1363] ERROR:  new row violates row-level security policy for table "notizen"
postgres-1       | 2026-10-04 06:58:13.440 UTC [1363] STATEMENT:  UPDATE "graphqlw_766bbd24_7d38_4dc6_9cca_16e2b9a06459"."notizen" SET "besitzer" = $1
postgres-1       | 	       WHERE "menge" = $2 RETURNING "id", "besitzer", "inhalt", "menge"
postgres-1       | 2026-10-04 06:58:13.661 UTC [1364] ERROR:  new row violates row-level security policy (USING expression) for table "kunden"
postgres-1       | 2026-10-04 06:58:13.661 UTC [1364] STATEMENT:  INSERT INTO "gqlupsert_00d669d0_4f02_4cfd_a5c0_accea2ccfbde"."kunden" ("besitzer", "email", "name", "punkte")
postgres-1       | 	         VALUES ($1, $2, $3, $4)
postgres-1       | 	         ON CONFLICT ("email")
postgres-1       | 	         DO UPDATE SET "besitzer" = EXCLUDED."besitzer", "name" = EXCLUDED."name", "punkte" = EXCLUDED."punkte"
postgres-1       | 	         RETURNING "id", "besitzer", "email", "name", "punkte", "slug"
postgres-1       | 2026-10-04 06:58:13.671 UTC [1364] ERROR:  new row violates row-level security policy (USING expression) for table "kunden"
postgres-1       | 2026-10-04 06:58:13.671 UTC [1364] STATEMENT:  INSERT INTO "gqlupsert_00d669d0_4f02_4cfd_a5c0_accea2ccfbde"."kunden" ("besitzer", "email", "name", "punkte")
postgres-1       | 	         VALUES ($1, $2, $3, $4)
postgres-1       | 	         ON CONFLICT ("email")
postgres-1       | 	         DO UPDATE SET "besitzer" = EXCLUDED."besitzer", "name" = EXCLUDED."name", "punkte" = EXCLUDED."punkte"
postgres-1       | 	         RETURNING "id", "besitzer", "email", "name", "punkte", "slug"
postgres-1       | 2026-10-04 06:58:13.694 UTC [1364] ERROR:  new row violates row-level security policy (USING expression) for table "kunden"
postgres-1       | 2026-10-04 06:58:13.694 UTC [1364] STATEMENT:  INSERT INTO "gqlupsert_00d669d0_4f02_4cfd_a5c0_accea2ccfbde"."kunden" ("besitzer", "email", "name", "punkte")
postgres-1       | 	         VALUES ($1, $2, $3, $4)
postgres-1       | 	         ON CONFLICT ("email")
postgres-1       | 	         DO UPDATE SET "besitzer" = EXCLUDED."besitzer", "name" = EXCLUDED."name", "punkte" = EXCLUDED."punkte"
postgres-1       | 	         RETURNING "id", "besitzer", "email", "name", "punkte", "slug"
postgres-1       | 2026-10-04 06:58:13.874 UTC [1365] ERROR:  new row violates row-level security policy (USING expression) for table "kunden"
postgres-1       | 2026-10-04 06:58:13.874 UTC [1365] STATEMENT:  INSERT INTO "mcpupsert_304c7f18_dcf5_4fdf_a962_dd8eb6da9dc8"."kunden" ("besitzer", "email", "name", "punkte")
postgres-1       | 	         VALUES ($1, $2, $3, $4)
postgres-1       | 	         ON CONFLICT ("email")
postgres-1       | 	         DO UPDATE SET "besitzer" = EXCLUDED."besitzer", "name" = EXCLUDED."name", "punkte" = EXCLUDED."punkte"
postgres-1       | 	         RETURNING "id", "besitzer", "email", "name", "punkte"
postgres-1       | 2026-10-04 06:58:13.928 UTC [1365] ERROR:  new row violates row-level security policy (USING expression) for table "kunden"
postgres-1       | 2026-10-04 06:58:13.928 UTC [1365] STATEMENT:  INSERT INTO "mcpupsert_304c7f18_dcf5_4fdf_a962_dd8eb6da9dc8"."kunden" ("besitzer", "email", "name", "punkte")
postgres-1       | 	         VALUES ($1, $2, $3, $4)
postgres-1       | 	         ON CONFLICT ("email")
postgres-1       | 	         DO UPDATE SET "besitzer" = EXCLUDED."besitzer", "name" = EXCLUDED."name", "punkte" = EXCLUDED."punkte"
postgres-1       | 	         RETURNING "id", "besitzer", "email", "name", "punkte"
postgres-1       | 2026-10-04 06:58:14.104 UTC [1366] ERROR:  permission denied for table project_auth_oauth_clients
postgres-1       | 2026-10-04 06:58:14.104 UTC [1366] STATEMENT:  UPDATE project_auth_oauth_clients SET scopes = ARRAY['data:write']::text[] WHERE id = $1
postgres-1       | 2026-10-04 06:58:14.106 UTC [1343] ERROR:  new row for relation "project_auth_oauth_codes" violates check constraint "project_auth_oauth_codes_pkce_check"
postgres-1       | 2026-10-04 06:58:14.106 UTC [1343] DETAIL:  Failing row contains (d034f9c6-f81a-465f-ac4e-7d45a0592f87, 79ddd9fc-9700-46b7-b2fd-fd8c4f33f12e, ccf396e2-e3f6-4e17-b878-152cf61f907e, development, 9137285f-a9a5-4748-a8bc-275fc72aca32, 0c2a12b0-57f9-4e1c-a14d-9ca9dc28adf7, https://app.test/oauth/zurueck, {data:read}, direkt-4b48d667-8ea7-4c1e-89c1-a9c7354964db, p9FKYZtJlRB1uVDjn3MFJzmxQg7n1Z4_O5AgbcAskIw, plain, 2026-10-04 06:58:14.105647+00, 2026-10-04 06:59:14.105647+00, null, null).
postgres-1       | 2026-10-04 06:58:14.106 UTC [1343] STATEMENT:  INSERT INTO project_auth_oauth_codes
postgres-1       | 	        (id, organization_id, project_id, environment, client_id, auth_user_id, redirect_uri,
postgres-1       | 	         scopes, code_hash, code_challenge, code_challenge_method, expires_at)
postgres-1       | 	        VALUES ($1,$2,$3,'development',$4,$5,$6,ARRAY['data:read']::text[],$7,$8,'plain',now() + interval '1 minute')
postgres-1       | 2026-10-04 06:58:14.401 UTC [386] LOG:  checkpoint starting: immediate force wait
postgres-1       | 2026-10-04 06:58:14.405 UTC [386] LOG:  checkpoint complete: wrote 359 buffers (2.2%); 0 WAL file(s) added, 0 removed, 2 recycled; write=0.004 s, sync=0.001 s, total=0.005 s; sync files=299, longest=0.001 s, average=0.000 s; distance=25809 kB, estimate=25809 kB; lsn=0/67AB598, redo lsn=0/67AB540
postgres-1       | 2026-10-04 06:58:14.440 UTC [1325] ERROR:  permission denied for table project_auth_one_time_tokens
postgres-1       | 2026-10-04 06:58:14.440 UTC [1325] STATEMENT:  DELETE FROM project_auth_one_time_tokens WHERE organization_id = $1
postgres-1       | 2026-10-04 06:58:14.452 UTC [1372] ERROR:  permission denied for table project_auth_oauth_tokens
postgres-1       | 2026-10-04 06:58:14.452 UTC [1372] STATEMENT:  DELETE FROM project_auth_oauth_tokens WHERE organization_id = $1
postgres-1       | 2026-10-04 06:58:14.522 UTC [1373] ERROR:  permission denied for table project_auth_saml_assertions
postgres-1       | 2026-10-04 06:58:14.522 UTC [1373] STATEMENT:  DELETE FROM project_auth_saml_assertions WHERE organization_id = $1
postgres-1       | 2026-10-04 06:58:16.191 UTC [1367] ERROR:  permission denied for table project_auth_oauth_consents
postgres-1       | 2026-10-04 06:58:16.191 UTC [1367] STATEMENT:  DELETE FROM project_auth_oauth_consents WHERE id = $1
postgres-1       | 2026-10-04 06:58:16.192 UTC [1369] ERROR:  project auth oauth consents are immutable except for one-way revocation
postgres-1       | 2026-10-04 06:58:16.192 UTC [1369] CONTEXT:  PL/pgSQL function qkern_reject_project_auth_oauth_consent_mutation() line 8 at RAISE
postgres-1       | 2026-10-04 06:58:16.192 UTC [1369] STATEMENT:  UPDATE project_auth_oauth_consents SET revoked_at = NULL WHERE id = $1
postgres-1       | 2026-10-04 06:58:16.202 UTC [1386] ERROR:  permission denied for table project_auth_oauth_consents
postgres-1       | 2026-10-04 06:58:16.202 UTC [1386] STATEMENT:  UPDATE project_auth_oauth_consents SET scopes = ARRAY['data:write']::text[] WHERE id = $1
postgres-1       | 2026-10-04 06:58:16.294 UTC [1327] ERROR:  update or delete on table "users" violates foreign key constraint "organizations_created_by_fkey" on table "organizations"
postgres-1       | 2026-10-04 06:58:16.294 UTC [1327] DETAIL:  Key (id)=(33e012c4-cd38-400f-8b24-4019ec10e8bc) is still referenced from table "organizations".
postgres-1       | 2026-10-04 06:58:16.294 UTC [1327] STATEMENT:  DELETE FROM users WHERE id = $1
postgres-1       | 2026-10-04 06:58:16.324 UTC [1390] ERROR:  extension "vector" is not available
postgres-1       | 2026-10-04 06:58:16.324 UTC [1390] DETAIL:  Could not open extension control file "/usr/local/share/postgresql/extension/vector.control": No such file or directory.
postgres-1       | 2026-10-04 06:58:16.324 UTC [1390] HINT:  The extension must first be installed on the system where PostgreSQL is running.
postgres-1       | 2026-10-04 06:58:16.324 UTC [1390] STATEMENT:  CREATE EXTENSION vector
postgres-1       | 2026-10-04 06:58:16.363 UTC [1391] ERROR:  array is too long
postgres-1       | 2026-10-04 06:58:16.363 UTC [1391] DETAIL:  A cube cannot have more than 100 dimensions.
postgres-1       | 2026-10-04 06:58:16.363 UTC [1391] STATEMENT:  SELECT cube(array_fill(0::float8, ARRAY[$1::int]))
postgres-1       | 2026-10-04 06:58:16.699 UTC [1393] ERROR:  update or delete on table "users" violates foreign key constraint "organizations_created_by_fkey" on table "organizations"
postgres-1       | 2026-10-04 06:58:16.699 UTC [1393] DETAIL:  Key (id)=(837a2703-d02b-4373-a818-812464b4dfaa) is still referenced from table "organizations".
postgres-1       | 2026-10-04 06:58:16.699 UTC [1393] STATEMENT:  DELETE FROM users WHERE id = $1
postgres-1       | 2026-10-04 06:58:17.078 UTC [1396] ERROR:  new row violates row-level security policy for table "kommentare"
postgres-1       | 2026-10-04 06:58:17.078 UTC [1396] STATEMENT:  INSERT INTO "gqlrel_a1d9266d_dcef_4e51_aa03_c907c621f7d7"."kommentare" ("beitrag_id", "besitzer", "id", "text")
postgres-1       | 	         VALUES ($1, $2, $3, $4)
postgres-1       | 	         
postgres-1       | 	         RETURNING "id", "beitrag_id", "verfasser_id", "text", "besitzer"
postgres-1       | 2026-10-04 06:58:17.340 UTC [1406] ERROR:  permission denied for table verschlossen
postgres-1       | 2026-10-04 06:58:17.340 UTC [1406] STATEMENT:  SELECT inhalt FROM "gqlxs_b_6b2f44f8_041a_4154_ab48_66a17b38a614".verschlossen
postgres-1       | 2026-10-04 06:58:17.480 UTC [1375] ERROR:  permission denied for table project_function_invocation_output
postgres-1       | 2026-10-04 06:58:17.480 UTC [1375] STATEMENT:  UPDATE project_function_invocation_output SET truncated = true
postgres-1       | 2026-10-04 06:58:17.482 UTC [1375] ERROR:  permission denied for table project_function_invocation_output
postgres-1       | 2026-10-04 06:58:17.482 UTC [1375] STATEMENT:  DELETE FROM project_function_invocation_output
postgres-1       | 2026-10-04 06:58:17.488 UTC [1394] ERROR:  new row for relation "project_function_invocation_output" violates check constraint "project_function_invocation_output_line_count_check"
postgres-1       | 2026-10-04 06:58:17.488 UTC [1394] DETAIL:  Failing row contains (8b9d1add-7c69-4feb-af8e-ce095ebd3ba7, 28422649-6ab8-47c0-bc2c-3496217810b5, 963fad11-83fe-4817-baa1-1d2e55ad63b9, development, 6a98412e-5f81-4c52-94e9-0c04ee46e560, 8629b6d3-5ecb-4758-a841-fdba505a8058, 2026-10-04 06:58:17.485305+00, 501, 501, 0, 0, f, 0, [{"at": "2026-09-29T10:00:00.000Z", "cut": false, "text": "x", "...).
postgres-1       | 2026-10-04 06:58:17.488 UTC [1394] STATEMENT:  INSERT INTO project_function_invocation_output
postgres-1       | 	         (organization_id, project_id, environment, function_id, invocation_id,
postgres-1       | 	          line_count, stdout_lines, stderr_lines, byte_count, truncated, dropped_lines, lines)
postgres-1       | 	       VALUES ($1, $2, 'development', $3, $4, $5, $6, 0, 0, $7, $8, $9::jsonb)
postgres-1       | 2026-10-04 06:58:17.499 UTC [1408] ERROR:  new row for relation "project_function_invocation_output" violates check constraint "project_function_invocation_output_lines_shape"
postgres-1       | 2026-10-04 06:58:17.499 UTC [1408] DETAIL:  Failing row contains (6c6ea74a-9cb5-4a7b-b19f-edccc0996b62, 28422649-6ab8-47c0-bc2c-3496217810b5, 963fad11-83fe-4817-baa1-1d2e55ad63b9, development, 6a98412e-5f81-4c52-94e9-0c04ee46e560, 8629b6d3-5ecb-4758-a841-fdba505a8058, 2026-10-04 06:58:17.496542+00, 2, 2, 0, 0, f, 0, [{"at": "2026-09-29T10:00:00.000Z", "cut": false, "text": "x", "...).
postgres-1       | 2026-10-04 06:58:17.499 UTC [1408] STATEMENT:  INSERT INTO project_function_invocation_output
postgres-1       | 	         (organization_id, project_id, environment, function_id, invocation_id,
postgres-1       | 	          line_count, stdout_lines, stderr_lines, byte_count, truncated, dropped_lines, lines)
postgres-1       | 	       VALUES ($1, $2, 'development', $3, $4, $5, $6, 0, 0, $7, $8, $9::jsonb)
postgres-1       | 2026-10-04 06:58:17.513 UTC [1409] ERROR:  insert or update on table "project_function_invocation_output" violates foreign key constraint "project_function_invocation_o_organization_id_invocation_i_fkey"
postgres-1       | 2026-10-04 06:58:17.513 UTC [1409] DETAIL:  Key (organization_id, invocation_id)=(28422649-6ab8-47c0-bc2c-3496217810b5, 41070731-2812-4bee-83da-c4be37d78361) is not present in table "project_function_invocations".
postgres-1       | 2026-10-04 06:58:17.513 UTC [1409] STATEMENT:  INSERT INTO project_function_invocation_output
postgres-1       | 	         (organization_id, project_id, environment, function_id, invocation_id,
postgres-1       | 	          line_count, stdout_lines, stderr_lines, byte_count, truncated, dropped_lines, lines)
postgres-1       | 	       VALUES ($1, $2, 'development', $3, $4, $5, $6, 0, 0, $7, $8, $9::jsonb)
postgres-1       | 2026-10-04 06:58:17.525 UTC [1410] ERROR:  duplicate key value violates unique constraint "project_function_invocation_o_organization_id_invocation_id_key"
postgres-1       | 2026-10-04 06:58:17.525 UTC [1410] DETAIL:  Key (organization_id, invocation_id)=(28422649-6ab8-47c0-bc2c-3496217810b5, d99c3298-ff7f-4c75-9eab-65a4dd68719a) already exists.
postgres-1       | 2026-10-04 06:58:17.525 UTC [1410] STATEMENT:  INSERT INTO project_function_invocation_output
postgres-1       | 	         (organization_id, project_id, environment, function_id, invocation_id,
postgres-1       | 	          line_count, stdout_lines, stderr_lines, byte_count, truncated, dropped_lines, lines)
postgres-1       | 	       VALUES ($1, $2, 'development', $3, $4, $5, $6, 0, 0, $7, $8, $9::jsonb)
postgres-1       | 2026-10-04 06:58:17.639 UTC [1388] ERROR:  duplicate key value violates unique constraint "project_auth_saml_assertion_key"
postgres-1       | 2026-10-04 06:58:17.639 UTC [1388] DETAIL:  Key (organization_id, project_id, environment, provider, assertion_id)=(c852f59e-e735-44f1-86e8-180f7f84af15, 9f3c8d87-6b70-4b03-aa38-d171c3f10752, development, federation, _aab1fbcbd8d21b14a10c54aa299c9a3c1) already exists.
postgres-1       | 2026-10-04 06:58:17.639 UTC [1388] STATEMENT:  INSERT INTO project_auth_saml_assertions
postgres-1       | 	      (organization_id, project_id, environment, provider, assertion_id, expires_at)
postgres-1       | 	      VALUES ($1, $2, 'development', 'federation', $3, now() + interval '5 minutes')
postgres-1       | 2026-10-04 06:58:17.644 UTC [1387] ERROR:  new row for relation "project_auth_saml_assertions" violates check constraint "project_auth_saml_assertions_assertion_id_check"
postgres-1       | 2026-10-04 06:58:17.644 UTC [1387] DETAIL:  Failing row contains (1f310313-4e50-4577-9864-dc33019248dc, c852f59e-e735-44f1-86e8-180f7f84af15, 9f3c8d87-6b70-4b03-aa38-d171c3f10752, development, federation, 9nope, 2026-10-04 06:58:17.644693+00, 2026-10-04 07:03:17.644693+00).
postgres-1       | 2026-10-04 06:58:17.644 UTC [1387] STATEMENT:  INSERT INTO project_auth_saml_assertions
postgres-1       | 	      (organization_id, project_id, environment, provider, assertion_id, expires_at)
postgres-1       | 	      VALUES ($1, $2, 'development', 'federation', '9nope', now() + interval '5 minutes')
postgres-1       | 2026-10-04 06:58:17.657 UTC [1412] ERROR:  new row for relation "project_auth_saml_assertions" violates check constraint "project_auth_saml_assertions_provider_check"
postgres-1       | 2026-10-04 06:58:17.657 UTC [1412] DETAIL:  Failing row contains (f51d63c9-d453-4b29-b941-ee0a6c7e8e7d, c852f59e-e735-44f1-86e8-180f7f84af15, 9f3c8d87-6b70-4b03-aa38-d171c3f10752, development, Federation, _abc, 2026-10-04 06:58:17.654715+00, 2026-10-04 07:03:17.654715+00).
postgres-1       | 2026-10-04 06:58:17.657 UTC [1412] STATEMENT:  INSERT INTO project_auth_saml_assertions
postgres-1       | 	      (organization_id, project_id, environment, provider, assertion_id, expires_at)
postgres-1       | 	      VALUES ($1, $2, 'development', 'Federation', '_abc', now() + interval '5 minutes')
postgres-1       | 2026-10-04 06:58:17.669 UTC [1413] ERROR:  new row for relation "project_auth_saml_assertions" violates check constraint "project_auth_saml_assertions_window"
postgres-1       | 2026-10-04 06:58:17.669 UTC [1413] DETAIL:  Failing row contains (29dcd94d-9b56-4b4a-8350-2b9579a3ac8a, c852f59e-e735-44f1-86e8-180f7f84af15, 9f3c8d87-6b70-4b03-aa38-d171c3f10752, development, federation, _window, 2026-10-04 06:58:17.666627+00, 2026-10-04 06:57:17.666627+00).
postgres-1       | 2026-10-04 06:58:17.669 UTC [1413] STATEMENT:  INSERT INTO project_auth_saml_assertions
postgres-1       | 	      (organization_id, project_id, environment, provider, assertion_id, used_at, expires_at)
postgres-1       | 	      VALUES ($1, $2, 'development', 'federation', '_window', now(), now() - interval '1 minute')
postgres-1       | 2026-10-04 06:58:17.682 UTC [1414] ERROR:  new row for relation "project_auth_one_time_tokens" violates check constraint "project_auth_one_time_tokens_purpose_check"
postgres-1       | 2026-10-04 06:58:17.682 UTC [1414] DETAIL:  Failing row contains (3d9c790c-d1ca-4112-88fc-6c2583d5709f, c852f59e-e735-44f1-86e8-180f7f84af15, 9f3c8d87-6b70-4b03-aa38-d171c3f10752, development, null, saml_reply, aaaaaaaaaaaaaaaaaaaaaaaaaaaaaaaaaaaaaaaaaaaaaaaaaaaaaaaaaaaaaaaa, {}, 2026-10-04 06:58:17.679931+00, 2026-10-04 07:03:17.679931+00, null).
postgres-1       | 2026-10-04 06:58:17.682 UTC [1414] STATEMENT:  INSERT INTO project_auth_one_time_tokens
postgres-1       | 	      (organization_id, project_id, environment, purpose, token_hash, expires_at)
postgres-1       | 	      VALUES ($1, $2, 'development', 'saml_reply', $3, now() + interval '5 minutes')
postgres-1       | 2026-10-04 06:58:17.695 UTC [1415] ERROR:  permission denied for table project_auth_saml_assertions
postgres-1       | 2026-10-04 06:58:17.695 UTC [1415] STATEMENT:  UPDATE project_auth_saml_assertions SET assertion_id = '_other' WHERE organization_id = $1
postgres-1       | 2026-10-04 06:58:17.765 UTC [1411] ERROR:  project storage upload verifier and identity are immutable
postgres-1       | 2026-10-04 06:58:17.765 UTC [1411] CONTEXT:  PL/pgSQL function qkern_reject_project_storage_upload_mutation() line 15 at RAISE
postgres-1       | 2026-10-04 06:58:17.765 UTC [1411] STATEMENT:  UPDATE project_storage_uploads
postgres-1       | 	      SET parts_declared = true, kind = 'single', provider_upload_id = NULL
postgres-1       | 	      WHERE id = $1
postgres-1       | 2026-10-04 06:58:17.780 UTC [1417] ERROR:  project storage upload verifier and identity are immutable
postgres-1       | 2026-10-04 06:58:17.780 UTC [1417] CONTEXT:  PL/pgSQL function qkern_reject_project_storage_upload_mutation() line 15 at RAISE
postgres-1       | 2026-10-04 06:58:17.780 UTC [1417] STATEMENT:  UPDATE project_storage_uploads SET parts_declared = false
postgres-1       | 	      WHERE id = $1
postgres-1       | 2026-10-04 06:58:17.846 UTC [1418] ERROR:  project storage upload verifier and identity are immutable
postgres-1       | 2026-10-04 06:58:17.846 UTC [1418] CONTEXT:  PL/pgSQL function qkern_reject_project_storage_upload_mutation() line 15 at RAISE
postgres-1       | 2026-10-04 06:58:17.846 UTC [1418] STATEMENT:  UPDATE project_storage_uploads SET checksum_sha256 = NULL WHERE id = $1
postgres-1       | 2026-10-04 06:58:17.870 UTC [1419] ERROR:  new row for relation "project_storage_uploads" violates check constraint "project_storage_uploads_completed_content"
postgres-1       | 2026-10-04 06:58:17.870 UTC [1419] DETAIL:  Failing row contains (52656ec6-1224-4117-b46f-7b0a5ebf2ac0, 3d278cd3-39ad-4307-9fb3-0178d646f22c, 13944ce9-7e64-4ad4-bc9c-8d09d132bfff, development, 8eccecb6-70dd-4e9e-856d-262713e746ce, halfway.txt, 3d278cd3-39ad-4307-9fb3-0178d646f22c/13944ce9-7e64-4ad4-bc9c-8d0..., 3ee7f36a-63cd-49e7-aa82-d89d221d243e, text/plain, 1, null, lawM8mqkqqwMpcMqwrQYe0zvlUQZijHIofdz-pZ3jPg, completed, 2026-10-04 06:58:17.749+00, 2026-10-04 07:58:17.749+00, null, null, multipart, provider-upload-halfway, t).
postgres-1       | 2026-10-04 06:58:17.870 UTC [1419] STATEMENT:  UPDATE project_storage_uploads SET status = 'completed', size_bytes = 1 WHERE id = $1
postgres-1       | 2026-10-04 06:58:17.923 UTC [1421] ERROR:  permission denied for function pg_read_file
postgres-1       | 2026-10-04 06:58:17.923 UTC [1421] STATEMENT:  SELECT pg_read_file('postgresql.conf', 0, 16)
postgres-1       | 2026-10-04 06:58:17.932 UTC [1422] ERROR:  permission denied for function pg_ls_logdir
postgres-1       | 2026-10-04 06:58:17.932 UTC [1422] STATEMENT:  SELECT * FROM pg_ls_logdir()
postgres-1       | 2026-10-04 06:58:17.940 UTC [1423] ERROR:  permission denied to examine "log_directory"
postgres-1       | 2026-10-04 06:58:17.940 UTC [1423] DETAIL:  Only roles with privileges of the "pg_read_all_settings" role may examine this parameter.
postgres-1       | 2026-10-04 06:58:17.940 UTC [1423] STATEMENT:  SHOW log_directory
postgres-1       | 2026-10-04 06:58:17.952 UTC [1420] ERROR:  could not open directory "log": No such file or directory
postgres-1       | 2026-10-04 06:58:17.952 UTC [1420] STATEMENT:  SELECT * FROM pg_ls_logdir()
postgres-1       | 2026-10-04 06:58:18.019 UTC [1428] ERROR:  permission denied for function pg_read_file
postgres-1       | 2026-10-04 06:58:18.019 UTC [1428] STATEMENT:  SELECT pg_read_file('postgresql.conf', 0, 8)
postgres-1       | 2026-10-04 06:58:18.071 UTC [1375] ERROR:  new row for relation "realtime_presence" violates check constraint "realtime_presence_lease_forward"
postgres-1       | 2026-10-04 06:58:18.071 UTC [1375] STATEMENT:  INSERT INTO realtime_presence (organization_id, project_id, environment, channel,
postgres-1       | 	             presence_key, instance_id, state, tracked_at, expires_at)
postgres-1       | 	           VALUES ($1,$2,'development',$3,'qk_presence_2113backwards','instance-a','{}',$4,$5)
postgres-1       | 2026-10-04 06:58:18.073 UTC [1375] ERROR:  permission denied for table realtime_presence
postgres-1       | 2026-10-04 06:58:18.073 UTC [1375] STATEMENT:  UPDATE realtime_presence SET channel='public:hijacked'
postgres-1       | 	          WHERE organization_id=$1 AND channel=$2
postgres-1       | 2026-10-04 06:58:18.083 UTC [1430] ERROR:  permission denied for table realtime_presence
postgres-1       | 2026-10-04 06:58:18.083 UTC [1430] STATEMENT:  UPDATE realtime_presence SET presence_key='qk_presence_2113stolen'
postgres-1       | 	          WHERE organization_id=$1 AND channel=$2
postgres-1       | 2026-10-04 06:58:18.290 UTC [1432] ERROR:  duplicate key value violates unique constraint "billing_invoice_lines_invoice_id_line_key_key"
postgres-1       | 2026-10-04 06:58:18.290 UTC [1432] STATEMENT:  INSERT INTO billing_invoice_lines
postgres-1       | 	               (organization_id, invoice_id, line_key, label, metric, quantity,
postgres-1       | 	                unit_price_micros, per_units, amount_micros)
postgres-1       | 	             VALUES ($1,$2,'charge:support-retainer','Betreuung noch einmal',NULL,1,5000000,1,5000000)
postgres-1       | 2026-10-04 06:58:18.298 UTC [1425] ERROR:  update or delete on table "organizations" violates foreign key constraint "billing_rate_cards_organization_id_fkey" on table "billing_rate_cards"
postgres-1       | 2026-10-04 06:58:18.298 UTC [1425] DETAIL:  Key (id)=(0277769d-01f9-4016-aadd-5f9b22a776ba) is still referenced from table "billing_rate_cards".
postgres-1       | 2026-10-04 06:58:18.298 UTC [1425] STATEMENT:  DELETE FROM organizations WHERE id IN ($1,$2)
postgres-1       | 2026-10-04 06:58:18.311 UTC [1433] ERROR:  update or delete on table "users" violates foreign key constraint "organizations_created_by_fkey" on table "organizations"
postgres-1       | 2026-10-04 06:58:18.311 UTC [1433] DETAIL:  Key (id)=(5c41b807-5730-4832-b9ec-a96a0b6cceef) is still referenced from table "organizations".
postgres-1       | 2026-10-04 06:58:18.311 UTC [1433] STATEMENT:  DELETE FROM users WHERE id = $1
postgres-1       | 2026-10-04 06:58:18.542 UTC [1431] ERROR:  permission denied for table project_queue_message_traces
postgres-1       | 2026-10-04 06:58:18.542 UTC [1431] STATEMENT:  UPDATE project_queue_message_traces SET station='completed'
postgres-1       | 	            WHERE organization_id=$1 AND message_id=$2
postgres-1       | 2026-10-04 06:58:18.554 UTC [1434] ERROR:  a project queue trace station is append-only
postgres-1       | 2026-10-04 06:58:18.554 UTC [1434] CONTEXT:  PL/pgSQL function qkern_reject_project_queue_trace_update() line 3 at RAISE
postgres-1       | 2026-10-04 06:58:18.554 UTC [1434] STATEMENT:  UPDATE project_queue_message_traces SET station='completed'
postgres-1       | 	          WHERE organization_id=$1 AND message_id=$2
postgres-1       | 2026-10-04 06:58:19.422 UTC [1435] ERROR:  new row for relation "project_queue_message_traces" violates check constraint "project_queue_message_traces_span_shape"
postgres-1       | 2026-10-04 06:58:19.422 UTC [1435] DETAIL:  Failing row contains (ed696a85-2c92-4527-8d00-40fd7a3570ef, d2f2431f-5c70-49b3-b55e-291b238b2cad, e2f072ed-9de1-45be-af0f-ba6d74c83164, development, ffdafc2b-b840-4c98-955f-7e1056fe8872, 874e588a-e512-4488-ae55-bf4c8eb90a99, 60, enqueued, 0, null, null, null, null, null, 2026-10-04 06:58:19.392+00, 2026-10-05 06:58:19.392+00, 0000000000000000).
postgres-1       | 2026-10-04 06:58:19.422 UTC [1435] STATEMENT:  INSERT INTO project_queue_message_traces
postgres-1       | 	         (organization_id,project_id,environment,queue_id,message_id,sequence,station,attempt,
postgres-1       | 	          span_id,occurred_at,expires_at)
postgres-1       | 	       SELECT organization_id,project_id,environment,queue_id,message_id,60,'enqueued',0,
postgres-1       | 	              repeat('0',16),occurred_at,expires_at
postgres-1       | 	         FROM project_queue_message_traces
postgres-1       | 	        WHERE organization_id=$1 AND message_id=$2 AND sequence=1
postgres-1       | 2026-10-04 06:58:19.435 UTC [1445] ERROR:  duplicate key value violates unique constraint "project_queue_message_traces_span_key"
postgres-1       | 2026-10-04 06:58:19.435 UTC [1445] DETAIL:  Key (organization_id, project_id, environment, message_id, span_id)=(d2f2431f-5c70-49b3-b55e-291b238b2cad, e2f072ed-9de1-45be-af0f-ba6d74c83164, development, 874e588a-e512-4488-ae55-bf4c8eb90a99, 1024d6081eff0c7b) already exists.
postgres-1       | 2026-10-04 06:58:19.435 UTC [1445] STATEMENT:  INSERT INTO project_queue_message_traces
postgres-1       | 	         (organization_id,project_id,environment,queue_id,message_id,sequence,station,attempt,
postgres-1       | 	          span_id,occurred_at,expires_at)
postgres-1       | 	       SELECT organization_id,project_id,environment,queue_id,message_id,61,'enqueued',0,
postgres-1       | 	              span_id,occurred_at,expires_at
postgres-1       | 	         FROM project_queue_message_traces
postgres-1       | 	        WHERE organization_id=$1 AND message_id=$2 AND sequence=1
postgres-1       | 2026-10-04 06:58:19.612 UTC [1446] ERROR:  webhook delivery content is immutable
postgres-1       | 2026-10-04 06:58:19.612 UTC [1446] CONTEXT:  PL/pgSQL function qkern_validate_project_webhook_delivery_update() line 10 at RAISE
postgres-1       | 2026-10-04 06:58:19.612 UTC [1446] STATEMENT:  UPDATE project_webhook_deliveries SET trace_id=$3
postgres-1       | 	        WHERE organization_id=$1 AND id=$2
postgres-1       | 2026-10-04 06:58:19.625 UTC [1447] ERROR:  webhook delivery content is immutable
postgres-1       | 2026-10-04 06:58:19.625 UTC [1447] CONTEXT:  PL/pgSQL function qkern_validate_project_webhook_delivery_update() line 10 at RAISE
postgres-1       | 2026-10-04 06:58:19.625 UTC [1447] STATEMENT:  UPDATE project_webhook_deliveries SET parent_span_id=NULL
postgres-1       | 	        WHERE organization_id=$1 AND id=$2
postgres-1       | 2026-10-04 06:58:19.636 UTC [1448] ERROR:  new row for relation "project_webhook_deliveries" violates check constraint "project_webhook_deliveries_trace_anchor"
postgres-1       | 2026-10-04 06:58:19.636 UTC [1448] DETAIL:  Failing row contains (59ff346b-9482-437b-aab2-a78ffb8fd4fc, d2f2431f-5c70-49b3-b55e-291b238b2cad, e2f072ed-9de1-45be-af0f-ba6d74c83164, development, 73395d3c-5315-4480-8d44-cc085f82ac6d, order.created, {}, 2026-10-04 06:58:19.633769+00, pending, 0, 2026-10-04 06:58:19.633769+00, null, null, null, null, 2026-10-04 06:58:19.633769+00, null, null, null, 00f067aa0ba902b7).
postgres-1       | 2026-10-04 06:58:19.636 UTC [1448] STATEMENT:  INSERT INTO project_webhook_deliveries
postgres-1       | 	         (id, organization_id, project_id, environment, webhook_id, event_type, payload,
postgres-1       | 	          occurred_at, status, attempt_count, available_at, created_at, parent_span_id)
postgres-1       | 	       VALUES (gen_random_uuid(),$1,$2,'development',$3,'order.created','{}',now(),
postgres-1       | 	               'pending',0,now(),now(),$4)
postgres-1       | 2026-10-04 06:58:19.871 UTC [1451] ERROR:  permission denied for table project_database_backups
postgres-1       | 2026-10-04 06:58:19.871 UTC [1451] STATEMENT:  UPDATE project_database_backups SET status = 'available' WHERE id = $1
postgres-1       | 2026-10-04 06:58:19.873 UTC [1451] ERROR:  permission denied for table project_database_backups
postgres-1       | 2026-10-04 06:58:19.873 UTC [1451] STATEMENT:  UPDATE project_database_backups SET object_key = NULL WHERE id = $1
postgres-1       | 2026-10-04 06:58:19.875 UTC [1451] ERROR:  permission denied for table project_database_backups
postgres-1       | 2026-10-04 06:58:19.875 UTC [1451] STATEMENT:  UPDATE project_database_backups SET artifact_sha256 = 'eeeeeeeeeeeeeeeeeeeeeeeeeeeeeeeeeeeeeeeeeeeeeeeeeeeeeeeeeeeeeeee' WHERE id = $1
postgres-1       | 2026-10-04 06:58:19.877 UTC [1451] ERROR:  permission denied for table project_database_backups
postgres-1       | 2026-10-04 06:58:19.877 UTC [1451] STATEMENT:  UPDATE project_database_backups SET manifest_sha256 = 'eeeeeeeeeeeeeeeeeeeeeeeeeeeeeeeeeeeeeeeeeeeeeeeeeeeeeeeeeeeeeeee' WHERE id = $1
postgres-1       | 2026-10-04 06:58:19.878 UTC [1451] ERROR:  permission denied for table project_database_backups
postgres-1       | 2026-10-04 06:58:19.878 UTC [1451] STATEMENT:  UPDATE project_database_backups SET expires_at = now() WHERE id = $1
postgres-1       | 2026-10-04 06:58:19.880 UTC [1451] ERROR:  permission denied for table project_database_backups
postgres-1       | 2026-10-04 06:58:19.880 UTC [1451] STATEMENT:  UPDATE project_database_backups SET part_count = 9 WHERE id = $1
postgres-1       | 2026-10-04 06:58:19.882 UTC [1451] ERROR:  permission denied for table project_database_backups
postgres-1       | 2026-10-04 06:58:19.882 UTC [1451] STATEMENT:  UPDATE project_database_backups SET restore_lease_token = gen_random_uuid() WHERE id = $1
postgres-1       | 2026-10-04 06:58:19.883 UTC [1451] ERROR:  permission denied for table project_database_backups
postgres-1       | 2026-10-04 06:58:19.883 UTC [1451] STATEMENT:  DELETE FROM project_database_backups WHERE id = $1
postgres-1       | 2026-10-04 06:58:19.885 UTC [1451] ERROR:  new row for relation "project_database_backups" violates check constraint "project_database_backups_restore_failure_shape"
postgres-1       | 2026-10-04 06:58:19.885 UTC [1451] STATEMENT:  UPDATE project_database_backups SET restore_error_code = 'RESTORE_FAILED'
postgres-1       | 	             WHERE id = $1
postgres-1       | 2026-10-04 06:58:19.887 UTC [1451] ERROR:  permission denied for table project_database_backup_schedules
postgres-1       | 2026-10-04 06:58:19.887 UTC [1451] STATEMENT:  UPDATE project_database_backup_schedules SET enabled = false WHERE project_id = $1
certification-1  |  [32m✓[39m tests/postgres.integration.test.ts [2m([22m[2m78 tests[22m[2m)[22m[33m 48042[2mms[22m[39m
certification-1  |      [33m[2m✓[22m[39m finds the suspected missing index, the unused index, the bloat and the missing sample in real statistics (2.40) [33m 11739[2mms[22m[39m
certification-1  |      [33m[2m✓[22m[39m (2.52) refuses a usable session without the second factor when the project requires it [33m 497[2mms[22m[39m
certification-1  |      [33m[2m✓[22m[39m (2.56) refuses the login attempt that crosses the limit and lets the next window through [33m 1058[2mms[22m[39m
certification-1  |      [33m[2m✓[22m[39m (2.60) refuses a known leaked password at sign-up when the project requires it [33m 751[2mms[22m[39m
certification-1  |      [33m[2m✓[22m[39m (2.67) shows what a query costs in the console without showing the query [33m 1255[2mms[22m[39m
certification-1  |      [33m[2m✓[22m[39m (2.53) delivers a table change through the running bridge process [33m 4913[2mms[22m[39m
certification-1  |      [33m[2m✓[22m[39m (2.64) forwards through the running collector process and continues after a restart [33m 4845[2mms[22m[39m
certification-1  |      [33m[2m✓[22m[39m (2.69) explains a real query plan without executing the query [33m 8687[2mms[22m[39m
certification-1  |      [33m[2m✓[22m[39m (2.70) reports the state of the real database from counters that really move [33m 1107[2mms[22m[39m
certification-1  |      [33m[2m✓[22m[39m (2.77) calls the auth hooks of a real sign-in and refuses one that wants a reserved claim [33m 980[2mms[22m[39m
certification-1  |      [33m[2m✓[22m[39m (2.85) does not forward the same audit row again after a restart when the database sets the microseconds [33m 1385[2mms[22m[39m
certification-1  |      [33m[2m✓[22m[39m (2.82) issues an OAuth code with PKCE, redeems it once, reads with the token under row security and refuses replay, a wrong verifier, a foreign return target and an ungranted scope [33m 333[2mms[22m[39m
certification-1  |      [33m[2m✓[22m[39m (2.103) opens exactly the tools each new scope names against the real database, keeps the tenant boundary, reaches no worker lease operation through queues:write and throws for a tool name without an entry [33m 351[2mms[22m[39m
certification-1  |      [33m[2m✓[22m[39m (2.116) gives storage:write one deleting tool and no upload, runs it as the consenting user under the write policy of the bucket, keeps a foreign object in an owner bucket and gives the operator role only to the local bearer [33m 346[2mms[22m[39m
certification-1  |      [33m[2m✓[22m[39m (2.117) runs the free query under row level security as the consenting user, gives each user exactly their own rows, keeps a table without row level security unreachable over OAuth and answers the schema list with the readable surface only [33m 467[2mms[22m[39m
certification-1  |      [33m[2m✓[22m[39m (2.92) records a consent as one row, issues a token on it, revokes exactly that consent so the token stops working while the row stays, and refuses a scope nobody consented to [33m 309[2mms[22m[39m
certification-1  |      [33m[2m✓[22m[39m (2.121) follows one message from its enqueue to its dead letter across a dead host and two instances, carries the foreign trace into its replay, shows it to no other organization and has no column for a payload [33m 305[2mms[22m[39m
certification-1  |      [33m[2m✓[22m[39m (2.122) cuts a trace at its own expiry and never at the outcome of its message, keeps it when the message is already pruned, never shorter than the queue retention, and stops at sixty-four stations [33m 765[2mms[22m[39m
certification-1  | 
certification-1  | [2m Test Files [22m [1m[32m31 passed[39m[22m[90m (31)[39m
certification-1  | [2m      Tests [22m [1m[32m257 passed[39m[22m[90m (257)[39m
certification-1  | [2m   Start at [22m 06:57:19
certification-1  | [2m   Duration [22m 61.00s[2m (transform 56.20s, setup 0ms, import 82.10s, tests 165.93s, environment 18ms)[22m
certification-1  | 
[Kcertification-1 exited with code 0
 Compose Stopping Aborting on container exit...
 Container qkern-slice-w31-certification-1 Stopping 
 Container qkern-slice-w31-certification-1 Stopped 
 Container qkern-slice-w31-vault-1 Stopping 
 Container qkern-slice-w31-postgres-1 Stopping 
postgres-1       | 2026-10-04 06:58:20.671 UTC [1] LOG:  received fast shutdown request
postgres-1       | 2026-10-04 06:58:20.671 UTC [1] LOG:  aborting any active transactions
vault-1          | ==> Vault shutdown triggered
postgres-1       | 2026-10-04 06:58:20.678 UTC [1] LOG:  background worker "logical replication launcher" (PID 391) exited with exit code 1
vault-1          | 2026-10-04T06:58:20.675Z [INFO]  core: marked as sealed
postgres-1       | 2026-10-04 06:58:20.678 UTC [386] LOG:  shutting down
postgres-1       | 2026-10-04 06:58:20.678 UTC [386] LOG:  checkpoint starting: shutdown immediate
vault-1          | 2026-10-04T06:58:20.677Z [INFO]  core: pre-seal teardown starting
vault-1          | 2026-10-04T06:58:20.678Z [INFO]  rollback: stopping rollback manager
vault-1          | 2026-10-04T06:58:20.679Z [INFO]  core: pre-seal teardown complete
vault-1          | 2026-10-04T06:58:20.679Z [INFO]  core: stopping cluster listeners
vault-1          | 2026-10-04T06:58:20.679Z [INFO]  core.cluster-listener: forwarding rpc listeners stopped
postgres-1       | 2026-10-04 06:58:20.684 UTC [386] LOG:  checkpoint complete: wrote 433 buffers (2.6%); 0 WAL file(s) added, 0 removed, 0 recycled; write=0.006 s, sync=0.001 s, total=0.007 s; sync files=344, longest=0.001 s, average=0.001 s; distance=1997 kB, estimate=23428 kB; lsn=0/699E9E0, redo lsn=0/699E9E0
postgres-1       | 2026-10-04 06:58:20.704 UTC [1] LOG:  database system is shut down
 Container qkern-slice-w31-postgres-1 Stopped 
[Kpostgres-1 exited with code 0
vault-1          | 2026-10-04T06:58:21.005Z [INFO]  core.cluster-listener: rpc listeners successfully shut down
vault-1          | 2026-10-04T06:58:21.005Z [INFO]  core: cluster listeners successfully shut down
vault-1          | 2026-10-04T06:58:21.006Z [INFO]  core: vault is sealed
 Container qkern-slice-w31-vault-1 Stopped 
[Kvault-1 exited with code 0
 Container qkern-slice-w31-certification-1 Stopping 
 Container qkern-slice-w31-certification-1 Stopped 
 Container qkern-slice-w31-certification-1 Removing 
 Container qkern-slice-w31-certification-1 Removed 
 Container qkern-slice-w31-vault-1 Stopping 
 Container qkern-slice-w31-vault-1 Stopped 
 Container qkern-slice-w31-vault-1 Removing 
 Container qkern-slice-w31-postgres-1 Stopping 
 Container qkern-slice-w31-postgres-1 Stopped 
 Container qkern-slice-w31-postgres-1 Removing 
 Container qkern-slice-w31-vault-1 Removed 
 Container qkern-slice-w31-postgres-1 Removed 
 Network qkern-slice-w31_default Removing 
 Network qkern-slice-w31_default Removed 
EXIT=0
EXIT=0
